bot_address,total_volume_usd
0x1f2f10d1c40777ae1da742455c65828ff36df387,62055408756.58787
0xae2fc483527b8ef99eb5d9b44875f005ba1fae13,41862599769.00539
0x6b75d8af000000e20b7a7ddf000ba900b4009a80,33034746204.62771
0x654fae4aa229d104cabead47e56703f58b174be4,25529078359.519253
0xfac983fce7ef3cee8ffb2ceb967e1b2362aada00,8803426329.701994
0xaf92e072cb195e7549f18ed99e72800f9203c72d,5162755271.607999
0x0811fd1808e14f0b93f0514313965a5f142c5539,4595728712.114322
0x00000000032962b51589768828ad878876299e14,3655905848.1517363
0x96779bd998538c42a1193ec0c21d2901b26e6f15,2801804795.4919252
0x00000000003b3cc22af3ae1eac0440bcee416b40,2469608649.109852
0x731b25b19a606122cfdaa659774a4022511875c9,2332309601.8670363
0x7f9b6bb65c8f9105f46ec3b18cb31845c85b6e72,2293887866.4019146
0xb7ab1de5b259a880c4bb5451bdbe6f80f3798538,2119983274.2380116
0x6d3cf81dd10cb88e27d4c2bd5cd81433017a269e,2058802374.4684725
0x429cf888dae41d589d57f6dc685707bec755fe63,1914619735.2977633
0xa6381631e0634e97e23a80a3c57f9582aa959e16,1905960892.0607455
0xe8c060f8052e07423f71d445277c61ac5138a2e5,1872454753.9062662
0xb03feb49877a85925f15b42388f22512976ed54d,1753167136.5219007
0xba6d84cc7418a9c46133788c04f6a459e1fb669c,1507003400.9253528
0x3bfe65f217df9ad7358698580aeb47f692241c48,1474034411.36734
0x58de74647f46683d886f8fc12198c2f53f63a7d4,1448816950.7253904
0xbf060fe5b35aefbb80041e313510294e501b5e38,1446018462.5642138
0x085a393044b24217b3e099654bb97f01d1563b62,1333868775.4645762
0x6dc71298ce1b61ba4c83d5cdf4b3b1e9aa558a7f,1305334303.7620006
0x26ce7c1976c5eec83ea6ac22d83cb341b08850af,1233500189.345841
0x8ce3c66b4663090980f6ca05ae3bc390d74731e9,1229901988.9359035
0xca4f620a600b67430665538e33fd39546616916a,1198268163.4340749
0xa7c624014699a8b537cc4b326eb65f00852ee2a3,1044494517.280699
0x2ba151b2cb21e2b1ac297765b921d35aeaff139a,995889988.7812588
0x64b0f28ebf14d3fe14108af269a097084c10b1f4,982805573.0819101
0x1aecea38b8626eeb3748234343cff427268dd487,979811332.416177
0x36265ccb447d33aa7b4dcf0830b5fcdd91dbd5d1,977781805.920796
0x182dbccd5b62686b59dd397b8c57fb00daf82ef5,840946211.1719553
0xddc25c965443834179438c2eb30e70f34b854a04,818682173.7278826
0x00000000a991c429ee2ec6df19d40fe0c80088b8,810194281.2876844
0xae42c1c7a92dc474440092b592527b90673789bc,807335617.7129204
0xb5dc0a1c9fc1cf334e0d81d773638a277c2ead7d,791202460.2997922
0xa6218584e4e45edc5991c6c59475e829ccad87c3,776014429.7131243
0xbf75bf95de498d88746565c012d2e7005569e6fa,714490360.9581151
0x4bb41165a817628992ee40ea8e92f8800f143fbd,599359560.7672056
0x5dda1dad9f282369521813e7313947c0eca33420,559024463.9830948
0x61df5e894fca51fabf9850c96057dc9f1d018f5d,554992447.585082
0x05656db19ec9ff8dfb437475b3d76ca9a29e968f,547158406.8590778
0x00000000009e50a7ddb7a7b0e2ee6604fd120e49,504270376.4043601
0x9f739b86d916bba4ed6323868ce0da252d9222a9,485592075.7916763
0x45ca8f6d7b6cdd13effb1cd06829d1d9273a8913,470749665.32430416
0x1c4376780c8ce020042c674a44f185109f59b61f,451417080.00383765
0x9c27145a914007b20f9e84bd9a79782fee7e91df,444819806.81040365
0x41be328eb0d913c6a2f4cf18fc2cd0f130d23614,414291344.776755
0x3bc1588f8d987c9ed07b3796aa50ccbf10514326,397980402.5597949
0x4f80b2cd1f550f81581c15f690bdd623f3824c86,383648159.7899071
0x0d3c2261747b2079f6abd459642421a8087aead5,379501713.55292773
0x4736b02db015dcd1a57a69c889d073b100000000,366424462.8622558
0x1484485f1ba8ff4d88bb1a8e7f131dd6f1910edb,355889751.28078103
0xe57aecac447dde2330f8c1c8ee3081ffd39e0348,355265389.6335105
0xe2ca3167b89b8cf680d63b06e8aeefc5e4ebe907,349764470.2990492
0x00000023c10000eecb940000b914cdfd76cc83d1,338198481.9920443
0x8d70139c626e1813308970964cb349d88a28c310,337407029.7864237
0x97e07a5501e0c915c942d5d6d6a17ac4735caf48,312146341.62631166
0xac956cdf91c41d5f247920ba591fb1b18a8a2982,296238223.83947116
0x12daa48c6a101fa8d9e909211bdb4dcdec052dba,272908666.09260213
0x9adc2f87da5fb071e56e768eb5b59cdd39e2ab80,269144845.79256564
0xc9cd63ca66981fc0ca9afdbbc17c4270e1b679f7,247768141.80384257
0x997d1c9f17e685f28fff1deb758453945c42ed64,247675653.53521913
0xd03c7dfb28983067f5acd43d0b983a287014ed2d,246538987.59147596
0xbadc0de76438f9524d42c219b390636196bfbdfc,239356295.41984773
0xea35df26f76aae16bb7175695525d562efae138f,231279298.20103836
0xb7f764e44fc01c0b79ea4dee48d1d7664aeeb502,218597385.50446135
0x6e5b4e06097b2f34ae22545f00c70578dfa260bf,216329073.432694
0xb3147f04db92a0e7b9c6766a7b9ad0942bd13fee,216177118.4033543
0x9024646449a60e30c3484ee402683ce003ce8abc,207046935.37160653
0xa6ae57b1da8238cd149bc718c40578e4620b752c,187371337.90722835
0x3f883adb7c35c146fe0b08d0d528a0b71649435f,165107335.28524506
0xf480fab87c07ec2ddd68a83ec0319bb466b1afa2,159444320.0352725
0x68cc21f7c777243d1a9c71c2349bfdccd8ca7b78,155043276.8809983
0xe00456d3af6e9b8715a9c29c88c1932983e064c1,150867541.01401123
0x488c67d2de5350cbe06b2d42bb8774e3c7fef20a,148760349.1644194
0x5b5001c4f80f33ec93b891062ed2e1d0acc05bb6,140551535.81110638
0x725ff095ef3bbac3ae06917dfae1901dfac40c97,135907627.20423973
0xa7a7bfd5c84a46ed78f1f0a282c4cf8b0beb4914,133999907.37000892
0x0096913d68a000311266250f0000000000e04c00,133738481.05966632
0x5230dcfeda44e66e1ced1aa8aad4fbbc60dbee78,129146807.90906875
0x53522fa4156dc18ec0fd5219d4d5a98c358aa6fb,128499183.55496173
0x6a50353e2b7f2f96a7c5680c51b9f32565b04195,128213309.71303363
0xdd2cae07c054b7f67ac5d969cd1cd12264a40226,117422611.17028174
0x60a0b09603e10d248fa7c980890d698c0f6dbcd1,117012914.13726868
0x335cf0e037fc5f73522d98be89d9816db4b59570,115639436.2332095
0x6e6759b3ef49bab693127c9ea126eb6e549bc3d3,113155872.97945745
0x80f6a8a52a1e187f1ecc26ebdc96d52e34f695ea,101765484.85053027
0xbbd4b0c49e900762236c2478e56ca0ae088122fd,97520689.48601902
0x9fac12bc53085357e342cc2675372cafc6b8b5ad,93572130.29547839
0x971ac48e6f904406edbc22687ed92bc8966fe551,93146193.9705773
0xc37fee6bc40aa524839cfcffdea1acf9a655c405,90508645.20201117
0xb8feffac830c45b4cd210ecdaab9d11995d338ee,90308854.63562036
0x93ffb15d1fa91e0c320d058f00ee97f9e3c50096,89913347.42419674
0x595caa1ce7d8cb5df54c017d07d86ed0e24a3b2c,85981757.12168539
0x0eb623c1297e594a83e6309fec8a96c1efe873e6,84473232.54680514
0xb5eaac5a8649142dcdd13f981767913bcdf7ee42,84319810.66961694
0x232694077ba53be803110549c5e0b264337a5798,83491570.44951206
0xe3d5e8d77dc4031013e6fa53c26164555dc273ad,80507771.14244449
0x7944e84d18803f926743fa56fb7a9bb9ba5f5f24,79659040.6533711
0x1898036f5dd9cf2ebd1595a6e3fc006a40a9e108,77970569.83837841
0x7ad2e10bfc08b40ff0f9f664adeb77a6206860f6,77938694.8095636
0x13f1c719c7114ac47d3f6ce8597a8c55ec7983da,75040757.26762693
0x3ee92cd00993a4488ae153ab41ac7947cbcbc1de,73637577.8274278
0xd6cc66be4a0faac57ab7c6913d5477d1ec60ca42,72298386.23749015
0xc7bf1bf8d639db5ae9c52c905747795752dc967a,71146775.76476178
0x6fb9ea028eecddc6f4845194ab844131a71279fe,62851924.951238826
0x37f058af6d48e68b7b945072b1fccafd92cc1523,61283798.41728868
0xc0a740d545a87a62cc63523e2791feaecff5bcac,60357026.17467769
0xc30f6ee36a1746dd71c7e81529eeae7ce2f52252,56366320.41777571
0xdc3bfcb3521cd02af66d394f817a0e6fe62ded95,55997170.203374036
0x1473c1488cdb643588d71b3b415ba06adc2f282e,51103027.47008081
0x3328d6119501cb5db268befc394c6975a16444bc,49692606.15341857
0x38b6d3a6acedc2d1de2c48d8cfed710fd58be5d6,48152139.515379235
0x8af9ca49688e52787f31742dc259002148efaa62,47405501.09701868
0x2f5abb45c283a7e6661c205d38215b10ee6fb064,47142795.5745018
0x3e0000de5060979f9b4e002e81ab000000b60093,46793989.09138669
0xf53b384bf1c30b79a510bbabebcd9ce6e78bbc21,46488074.30288277
0x058d142398d5adceed6b09849924c59c5980d676,44719172.022121
0x660000c7feae0027f565680000005c683400e700,44353924.719712704
0x000000000c1500d6cf5a65167f131a53c82c1033,44256688.95953003
0xfb2af1feb9518dcbdc343a602058df3c7265f0c5,43651545.160642006
0x887c840680ac0381d4204d404eacaa9d64e030cb,42558647.99150053
0x3c2b42d9b5f09d52b065c3ff829ad893144a4779,41782599.92503332
0x464111517a0ab2cd381690ae55474e4b9cb8e8aa,41403994.899467945
0xa2a6d470641d9fec016e561016a0dde0504e9fd6,38327567.53233339
0x215b0fe61418fc8dde78fd9eb3b75bf706e3a2ed,37636860.66297677
0xe44a2179edab1e638eac86079fe4ed850ca77b6c,36413214.64331811
0x1b27239c1fdfd7edb3d41b0658b072882b94c84b,35641946.17938916
0x1cdcec6630c99863fb1307c812691bc688f3e92e,34842404.378773466
0x41dd2ae109376a3b52d785667566c253d6d07a68,32177634.637431443
0x0000001d0000f38cc10d0028474a9c180058b091,31755308.749666795
0xb8b5382faf19c4264b0c8b5e826ab9d515612192,31346958.320625097
0x6e0064cb01008bcb00a91f00dc43e500a2ce00d6,30970201.142463196
0xbfbbe9d3aa05aa3092fb487399918415a69701f8,30903208.858270984
0x64545160d28fd0e309277c02d6d73b3923cc4bfa,30591370.219609268
0x58251c724fe13b536c75f2b4c8c155723e049cd0,29846979.190186422
0x5efc39c1d5b14abb4aec30fb5020ec61833ebe22,29185866.602951385
0xc62b5ce6fbf29ff95742264faa057b0910305994,28989324.538100168
0xc7bbec68d12a0d1830360f8ec58fa599ba1b0e9b,27672812.633310817
0xfe263102682933297cb65dc813e5193249769251,27463952.569838893
0x33c1b770f81b0858cc4c73abb7e1ab216bb33c0e,26274611.533014473
0xa323f6472876f22d78dd5ae347fc460dc3e6d1a2,25406484.079141602
0x00f80000d3000095fe14f500c67b452d0004fa7b,24377224.631988768
0x62235f6d7f0dcb9c9a4ebd4e8f2c05fd7d0bf10f,24042973.994421918
0x7dd2838101c1db54257c9aa02e40d7c4f874ccbe,23394894.290845506
0xb58555fcba6479fced7de1485eb054943a09af7b,23047253.080117557
0x52b86a86e4d764e8275391c436127e60340a0e6a,20963975.78574745
0xc5798cd00276dbfdcd85bc751f5edace052e5cdd,20311856.63266554
0xd8349e874934593c85eafa8e534b495d80848e41,20282497.7650648
0x3009e2391d3898b868c1501f86273e8cd4895b53,19576364.64038454
0x99a58482bd75cbab83b27ec03ca68ff489b5788f,19436826.24989112
0x0000a42df58060230d7f1aefe47da338078244e8,17646279.204218023
0x57a8ba49f6dbcce6c562c4ef4eff1846dfa92d97,17321925.32546591
0x7a250d5630b4cf539739df2c5dacb4c659f2488d,17286864.41901789
0x88e6a0c2ddd26feeb64f039a2c41296fcb3f5640,16442131.056455394
0x82cc41f5443c6b057c44083082a0567516f9aefa,16413647.201269
0xe80fdb59caec5980704166feb8bd4d33fe81e2bc,16040455.087711215
0x21e3a9aca55dc326db7446648787a8c6a6d3ad9f,15955872.631650288
0x168056465a6f16fb4ca3ae5ec831d9593325f662,15596913.565900233
0x14007e7c3985a7cb3bcf7106cca9975d06af1df0,15301661.748690564
0x01d37a36220d52108ae6d453fe6cd80af2906376,14647171.481076118
0x9bcb3df80ce6545b0878dca0a560663159c1467c,14064112.95950842
0x4c6745a4ced73f4152ae758388d1f8568882f802,13313613.719817068
0x8cc8c0cb623072cd9332e11fe29d03cfbbc8065d,13274705.539975585
0xa090fc409a9f25bf8e28257d42ef6904590c8984,13120649.152236989
0xcc2687c14915fd68226ccf388842515739a739bd,12489582.216488162
0xef125e93c6ff2eca258cb9047dcd8ec23cd2b103,12226387.670498693
0xe0554a476a092703abdb3ef35c80e0d76d32939f,12165380.422637723
0xde42c0f35d51a095a721d8df21efee107ddf712e,11900205.198886842
0x6ae44d4e7e6cdcedaa19f42c4162c88577b30db5,11763682.97114575
0x629392e7aa4d3bceb0bfe60bf171cac0a58f2783,11751144.65927028
0x41d3ab85aafed2ef9e644cb7d3bbca2fc4d8cac8,11711188.086092768
0x63390b9e426c5539de1dc841410331fa79081063,11549518.005834524
0x13f5b6aa7618fb53f6bbb1b2b05769db179f8515,11498700.862525977
0xf50024f746d94f144a79003d00000000e380a500,10833629.84069702
0xc54b77b28ee4d18cd3d93991f08b79bc85c71097,10697238.482133364
0x11b815efb8f581194ae79006d24e0d814b7697f6,10377975.04499377
0x091550c54ac920cba13299a543207ac27d927858,10045246.609176453
0x000000000005af2ddc1a93a03e9b7014064d3b8d,10026625.226218274
0xe9cbfec52ef797624ed941b0ed157607560f5167,9827132.459178004
0xe38a949e5561f5a012ca1b657c7c81ba4f3c73ba,9039855.287533028
0x6629e3620572bb212078103f8d3164578525962d,8892054.409059336
0x2ecd8f51fa432415fe8f385b8b369f13eff16fcb,8659615.247029401
0x3416cf6c708da44db2624d63ea0aaef7113527c6,8608247.002214452
0x01fdc48ba0903bb1ae7c517c9287d88ea236f8e1,8516789.768827045
0x2e564140e1609124cd7ac910cf74bbd4573886ba,8418038.594071157
0xe9235c60bc1130c3f08c35f4fad606b88478670e,8353470.495008358
0x0075006900ce0028c14700306f0000473ec07cc7,7944416.195220903
0xa323653234e47fa843b8c1873fa3aeadfda9bc35,7941515.926905171
0x000000d40b595b94918a28b27d1e2c66f43a51d3,7488540.152860729
0x027039bd4ea6ac7f80fef4be2d0c6b74bfa932f9,7190502.403969814
0x3c005ba2000f0000ba000d69000ac8ec003800bc,7023656.003968624
0x76b5a83c8c8097e7723eda897537b6345789b229,6934115.938301946
0x1ccdd6e0d68bd97abae46735182c7568c78857ff,6823961.727905538
0x1ba33ea2dad979486994fc7be0ad70d2e390e134,6813284.3693912495
0xb0bababe78a9be0810fadf99dd2ed31ed12568be,6673048.750238375
0xf33e9d202d2387c908b87f93979bc6cf2987662c,6653619.197799731
0x64022b5ce38aa93bb340d7d78eec8febbf42b859,6504866.81865009
0xe2228e892aae78fffd5f27d158074e888b72b5b9,6467263.466859413
0x000000000c923384110e9dca557279491e00f521,6420524.18655276
0xb026bfa88e9c4f6728e3a887c6e459a76ff183ee,6360777.35333566
0x6ca298d2983ab03aa1da7679389d955a4efee15c,6236282.627050812
0xac6a9e9ca65d4bcbea3e59c4c40128052bcc8882,6146738.897652504
0xbea29ee3bb5f025d3c7e107883cd002c420b389d,5956249.127908319
0x9d6b911199b891c55a93e4bc635bf59e33d002d8,5770089.344575993
0x1103fc560de8b710983e7f3ec09d587f3f848566,5581557.635705187
0x000000000000521fa5ddd7611a38f9dc280cd2f2,5347616.914914779
0x4585fe77225b41b697c938b018e2ac67ac5a20c0,5347483.287586676
0x0000a89d6d8f00f90ada0000003e005eaa4df87f,5199921.629816234
0x61ab867ac84aa45fd5c81975bb00d585668e4de2,5160911.484622601
0x04c8577958ccc170eb3d2cca76f9d51bc6e42d8f,4944173.826217085
0xcb2286d9471cc185281c4f763d34a962ed212962,4901135.877452473
0x9062db3da0bf1e83acdbe5e976668c87f8fef5e1,4760146.614224161
0xbb3a72ac6a30cab98206a8e6d143c61c9780d403,4730790.215492522
0x000000000035b5e5ad9019092c665357240f594e,4596025.482282931
0x420cafeed3ac32cb6f3d7375a2c6195c8fca312a,4567692.93369619
0x3e6333815468667c84e24024e3f74ce2d90dae20,4497134.301904009
0xa7733d4c849d8c1b19c73eeac9c54127a17be542,4458422.963918745
0x000020ca385900f0e88f3b00750000007c000f30,4367797.859068841
0x067e5d651035ccbee4bf31f3a1e30ca86c8b52c4,4184139.874194493
0x8db1b906d47dfc1d84a87fc49bd0522e285b98b9,4146517.42160616
0xe2f011b751bc2421ce0618bff526ad3de582ce7d,4066857.7375657624
0xbb365c77487cde86efd1e330f334df9f03173a83,4048866.5985108046
0xc1115e19de3fc9398744e7be7f72262e639acddc,4044739.7698553605
0x7fdeb46b3a0916630f36e886d675602b1007fcbb,4032712.1837108387
0x4e4e761900490000da005500baf1cbed00266e00,3802715.3568743067
0x2b85986116d29864ac500441ccc448517cdd0af9,3792126.8533403785
0xf42f6714506511c1778cf1d9cbfc731bb67ba8bb,3784606.9936381746
0x56534741cd8b152df6d48adf7ac51f75169a83b2,3768325.0712236837
0x419365fecbaeb4d67d6b7ad4856a3a7cb65a399c,3723555.565304711
0x9bab9f7dfb7165a1802f848291dc9c6b98037612,3688173.940858078
0x6efbaef7d3e8afaee9f57f14900c19a164bde6df,3666331.997886059
0xbd5d080f785bd388bc3222d4b37cecf1b39cbd3a,3651607.38969288
0x5777d92f208679db4b9778590fa3cab3ac9e2168,3600171.024703249
0x5814fc20f0e09114503569ed6b27a4a86c9f8de4,3580206.7607973404
0xa8fb7d2b5ba043d17b8d683114b4b4c2a84ff329,3567610.940982346
0x2d2a7d56773ae7d5c7b9f1b57f7be05039447b4d,3560122.8624363057
0x0f9ae9f86154c8afee7e885d38e239f92ca9c37b,3474024.6589538082
0xb6569481dccddd527c2b0e8ba32f494e52224ca1,3413469.6753839487
0xfb2fb49a79df0a82fafcadd24f36e7854e1ce6a2,3395546.7235736055
0x932298f5c5ea1cdaff1ad35aaa3a8c65a9ea8df4,3354498.5847191364
0xf0e77cb32d7c6851e045c9fdb7ac0af23ee1c99f,3327235.051747901
0x80eabd6df366b62fbb970029363c3e52eff00953,3325395.7095964495
0xca3ff0e1b7cefaa1876c5a214ae8d3a09f59732b,3321627.1784758363
0x6388dbc119f9a7b0f7bc8ebeb93abdd2c7b8d4b3,3319125.9047299996
0xc885cdc63bc5098a9cc00cc6ebae7983e2d3d4d1,3290886.0571992286
0xa689a13994748ff3cd0e700b0a7d5a7ddb3eedbb,3287510.8263645517
0x420cafe478ebb83542a70089e5a65da67cc829ac,3236460.3710904215
0x97c1e72ea73c5d3737080b884201e39d7f26c845,3235744.0577485473
0x420cafe569e2bbb9c6ca3d42a5fd228e3366c58e,3215640.623355209
0xf3a150716cb43142d51d1940f336cf8e01ab83a0,3205667.1610749215
0xcf05368fa36128a5ba01606474d4bd181a49735c,3156493.772812332
0x6ec94f50cadcc79984463688de42a0ca696ec2db,3152830.951138393
0xe6ff8b9a37b0fab776134636d9981aa778c4e718,3119526.0704160007
0x00a2712e3200e89c6b8500b2da5c6c9431330000,3057269.7518004347
0x1fdb319cc1be16ff75ef84e408b0bc1594dd4d3c,3039852.305890354
0x5c3f19b909fa8afc04ce200262e066522ac2e5ea,2963725.6152826427
0x00000000fda4c75bfb5e0f3a75ce3d811b6f6c88,2938883.6422907403
0x05c45c965a96af8b846cc3025066d5680f31ca52,2916903.8422410702
0xac0f02f055c19b7010f3250ff9d00ff74cddf29e,2900216.953910349
0x109830a1aaad605bbf02a9dfa7b0b92ec2fb7daa,2844626.7506296253
0xc08de8b4ecf22f38374fa14583b8214022e53165,2797171.265899108
0x57b9f348bf12feb243409d10567042655cf37115,2777219.251213775
0xb6a4ea3c38d7b1edd0cfb414d1f942d9cc8d89ad,2749102.6743730474
0x21b48803c7dbdf4981a446cca823bf35e4646fd7,2662741.534594735
0xb9a4406982d990648093c71eff9f1f63a040152e,2625787.88325503
0x00df657aa9a100a600001700004a00359a639f47,2552566.4120190316
0x0dc9db1c2f7fbc6f7e68df772969119eea085934,2532293.9955125055
0x9a772018fbd77fcd2d25657e5c547baff3fd7d16,2527667.424066242
0xa7c190dae786dae11204f49404551887a76f6071,2518167.911810532
0xcf6daab95c476106eca715d48de4b13287ffdeaa,2491513.4757279893
0xfeed001448bed378402ed4b73c2a4ce98ffd0ba9,2486168.9603156294
0x11f7c6ad9d6ad8a6c0054646833a05299ff498fb,2468491.1525980225
0x48da0965ab2d2cbf1c17c09cfb5cbe67ad5b1406,2468013.2263160367
0xebce363564fa8b55d85aaf681156087116b148db,2465206.6321552712
0x871916af1419fa4000bfe6507c70f49a7aaeadd2,2448398.1544982633
0xefb47fcfcad4f96c83d4ca676842fb03ef20a477,2400432.0929951784
0xc45a81bc23a64ea556ab4cdf08a86b61cdceea8b,2365830.5720906933
0x8a3c015e80567ba1e6ee5dbeea775e40ef90c008,2360244.650221248
0x80ed1b41476b95fb47830825b65fd3bf59f6a348,2304557.997250911
0xf0e5be7cdd185841e5871a6a41b97f8fe356181c,2246539.620185578
0x520658654a231f8e452277c7b7e331032f516c79,2211889.247360755
0x79fe75708e834c5a6857a8b17eeac651907c1da8,2207011.930086043
0x185a1ff695d30a22c19f44c6b41e2d6d1c8c1f11,2199693.9514048067
0x6980a47bee930a4584b09ee79ebe46484fbdbdd0,2170713.9754778505
0xaab2f49e5b0779d50fef7d801bb4bc682dbbdb9e,2103119.6560924677
0x0b02428e7c2c24ccf64426e637aee0c879bd1860,2100202.189186118
0x2cfa5349d50d00e2d0c1e2f546b7e4ba72ddc293,2058828.7396497522
0x978052f0d6f6eea6297f1e2998a5880ade26415b,2058629.397546175
0x3733493ec5d2c181dcd7c54ed100641c0f07bb0e,2052006.1559649096
0xd6a2ea1dd494f927e88fa9cfcad977cbb6265a28,2024686.4023239086
0x0a8e00ec0ed7a20088008c0056cb9000defa0089,2015261.977318859
0x0f9f18d18c8227a276375940b39ca086fbde1604,1998090.2276468126
0x435664008f38b0650fbc1c9fc971d0a3bc2f1e47,1988047.1667113157
0x00f72dde000091c62c51c600af6f0000dd00562e,1927626.7022917909
0xe15cb0ebcd24b4b0ab1c16b4a46247003930fd99,1920580.9936251515
0x99d8e05cdc5cac6613aabad0ffb844f2e665fddc,1892450.436495888
0x8e354f07ac2073a38cdc817cb8cebc8cd219ccbd,1862069.1590989458
0xb758fe8542927f71510ecab4741c3a4b0c19e4cb,1842294.5599356778
0x2f3db8e6ebb5e0f1d3c4b799bb47b02f5b1f9eba,1841167.154967836
0xc0ffeebabe5d496b2dde509f9fa189c25cf29671,1833267.1385712652
0x961ec3bb28c9e98a040c4bded38917aa96b791be,1756161.9184354006
0xc96f20099d96b37d7ede66ff9e4de59b9b1065b1,1729237.068627415
0x3a1b97fc25fa45832f588ed3bfb2a0f74ddbd4f8,1692930.1705230884
0x00000000a4abed8f0da9593332674e0188ef964d,1636103.5676678065
0x2201d2400d30bfd8172104b4ad046d019ca4e7bd,1632000.5848798957
0xaa4cf5eea72fd54c215071e6cd816f29699da023,1629448.5117975934
0x37922c69b08babcceae735a31235c81f1d1e8e43,1621972.8950378168
0x000000002858ffb63b7576be62065ff77e9bc9e1,1614464.1076609495
0x13cf8829d2eaf6a70a33c6b9bb67b6c2f5d135be,1601211.475173629
0x55d5c232d921b9eaa6b37b5845e439acd04b4dba,1590983.5993146228
0x1460c095a22f80157003d14ac3cf7fb774b4b01d,1562549.4720661296
0x1264f83b093abbf840ea80a361988d19c7f5a686,1560444.9829495181
0x4d3866284158e1234965283e5c8291f6d4b25871,1543371.0333554056
0x728f1bc2c3170fa9fd9baaa4105781ac4af6c35f,1540560.6622810822
0x05da189e1b1389a98b389d6ccb27efb6d206f257,1521881.1855683257
0x3c5867dfa437be99ace546d44bd1a356a5a7164e,1508628.8923788667
0xae4045ffeddf61d570e6d1fe2d71ded1a2e85a88,1476678.2552680888
0x5ba84601bd66a09034318836761041a5cc9a7ccb,1462674.4931497565
0x540c57a187e8405df4522b3786b774cecbf2fb5f,1452065.2551793822
0x95abaf1f115518353f64fc85ef3ad6542492f034,1441083.5320535523
0x7b94a5622035207d3f527d236d47b7714ee0acba,1432015.4869238103
0x1e49768714e438e789047f48fd386686a5707db2,1422418.5080177528
0x51c1d5cdf10dda49219054920c22c8d4a23eed89,1396973.8614228244
0xd1cc8623539e2875253ea50509a160bfc791e102,1395816.8462360322
0x3058ef90929cb8180174d74c507176cca6835d73,1388141.2971547102
0xc40aeae781f9953078897215bf52e1d9a2518f06,1376682.6254151603
0xe75b4e67c34f98594845f224ff0330d0b03f5863,1355540.508576794
0x5b2904022847e8a63847277df635162a0e7fc498,1348555.9724055508
0x1e1dfff79d95725aaafd6b47af4fbc28d859ce28,1326466.3478176072
0xafa43241cf1a1d12268e75f1e7258b805e708da5,1325401.5549069108
0x02edd21f1db8eb146be60998e9801691e725f119,1288492.4867111787
0x4bb0925fa50da9b4c8936869433b48e78ccc5c13,1285631.3593628728
0x7c1c4a2cf81d2fc83b89bfd34f4d2c7e90044b32,1284815.172647607
0x000000000001579c68832e3b57cbf6da116fa987,1268871.5132328405
0x9db9e0e53058c89e5b94e29621a205198648425b,1254547.9163869699
0x681535922425a4264b3670d9430afc6dc4de103e,1254007.33035598
0x00400020b5754b0089003100790f009214358bf9,1246418.2214764808
0x1ac1a8feaaea1900c4166deeed0c11cc10669d36,1229710.3128162108
0x8c8e79b45e8afb49c3ecea1ea239ce420b54e096,1227026.7195614197
0x57654ae132413e81459ad2ae70c2570a9b89fb53,1223148.3437577256
0x62db7097f5980031644c60cdb217bd0d0dfd2cf0,1217529.3610116867
0x52c77b0cb827afbad022e6d6caf2c44452edbc39,1205904.5727801046
0xc31e810375ebd1a285fbbb1420294ba17232698f,1201047.9894957365
0x0d4a11d5eeaac28ec3f61d100daf4d40471f1852,1200777.2928874872
0xa85b93983767729fcceac60e32a0bf87cd632108,1197493.1895820992
0x93c041eda52849753066b6d729e5a15c19766a69,1194428.7772933391
0xf7d31825946e7fd99ef07212d34b9dad84c396b7,1194002.968992878
0x6eef09d380878b71f86c3cc2ee2341ce1d40ad19,1189042.5485584678
0x00000027f490acee7f11ab5fdd47209d6422c5a7,1175255.252755651
0xfb3cd0b8a5371fe93ef92e3988d30df7931e2820,1118425.8878594125
0xbe80225f09645f172b079394312220637c440a63,1116753.4531683298
0x0000000000c2f3017e5af636ea91bd68ec3888ed,1109180.000094924
0x7c706586679af2ba6d1a9fc2da9c6af59883fdd3,1058480.8347177454
0x57f58c62ce9b6f927302300a5953efd958473051,1051118.461540398
0xbd402a0cf18148389c6f10b6e67aea915c3960ec,1050122.8313657872
0x9636131443c6813f42b5da6137f3180f00000000,1031422.5720067248
0x32e8d6deaaef970bd0800edb1755fe747a06a01b,1030405.5510262541
0x874376be8231dad99aabf9ef0767b3cc054c60ee,1021252.518083309
0x801c868ce08fb5b396e6911eac351beb259d386c,1012815.9994249952
0xddd8ab39ae96e685aad71ac39d36d87500000000,1006379.465560813
0xeb718b342cd9da0143117ed77961255b83f89460,991301.4640575935
0xfcc3b8959d99f1154f0b1ac0252aa7e0f0617bcc,978902.9561523674
0xa83f4fe2ea4796eaba90dd2814c4b1f6c71112f5,977682.2080540181
0x77337ff10206480739a768124a18f3aa8c089153,948702.4991167479
0xa43fe16908251ee70ef74718545e4fe6c5ccec9f,941665.8560862435
0x87428a53e14d24ab19c6ca4939b4df93b8996ca9,941102.0807742171
0xa0d9ab5af36933656671fa0813ffb407e9e0fc75,933970.3623265066
0x3c442bab170f19dd40d0b1a405c9d93b088b9332,928243.8108140709
0x7cf6a842e72c4bd7bc92e0c17ebdaa95ac1e7825,927673.2853789976
0x1a58aa618df8f1ec282748fef6185c1a1cc2faa6,901605.4769823767
0x99920e0ba2b8aead4d10de769b28ecc29693c011,896247.6137678303
0x795a8c981b2d93c21434627f27d990a929ee4dfc,889117.7464948003
0x260f00008dd24a10006e00fd8d64236d26a50000,872946.2073671449
0x00009900000522ae00fe928cfd2745230000c100,870738.658545539
0x4b1d532131fdf4a8e6bacc84dc309442966eb3ff,859190.6108473493
0x27b82b91c6583fe1a830b4a0620eca4027492a61,854046.1218366702
0x36ff69488bf6ffad874a5bc8ba1aa0d01b187714,837177.6795858643
0xae8614d6ec9fc54970d45a099f4cdebeb7f7b245,836029.332508836
0xa8d7bf2a32d8949e438961fd70505216bb356c01,834016.9875012839
0x4bcca6c02c20b1a58d1437c8cb656d2f80b3c9bc,829754.0509146287
0x62ccb80f72cc5c975c5bc7fb4433d3c336ce5ceb,817254.7658318607
0x230c62fe4229eb83ecbd6da8d7248abf99256aa8,816177.3723893813
0x0b85b3000bef3e26e01428d1b525a532ea7513b8,807551.8794071595
0xff64cb7ba5717a10dabc4be3a41acd2c2f95ee22,792031.4004228845
0x60031819a16266d896268cfea5d5be0b6c2b5d75,785851.1653402842
0xe08d97e151473a848c3d9ca3f323cb720472d015,783158.653942931
0xa6cc3c2531fdaa6ae1a3ca84c2855806728693e8,781656.8767798635
0xf08af75f228c3356debc2925a5812f4925c2a457,780397.5549147651
0xa46860daa0885180000f424451bfbc049ef7bc8b,774660.0708791864
0x99ac8ca7087fa4a2a1fb6357269965a2014abc35,764450.9004799207
0x4e68ccd3e89f51c3074ca5072bbac773960dfa36,750661.2722361431
0x2f62f2b4c5fcd7570a709dec05d68ea19c82a9ec,749786.0523187681
0xf1781c3e48bf927d79ee655324a36c125ef1d050,746809.7245568201
0x9af2bfb7117d24eb97961ce6f747cd0c80482606,742889.5317992965
0x31351bf3fba544863fbff44ddc27ba880916a199,730240.1652646832
0x8ad599c3a0ff1de082011efddc58f1908eb6e6d8,695384.1255548351
0x1cd160109f840a3736edda15299087b6faef795f,694054.3341727057
0x124aa7d564348a4e5dbcd107da38bee3e0c27d1a,690239.77237855
0x0000000849779691a94edcc2a18cea921fad2aa7,689008.0595394887
0x553e9c493678d8606d6a5ba284643db2110df823,687442.0549979702
0x811beed0119b4afce20d2583eb608c6f7af1954f,687428.0044815837
0x3c70f4faea49e50adc8305f2e1aa0ea326a54ffc,676538.2253200022
0xf6ac42aa973a286ace98ca261537de1aed1ef1e5,668719.3032241835
0x30ea22c879628514f1494d4bbfef79d21a6b49a2,664694.0090538422
0x6db0f81db2c3b2a85a802d511577d8522d0d8c14,648620.0842373781
0xaac0c1018fb755486d516d6fae7cd5ce9822db45,644917.0549684515
0x000000000086018f9d5f25a855129c9e71e17cbd,641042.1307317556
0xc2a856c3aff2110c1171b8f942256d40e980c726,636279.4314872397
0x2addb6eb7d373c1fbbfe579a0bd60c45ee31a276,635651.0604949297
0x19fe9857bb3652e9007f2347a1f877ffa9215f7f,627046.804961605
0x18ee78020f63bd081fbce9d564db95bce3e72952,616769.9691648008
0x120ffad35bb97a5baf9ab68f9dd7667864530245,616181.9142761967
0x0c4a68cf6857cc76fe946d04fe85fac5fae9625e,610137.021325631
0xfa45c879fd120d6cc493113ae212a853531f3d91,604064.225749386
0xa06fc67e6fe3c34736d295fff71a358c3bb83476,603465.5664802879
0xe351c5517da206948e678018b98f248fa6759e5a,601691.9677686132
0x0c3fdf9c70835f9be9db9585ecb6a1ee3f20a6c7,597281.1846597204
0x735a26a57a0a0069dfabd41595a970faf5e1ee8b,595627.332956545
0xde9482686215a875887906f04a111422e2d2d60c,595091.486035216
0x000000000499f393ef6a9cb5919b9c4dfce17a0e,587327.5662934482
0x29ba3d899e8a819cf920adaff53ef1cf31969e66,585127.9123412455
0x2f95eaa4fa8593f7f1e7e69fabb3c44a89ba989d,582872.4062161843
0x87f9eaede70419f704b361cf040693a30d731dcf,579401.2208992941
0x38eac00c7170aee9e8d0feed6877593792dcbb58,576466.0863834773
0x00003cbd00ecc0cd8a3a00d29ba2001883777700,575175.9535509583
0x819de42d3ab832eaf7111a222a8a5a7419f13b48,571898.0834535691
0xb011eeaab8bf0c6de75510128da95498e4b7e67f,567862.9375715123
0x9e0fc414e8d5c45b0890c32ab9329ac90b3ab534,565232.8817131578
0xef41f14369f4abcff4e0b2f6f07ca73a492643a7,561956.0585305803
0x9d45081706102e7aaddd0973268457527722e274,560949.7120401524
0xac86903cdda380f20a06cc8a2dea7749f1558c68,556000.4903394413
0x1bf621aa9cee3f6154881c25041bb39aed4ca7cc,553992.5128148571
0x778dcaa27e9c669a71c462b724a4e97fc4f1bcc5,553090.498619938
0xc63b0708e2f7e69cb8a1df0e1389a98c35a76d52,552950.846979135
0xcd530beead88e30e3b672eb52993bf7760b5bc5a,543320.4905588187
0xa2542303c9a01c011da9106128d9b0838e6c3e57,538992.4274884618
0xfa4a4c553733f2e0c54f1c4b0ddc1fa2f5f10ce6,536859.0029902324
0xc31f5c3f7ba9a2e4c50a89255efc619152a5adaf,531927.5194918165
0xdc900845732a53ee8df737efa282a6bc56976e62,531097.5210647641
0xbd390dc1dc5a05769b63037820ab18f8851ff57e,527917.8441542173
0x26bebb6995a4736f088d129e82620eba899b944f,525840.4077114165
0x14036bbda496e39dc3db6025fe858431c1ddadb1,524626.2072218584
0x5e70dce6591dd388c3ca19aaf9135c2bd8f8d6d3,524521.1471569499
0xb4b50bfa4c4c90dd25a4cbe695f8124d24ac6474,523514.6514628613
0xedbddd8f1350238832385ee218c1f87e6cd5350e,518145.41428595583
0x0c0435519ac226010638a61fd1d1bc652b5434de,515303.5898173939
0x9816f4d93de710432ba6250f2e42192e1b233ee4,514714.8838568004
0xc2d3108d61ed0206291db2b5b4140e49d72de08b,513520.4026508309
0xfe23f3d1ee716dc77cae278f75b2f7b49b237fde,513345.9902934242
0x511521250bcb9bca7a522ff7e78a2e5eba33f62c,499904.03854171524
0x021e6270091a926d08d43681978d65f9a9b024ca,498262.0775390397
0x60b0dad2d7d65b7d6efc0b746687020ccef0a233,496997.0174602938
0x49fd21c5c8813b1bae4e5507c556391d6dd9e9f1,493996.9123388822
0x98409d8ca9629fbe01ab1b914ebf304175e384c8,492808.31732102856
0x07874aed40ace3a2a257cb8a38e3bfb7113ae961,492476.66106603126
0x0ef625418eb5ef7da8caf57f9e68a9fb49fec900,489566.25981747254
0x5932f75c5b54c9c1ac6c814c34482843176b06f7,489141.54479524994
0x177622e79acece98c39f6e12fa78ac7fc8a8bf62,489098.533733033
0x3a925503970d40d36d2329e3846e09fcfc9b6acb,487156.03939990466
0x60594a405d53811d3bc4766596efd80fd545a270,486947.4326668009
0xee35e548c7457fcdd51ae95ed09108be660ea374,486815.9055243626
0xb270176ba6075196df88b855c3ec7776871fdb33,485320.29891886
0x9a84a1852bc7fb608794960960adb04666a12b41,484480.9150990997
0x8fcad1fb56f4a0ce0fc0d4dda2698f0a4b59dee2,483915.1103221599
0x000000009469356b0c6f1b9fabaaa6b45f764704,479907.1481964778
0x173cf7c7356f71c3e75ce02f9cc777fb762b5080,476235.48362533574
0xb138936dc36d36bdaf156e4dce4c454e482d7e66,475383.2425113657
0x04708077eca6bb527a5bbbd6358ffb043a9c1c14,471552.3532919337
0x0600848b3e007d4d8e0000cf003898bc49589d00,470979.3124837652
0xfc545f345e2afc52652cd6f76323c5ddc847bd6d,468473.0166790417
0x0b1ed1d00197ce84f0c86003ec4c7f2f06538abc,461234.8931774916
0xc6360a062ad0ceb937198a6e23fe33494f9c80a8,457294.56895981054
0xcdf9f50519eb0a9995730ddb6e7d3a8b1d8ffa07,450328.3813973741
0x0c30062368eefb96bf3ade1218e685306b8e89fa,449403.76843243995
0xd3c41c080a73181e108e0526475a690f3616a859,447866.4483493205
0x291c69fdaebd3cbe953843da243f8605a766a268,444963.04423616885
0x0000007fce2c00eac6fb5c00000000c588ee2834,443516.1881006034
0xf6badfb9b0ab2f8f3fd8225ef1ea12fa689ad1a7,443055.8445067111
0x183116a196c5bebe4ac4570b49feab82b7216769,441687.34951435454
0x6de126c873f111a83da7513b80ebb6dce297e542,441193.178733713
0x4789d942c83b8263ac393e77ab252ccd9785719e,439874.9256927654
0xfcd13ea0b906f2f87229650b8d93a51b2e839ebd,439867.5628674355
0x73a86455888902108bc88f5831919e23098b9b04,439103.07293933816
0x4622df6fb2d9bee0dcdacf545acdb6a2b2f4f863,436883.3722914317
0xd4e7a6e2d03e4e48dfc27dd3f46df1c176647e38,435015.08979332616
0x33ca8454b6353459502afab202f9bd1e5bc0e0de,432581.86285827943
0x135cd19cb3c15f7eb10fc21ff79e1259a65fc958,429697.6498470953
0xc5be99a02c6857f9eac67bbce58df5572498f40c,429061.0650853028
0x0a5a7d65f600a0b365855ff6abca1426d57cdb87,425691.7545297391
0xf6dcdce0ac3001b2f67f750bc64ea5beb37b5824,423941.14455087855
0x351c3702414c0f1d8acb0156fdc20aeda8d07a8f,423447.3152565196
0xf226e1dd15c857a74a0af32f266f8e5187c367d9,421927.0264135562
0xc026eb864dc9f9e820e010ddeeeb3c7cbaebf365,421072.18789415254
0x00000000500e2fece27a7600435d0c48d64e0c00,419798.9308130803
0x35e8777ec43cb99e935588dcd0305268f06c1274,417732.1928167857
0x11950d141ecb863f01007add7d1a342041227b58,416684.8980410376
0x79a6683d82f25535ff3fd2753e03e0961060e882,414828.3991210781
0x69db1bc62771241e7e9357df8989bc77504b15ae,414281.66597119387
0x4a86c01d67965f8cb3d0aaa2c655705e64097c31,412628.14204223873
0x16fa824facac46fb2401cbe5e91525dc2669e77a,411185.1752991478
0x9abc37d06ec3dce9c68aa38dd1258fee283d2da5,411019.50704371964
0x19879debeb2c35c630a22d88d89debb12d37c915,409904.4780685722
0x9073d1e814483e3c91e9b4d7b2a81c30b93229b1,409546.5350552308
0x735ccc5fdf000e9f318fcf9e94e0e9fcecf6f981,408285.6700295953
0xe0427a927929abd3cfb017b7844550d4bf147e50,407893.350111234
0x180efc1349a69390ade25667487a826164c9c6e4,406394.27465613536
0xb0bc6190983169525197384e31060db896d909d0,403380.16874311294
0x00002274880075a62c0fba031fa2008942000074,400900.3743439123
0xb5cb05553d171669ab5ab49473d80c9654c74477,400868.24364495114
0x90704ac59e7e54632b0cc9d22573aecd7eb094ad,399155.3494256548
0x18f7b33172f5150949eef05ebb3b5d4fe245f391,398903.66501217615
0x202a6012894ae5c288ea824cbc8a9bfb26a49b93,396495.8070786293
0x890b8c70c4b369334cb3e820df80590834317ac6,395281.6332218809
0x0d9ea0d5e3f400b1df8f695be04292308c041e77,392813.0071679575
0x3885fbe4cd8aed7b7e9625923927fa1ce30662a3,390615.4545702784
0x06601870d43a72c709c1c973870396fd00a97455,389725.6039589279
0xfc7b809d0a894301eba0577cb744936a61ef5bf3,388899.1547310768
0xb011e4eb4111ef00b620a5ed195836dcd69db1ff,386988.69809401786
0x819f3450da6f110ba6ea52195b3beafa246062de,382175.7089233631
0x1fe8bd579b93db90ed911d799259cd9a390ecafc,378516.9178589684
0x290a6a7460b308ee3f19023d2d00de604bcf5b42,377462.5771634118
0x72b1410df9d22d5a3416066663fcc36b460c579a,376484.32765039057
0xd8e295817f9e3da0b857dd865099b58007105617,373915.1935829907
0x3f2eea452d4717dea05dbe55e1bfaf020294dd97,373553.4226857407
0xc410573af188f56062ee744cc3d6f2843f5bc13b,372697.8908682293
0x00000000d40107239fa2b85be64b4e981e3bfdfc,370706.13859566266
0xef530078320f3a9223661e2fe37001023048a7df,370171.2344437096
0xa1db2fc9b2ceaf3cdf41fd11ffcb38404eae3906,369297.175620299
0xde204399342cab699970011ebe03ec1e17cbf31e,368842.6254922303
0x79c860158366dd5c977fb4a5eaea16aa93a13479,368575.7987082848
0x05391bd57d8c6fb30d9c39f6618f2207893922dc,368318.7600235643
0x9fa67fbac1e0825203b0394ee764c88445a99794,365311.0427620477
0x72075636be2603b91be1cda70fab6ef21ca86989,364976.26943986304
0xe9a3685b01aedafbdfeede070e5b02a0b8042569,364122.1081866177
0xecba967d84fcf0405f6b32bc45f4d36bfdbb2e81,357869.0702460213
0x24ee2c6b9597f035088cda8575e9d5e15a84b9df,352512.8681139911
0xdab6d56915d36060c8d6cf29a7a84910da614603,351991.88525476697
0x593da5fd90d0df803e1472e940a26dfa1bd9e17f,351433.6465433985
0xd813e7ac5bb5067ca548e4d9ba441d95003d074f,349136.6798892576
0x4b177912007c7877df7a28e95cf82804fcf70adf,348622.1376763367
0x1a57ec5459928389fbb5612ff2a5e0b534fd9e2e,347930.2689968611
0xdac0324debd1f036323c0e207a4cd8e78ee6bdff,347384.02380614943
0x6a091a3406e0073c3cd6340122143009adac0eda,346146.092144799
0x0a6fc72967d2b559507d2e03c631ccafb8bcb872,346099.4195113805
0x9e0905249ceefffb9605e034b534544684a58be6,343205.84139201586
0x5b7e3e37a1aa6369386e5939053779abd3597508,342829.38107068365
0xf404c2e79f0cae21f426bc39e3213b2365798dce,342603.81599425984
0x000000000004444c5dc75cb358380d2e3de08a90,336315.80058520904
0x96f5b7c2be10dc7de02fa8858a8f1bd19c2fa72a,335052.15176578006
0x1474c1fa8078edeeeb9753d76526c142158f3236,334768.3509548727
0x2b8574482d62d8df670dfd3be15f2f092941284e,334376.29534912563
0x97816a4cfb0d7a4348910c1b659403c6963df014,332054.7948956659
0xcbcdf9626bc03e24f779434178a73a0b4bad62ed,326115.747728196
0xafaaf2d8faa2772924f7c6e671d5e62f2a736bf9,324527.7914547508
0xfcb910d871d7e94f5a566b7b32fb2b19583c09d7,324334.61763124954
0xa4ca754abbe392c635f795e092f7fe6307d0088d,324326.7603621019
0x3b35700d203accc24d3d2615ffff61b09fa51f62,322954.47658120736
0x5552727005cc8194c1559289a532deb288964fd8,322940.21152799705
0x76e182acf936317f950983236eb8528521b96ac7,319703.65105746896
0x2982d3295a0e1a99e6e88ece0e93ffdfc5c761ae,319136.5229558814
0x00000000004855a1b56db51c027f8600bb70cb5c,318522.89988150366
0x6a8ef231341aad5ca826779046f4f615625dc72e,318375.037731264
0x83cfaa49b75e394935ffb9bbd18c045e797d6a35,317124.910842617
0xd4fded092164ecf36c52be81371d82aceb23cbc0,313687.1666596281
0xa1d2315cf10d507ef9a8202d57996f32eeeb2353,312184.2476472882
0x6f4a05f54172e53d9f937a46f3ab9aca4f1dbd6e,311773.5989548059
0x9dcedd46d08eb408fa95b553723cca406ca10996,311445.6807418557
0x8a000092547c00169c00b3dd0e76de0000fd6e00,311113.4360458227
0xa34ca175b11534d4fb9f9c107f48a6644f95ca09,310756.35593331745
0xe6d7ebb9f1a9519dc06d557e03c522d53520e76a,310405.35715807864
0x00000000000947821264914ad2c75f871aa2d026,308662.9187920291
0x7a3fbc7ab12114940eb2e2117afd7ce82036ca6e,308461.4064314639
0x4087d0e6e513f260de87408bee9334a5742cfdf4,308056.4895904583
0xa914a9b9e03b6af84f9c6bd2e0e8d27d405695db,306545.56609045283
0x5dc62cea20b0e7c3607adcc61a885ff9369dbc60,306402.46325017704
0x4016a03a7ec76c92dfc682f65f2d5c89d85d38aa,306322.4054951621
0xea5a12a857e8302d70fcb1123d5f8f57ef7b7d0b,305956.2193949204
0x09539705838eea6661633d568f77bc10a02cf375,305500.7986729155
0xe331de28cd81b768c19a366b0e4e4675c45ec2da,302450.38932524936
0x6dad78f56273d488420dfdb9bce534eef9e84831,302104.6097632914
0xbe24f9952bf2a15bc4d2661151049d9588d6c0cb,301930.74706083414
0xf7bb3cbe60e63bb3d5dc40fb48f1857b40660b2f,301772.4267780705
0xf91c12dae1313d0be5d7a27aa559b1171cc1eac5,301028.1405166135
0x39f49254d6eaf6b2b2549dfec4ed93cf6bae167f,300329.27864388056
0x6469b34a2a4723163c4902dbbdea728d20693c12,300227.5535590517
0xb4e16d0168e52d35cacd2c6185b44281ec28c9dc,300130.10605653457
0x1d42064fc4beb5f8aaf85f4617ae8b3b5b8bd801,299884.3133724858
0x6981449ddaa030f83bc5ac9fde1c19544521906e,297388.82921492803
0xe45b4a84e0ad24b8617a489d743c52b84b7acebe,296767.37919416436
0xc555d55279023e732ccd32d812114caf5838fd46,296005.04674240213
0x5201883feeb05822ce25c9af8ab41fc78ca73fa9,291168.5711854046
0x4628a0a564debfc8798eb55db5c91f2200486c24,290129.305416637
0xa4537db973c7389b44d15a8d862f99c0a8d05980,289717.31815996283
0xd583d0824ed78767e0e35b9bf7a636c81c665aa8,288390.44086023467
0x5a910546590c76104385543d78cd804b82e80736,287867.20594358846
0xd8b8b575c943f3d63638c9563b464d204ed8b710,287788.12736839725
0x1b9d58bea5ed5d935cc2e818dde1d796abff0bc0,286250.81856162136
0xf04543fbf20daee9b0357db966428ef2a4ae0f5a,285497.9859607542
0x6c063a6e8cd45869b5eb75291e65a3de298f3aa8,281458.70916441624
0x95dd8db1c0c066eba8c37cd1c6b4c895500b20f2,281334.3878402925
0x0e8cc25eac180d68ff214bb9d4b2a043af764a28,277956.60327367106
0x36331e299247e5d0d3261e1d9852f6e0cffee95c,277165.2818476808
0x22c5a1698113465653a22e3b8d822ac91f54c243,277102.8048759434
0xf3f667b097b271604e47f99015a00625b8fe9a59,273167.7004474543
0x1ef68d35b1a307af5e8ea67d29ce511d89d8faea,272951.54958816554
0xd5cb33eedd1c4bc09f07b005793e282888cf84d3,272270.1159230434
0x14b3eaf759fbedd11f66c04929bc723fac4739b0,271739.61683155503
0xc0a6bb3d31bb63033176edba7c48542d6b4e406d,271297.2080549005
0xd572d276b699947a043c85f8d66ce311cc85e357,270034.23997932195
0x7915ef232060bc117a7890122ace455cbad894e8,268244.199954878
0xdc00ba87cc2d99468f7f34bc04cbf72e111a32f7,268113.9343748109
0xbe206379252ed32b85cf8d1f53195c6daac75801,266727.0680104218
0x34b13f8cd184f55d0bd4dd1fe6c07d46f245c7ed,266269.8178454112
0x50d5e38d8800bb4f7859215ff69057251ed2caa2,266243.260102773
0x0a8e189f91c87c8f0b35cbf2c6ba5e4701bd2004,266041.7306138527
0x57fbc21ca3c157a26b6ea57334d6b082be1060a7,265843.0916724124
0x02e9b41cfed25f5c14c3823e912ee0c8bf68be3e,264809.8254857601
0xacdb27b266142223e1e676841c1e809255fc6d07,263832.97418001335
0x0324ae93a875a29a2d8b7391eab1c5540b7090e3,262772.93929127685
0x6f118ecebc31a5ffe49b87c47ea80f93a2af0a8a,262395.355104914
0x80bf7db69556d9521c03461978b8fc731dbbd4e4,256786.71622096226
0x20fad0953846f72c02d0303c13019082f29d6e58,255397.83549014566
0xa86aca6d7c393c06dcdc30473ea3d1b05c358dff,254567.6489435489
0x0cc203c19813284ae16143db2f630073997b0849,251930.7927150562
0x71fdecb07f03050322dcaf24c0feb40a4493f7aa,249056.43650458343
0x4370e48e610d2e02d3d091a9d79c8eb9a54c5b1c,248918.59798221025
0x6593f97975400fcfee16a44d8448bb0509743e8e,248035.11381195503
0x5ee05909fd7620ea687ca3ac2685d7f0cc48780a,247252.8740414944
0xc5e5551e7434484adbf2ccd9669befecb1273eb4,245942.51565144135
0x433a00819c771b33fa7223a5b3499b24fbcd1bbc,245718.85220064537
0xa8f590c8eadf61769d32cb084d30a4b309146458,245597.08915023686
0x9b3423373e6e786c9ac367120533abe4ee398373,245136.30149728345
0xcfbac942196109c781936222af8acc213359d6dc,244904.7451467841
0xf763bb342eb3d23c02ccb86312422fe0c1c17e94,244607.54517021688
0x2057d62c1877af4c73abbd1538ee3366abec6a0a,241278.05498949694
0x3bf1b837ccc1f62114a3e74ced4fcfb121d7e52a,240852.92067432046
0x713703d970c58ab7c3ccfacfaa70e6a4bacfb121,239307.48961366573
0x86c18e856e10185a19147d72d7740c7f4e8dab3e,239285.04883190495
0x70885952f174fb5396deebb66ce3b4b2adfcef8a,238308.51941107813
0xe61a2887c855a43c7e0a731f6d6d06f244c7fb97,237154.6691795061
0x65ba647879c7b34b8796012595cf11fabe7d7efd,237032.25152041824
0xd0c4f36b5db8353939292c7a2e0814894ca4a1ad,235101.54095806292
0xc2a6798447bb70e5abcf1b0d6aeec90bc14fca55,235066.9253644726
0xc0bef58a0fec1b694c752e0651b315acb147ee6e,234497.93395009814
0x420cafef8cacd4e5efbc9b98e1269ebc7c64a889,234015.938769617
0x000000001bafd2f211978365022477dd0a719cfc,230921.47403829105
0xfc9928f6590d853752824b0b403a6ae36785e535,230563.33942525537
0x33676385160f9d8f03a0db2821029882f7c79e93,230441.78694100934
0xa986f2a12d85c44429f574ba50c0e21052b18ba1,230291.01515730342
0x152ff52280c171f8d966a7e15469a9bfbffeb6ef,229225.84628032884
0x610468b2c5d1bd72c2093c47a6d2da68037c34e2,229179.24315347365
0x829e9cc8d05d0d55b4494ecb5a43d71546dd4ddb,228850.61157444929
0x36fb258c4786e7aa4546c0162153385a23934ac5,228587.12307386586
0xdabc816b691c8c2135f087a32eeb09a3f548938e,227896.17106755165
0x203e044362a56459201a33868953041e0e1810dc,226125.3499959563
0xc2e9f25be6257c210d7adf0d4cd6e3e881ba25f8,225562.89368375772
0x717385e1a702f90b6eb8cd23150702ca7217b626,224902.59659547123
0x55d31f68975e446a40a2d02ffa4b0e1bfb233c2f,223608.3517758266
0x840deeef2f115cf50da625f7368c24af6fe74410,223361.74420404382
0x695b30d636e4f232d443af6a93df95afd2ff485c,219512.7985819598
0x4f9fcdae3950a033074b93e269b6c382109fae71,219483.32776382103
0x15e86e6f65ef7ea1dbb72a5e51a07926fb1c82e3,219163.08091722033
0x11b1f53204d03e5529f09eb3091939e4fd8c9cf3,219074.87527897896
0x19c1f6c7468ad4076b05a5f79e3ee80ce0064718,217686.87038437263
0xdb44a4a457c87225b5ba45f27b7828a4cc03c112,217655.12236363214
0xc3c41a58e33e5daa13c59d73a96de4ea447823f8,217484.916420579
0xae57eb8dd23c90769962d413a8802ba68181ad0f,216926.82765431367
0x2efec2097beede290b2eed63e2faf5ecbbc528fc,216635.47676114523
0x5fa464cefe8901d66c09b85d5fcdc55b3738c688,213767.95137697685
0x66bea722346efc72a5a2fc3d35abd7915547fea0,213308.54314994052
0x0129873ab2fda6609d7ef0f20756160836292502,211110.88177919172
0x05c90fbbf4a9dc6cc21895b669179a0ed8d14105,208822.2028736328
0x0dc9877f6024ccf16a470a74176c9260beb83ab6,208796.78238406635
0xbe0d3a696f2603a5c8c07a817db58b6ebc1874a5,208677.9944034321
0x119f1bbb25e8894929229b592a98a328e039ae96,207281.18621500063
0x795065dcc9f64b5614c407a6efdc400da6221fb0,206502.59907524302
0x7c01389ab65dc7034df378cefdfb407b6528381d,206383.75067216632
0x09dc6c559a04e872119111e85b93df79d7776d45,205259.7570856863
0x2dfd0d989f6c95d1f0a63dbfd98f07d59bec9c2d,204835.61349930122
0x0dba3dfee43d9b6450c716c58fdae8d3be37fdc9,203877.34634759522
0xf59a1b68477d71abe4eda229dab8c072943cf0e5,203834.37645062228
0x1c97c31778c1cf34aab202252e19c8bce9e13404,202115.2502826093
0xf0230b6f9604e3edc13e125806e4c5446c34dfdf,200440.2191322762
0xb1b2d032aa2f52347fbcfd08e5c3cc55216e8404,200147.0458743997
0x420cafe315b276ba899681309eea69cc643894ce,199550.65666415388
0xfbed130f618e093a5ffa93b126b6d6e42b787114,197759.2140393075
0xc275a7390966e4bcbf331b837cd7316c4a3efa83,196322.1929561679
0x08b8cebfca0f49a9303bab1cc4e2c25d280f2c00,195329.17676666222
0x97e7d56a0408570ba1a7852de36350f7713906ec,194756.0727123586
0xb09c5dad762df413d5fc677f03400d3a3b9993a1,194204.80048656563
0x52dac05fc0000e9f01ce9a1e91592bfbfce87350,193777.4857453162
0xb2db69d6986fbf38de781ba606923f8ae8d7f437,193163.41301732787
0x413dc089c72e95b7fd8a1eaf95b33851eecda5c7,193086.70806596283
0x6a68dc44a6d446734fe0a4e5ec7bb37f1862279f,192936.17233584973
0x80fa4c1fd0fbb9a4f071999af69531dee1016644,191815.4791359787
0x18cd890f4e23422dc4aa8c2d6e0bd3f3bd8873d8,191784.1037193749
0xb13b2113dc40e8c2064f6d49577250d9f6131c28,191237.9689650886
0x842293fa6ee0642bf61ebf8310e7e546039ba7f4,191221.77552032564
0x16c6521dff6bab339122a0fe25a9116693265353,190160.79815094266
0x2976dca9be2037c7c50df4c3da1f6f98cd99dac9,189958.00230026088
0x9911b111860bd8a611c2a6654ff38208208055d4,189951.86577805845
0x820867a8b74772bdfa6d6dcb5c64507d7acb79e4,188903.26466646517
0x80a64c6d7f12c47b7c66c5b4e20e72bc1fcd5d9e,188513.68420871237
0xea9b2d7ff9ae446ec067e50df7c09f1dd055bb71,187843.9758838939
0xbf7d01d6cddecb72c2369d1b421967098b10def7,186827.46621172276
0x7832310cd0de39c4ce0a635f34d9a4b5b47fd434,186363.93690523846
0x9577442df4da2cf89d09c70310dce7b82649b044,185524.2536100625
0x07db6d3c0bccf748e18108f6143be7e39403af2d,185486.03364240305
0xf5381d47148ee3606448df3764f39da0e7b25985,185295.4502384639
0xc0067d751fb1172dbab1fa003efe214ee8f419b6,185159.08131867502
0x73449a2e9cd1bcbf0e43275eb8fd590e1812fae9,185059.76814974527
0x37a981532d7a2754ec53f9fd86fc34ccb15610eb,184818.74230647535
0x7858e59e0c01ea06df3af3d20ac7b0003275d4bf,184686.52764397577
0x6cbe748b2ee80c9edeb5e882f9be88871b5f15a8,184365.24240769283
0xf2b136db92beef236074d07a23278acfbee92adf,183705.47032230982
0x49a48e6684b73904f8c7394edac5296e5e12a463,182404.4329295399
0x465e56cd21ad47d4d4790f17de5e0458f20c3719,181269.44950396102
0xe26f349579241af61c4b3f97cdf39abdd3211452,181148.67428989767
0x7b19d131ee99f6d51210e88e2d5148334dcaab38,180212.8593428355
0xc2eab7d33d3cb97692ecb231a5d0e4a649cb539d,179633.1702226998
0x22a956c4755d8c4294b358dc346e74250e175622,179046.72400023768
0x4b75395c221f3699563c56de7a7f76199eae36f6,178611.77528977898
0x9f78c74b14cafbb65c1de4b0451add80fe9ca257,178490.42486233878
0xc3db44adc1fcdfd5671f555236eae49f4a8eea18,178278.00303471208
0x5e31db99eb2a95755daa062a0cecab632e7524b2,178051.43294387986
0xa2737455ecc7752e88c41362269c2d2abb695206,177851.1143220601
0x60bce13608701789ab9c8faa9b82de115ea8744d,177020.6612672087
0x88172e5d79fe75c7aed1453e89ff5d741cfa4ca7,176281.25471835924
0xe9491d11491cb2d78c535c45983ca327e0428b4b,176233.07021924865
0x371a0985d104c706cafa26ffb990f55ba55bf6c5,176049.73627963284
0xfe45750a137d769dd3d633694925927bdb5ef899,175956.54052394166
0xb5a0303f174618e60b4d6d3afd1c794e4d66fc48,175677.09435812247
0xe744f5e2edfdcb9fdb43b288ecb8b21c8487e888,175133.8093836509
0xf44876dbfa10609fcdd68cb4122c3a6e1d4acd8f,174417.76139032925
0xa73df646512c82550c2b3c0324c4eedee53b400c,173877.54122419129
0x2f2cc5132fc556f578fdf18fa8512d2b46cb1bb6,173538.73342920883
0x02ac43657ac3ab5e7b7f1395adf3d64a9fea244c,173282.30874135767
0x4185d2952eb74a28ef550a410ba9b8e210ee9391,172978.38780872297
0x4dc02e1bb2ec1ce4c50c351e6e06505e7b1dce8d,172731.85989028346
0xec6a6b7db761a5c9910ba8fcab98116d384b1b85,172551.10987927622
0x1bec4db6c3bc499f3dbf289f5499c30d541fec97,171811.63813832484
0xef4f1d5007b4ff88c1a56261fec00264af6001fb,171494.42005250027
0x9cd56c4ce09ce2422007173ff345b011a1278491,171072.32094834364
0x08a9af6bdd6ec1faad1136765b655b48dce68dbe,170077.5697565619
0x1d10bb97bd9baebe98a09c6eaeb03c16467e2c73,169759.86506718214
0x361edd915e9d58e18f5fa88027e97fec5cb64dce,169296.93975577402
0xcb488b8452996454237d824d72f86090470292f4,169188.8038465933
0x25b96761e765b9ac20db18fa57fa91e3b617ec6f,168679.15093396755
0xb2dc4d7627501338b578985c214208eb32283086,168310.38230553313
0x54c4c936911dcd4755f6007987c50b4cdb448174,168065.2534443214
0xd03dffd02db4b076e3eed9272a6a243a23de16e3,167254.1257384076
0x5ecef3b72cb00dbd8396ebaec66e0f87e9596e97,167186.89571410872
0xd0af1981f52146a6939385451daea0726e13a484,166288.37062832178
0x7c0d6cbe332dac916944c61956b291a4045f9bfa,166182.53098344398
0xecf678bf1850ac206f42c9e959f72a0ab0e86f77,164459.62359160688
0x99a6880748ceb61c3d9b6d4cd49edb59f79f405d,164171.81394823882
0x00a0df00e79dc0d71593050000be00ab7a005d00,163979.76868092842
0x308c6fbd6a14881af333649f17f2fde9cd75e2a6,163328.69840284297
0x4b5ab61593a2401b1075b90c04cbcdd3f87ce011,162770.8179053486
0xb13201b48b1e61593df055576964d0b3aab66ea3,162294.25521392317
0xc6ce3f8fc142cc96879c53426ceeab64eb9e5c6f,161935.61800693214
0x2be589b364f7f477494ac620b61f2b896356b2c2,161335.26774190017
0x9b463ee8f0179d60b31b7e1711304d1afb0a6ad6,161059.67948744295
0x05880fec68308e6e8976fa766faefce0e5a86300,161054.15774784583
0x0f26c0c9b47c4adc483f7d9c158605faca03e883,159944.29565584936
0xfff8d5fff6ee3226fa2f5d7d5d8c3ff785be9c74,159442.02032299386
0x8aa8c67d14090fe7f6153a80d42d3b36c3a6f320,159356.8048009791
0x2feba6992aaa7b2397e5b212ae060c76857cf9bb,158962.89517829308
0xea59a3da9cad8ece406a353ddede0e7d17604d28,158834.80496988603
0x328c18c8fbbaf468e034191cb131e359de441da0,158527.98728644633
0x43a9a7d500b947e2e3a6d2f8adf6ee256420e29d,158425.3750180052
0x11a6713b702817db0aa0964d1afee4e641319732,157622.0999885095
0xe5fc07158d2b361de8039773c4c3eb6e318908e6,157049.73475531954
0xa9405016f8158d87f5659b63df170c03b8396450,156680.21595529394
0xdd753bae6a83cc91b9b2a21428ddf3ef223b45f9,156219.66224466616
0x4fc0c4586a2d5ec3508e091c5d603c15295ff3d5,155958.17906156945
0x30456093fa27e759186dd7990edd29c8d22941a4,155201.6291096097
0x7bc735d6974f6153b1de24e40c0bf5715ca7fe1d,154939.81287083446
0x87c9524237a19338be7dbcac01d6d208ff31136f,154154.2814893857
0x43a76c98cd94e309b0ab1757a42a51bcaa334ff5,153418.58428832886
0xb44d2f154ba9f3e6af69d923a7be428cafbd7e0b,153062.57968940152
0x2cc846fff0b08fb3bffad71f53a60b4b6e6d6482,152914.0270453443
0xdc98556ce24f007a5ef6dc1ce96322d65832a819,152888.98017094086
0x5083b16da538c5022744526122243cf3bddb3bf2,152276.8531782141
0x7b504a15ef05f4eed1c07208c5815c49022a0c19,151869.94553676737
0x008d9d457ad0a75c83d9a5e2b8e4ce89232b5083,151813.30378665484
0xaf81e930620eb55a9a6927c4b2afcb4d61040c32,151810.591915111
0xe16be1798f860bc1eb0feb64cd67ca00ae9b6e58,151801.82141318434
0x2615b89ad032ccda6d67e1d511f0e4c9e3a5dc13,151551.7591569869
0x15153da0e9e13cfc167b3d417d3721bf545479bb,150842.1446888168
0x6d7c6ced201e7c42307a1c66ce33e681eb8890eb,150792.53570948108
0x283e2e83b7f3e297c4b7c02114ab0196b001a109,149581.36954185757
0x77010f531b1603d0a6dfd5e0ae96d04090ab6fda,149348.7403271368
0x613c836df6695c10f0f4900528b6931441ac5d5a,149057.93400260885
0x33d15c3c82e09d438d671a04c27e2cc8e1c9d134,148762.58429166942
0xe936f0073549ad8b1fa53583600d629ba9375161,148557.76061143778
0x87ea2b2037046a9af3284d6a7f5a137931dbba16,147576.37099887524
0xd1b3ac7929c642d2235799c55764b7bc39cd9809,147167.6931412395
0x95c0c8a41caaa33f22ff042dc4279ed2b4e74041,146675.71051890252
0x4dd26482738be6c06c31467a19dcda9ad781e8c4,146573.880897276
0x9c1f206ebd67e1ed5cc9b0859252981280722eff,146555.2777643461
0x6c52b805a27e2bcf4e1ded6023904b5c7c53b8b9,146143.27819278114
0xcfe41687742cf4926ed857410fea9d799a85d85f,145313.67916837984
0xfceaaf9792139bf714a694f868a215493461446d,144622.28804729693
0x82ed574902a8fa690dcb513bc578fe46c528c472,143538.72944401088
0x868d966d6d3d94b115e8b003c443c7a7b04a3359,143330.3340333103
0xdfdc4f225a18c62bfe63cec660c18479dd9e0a7b,143306.354126339
0x434d2f1186cac9f138bc9f703d482e48b1c7e8ae,143276.39728042932
0xeec2e46cb11319e4ab3ec7f83e87fe53d8ae5199,143207.91046347978
0xfd27c665256228d65d07e4ab00d5e14d6ad7d57b,143117.6893981515
0xa8aec03d5cf2824fd984ee249493d6d4d6740e61,143034.74903249033
0x7835e39be475509684866c0ebd4689a58bb5c90b,142957.79378034343
0xa64cc3dcaa8b46523f7cfd5aea9b55acb919a2d8,142872.49137738917
0x5aaa28ca43c6646fd1403e508f0fca1d92357dde,141940.47195519294
0xaaea0db2b27344f20e0245d3b058d746e9dd98d5,141510.65486497845
0xb61e853534504ab8f8cd3bd5198f5a7d2d09bf85,141294.3233775774
0xe592427a0aece92de3edee1f18e0157c05861564,141278.4099092756
0x5e335f2d0749fed8586b007708db7bb99bdb96fe,140825.16611001437
0x45a7388cf87901bbce935f80b92f0ac5bdf9c514,140734.33513672283
0x65d012401ba1176ae6ca82296cee7854ee5a43ed,140155.8960543951
0x8a8c520b206cc3ab6fb77ffdc29b2825a37f674f,139959.97013754825
0x16081cdda20b46ee03f63dd5c3af2c2eb45e5bdb,139668.27269388654
0x50ba0762805c9c1b83b53392337e44bb18d63d6b,139432.17249994763
0x224af164a0a718a2d30bea5a8640124a531f2996,138732.16070705376
0xae2a25cbdb19d0dc0dddd1d2f6b08a6e48c4a9a9,138594.6162322529
0x7d7b27d4eb74f7728c53a5a4f9d4e82a3652bbe7,138053.64363941376
0x18f5e1a28cdc4bad5d19380dc717641eab1f53f1,137883.80810601977
0x49bd1fa4c7286c2754ec7607f6f2e835f3ca6ddd,137470.9409153759
0x4177d19e4125213bdd8d82dbc1ca775799d18218,137455.3088185558
0x06e3a0b99eea6c78dd93de741ce743676e3c7675,137278.87871344006
0x171112b7cb523dc5cb685768a7ba46aef9740fcc,137138.07193736627
0x562f72ef402dcacd419ac3be4479a0ae5e5a143d,137127.91706992287
0xd6ea97125b9aee8e72f52f790929b1f0824b775b,137118.41820064327
0xe786c1c68f3bbb3d94e91f9c961a067939e498cd,136885.03007873366
0x1a77dfe204029b4c11d4ff3af23e5946932f64f4,136249.61559460568
0x44c95bf226a6a1385beaced2bb3328d6afb044a3,135606.36052740848
0xe96c108da71dbdb2aa1056bc55c3a073061a2fa1,135564.23530845047
0x64b04309c9dc5cf988aec8459d91ec3178696957,135322.14598283728
0x4016dd4ab52b2868a62bec0b6ac6a48ab96c8b99,134864.82420144504
0xded7650ce0539c1614618582f0c802d870f2b2e6,134252.76286569855
0xbdb939c9cd180e400027a64a3ea6660f80817fa6,133600.52317668646
0x5366a9801bf467aa07fa940740949b1a7aa0ed88,132992.85701601254
0xcbea4f3f88a80160d4c242616fc1354da97ba037,132822.95615027464
0xae76c21effc300ff3e9e1cd4979a3f4f80fedc24,132454.94287192138
0x69511e5791d6cd188db2a33707983fd09743e37f,132054.17354993767
0x2e33c390cce2ee685a8e28d3496463420dba7e1b,132038.8785331142
0xb0f10200d9e66076d49aaca63328c928bee6e89b,131130.35086066977
0xfa6e8e97ececdc36302eca534f63439b1e79487b,131128.3444542402
0xfe9e7931e55c514c33d489c88582fa36e84bd8e3,130974.29631523261
0xed0c66f41b1f588f61629ae7be979f004363f8a4,130507.78485465597
0x6a516271870a48f4f6c72044ca64ec9c69ac4efc,130452.62012412715
0xa703f8d610369088f14f2a9954cd1cb394032c03,130146.62616317239
0xba47e2c1077aafe544302c532f84e91205cc9bdb,129849.5412615184
0x555ef476a89c6b4f896e5afa448d3bbea6899720,129834.42280007456
0xbeb3fd6315f43922367f93d1721cd3f67b0b2707,129018.01718882543
0x4d5777361d724af6460883399eb8f48e5b83424a,128643.93379646156
0x55b6b9dba1256cdabb9c759f5da0ea27eb9c7bb6,128643.3461538404
0x63e2453a558391bdac2a55fa336c53ddbde3f244,127499.61469967294
0x2b2a82d50e6e9d5b95ca644b989f9b143ea9ede2,127230.20557639416
0xccb42aaab2ea1f8012c30418ee3fce550954d827,127201.00424582411
0xa4ef9c8f5ee1ccfb9cf4499ab7ee89bb7ac41caa,126958.563058292
0x8980a20f3ae4fca694e9d651ad34e304d0113786,126845.3900733321
0x9e9b4581df8fd0bc9f7fb832ed98d48279d0d323,126763.13788974006
0x4cd36d6f32586177e36179a810595a33163a20bf,126757.65283954116
0x8c894d91748a42fc68f681090db06720779a7347,126754.28278529487
0x08650bb9dc722c9c8c62e79c2bafa2d3fc5b3293,126369.3190345052
0x92c2fc5f306405eab0ff0958f6d85d7f8892cf4d,126351.78904261245
0x5fa9569b0ed6aa01e234468e6a15b77988b950df,126298.29735959413
0xbaec0e18c770993ffb1175fef493b5113cc6e32d,126129.18722018314
0xfc74ecdee4e9fff2f2ef4cdf4f1c777b2ef0e905,125507.11871989716
0xf3fdcfbfdb96315fc628854627bdd5e363b3ade4,124920.21931823189
0x044d1610e600d041229407fb6e514d259276e3b3,124725.59985372929
0x1df400acf97e00000000d7491dd4a90000221959,124527.86162773488
0x79dc831d556954fbc37615a711df16b0b61df083,124504.03576648246
0x6e82a6fdaa7467e381b9ff0ace5abd072b7801fc,123886.86095723072
0x9b7dad79fc16106b47a3dab791f389c167e15eb0,123545.17002296106
0x9437ad40056ca3ec2fc1efe41885ad4b6ac46061,122886.65602294196
0x7524fe020edcd072ee98126b49fa65eb85f8c44c,122815.14051881414
0xbc1a2e1b745497d214b99f359369d304d0acf935,122743.37035720162
0x60d5843a32a0bb2438e5d08da17b6c3a9861f1f0,122584.20548688699
0x9730b014700e78593fe62c06cad47ad1e0e5dff9,122319.5480888126
0x1b9669b12959ad51b01fabcf01eabdfadb82f578,121868.40832173004
0x001b6450083e531a5a7bf310bd2c1af4247e23d4,121655.3778748724
0x24e2adf50c49633039757ab08bff489b7c5bd6b2,121591.2030754362
0x7f9a93fcd71e6ce1fee660b7c220721d502297d1,121379.57211779596
0xfa97b8c6683f2da5faacab0e410acf0190e70ebd,121319.46643234424
0x4ed8973e1d76c41f6dd82673f43b4ad85ed04123,121278.63247722115
0xef31c5d3bbb752f0bf926e09cc475fd151874227,120902.93189294537
0x5c2891e67cba6b5481f89d3701a78a1cfdac117f,120843.12132343157
0x1ae3b4cee159c2a75190d2f89d7fca249c5dad03,120752.2485335406
0x9be8e06473454bd7035c4982228f7edf317737e1,120504.51075893574
0x19f83460e387f1b01f94b85c2532ebc15b0b712e,120486.90038383595
0x311ce099976d72f9e093690fd1408a14ad4ed4da,120385.69412546814
0x3e5ef7431ed6ab49b71e13a5d78ec3c26c12e1db,120205.38316174866
0xab9f4f8deef776deceb47b5b97aad55515b64ebc,119935.73602440997
0x4a0cc82daac204fd16edf8d801492a5774e4d2f7,119781.89266806343
0x4b62fa30fea125e43780dc425c2be5acb4ba743b,119654.93569888404
0x0ce176e1b11a8f88a4ba2535de80e81f88592bad,119323.59143290915
0x07f3d316630719f4fc69c152f397c150f0831071,119245.44819189071
0x1c580cc549d03171b13b55074dc1658f60641c73,118368.11361354703
0x98c2b0681d8bf07767826ea8bd3b11b0ca421631,117897.82129905326
0xe9f1e2ef814f5686c30ce6fb7103d0f780836c67,117711.9085544906
0x840fdb210cf93318e8a16a51f24938c866a32d3c,117696.44195248566
0x87c7056bbe6084f03304196be51c6b90b6d85aa2,117316.41966500043
0xe89c8a48e7661c38800a2f2bd1984b219c2aa697,117208.64276103686
0x7569349084fce8e5162d96d351b994e166ef6778,116926.3892131229
0x70cf99553471fe6c0d513ebfac8acc55ba02ab7b,116850.77784679308
0x61eb53ee427ab4e007d78a9134aacb3101a2dc23,115931.75021505101
0x81f9dc0086ea532aa11d107097d1b171a655cc20,115326.99281724455
0xc4b26b26d720467d96e18f08664a888d4116cea6,115188.35774457981
0x1cf0f48f45b820f443722ae8d585df3fda366b1c,114987.52853945638
0xad962c6e202556b0feb198f526bbdc14e1455d98,114974.16167625927
0x0515ff2c19ae54731624591d7adf68777b4ea568,114810.06645477307
0x06cd6245156c3608ae67d690c125e86a8bc6a88c,114550.56903886309
0x66ba59cbd09e75b209d1d7e8cf97f4ab34da413b,113609.37473181906
0xb680015d35899bf6492f2b1368f70eb02730394a,113582.6151398563
0xd73df31a13a11962601405050de47b9311ec71bc,113402.58966512824
0x8878df9e1a7c87dcbf6d3999d997f262c05d8c70,112828.98763368776
0xe9fbb2ea6906ad2168f4cc9bdfe75af7146a3644,112806.52928398283
0x00ed26e794b949e18b142f9108429b74ce08ac99,112506.33384801474
0x2a529766847129f8cc13cebc6b7dfe89ee49d55c,112102.43152159618
0x9e251daeb17981477509779612dc2ffa8075aa8e,112043.91790764757
0x5ced44f03ff443bbe14d8ea23bc24425fb89e3ed,111943.6321571644
0xdb5aec5d897878fa2d36659e9f4c703f653d19e4,111900.23043653242
0xda7cf6a0cd5d5e8d10ab55d8ba58257813a239ca,111812.91461347547
0x97a5a0b2d7ed3accb7fd6404a1f5ca29320905af,111340.48321202505
0xf01485b623edd49f6100ff6e327510ae8d6ac7ee,110949.38141613058
0x72749f7ba52772f999edffb48e1149f65517c24b,110947.53279038281
0x21bc57259cea22061ea3405c7fb5b7d5384cde0c,110900.83974382278
0x1dc698b3d2995afb66f96e1b19941f990a6b2662,110743.02127844171
0xa1d7b2d891e3a1f9ef4bbc5be20630c2feb1c470,110717.0630027827
0xc6f348dd3b91a56d117ec0071c1e9b83c0996de4,110607.04224933594
0x87529624709101f2a731ea0e3e393552d491375b,110338.0157040489
0xd12ac679277e725650b4d70bc1605f1a4d830d29,109897.79332669612
0x4bcfa15caadf617e08ac37f9fccf0af1952ac2b1,109738.70160210915
0xf7c20ac60c5f780d50869f6f29ffa39f60e18342,109714.72509930648
0x4f07614775c82f949afdb1eeeec518c3dfa7a782,109535.0823836241
0x6cbe9fbfba9dbdc063fe0d6d803d25e7d0ce4a51,109053.83755735322
0x71863e9c95262f3a795bf06f8abfeff8b8877a28,108943.1855695697
0xcc39592f5cb193a70f262aa301f54db1d600e6da,108739.51973784393
0xd2aad5cce8627b427f8225587be8a6f7c9970bc4,108475.04712407163
0x1217678b3d125831dd03a531542080f2c0833f6d,108311.19419010218
0x2f5f022400c8efcd127aa35aa0c5342ba01a573f,108293.85448302356
0x896f55571b1e7797303aab0e2f550dd2a4265117,108288.60327516438
0xe0a0de6a56a79f45669f15b467dbeb4649ae67e2,108056.9875059691
0xd626e123da3a2161ccaad13f28a12fda472752af,107728.21957436146
0xaa72f302bab9910677165bf9e6162318577d2358,107672.1143456599
0x7229d526d5fd693720b88eb7129058db5d497bce,107522.04587184594
0x811f8c60ee1805db7ece0fa3c7b064feba887053,107466.59259274909
0xdbaa04796cb5c05d02b8a41b702d9b67c13c9fa9,107220.73642121861
0x7dd3f5705504002dc946aeafe6629b9481b72272,107194.58031131026
0xdf3e5a1c305a7d41a595d4be1de3e963a41036e0,106969.53773249158
0x68d66f784b49c2f3acf80e549cde65c81a0a1e12,106943.82662182204
0x625340fa82ae3716febbf5174e12cbd8782037bb,106912.06945847915
0x0000000b8adc1c7d15174e0ccea63bb95d775987,106901.74584474211
0x8d58e202016122aae65be55694dbce1b810b4072,106762.03012470258
0xcaa004418eb42cdf00cb057b7c9e28f0ffd840a5,106482.4092240622
0x41aac334272a25e8db26d38316eed0be33b98618,106372.29174429094
0x41b5b06ccf883fc1652e8d4f73a444f6bb75e384,106370.35194581497
0xc965bc2cf23d54ccf41a7d3af10572580e9b8078,106360.98305145823
0x61908a8c9a2aa73415afbcec7ffcc85117223959,106116.15962412249
0x31ba74d3bcaf1b7a176a6cfd6c19ec101957d1f5,105776.0412691148
0x7baece5d47f1bc5e1953fbe0e9931d54dab6d810,105714.77718628077
0xdefdac77a9a767a2c4eed826e1aead2dace53e1c,105460.55262643236
0xea7d10e9b963e28a2a59429f44cd7922482000b7,105418.36747609255
0x17782d58c715aa2a4458d5fb1c1d8e52a69a62fc,105334.56687602363
0x420cafe3540df39d2885b956df4dfb7e7be3aa0c,105199.59077154627
0x919b20ac45304aeb09c9df5c604b3cd9d99a51ca,105036.79497235628
0x3e800f284add9788b8bc8352c63216929789e351,104959.39641248739
0x74c6eb5e3f55b372a0147c2438f4e7c07a965f9f,104777.83526188543
0x972aa388b5b37f6a3937de9e68cb3fc5ea2520b1,104765.71480465349
0x5c128d25a21f681e678cb050e551a895c9309945,104648.88640362566
0x2680a95fc9de215f1034f073185cc1f2a28b4107,104117.02345416299
0x7d217ffc52898191d97ef38ef448c8f46ce880e2,104113.97794315983
0x681909dffe7bb62df7511c5791c235684c46b4eb,104018.58188275175
0x80b4d4e9d88d9f78198c56c5a27f3bacb9a685c5,103533.90860845597
0xe56c60b5f9f7b5fc70de0eb79c6ee7d00efa2625,103497.6610955469
0x4c083084c9d50334b343c44ec97d16011303cc73,103133.74944870362
0x4a73d94683f2c9c2aaf32ccd5723f3e243d6a654,102809.63341381997
0x7f56d2cfc7bb3b5be041e1b3d9956aeacf8bdd8e,102777.0037148907
0x39ecc1a8389fadf11b3e49f4a335de88cb339a2e,102153.17014461503
0xa85ea2f37ea113a43b9ca10a74daff2dcf778ac8,102097.44122467512
0x7b73644935b8e68019ac6356c40661e1bc315860,101899.9827559846
0xf87339c23aa98bf885146b0f8597dd8ae96db9c8,101665.75013701848
0x991f01dc9e492ef38142210fd675e7409b9bd4e2,101113.02297272398
0xe42da0248873153b267b26879c116082cb1bad06,100822.81980781486
0xe91daec3c078b5362cd4024418d388818364f40e,100733.09714750042
0xe8c6c9227491c0a8156a0106a0204d881bb7e531,100635.82263305216
0x68b44c26874998adbd41a964e92315809524c7cb,100090.46516921908
0xa09ed82eaee8dec13f94838f1b0769b595a5ebac,99244.71922520935
0x80c7770b4399ae22149db17e97f9fc8a10ca5100,98706.63143265992
0x89c793610ef6f560e4dcf1dd5467c2fb9cc18a9c,98160.87699754658
0x3b685307c8611afb2a9e83ebc8743dc20480716e,98060.80224247286
0xf98cf0d979cfbb780774f318e3da4f7317af50d7,97758.96962374769
0x417b4adc279743fc49f047c323fc668db9e600d8,97632.82624586456
0x3da1313ae46132a397d90d95b1424a9a7e3e0fce,96704.44888981932
0x948b54a93f5ad1df6b8bff6dc249d99ca2eca052,96677.77561581228
0xec8c342bc3e07f05b9a782bc34e7f04fb9b44502,96430.53605817456
0xa7600c4fbddb57e44018bee74a5f6b636cb68352,96405.76543835696
0xc9919a9eb691f571e41db417f911135b4ac46fe7,96269.8237107705
0xf4bffd826c6cf401221afb97f47c1db60d943db8,96112.75639244729
0x6992771943a8b14047c6234d6ca16a3ae79f82fc,95766.84447236035
0x04444d365324134e58104b1d874d00dc68dcea53,95401.80368175333
0x2e81ec0b8b4022fac83a21b2f2b4b8f5ed744d70,95296.87556571326
0x3c612ee5936e583c837aca99307a71307b218408,95186.35146240676
0x7316f8dd242974f0fd7b16dbcc68920b96bc4db1,95153.70331844017
0x65f550d18cac8e19a97e73108618b443bf301d20,94953.4923714267
0x60b2cc2c6ecd3dd89b4fd76818ef83186e2f2931,94874.02397512787
0xf260d15e8ebe54d210ef53f5b61cb46bd9aa29ee,94723.22216585283
0xd14399e7f42822dea1aa9318de453b3356122532,94445.06899927167
0x18c2199f7e9ff095023f760639651787ca154daa,94363.40096146976
0x184d768d2dd4f1d61655bba94cc579136ce6e2f2,94331.32519564223
0x232818620877fd9232e9ade0c91ef5518eb11788,93800.6439865
0xde68ad8502874a7d5dd1758f7b0a7831f142b78a,93688.39967542444
0xe24d82fcc88000b65e856ac19598f3774a54c868,92976.34707045945
0xac7fa0a43f695a994f2cfcd23cdbe181047d6204,92635.98632856227
0x39d4bd495040675743fb161006f741e9841b355f,92384.08581645328
0x2aa839a2b3f331a98e1e552268d0f0bcbfea3a4d,92367.1607004094
0x2f8ac927aa94293461c75406e90ec0ccfb2748d9,92278.75692429417
0x7dd7342ac24b85c8a3fc5bc9f25182d820cff6c6,92192.76454486787
0xa416df4d96cd547337a3e8893bf3f01c2a2af5c0,92160.03669633884
0x2b7e68fa478ebf6b1b4697fabaedb61fe17cfab5,92010.49771418188
0x1f4c763bde1d4832b3ea0640e66da00b98831355,91859.86640967245
0x0631388045c60ab6ef69ea485dac24096a2179ff,91736.50028793988
0x0e26a21013f2f8c0362cfae608b4e69a249d5efc,91699.98500903785
0x98a8a62e00d6e4bb076a9179b595dac08e89e213,91474.22168699272
0x893f503fac2ee1e5b78665db23f9c94017aae97d,91444.36868201214
0x85f35b3d9f4314dabfa8fc8a99ed15702a425be8,91385.0019782095
0x8c56c772cbabdf7dcf4e03e5ae0eddc457bed08f,91021.06752499286
0xae750560b09ad1f5246f3b279b3767afd1d79160,90893.1177043804
0x99df22a229ecd168a1bf8b5c627aa0529c74339c,90463.37516784837
0x87f9f1fdf79eb1e8aea66b5735452bf55be1b481,90354.44727395945
0x4f845c5ccf059002894d4e05cad5735ceceed68b,89892.64099682019
0xe301fcf4d7f06c8e448fbfaa34b6d28dfbab223b,89739.35933473962
0xdef0cef53e0d4c6a5e568c53edcf45ceb33dbe46,89334.39904944136
0xc4ce8e63921b8b6cbdb8fcb6bd64cc701fb926f2,89284.70643338081
0x17ff5ca239ab6e2a6c6411ae5f25416d02d21cbc,89217.37777820425
0x8407b9a9e61101e73fb427c3740c89e10da93d12,89041.00043741502
0xc0cadf7dc01d1d9123de88531ead5908ce45c63f,88901.90120322868
0x80721b57076970170b41dcbe151521184ec3a86c,88873.65252301397
0xcd423f3ab39a11ff1d9208b7d37df56e902c932b,88871.73905856883
0x6c1bcf1b99d9f0819459dad661795802d232437e,88683.09891206407
0x703b120f15ab77b986a24c6f9262364d02f9432f,88407.93893340742
0x73c1b495565915d16888ca7d716dc0103e173974,88061.45429305977
0x7922fbff97c0787e73a154790c65f726a978101b,87958.33724153068
0x0015fe03456b000000009a38ba029a1d515f00e8,87571.93512043306
0xc70bb2736e218861dca818d1e9f7a1930fe61e5b,87458.71965454191
0x7a019e9f33af312b5e5c6b065fbc733ccaa09f39,87303.95288595186
0xda649040f435ea23cf80200245ee5ed02ff7282c,86907.6979441927
0xe4d9a69b3981ca427891acc7d6e8f1e0ce39764c,86838.63563123405
0xb3a20f081aec7525ab077cb53e0d50841d249adf,86804.42404195019
0x80d972d2a62ba71814f4e08bd27f95e5d81d02a9,86661.31943838796
0x9081b50bad8beefac48cc616694c26b027c559bb,86527.84894310177
0xabcae41337584c9fcc37bc9688721dbbf514fb5c,86513.86732625272
0x17890deb188f2de6c3e966e053da1c9a111ed4a5,86143.08729757056
0xf46dad9ebd66200dcca3b49a4cb0088a2306cf45,85911.56439114198
0x53aabccae8c1713a6a150d9981d2ee867d0720e8,85907.7199742837
0xa4897aafb9f1200df1c6904262acab3eb748eec0,85376.40413955423
0x53162d78dca413d9e28cf62799d17a9e278b60e8,85326.70397299444
0xa1b4b8ee671123b49cd8a129b3c1c5b7944e5601,85209.82940093524
0x4e30fc7ccd2df3ddca39a69d2085334ee63b9c96,85121.59950446135
0x5a6799c11afb8aa3b766f354d2d9863dda118553,85104.57844310676
0x06984cc044f6a5166fee0b16b3207201b1a059df,84903.68459626727
0xe3c162081fe092c4f7aa0d6cb97a4b5c2769fc2e,84774.96173611107
0x64b7139167c2e680f132737cae3d7c3a0e843cee,84235.2222036007
0xd1a75741cf2a3dffa52f012c9ca0878e21c9e561,84224.37614939318
0x755e5a186f0469583bd2e80d1216e02ab88ec6ca,84198.67400696433
0xc0d776e2223c9a2ad13433dab7ec08cb9c5e76ae,83793.69749755743
0x269db91fc3c7fcc275c2e6f22e5552504512811c,83642.69402124688
0x58dc5a51fe44589beb22e8ce67720b5bc5378009,83369.86873225379
0x796bc3622a6e0cd32e7bc02a9b6d6fdcbaf1cb26,83261.54272465208
0x9ac4ed61e4179be7e678cfa7a48664c305f8b680,83257.58040594799
0x576cea6d4461fcb3a9d43e922c9b54c0f791599a,83044.78151755471
0xca9c4cc09e901f4d2aa072ed1aa95dcbe3a7a8e5,82788.44069138689
0xe7f6720c1f546217081667a5ab7febb688036856,82654.64010044569
0x7b28470032da06051f2e620531adbaeadb285408,82544.19044894681
0xb2fedd4a8146f7eb5b5ae5e47c023ec77f1f4167,82153.2760436991
0xd18748b9839b0081a867a1a871d5b562b2ec9884,81890.98618813803
0xcb0c5d9d92f4f2f80cce7aa271a1e148c226e19d,81683.61517686708
0x811cfb75567a252bea23474e2ccd1286927bfe0a,81367.05487346114
0xb53af7e5ae3b6fdcfe861f88ddfa575e75caa012,81244.04907164656
0x5aca4b69771e56f3c92c20840dd09188a65771d8,81204.77480828618
0xf8e64b1c92e86dc1e127bc5e34617fb55a4ff791,81016.05780808517
0xe9c219b5a3d02b48d26a94992337181b8dd573d3,80986.63050522782
0x755f01736f93c91585b840c2179c560b754d69f3,80898.7679266302
0xa40bb1c47f6dd27142a2bd7c93bfa98db9d1f5c5,80766.43871822373
0x25647e01bd0967c1b9599fa3521939871d1d0888,80743.63085018161
0xfaa318479b7755b2dbfdd34dc306cb28b420ad12,80658.51214269077
0x7ed3f364668cd2b9449a8660974a26a092c64849,80590.2471281449
0xd6b117076222d95a05032a99f10738103c60d64d,80475.27014046328
0x8d2a4cc2e2ca0f7ab011b686449dc82c3af924c7,80176.81707173995
0x700fc86c46299cf2a8fd86edadae3f57014351b0,79971.63799969702
0x07224080cf82603d3bbfe9ddcf359baa339164cb,79842.31397033339
0x299330ce1ff6dd2bd027593a95cc62dc68d6db22,79823.46633226048
0x2e7e978da0c53404a8cf66ed4ba2c7706c07b62a,79821.50105824924
0x64cac8fa24f437ceca90e20a7a24a609f162b0d1,79813.57122480508
0x66124e898666435aa36d7b5753a75c1203b1601b,79523.0336359201
0xc1cd3d0913f4633b43fcddbcd7342bc9b71c676f,79470.52790506509
0xdbb90e2f23eae1f807756567bfc5d92bfa4e3dbd,79380.22203735495
0xe75ed6f453c602bd696ce27af11565edc9b46b0d,79351.33828060381
0x92cc4300b9fd36242900bca782b2e9e000bd5099,79266.153649101
0x4eedaa90b62e91326b03ec2411e65afee3a2b374,79208.03506849664
0x75382c52b6f90b3f8014bfcadac2386513f1e3bc,79177.79747504478
0x0c365789dbbb94a29f8720dc465554c587e897db,79095.998176402
0x856180c014d712099e7d4649752821c81531ce57,78873.80548734522
0xf5bf641b4a85bda8110ef8ab38de7ccadc1a0bba,78850.44251994498
0xeaf879127cf164441c7b9311cda23f13514492d7,78807.24428379367
0xdc7d8cc3a22fe0ec69770e02931f43451b7b975e,78651.40247779245
0x07b45a314a3119eb287f2ec2c82d8c2077463506,78638.97166073204
0x408a625596f47314e1fd4a6cbce84c4a8695ba3f,78473.27892348956
0xf10e8ccdb3f065bf24afa14d08cc6336d4a9a281,78436.86049383103
0x0f23d49bc92ec52ff591d091b3e16c937034496e,78381.9576007939
0x3c26ccbfea4b4dbbfb9e8179bfab8f485dc42c19,78351.87748215588
0x6662bccd7a333768e824b6a47e6765c8626b4353,78252.27011313132
0x2702bd7268793b5e1c7ee1ac2d9cae2ae2ecfe55,78038.53821937906
0xddf9b7a31b32ebaf5c064c80900046c9e5b7c65f,77873.81139910272
0x7da14db3a708f1b05da1071d2bd9a37457c2af47,77775.29149295832
0x06bfac47528d0d6a2de3b1ae5d8214ad45b4b945,77705.53467313261
0xa14e051af256157ce093aa54cb3b2f775358f559,77637.10889235676
0xf87a00ccf9f065ab6419b07a1751d21878ce4b83,77566.81813443196
0x3155664406c850bab9b96a287e45f3cb12b90610,77540.15624410764
0xaca532ab0e0c56d84887287926a6d1ae56feaef4,77484.95823661548
0xc926990039045611eb1de520c1e249fd0d20a8ea,77422.56136071985
0xa95fb85b3fe530b7797dbec77b307d27374fc5ee,77413.47960329748
0x96b638980932d3c41fcb2b9861fc43b57e439acd,77262.39438644766
0x13272aadbc7573594e98191b6502023938907fff,77191.05422646915
0xe081eeab0adde30588ba8d5b3f6ae5284790f54a,76888.55266569494
0x404eca5bde66219346c0334b89c7dcb5d9314196,76737.04052504849
0x6490828bd87be38279a36f029f3b9af8b4e14b49,76729.6875102888
0x318fbee0a0d60e5de7009864632ceda8d77489b8,76651.43899650619
0x6c1fd3ff03dd75de4178207311e8fb7b3eead61c,76591.29062641072
0xceff51756c56ceffca006cd410b03ffc46dd3a58,76415.55004204351
0x4e9e73c0170f09e709573127c4ab02e57b868178,76399.1041795302
0x2fdbadf3c4d5a8666bc06645b8358ab803996e28,76283.32400992254
0x9ef7e917fb41cc02f78a5c99b42f497ed8979350,76114.97335008893
0x2a9d2ba41aba912316d16742f259412b681898db,76100.51653574503
0x4937ac3f7d06b66be6b7c39e536114f4a042a48d,76042.87391957044
0xba90699064a3abfd41de0dbb6b52a913768b44ef,75683.34745169106
0xf359492d26764481002ed88bd2acae83ca50b5c9,75567.09237403216
0x00dce1deb188ee420ea8be0cf95888521fbc13a3,75552.2835503767
0x1a4f017782800e88eac940fce10144e54d038a66,75482.4900648128
0x2e8b9d1fd95cc65ad0927ca6246c34182fae538a,75411.32507974311
0x20ed38f9eab49f0c843119475925f565b42d8fd1,75335.22926432172
0x06ed871e5a66bebf0af6fb768d343b1d14a04b5b,75294.9935199017
0x765c551903bad62d12aa29e546f4edcb29f46d4e,75156.50434635031
0x2322e5517a3cbc75a3f02d74c96f82dda120d841,75090.84079691728
0x8d5a1dcdc0fb93de2103977b1ffeacb16066025b,75020.3128366166
0x132a6e4fd04b862a83bf95127d23be2c3ab28502,75011.60553378874
0xeb7abe950985709c34af514eb8cf72f62def9e75,74862.0082865927
0xce84867c3c02b05dc570d0135103d3fb9cc19433,74640.3127234192
0x38d209e6f0746e0c0ca5c1e21302fece15c4ba75,74574.41612711563
0x893b0b4615d4e4325fa53d9cf55aab23d4b1311f,74181.55538114678
0xe41552e6212cb6f7faa381c7bc9434c58bf28ce1,73991.18918486359
0x94e4b2e24523cf9b3e631a6943c346df9687c723,73964.36314731896
0x0f8086d08a69ebd8e3a130a87a3b6a260723976f,73954.43053170112
0x0d4285c18fdcf184dafd48cfcbf774542043b8f2,73658.28606938686
0x069b4c04b7f22462f8f21538086c20cb59478a12,73292.55187424767
0x21dfb98d17bcf93dd48eba6b33a084078b1a3a8e,73176.06559501447
0xf58ad7afc12d2e4be30990f40f01a566285e6cf2,73117.99262770833
0xf3cb07a3e57bf69301c3a51d8ac87427c53aa357,73058.64009394043
0x70e878f90ba6e4c021fc08231b50db99c41982d5,73013.10252538348
0xd8f6ab21fd76c9ffbf84878ba7f9355eef6edffe,72877.78071767327
0xd78fdc1090e974a4e5c4622735128a2114b22ee4,72790.36437953537
0xe12af1218b4e9272e9628d7c7dc6354d137d024e,72755.34718684272
0xcb867ff91bb2e84858d723c36a94a31ea9d887bd,72712.88852571318
0x68f8b52d098687c449a116779b7d4c15a1ddc7d4,72158.06036271737
0xf248959d7aa50cd47b448f507063eaa6cc5404c4,72041.94586914209
0x522ec850c52bc09f44e56de3d14d7a9bec3ba688,71880.34671376228
0xc486df865374a6530d52986ad0e442410de94a93,71666.72484459619
0x3aacfbc97573ed2f57f3feedbacc99c52cdeeab6,71598.06083807997
0x397ff1542f962076d0bfe58ea045ffa2d347aca0,71432.59227825352
0x5238b47a0acd39fb4049a48658e6fc32307492ed,71362.57783923506
0x0c722a487876989af8a05fffb6e32e45cc23fb3a,71316.20606479354
0x95ff1c5e07c2622b0ea01ce0dc985b32a8b6935a,71091.31246037345
0xa39de66d8690d5923fa5e579b19908efb43c8033,71074.60068449742
0x284fedfb2c5b90877d42b584a790b824dc869fad,71071.72269275063
0x9a3e3bd8f567a4e6d9298afe612d4bacddca71ef,71048.5289835873
0xefa7ef905545d91424b6f4d810800205f971d702,70566.40952742964
0x0858e2b0f9d75f7300b38d64482ac2c8df06a755,70470.14621041143
0x55a6845674cda54c3b91184311093fb913ff8f08,70370.41859775415
0x787d74800fa6ec69b712f3a311342f8188e61ac0,70362.57631939543
0xd2b2ef548732bcc6accd08bae4f1e8007dfa2a06,70276.85705974001
0x1035487ca79068f6617ae75ed3c844ce2d8a0c2a,70066.88985004199
0x09d1d767edf8fa23a64c51fa559e0688e526812f,70054.66673429245
0xd960b3f4532612dbbfc6d23a709efb9ce2ee4629,69794.02283555313
0x58d7e1d45e9ed962d3279b3834dc8f6bb4aa12b3,69693.05507068678
0x36671a9e07abdc4a6db82d57cf8ddc8da57fbaf9,69499.28198240686
0x88d97d199b9ed37c29d846d00d443de980832a22,69419.59441792547
0x59c68e0eca9f0844d9d4cee0bedf23c8dee462c5,69272.03399482134
0xfc883e86c58c06f8d561138ef8e01f7700000000,69163.49196017912
0xccab68f48531215b0707e8d908c43e7de73dbdbc,69152.289978324
0xe545e099b4a71f7181965a385709bc0d97d2d0fc,69052.25502269246
0xe8d7cb70db4559238fbd0f8910716dc7ed4964b8,68992.17597148755
0xeb1da432d5c1a9fdf52aa5d37698f34706f91397,68939.15155709401
0x10df8859bc85be969d131074ba07da4dac932788,68763.0985030112
0x56695c26b3cdb528815cd22ff7b47510ab821efd,68697.29659111646
0xb096945ee117d9bbaee0fc02ece285d6b4c330ab,68629.62856578338
0x96b3bc4c215fc20935bacb7ff69378f48d382f7a,68444.71755035614
0xbb19141e045b133169d7c7160c5e54a54cc821b2,68129.24291361301
0xecea5b1cc2e14bfbc835724b6150160dbc8d0b38,67877.08706201093
0xff00f45a9cd1b4044c449aa09c05613c2ce4f098,67851.21514614295
0xa9fc406744afdd46ef96f6ddb343fc124ec25254,67669.83715332084
0x33d1cf96df77a1b7d5156212b952275087c70612,67637.72729564641
0xd646a0728fbab062dd248038af8fd74e6704ef6a,67609.31245639088
0x00000000d51bdfadfe0c4329094b6c7d2872e96d,67575.5591126427
0x874206f8b3ff1169794b7ca3d3fc85767208c584,67574.41950003157
0x9886202afd85a4ded704deb370dee516ee558661,67466.15002670062
0xfa405a40d3fe345e3d5e460c8d9da39ac0fb13bd,67444.03741706093
0x7c3b1297ac649b36547b913de50919acb45a250c,67400.82606590845
0xdeaf677af91ec0655124860e1a15177aee86303e,67388.37017637426
0x12c5b6233f660676374a51099e313673d63267c6,67315.47398307735
0xe4ebd836832f1a8a81641111a5b081a2f90b9430,67278.77600276488
0x6dcba3657ee750a51a13a235b4ed081317da3066,67041.46969003942
0xf92e8bbb68cce9ea607f749f638b22bbb0d5fecb,67009.32086820583
0x69b39b89f9274a16e8a19b78e5eb47a4d91dac9e,66575.7793004639
0x817c0e59b67525bef88dac8d559a1bb85db920e1,66511.36962998532
0x7e07d34381a4a6fa702207e9ece95a0bd66e60b1,66284.10933049751
0x06ada8f74d99c6c200672b02e5c3341866ca3bfb,66154.08917125159
0x87da823b6fc8eb8575a235a824690fda94674c88,66082.73367870227
0x8b31f10b1e43fed91dcfc7bca351f8cd5c0b0a2b,66055.36323372214
0xd493b1934826eeabb260f55d7f51fdefa4b0eed5,66015.80548624886
0x919fa96e88d67499339577fa202345436bcdaf79,65887.50613761535
0x1baa7c23aca7a76e4d149b27ed9c451bc02eb886,65800.86706282939
0x21349f3d9b351f4341696f900b8e613c624ee8a7,65699.29184704866
0xf169cea51eb51774cf107c88309717dda20be167,65624.26914233231
0x42da9a658708bf8e682f82cc6fa64c5b11000004,65545.16124956646
0xb35ac493907d001a18b34bd5df07a86e50c3d32e,65415.02704693363
0x84201cf0f98b69117b0a9097b2df11da6fb44106,65318.42705198401
0x46bbeb9da8a99c0f8c5b19e10aae8cb2cb7f2e9b,65237.313191803725
0xfa6e87901c317e0d27b3c8833e0af5b66fb2c0ad,65162.812683589094
0x9c2dc3d5ffcecf61312c5f4c00660695b32fb3d1,65021.6555715983
0x6127cc12b45b7a765d6509e191d23ca97badd8d1,64999.8329892692
0x2f0b1417aa42ebf0b4ca1154212847f6094d708d,64997.91791560175
0x37ea8f1188ab0fae47cba3469a295e8da5442189,64926.860524040654
0x1688d62c82abebf4d33ecea96d983fc1627966f6,64925.86365657828
0x9068fbe6aba32989b4d5a64a9acdcd7da115174c,64833.1891202982
0xbf16540c857b4e32ce6c37d2f7725c8eec869b8b,64820.90834940891
0x4d3fa14d5ae47fe1899ec245f0e80c1595f633ac,64770.5633487405
0xf422803c1cdc6fd07c585132ff0526a38d2a239b,64562.685623496334
0x809fb38512d9f25481c396c44964100d2f3e1b0a,64546.853889834194
0xc1409a2c5673299fb15da5f03c27eb1ac88f7d8c,64329.99323261538
0x6d9301e7ff4436a7e2a411389fb212c22088d99d,64329.560100011506
0x1445f32d1a74872ba41f3d8cf4022e9996120b31,64310.879344670524
0x3f75a5b408feb14cba3d21bd934dc5b88908f105,64205.04989254484
0xfbbe4c97a5dc7765553513974b6d3a21881dfe90,64201.31402598164
0x67cea36eeb36ace126a3ca6e21405258130cf33c,64005.07342191038
0x8fe536c7dc019455cce34746755c64bbe2aa163b,63831.52526200054
0x3ce42ef6b6617b5950c13d1c258ecfdcd30bb4de,63784.32916675955
0xcc9a0c905bb88b84b744fed69490c8f97ad3a585,63591.13284946783
0x4f4163475ce5925782e9b8594124264de2943bc8,63479.88880138153
0x7e6782e37278994d1e99f1a5d03309b4b249d919,63411.40158728364
0x0a965a4caf929338044c593d82d385c4c898d8c6,63372.86551924761
0x2aeee741fa1e21120a21e57db9ee545428e683c9,63283.750212768915
0xad5b1a6abc1c9598c044cea295488433a3499efc,63218.61047152137
0xe7c4a612fefc86778851367a87e8900398889da2,63138.028890979855
0x43ae24960e5534731fc831386c07755a2dc33d47,62888.60804050947
0x3b6b9e1b86f462436260d7f0b995074746f87e3b,62854.69905809761
0xd3743fcc49d1d2796447a413be3af274c9231d67,62767.50017895736
0x7997c0c21eaf856795544e045443019f3caf7bc2,62760.186160666824
0xcbd1369bfb0955915af6a2cdff6a77c2fefe53f1,62732.02029776344
0x23a9292830fc80db7f563edb28d2fe6fb47f8624,62680.8582230024
0x66faa6507106bbbf861c9940408d31c97fd1d428,62608.895726386836
0x90a70993d2a02f4d4769008c255873dfc9d308ff,62551.76473703473
0x9fdca339249047129add241c83fd0106eb572b03,62539.8797997646
0x25215d9ba4403b3da77ce50606b54577a71b7895,62460.64879153172
0x763bb98b2f504882ef3a2eb62b4c8003b94c59cc,62217.470610616576
0xa238a470c9121b9a5a6107d7af87eb6bffbe72fe,62186.54688907842
0x31373595f40ea48a7aab6cbcb0d377c6066e2dca,62160.299481387374
0x26e6a391953169d141df36834acfd9c61d3d4d59,62123.21888839615
0x42d52847be255eacee8c3f96b3b223c0b3cc0438,61950.51820398072
0xdbf655a8d6eb8e972d813921128656e150e1420a,61573.947609011855
0xec14a93206e8b17782370e43baaef63c048f1c3a,61353.534738766444
0x14af5c8b8b70c06d66f4bcf0090439b47d784f38,61293.211334163054
0xeb4b2b5e0eae7a0eadd0673ef8c3c830f8762f28,61230.18370366582
0x8ba7457a640aba9404f9764ce86d860d0d8b8d87,61119.20602242692
0xffb4deccb4b9455afaecdf209098ff06e54beebb,61067.53193241299
0x4c45a8fb807881214f38c6f091ecf64800f0d2e7,61052.11665003105
0x94385268a526349ac18edf41c01878774133c164,61025.45354202235
0x01962144d41415cca072900fe87bbe2992a99f10,60951.92860364808
0x0aee78e40a931881ea6ad99f384cd94efb2f3fae,60912.840031259475
0xd35f0cca6c2f7842fed1c9a4e165ccbeeb000000,60878.45311064233
0x7a0fbcc466e6830d3a813826ddeec608978bde2f,60846.04085037768
0x2ebcd9fde1aecfb48e6532f2d3a1810257509b23,60771.97297519422
0x669172a7afc8e729bab4d2cbc29107a3facc75d3,60752.872032323925
0xa52566764daa95487526ba31a2c3671a6a82d336,60750.031474290365
0x54578b6f942aeb23b67a8cef24220651306b8e26,60743.55430076968
0x4e4abd1c111c08b3a05feed46556496e6a3fd893,60722.8632152728
0xb14db3bc807b90eaf8126b39dbfcbac4a0151d0b,60571.82378365512
0x276e0893a095422e25b0b1f2f6c7c899351f48ab,60426.40556598445
0x6172ac5fd6b2fcdeccf67791363ca766b77e0ac6,60309.68374293813
0xa7a8edfda2b8bf1e5084e2765811effee21ef918,60181.79512797789
0x3d5d012ab6f985b2c7c75e0b9b3dbc91333a695b,60045.52787075123
0x4a9c920848720e9dd5910d385a3d85b15c7c5cb9,59925.11629404439
0x61213af59a2de1d528022086b20bec330e0d418d,59914.507807749724
0x634cc319a3e28c47f77d146539135d26f589a590,59853.86133461089
0xcbc85ecd1d643900cd8c657724af7848b8d3ce3f,59822.996701063545
0x9a1271089ca653d5dfd24ca4ff38682c96f54164,59766.75739987451
0xe70aed8611cdc3bd00870a33f49eae850430373d,59709.36934050376
0x8513a7200c6017798af91a2e444450320176263d,59532.394198675305
0xa1181481beb2dc5de0daf2c85392d81c704bf75d,59522.40805738626
0xaa9b647f42858f2db441f0aa75843a8e7fd5aff2,59514.72342474138
0xea02e0f8f470de1107cb336f827c4192117574bb,59508.90073121086
0x2cc3696211db0d64c58fd5f61d661b54c7c5ea2b,59385.69488097659
0x035a397725d3c9fc5ddd3e56066b7b64c749014e,59349.86750581654
0x6aeb4f36c764b3d0a239690266a8668c6786e089,59320.46559210446
0x9a632cd9cb44f9383bf6f3117056c2455b30a6e0,59282.596216354184
0xa43db55a6d690eecbaf185cf7725e15dc024ec5d,59184.16048685192
0x1dfd47d8609e98b930f82e9e734d3fc6067bc643,59141.2518886326
0xd2ac137949620443fd514f30e6909ab4e4755e3b,58903.98441021421
0xb5de0c3753b6e1b4dba616db82767f17513e6d4e,58665.262455363125
0x11b544c90ee643ca0256696f43b4512a4ed2d049,58647.56756101462
0x4e680c7162fe5abaccf3409aea564a653f1c91c0,58625.96885701831
0xc48396f068c62e0192c9f2c1caa7e07bbd15dbc7,58542.07307623743
0x37cee65899da4b1738412814155540c98dfd752c,58462.87305373693
0x96335e7cdbcd91fb33c26991b00cc13a87a811b9,58080.478254940295
0xe021b946ec3a9037f01c5f64ff5007db1477b6bb,58012.226448623725
0xcbbc981bd5b358d09a9346726115d3ac8822d00b,57989.41556901173
0x638bc0940c623df5094c5c176a087ba250df4756,57841.32483442351
0x913f64a61b6ed70f658d23bbc84665d07be79aac,57822.581189884535
0x7e2b8aa127f6a50715ed4d300a95e6d1d35fd08a,57528.88200896261
0x7b98e476de2c50b6fa284dbd410dd516f9a72b30,57307.3312589788
0x2b40201999d7bb40def18ede799966771cccfc3b,57275.07986075927
0x198063c23ac1317ff3cc57d9f54faac6b675d89f,57234.855862030134
0xa7b3bcc6c88da2856867d29f11c67c3a85634882,57157.12996099061
0xe733db4580ef1c8cdeb633201ea93e4ef5a9f931,56977.440801432684
0x000000005d521eedcb5ea51a227a0e5bd2a331e7,56932.87074454974
0x89635f792f4cfe2499eb1bbdba99e5d162e427fa,56925.62243324041
0xdeba8fd61c1c87b6321a501ebb19e61e610421bf,56832.04389307498
0x6a9c4fc2b35ee398e7a0e75d982872466ba93cb8,56818.36619441015
0x89646e3a7e2278ce98285218f176a890544f7892,56810.5781934191
0x9e4c7d0c5ab9caa76d443fcb1eba35f66bf15bde,56769.305045278095
0xf382839b955ab57cc1e041f2c987a909c9a48af1,56745.76298404585
0x4aadb3498f407e4d558589514bb9a4b341475e31,56597.28889201512
0xe5fee9f12c35b5eb26350126bac2a006a192a992,56584.24319376667
0xb88c46404b3c827277dbba42fb2079b437cc521e,56547.432620597174
0x05c8d458045ceb0775b64064ba877e73cf65a24c,56542.1908753015
0x07af6bb51d6ad0cf126e3ed2dee6eac34bf094f8,56452.829256081764
0xb1914469141ebb6e244e75cee3f35d43bf6b85e5,56394.476440860395
0x58985d43735a19286a41c5cdd02ed16f85ac9d80,56383.279011060666
0x265487deec10de8538f89551f0e04b1a0cca5d9f,56323.921104671135
0x80f219732a5270ecc5ce08cfa3e2bfedbab97da8,56322.85826517627
0x021d26dca62454e36b304acfc62098a17caab638,56163.27590166952
0x17d0109e9b33875e77f763d8e050ee55b3fb00a9,55964.36241461607
0xe9e12db15d8a0ec338f148ffd9dc9606312a6b28,55916.76222680803
0xb4d0d9df2738abe81b87b66c80851292492d1404,55903.108893933786
0xe8e2c14fcfc0a8de8e707a8e2bb6e7ccdd3c314a,55878.423460672544
0x495864cad6cf60e97efcd3f14ff8b1f167956ba2,55832.27234801894
0x5f1b11535da9f44f74aec8eef1d10c83026fe53e,55806.44521802616
0xacefce78e31332cf2d1b9e770d609c31d26afc09,55720.30627103821
0xc558b764594b684241d099b37fe94cba2f000001,55594.45316412426
0x59664354a14ad047e0788e9ac81b5c09bf16c492,55517.40782701555
0xddd23787a6b80a794d952f5fb036d0b31a8e6aff,55427.777091924356
0xbc7766ae74f38f251683633d50cc2c1cd14af948,55332.50320195786
0xa350fff10b28750b49aff266bf554d5cedb77f4b,54954.03688065232
0x172b9640cdb50f368f57410343cf7a7f2e45f341,54916.951335633574
0x6ecdc23cb4353bf929ba689c45feaeacf7ffbfc4,54910.95519067091
0x33475220f3b004bf60fbbc32ef4a0a33f2549e44,54908.6472172239
0xbfab494d6311432ed86ee88779acd7b4838920b7,54871.814960341275
0x90a2ac1d1a3e3a57e554682594e02d29f0e5ad62,54756.17831864608
0xf79321e80acd5fa590936f09acb90ec6471fcbc4,54724.59955295595
0x469506e58d4d0d7abb476dd5c0a999d46723351f,54582.13673506232
0x4de126d4940bb9a183e9b692d7f7dd5abb2638c5,54575.684017531414
0x2730da7ef47e11eeff9b599ac10df5b018624445,54572.92180770606
0xe4edb506301b9fd2017bc173c90f1c885c7c9a5b,54545.50869397508
0x470dc172d6502ac930b59322ece5345dd456a03d,54179.10715740915
0xe9a96e69d28a6f7cbf128521bfc0c4878a0dccfb,54120.06168201551
0x43bfcd5595a79edb92be42d330cd8ff73e33f60f,54117.46506064828
0xf9f7f108b3e2323343acf9bd9d34906aa478de6d,54112.91945194681
0x8a6bd8e96160a0dd303f98a09f7fad7781e54e5e,53959.54652077339
0x611cde65dea90918c0078ac0400a72b0d25b9bb1,53785.328984693195
0xe578aedce9f768c8dc945c6803820f5b219870d3,53772.96955318948
0xed204838e266e7d9a067b5583ae83a75042c40cf,53763.098964399454
0x29c100633da99703a75d1a4799efc94112509d6a,53662.96969609458
0xd89f1ef41a40db980883c4518387e682cdf83c7d,53584.034458745635
0x744159757cac173a7a3ecf5e97adb10d1a725377,53555.91008266044
0xb6b925d7ee9496ac91cd4fa7e9cc96c17dad6d27,53478.385708981405
0x37fc088cfd67349be00f5504d00ddb7f2274b3f6,53134.706831806885
0x4beb6e301b40af6d8caf74f372df6b9d9e9b0cab,53096.44745616943
0xfdaccff3814b3e700f34ef220702b5b06c3a89cc,53088.162221569044
0xa1444ac5b8ac4f20f748558fe4e848087f528e00,53086.8515827248
0x2481092b5cf0ed5af8429abed3996f66fd400acf,53034.45855350414
0x832bc12fd9889cd08f30e091f94af4688061865a,52856.013080754565
0x9e3ec27d334ab11abd899722bcb8bf412155705d,52696.527239399205
0xb9ed555632c308f0f44489500045a9afba73473c,52207.688318843306
0xc800faa17cc8000000f2500c711000bd54130001,52077.852436013134
0xf5145f8e57692007ec3dc8f58d4cb1fbfb2dcd68,51996.564781338995
0xeefa3b448768dd561af4f743c9e925987a1f8d09,51951.340684075825
0x05b0c1d8839ef3a989b33b6b63d3aa96cb7ec142,51938.80495382531
0x8c07e1dfede38b1908698988b4202a87e0d7a0f7,51913.244341741854
0xe8f7c89c5efa061e340f2d2f206ec78fd8f7e124,51898.90099845408
0xf660809b6d2d34cc43f620a9b22a40895365a5f8,51781.72804053502
0xa06591252908576a0f64a8560ec0c8051782377c,51772.33875427359
0x0eff224c7e5f1fdea341f0a8c59bd16a02a01cd4,51730.72442893871
0x8ae720a71622e824f576b4a8c03031066548a3b1,51702.582243233504
0xef1ac586fdb80bd5a771c2a30ca7c9a9f48a4d13,51572.769811400925
0xfd76be67fff3bac84e3d5444167bbc018f5968b6,51213.10997838932
0x99147452078fa5c6642d3e5f7efd51113a9527a5,51036.487646972564
0x5b8fc0618ad221acab4496f32f250f84ef7e7de1,50963.06126761706
0x1517ba8f1a1b192ac62f824d6e10f88ae99391b3,50920.89141509626
0xb8280c3e1aa0e8d1c619bdfd3f8d8e1267e4225f,50919.03030130989
0x590e0a90d17f2e6e031ad4e7437b126e9a92e7b9,50783.57509988363
0x43c6f294808835ffa39bc8a02b6542b19a872d7f,50637.59672494652
0x9abb6f89fb7bbee9243bf93923979f829f7977f0,50388.65982599101
0xfb9ec354efc86167728b4eadd854853f410b7660,50327.28853170791
0xaf2e0ae99960d6d532dad7cf10d1df82119f1532,50298.72444950942
0x64c78d2c2ccf8bc44a5a2dcdd980735b28e9b406,50256.3604747274
0xa1bf0e900fb272089c9fd299ea14bfccb1d1c2c0,50212.65994457672
0xb60b34d830f26c5a11c47ddb1e0a1f31d90a78b1,50164.450971824415
0x1f1838c3b8d9480779557876f868e36a9bc52ccb,50109.519196105524
0x81ccb3f6bcbb0534a2102543bdc038d34d227f9e,50090.67509560638
0xfaea6d0985ffd285829fa4cb766080e33fa4b265,50019.82898670441
0x4a6670b0afb21b2770541c4c9bd678323f7d84c4,50016.436463691905
0xc063aa5dc4bf601762b937f7797305ff8ed38e00,50007.27732535868
0x9c39c7e6867eb79b770f2b59363aaba87a32e47b,49981.85194786202
0xb31e955a0f809b0621c933e6abf3a161cfa39b0a,49895.50977159524
0xf68d0d896cc3b6ea1872f80c143b9a4026caa77a,49878.21915918952
0x4042a04c54ef133ac2a3c93db69d43c6c02a330b,49851.260667763636
0x634cf119d1964b88a426e1e782bd09f37b51d949,49813.09687919292
0x20da978ce6dc1a9a6d133b47816d9a4e72e03acd,49778.34718845465
0x4e34da137f0b317c633838458e0c923a5e088752,49552.11655837864
0xee8aaa362a75fbf8e0a38a50ddc27f38551e16ea,49545.37930771564
0xe0b2964cf593e4ca4afd7e997156a5fdecbd6ec8,49540.02278799306
0xcb49221ad08e84b1692f80b62cd5f90c1aadbe6e,49411.24310789361
0x6cdff40fcad846328a8aa19ea928d3fa9412517f,49344.87703072922
0x5d18b30ac9f5e8d6b21a4b783d95fecc8b3c09c6,49075.25215406385
0xa71d014ffc0d2aff34d1fe1672dcdef6ec00af66,49068.03680103583
0x8dacbad3b875f95497a9497dcf177692e87a6f90,48877.04939682957
0x5d4f3c6fa16908609bac31ff148bd002aa6b8c83,48723.41186748817
0xf5e875b9f457f2dd8112bd68999eb72befb17b03,48592.45307654406
0x2dd35b4da6534230ff53048f7477f17f7f4e7a70,48496.83718192052
0x3f93976bf885534707e5d443ce02e50b1ceff785,48375.75657531291
0xa8a603cc1854166e0a1dd9dc3751cd0199b803f4,48337.750944556814
0xdd9fecb78f920f08c50e2617ee5d76773b0d7c3b,48319.69363503348
0x76c9516e99c6116efbce7086ffa43983cb271fb0,48169.56900154335
0x9cbc2a6ab3f10edf7d71c9cf3b6bdb7ee5629550,48142.221054334106
0x06da0fd433c1a5d7a4faa01111c044910a184553,48135.26056818536
0xfb55af0ef0dcdec92bd3752e7a9237dfefb8acc0,48021.52990507711
0x983dfba1c0724786598af0e63a9a6f94aabd24a1,48019.98958818859
0x7eec7a4e6ab3cce23ccc41b8601282716b9eadf4,48012.07244941951
0x2b51b89fa7bede23542b4dd1559001069456bd43,47960.52240724477
0x3e9130133d61e948baa0177ebaaf30d3e5ae86e0,47844.9488525102
0xd293d05e83035a757d510e2a5ebfe705c4f05b1f,47683.478153155396
0x64939a882c7d1b096241678b7a3a57ed19445485,47615.95213608209
0x2ed1da1894d2712716d85fc3eb62ec38d9c37a02,47548.10690327082
0x63a151d042dc870fb1b3f0c72cbbdd53a85898f6,47532.0452881589
0x42670595766c9b44a2a4936b1c0e62f0e8167ace,47506.5641316138
0xe4d227eb772a1bdf2ac2e8bd3302a68770c66962,47188.067400370994
0x78194ba1a135a71f7fba71fda7cdd3885872b8ff,47077.80534222572
0x4d5ef58aac27d99935e5b6b4a6778ff292059991,46988.95743993128
0x4637ea6ecf7e16c99e67e941ab4d7d52eac7c73d,46968.77201250328
0x0d45cd7783796a518ec27ae742febfce5d9589c8,46966.89789800632
0xa612b98a27234f8a57edc883bc87891bc8dbf0e8,46956.90159689126
0xe1d92f1de49caec73514f696fea2a7d5441498e5,46858.19179524607
0x0000000966734a250497ed5b8aad397538cbdf58,46648.46289698702
0xb1097de0abe8143f70da10a99105755558907f0d,46524.29679560977
0x0ccb6a0632996301117d0f8e7430c069e2de5c47,46485.51354766049
0x99b1d4b7d0f7e8ac185cab53938d007c48a57db4,46229.98897393551
0x0fe2426837cea90219363b9aa497ce222c1e675f,46222.656693073266
0x68d01efdfbe5c0eebe3b19b571b18ae6d6ee16fc,46151.79483687203
0x769f539486b31ef310125c44d7f405c6d470cd1f,46025.05440790587
0xcdf13d2649b2ba5e6445bb26c6cc04ff16ccd075,45974.860849754965
0x34b8487fc2912c486b04d1436b07f19f7730cd43,45951.155294837416
0xa76a9baa3cc9dacd86852bea6c4ae8c63e70c4a4,45829.48108071294
0xcf15ad9be9d33384b74b94d63d06b4a9bd82f640,45645.34671479332
0x49af5fb5de94c93ee83ad488fe8cab30b0ef35f2,45613.09535149127
0x9597384dcf235e973aee5ae852fd936e9f27d4b0,45600.13821623084
0xf3a0d4580933022f2c54283adfa87ec51d17885c,45411.98041179561
0x572c671e1c731bb9e53c13dbc877522a33f33e6f,45116.63737854226
0x6225a9587f3a992cbb48921ff858320dabde159b,45036.90460144069
0xb79c2b95dde420cfbdc84866cb25fa76dedefe4a,44973.86079029077
0x861b71d841d2a2dfc88e5ee44693c810b015d6ee,44909.40495477898
0x1140201364600b0016f35c5dd32e2269229ac3d6,44898.322525539494
0x99e5068e762677839e77da46e684edd61f8684bd,44885.51577988994
0xb1ca6e0283503d2bd17c7a94c57f5f556bc42179,44859.41231056528
0x4b3715ae3aa43e2fcf52ecc03f7bfc8914ecab07,44685.227980964475
0xe6a2eca14d2b1b0a82dd9a407488004939fb5aad,44644.419564049014
0x57bbd26baad5d558a0780e622762e7d23f558f6f,44608.06784754642
0x2ea3690e7cdb87db3366d01d66ec1c7f235625a3,44584.27043913191
0xf65c9da67e5cfdb097b7e9010e2f509a4b0d4cb2,44583.44953154944
0xa10c8fbca4f506a001f9346269fff8b2463f9a9e,44476.721163867136
0xb532841ceb0bebbfdb3151d5cae6988a1b92c0c1,44359.1963599674
0x8ecc2244e67d0bb6a1850b1db825e25354cf881a,44312.04819762773
0xef84a9770a43a8a3175f79ae31f22f026920ddf9,44311.377772568376
0x99132b53ab44694eeb372e87bced3929e4ab8456,44114.9045010503
0xe3f6845cfe044e0ddc58031fe31b2a09fbdf8c70,44016.43969858356
0xe1effd83a784ba5cf9a8dfab75954c5152179b32,44015.606887046444
0x4d396ccc5b7bf3112f59c35ee4cf22ee44451e66,43903.40806564453
0xac4b3dacb91461209ae9d41ec517c2b9cb1b7daf,43857.06156437714
0x088ee5007c98a9677165d78dd2109ae4a3d04d0c,43841.310078626404
0x1b803af96f37ae51fa753e13e1d2e372dfa17791,43838.68339777505
0x895324433d8026fad0531428ccfbac7a6b32fbf8,43827.07247472907
0x05be6820730b30086d6355c44c424230aaff41fb,43768.13382421715
0x45761300f2c78e4e202ebcf9c304444ef6e16b79,43760.28102448408
0x11a653ddfbb61e0feff5484919f06d9d254bf65f,43606.593498702634
0xb77a5a8355114269fa45056b7408dbcd1cdfd0a9,43571.202861588434
0x0698cb141b684f8286e9b9a1a5f2188d7819a44b,43533.34174829336
0x201e6a9e75df132a8598720433af35fe8d73e94d,43393.98826089883
0x94e8d722a2302042db7f034cd969cee28504b660,43044.03678594427
0xebab693b804583fb73319c335c93b34607c48da4,42959.983976670184
0x6d74443bb2d50785989a7212ebfd3a8dbabd1f60,42879.24543674723
0xf7c722c7cb4ab2f1bbb41153cab7bd67cb4fb43d,42797.89149714912
0xed92bfe08de542bbb40fdbe0a27ca66313c0c457,42787.44140273651
0xe308d7b56319305ffb9b75ab50fee2c91933ce7a,42660.849173865165
0xa2c86a4f990f0a2f10475d35ca03987f32d649d9,42563.79969694516
0xe4747b4fe801585e64ee14d17ea7d06383442c63,42553.81513247196
0x73a38006d23517a1d383c88929b2014f8835b38b,42446.28643705475
0x7b1e5d984a43ee732de195628d20d05cfabc3cc7,42367.56441130562
0xf6fa9397709caa31b32164c620b72d42b4cbd547,42297.36370156498
0xcffdded873554f362ac02f8fb1f02e5ada10516f,42232.302828153806
0x16198752118c5fb879d567a3341c06e76e5d38ec,42057.183378942216
0x8d27c03fa77f30af3dce552dde5babf65d14861f,42000.84889871653
0x2a66392317698c5818df7a72a58556049f0ae6f2,41983.434195384434
0x1eedec1e540c9d43eac18d20b138b3b243d9dbe2,41973.40467965584
0x039b9cf3407f4573b7d37530c42ef9c7db424fc8,41954.04771498026
0xd9f2a7471d1998c69de5cae6df5d3f070f01df9f,41950.99693351964
0xb8c564177e54bf95fb3d06242312aaeb35446b5d,41874.02161070643
0xa5ef865f7621cf644323ef630da6136116a674fe,41827.35512627878
0x5a70513ec742ebbfb99094c7fd3096a0a3e25b86,41750.49260712621
0x62220cca3fa08e9b35bb2c775d20cf63a8de7ac5,41748.925630438214
0xd672418ab099fbdfbcb212c33a7f9d811e5cba26,41722.793970978644
0xb06626c2d4b01a302aaf18c841e83c382bd6d61f,41650.91612919503
0x0d15e893cf50724382368cafed222cf131b55307,41637.66438739147
0xc3e52bc07a581f8537afaeb2e70ddfcca62bb385,41602.632804662986
0x916560c92f423bf7d20f34591a6b27a254c3bd7a,41561.92528157869
0x704e0df4c18aeb5af00905fba1b5d87f7d9871c9,41524.00970704486
0x746cd6ca1f3f12d88a31d1d253aa46d225de31ca,41507.4139161129
0x3cd80800a1403a96c4c8aa28cc291cb8cd6442b3,41416.565609341065
0xd40c3016791bf8ae0a21f56939a85599cf945a26,41385.5053152296
0xcccf6d0cd9ab311ca12d35e94801421d2c4fab87,41361.20325
0xed4d5317823ff7bc8bb868c1612bb270a8311179,41320.265095602226
0xb9cec48d444e6b563dc613a4791787a81a8447aa,41261.76921679896
0xf6f7373397fcceadb572551e53a94b7918f40b60,41260.60886000932
0xa1ea4a8eaa7703ea67ee4f7a5944b939cd5e5040,41223.20267548072
0xb76f3bf5f1d669f931064a2a84aa5499232b00e1,41197.66023370574
0x05c024b441d2c288c2729b484bd4bcef3596aa51,41192.2405493835
0x69c66beafb06674db41b22cfc50c34a93b8d82a2,41170.34107171211
0xd42b0ecf8a9f8ba9db7b0c989d73cf0bd5f83b66,41142.02702374872
0x06be1c47ee1c988f6aa97e01abcb8a6b4aa69f8e,41135.111801128485
0xc0376b0cbc8e92bcc21e6b9a2f1a2351e714c6e6,41094.131915992315
0x132eeb05d5cb6829bd34f552cde0b6b708ef5014,40852.99228790606
0x85d9ad63efe69304b3003cd9a9751d3f52c8330e,40816.63689035961
0xece03d16648ea58e211ccb01c36683104e11de2c,40724.25321026083
0x35b40ef38b0ae66eeaac805bbbec784805c4c9e4,40718.58905284333
0xfaace66bd25abff62718abd6db97560e414ec074,40668.35698169571
0x43de4318b6eb91a7cf37975dbb574396a7b5b5c6,40507.41651815807
0xf55b0f6f2da5ffddb104b58a60f2862745960442,40474.106614495155
0x517f9dd285e75b599234f7221227339478d0fcc8,40449.15692840672
0xa6f332dc61544d127021574284aad6942f58de80,40359.401432447245
0x824a30f2984f9013f2c8d0a29c0a3cc5fd5c0673,40343.78431662596
0x616a9b6d813c794eb5796b87a513202fbab659bd,40310.09196686333
0x3452a7f30a712e415a0674c0341d44ee9d9786f9,40228.341788046724
0x724934f5fdd0e938664a39b0b484d055e24f680e,40185.9346601444
0x27dd7b7d610c9be6620a893b51d0f7856c6f3bfd,40151.44709765834
0x7574b219e13d8501034a53aea669d395e3996f37,40037.90500812842
0x1c509c062864b9d7771b94d438d8d92adba3ee18,39814.690429126385
0x36f5580e820b9f03f119fcee9acb43e2e8de8609,39805.46153735099
0xecc767aab9d701418e6a556d9cfb1614fa04cdc8,39804.50316348949
0x120b3712f675825003ab0f73b3439b950a437f2a,39725.96984795316
0x76911e11fddb742d75b83c9e1f611f48f19234e4,39627.678529574
0xe5ae9d3976002433fdfb64838ad6acb5212e70d3,39547.560044662896
0x5ae13baaef0620fdae1d355495dc51a17adb4082,39530.904785759056
0xc57cac126676471c547d2d9b1c283e56ef1b28f4,39525.571199766346
0x9628105808292699874f20d77d50a09bc26850c5,39433.942286540696
0xec5e74814f3f8cdf6dc919a9e32954496379c075,39368.41182690764
0x40d40a63bbdac1c0af94437280c104dcdbc4a690,39353.76826795586
0x92260eacb7e953f91b7238ec2ef19812eca4e45a,39274.28033843735
0xc2839a5200f0ed2764f8936a42365e4a30f4bd34,39251.11562680754
0x5437bd71a64a80d9532677701c7bbf913667c127,39209.93447570808
0x5ed0dde7441efcd728e31cfd055c4c7efe20a57b,39181.740262374915
0xabd50310f2a409257576ff4337ec0ab664ae8cdc,39141.04215039644
0x7f517657496c09c43cc28d0ca131e35dcd557e02,39092.13717267584
0xeab02b0d8f969cc6f6d637861dc1a3ac9ed8e72e,39021.92080397817
0x4e5320503965cbb2f622efdb59385e1bc40ea289,38998.685137546345
0xab51e5a913a91e23d47ccb9818fbb87416ae12ac,38994.8978262659
0x52c65cfa34149028778d245de1b9cdbca7b10fba,38969.46802243372
0x9bce95eb777ae77f94d8a952f04aed235ef4d613,38958.857329370854
0x06bf054b9aafc075f9be814e1b7f948c6e845596,38950.22757261225
0x191f632a679988243895dca08bc41cc8499e1bf4,38913.2872335021
0xd85de7f6c02e30f532d539f3dd30dbae7c7f1baa,38892.851483725644
0xfebf38b1d34818d4827034f97b7d6d77c79d4997,38810.693895287885
0x29baa9ebcce8552b030bc1138d5d64893018b329,38806.14074243077
0xf239009a101b6b930a527deaab6961b6e7dec8a6,38788.5688709185
0x5cd98fdcf62dc69b7d8307837c73a50759772538,38593.013085117804
0x5ab53ee1d50eef2c1dd3d5402789cd27bb52c1bb,38503.30593432441
0x78b35565c84c8949ca632b5c6ccc094e9a350e8f,38454.613524820954
0xb10dc6c9916c2ab4f75249e8292da149989be90e,38435.36135475568
0xefdbf897ce8ccec59e8ea34dcc49c29de4c3ae6f,38249.33461951126
0x6546055f46e866a4b9a4a13e81273e3152bae5da,38231.10073309223
0x64a078926ad9f9e88016c199017aea196e3899e1,38218.573379127796
0x35d9f5f160de41fb9f7be4108abcee6508a1479e,38205.75687169644
0x481cbb71e950557dea963318a4e0c03a0c642c7a,38139.87975166284
0xa2726101013c4a6eee70f303b0fc3f7210369103,38130.00508087945
0x051f301bc65b7caea46d7eaf33852afabd00f283,38102.59524264162
0xba5fef96bf7a8fa10815eebae20c4a19fa015071,37996.6785577124
0x4e665157291dbcb25152ebb01061e4012f58add2,37977.41660868631
0x55d8ec728ea72477c6db12ca497a803c8db361e9,37958.73553029883
0x0e2c4be9f3408e5b1ff631576d946eb8c224b5ed,37945.35095786302
0x82a5bd349d3525fb4c37d3bd7aa4387a651dcb25,37801.08965119589
0x9ca8aef2372c705d6848fdda3c1267a7f51267c1,37720.101759208395
0xc03c6f5d6c5bf2959a4e74e10fd916b5b50bf102,37718.88908427837
0x79b5640749894f73f3203fde323f9bcc8cce3397,37620.369568113
0xd034abbc642f0bb74509ed409cde0718b1409e33,37606.031699430765
0xbfba6254831605a6bfa1d6df1e4b85a22c5061a9,37564.17181366073
0x3e7ac3dfe933d3027a5968be23c624f1309b1b02,37488.235848357865
0x757d8d585ee1488097305bcb0fcec1ac4a55e9d6,37447.924312261544
0x43280167e65122a29b0769b3dc89ee4af1afdceb,37438.13950127872
0xc987d503a9f78f6d1d782c1fff5af4cb34437e3f,37397.24455121159
0xf9d29c7c0691ca27f076828b4c1de6f6b14c0bda,37295.31326986106
0xbbb08fcb328b406e3e2c5ac5cda854001302fcd0,37274.98950097832
0xc6eecefe6ec72215a6f832105408490f443ea60e,37200.21323382804
0x9f5017a8fea97c1f502dbf177f528b2f72b56d47,37028.14439975716
0x5b60eed941aa99bb2d8ee6359872ed64e64280c8,36921.98874061125
0x239219519dfaa3b1d885bcbd0c03494cf37f26fb,36901.47975937424
0x7bc5c9de2dfe90cfe1e01967096915ba8ea1bc53,36879.5013238487
0x7618c038113503d15029a41857e352f43b4dcc6e,36878.47505069551
0x871aae63d49a2e47f2efb922856e6f406f725545,36868.52156748644
0xc1850ef2b8e5c69304c57381583b8553cd87ec5f,36796.620546617254
0xf4ed7b619ac2accad5933961b05e668b42703178,36736.1569284267
0xc64350c0eab6faed8f17cc2cdff0761c53fb4152,36606.09420052713
0xb725d6bd033ab6ecc5fb071687f92a9b3c81bba6,36581.36070376694
0xc8bbfdc2012f8e303dee741ef4eed49b48b45a96,36525.53468435496
0x29c827ce49accf68a1a278c67c9d30c52fbbc348,36504.513131296975
0x57b9394323fc58b724c06722ed299f3c5ce87131,36475.882864962456
0xd75d1b30967d94b105f82f572ae7591cc3c48beb,36471.158619979644
0x797e1dc0738f2f047d7e0dd185e41a35f87c5618,36376.69117876011
0x0e16ac2db2be57888dd653a1921d7e9d8f466cde,36306.41115097061
0x88051b0eea095007d3bef21ab287be961f3d8598,36300.86824383603
0xb7426bfd2abf64428fa82a71b0d44b056ffcc286,36266.35654605954
0xcd909284ea4454b9c4f6c04685940c3968f15113,36149.06545143168
0xd9b20048314d396905a4126e0dd876d67a66b6cd,36132.44514892426
0xdfaa9beebba7e286a95aba425f2197c1b8d83a78,36114.05644727402
0x484df07417882bb6a56da8a8bc57aa2943f06fab,36040.6593216851
0x7e9570fd7b4f1362ab924dfde29096e0b484e009,35995.92784022275
0x07bfddb51e9f93df5a48717b8630cdfc152f7ff9,35936.609574771224
0x7c470ed7a4f211418e0fea1df4a0ae4a0ecb8e6a,35871.21244523465
0x4acfb448c585f6e1e8f2ab2bd415f399bd1b8e09,35838.55754352432
0x0b75abafb0ba585666d034dfd2d9d59136c31672,35680.89635948221
0x77cf10733cdb9d0fc8b894716e03f8a15a4f366d,35679.28109220584
0xcdb4cac89dfa55a00c9f7cbc1e2a6d635514d9ac,35660.75046144209
0x72af4d1d175672d1f99506e68e6e7cff484be4de,35655.09829950578
0xd0a4c8a1a14530c7c9efdad0ba37e8cf4204d230,35621.999716706545
0x5c3713086a38c0dd60885dcaf38ce5de83910a63,35549.410726072514
0x06f171de64205e4dd881c49d57e6e4ada7c37726,35524.828312208745
0x6e229c972d9f69c15bdc7b07f385d2025225e72b,35472.90297331255
0xf050ef6a1356c9e32812f055ef46a6c29bedccc1,35439.68153215042
0x7218b8be2ffb64284a4cd58be8591f69213b728f,35419.531327024815
0x6f4217a5eb2e8de0e4fc0ef9fb73a1428d67a626,35405.761527460585
0xbe7f576c55cb28faafd7471561b95f28c27915f4,35358.67777386987
0x9ab0905b39505d8682b58a57a41c4100e9c62ab6,35338.35134998111
0x7685cd3ddd862b8745b1082a6acb19e14eaa74f3,35196.42309851256
0x05767d9ef41dc40689678ffca0608878fb3de906,35148.44382908841
0xabe4f2d9fd2ae59e1b823681b26b790603bca2be,35137.93287142203
0xc2adda861f89bbb333c90c492cb837741916a225,35061.89612916524
0x9328e200c18fa77916a373ffd7dcbb0872fa6c60,35055.955772250534
0xc4704f13d5e08b27b039d53873e813dd2fad99d9,35033.50111364116
0x9ee128e440b07cf4c9edadfeb8b4fa7417c7c736,34977.8408245013
0x8682fc63dc2525fd2e5ed4e28e207a2fd9f36dab,34935.70888879575
0x488e55180c3a6f43a463155b9d054675a6bc0a04,34861.795007845474
0xf7bf857c76746fc784bd3f1fa2f8933f46faddca,34858.07851019907
0x8b60a18b5bbe732b336d5a1f3229a3d0b7fa1f50,34789.05996042497
0x77ac18058e0f86e7e762202bf9a414e7d77f5bb5,34757.47828637538
0x714437fbf4772558843cb2d742d242408de9ff98,34711.02355671456
0xfad5189030f16789f7a8e6f5c8cdcdaa3ad51e92,34671.24536979617
0x42a59d187a3b9b1b455d082ba852acc1b821e846,34543.05778539086
0x1fdef1f7758c9ac6d9ff01e09ccbd7f04bb69dbb,34535.38136345797
0xcba27c8e7115b4eb50aa14999bc0866674a96ecb,34522.93003936647
0x22def8cf4e481417cb014d9dc64975ba12e3a184,34510.950700586814
0xa32a8ff79a909d1a5084839d6feb8fffb8d6baf7,34475.85317627773
0x20b2ef197302be35c4c08f466a646e5da75a86e3,34455.59149748683
0x3e1ffd340341e9ba13a8c5efaa29976cac9fca9c,34451.20330950127
0x5d95bb70e1d8b7fabc286bbc163642b3c39097a7,34419.062439163325
0x3494bce3af42f4b396df03fec687ec2e4bb66a57,34289.261794629485
0x0928592f80d63d474257a7b797120e301ba2d987,34274.908342385716
0x30567b5febbcbbd495acfca10db7fda5129e4b57,34162.21197562206
0xc485bad349c52d62c2d5bd2cea28895f0baee7f5,34126.86148240589
0xedf1fa564a91a5664f172470c47450af17724757,34063.8327726834
0xdab143548832194c8f2677eba9830e0b453b37c6,34024.4757676567
0x9dea402a5fa8525abf709c314756c10dce86104e,34021.35826593396
0xc979091428a2c29f1f84d5cad767da90b224a513,34004.44544600608
0x40eee540035c2219515571c91bd406ac654423d1,33907.17257794478
0x8a694ef09ccfb2180003c0e542c71c07de583918,33864.7315966389
0xa478c2975ab1ea89e8196811f51a7b7ade33eb11,33749.107029791136
0xd69f1cf59e3c3e79997db295e3bee715f8ac6727,33695.98260416919
0x698ac4c529b2955513f264015d08b5b18fc95100,33493.040879812645
0x8fb9df17cc3f99862f85331b63ff9873d81022c5,33428.682724402424
0x19ea5b1d24f5dadf2c26b0662ac55415cbec12aa,33422.54916114266
0x7d4e22a6abbfe86f730b179d2b934c0981712f45,33413.56276149078
0xdd51121d1efc398b4c09fd0cb84d79ae2c923fc9,33370.640498609726
0x50dfa53bece659481fa89e5b3570f9dde3830cda,33332.27617500654
0x7f4ced8e5c4313de2cac2850b26ae3fbc692b736,33264.46401222896
0x517f451b0a9e1b87dc0ae98a05ee033c3310f046,33256.74933275496
0x18d02326bb38d351cd874a0959aefa8c716893d5,33254.68868750804
0x08866a21550853e5eef6ef40a8daf871b9843fff,33254.03603738836
0x16750a188c55bd7448f2a03f63267533b797007a,33214.934479922435
0xeb018fbd9d2f08e6da7844a73dd32ce4c4f38058,33181.719309197666
0xf322d3c7c1c346254cd4452eb2fbce46f14b7931,33148.23271854527
0x71c1d309dea75c5a2feea55dbee68aac6768c12e,33064.62094339151
0x30a6a6477cb09c2a2bd6a7dd32916e04cc3bba03,33054.61826621415
0x48c0f5e663d682a6450995f210fd1ef8abad7a61,33013.84826688009
0xb6909b960dbbe7392d405429eb2b3649752b4838,33007.52452395626
0xc20d316a821df911595df653d1eb3ef34a000002,33000.71658307819
0x8d2557ea5450b045977c54c85b75e63d256d6853,32992.71955066114
0xed49728e65246d81fa65f832fd5197467abbbc40,32922.33676644827
0x60c68469b0e9130f05ac8ead575bf5d9705c18f9,32914.90951321251
0xb51d5fa154ebddc4519131917466e465ad079a91,32894.052292272965
0xe364992388319410c62eb4595d848c8ceb41172b,32867.801016750615
0x7eb6d3466600b4857eb60a19e0d2115e65aa815e,32866.542165523875
0x56ec3a5c341445767e4115ee53a0089722c1bffb,32864.70179427654
0x06f00544c0bc62e6db10f46d370dfccdc23d8189,32847.06533189227
0xea86f2362a91ad9f725934fe33aa1ab24775fa0a,32828.09813462063
0x52db713d60249e52024dfb54a5b4c32fe0893f54,32804.34151322869
0x593974accc0ec830d8ce24e12f4629f05315c4ba,32742.14099888746
0x428d6648d1cfb93f495e84095b3c4c8217332e1a,32721.01503523258
0x0a603c08f2d18567daf853190cd836de55551dd7,32686.013011479798
0x2ff4123ddee3a17c499136f699fc4aa9f110d5ed,32650.524059414405
0xda275b774a247dfdbfbff91592a4822b8eb9eff3,32641.997935515657
0xed7ef9a9a05a48858a507c080def0405ad1eaa3e,32500.600553181484
0x3dd49f67e9d5bc4c5e6634b3f70bfd9dc1b6bd74,32495.520032452383
0xb56c1c0d9c7a692fcfda8385b9da5384782493aa,32483.513133945602
0xcd8286b48936cdac20518247dbd310ab681a9fbf,32461.25489762062
0x2f00a841fdcefaef562345635d89907f6dc065ad,32381.57634914414
0x5449bd1a97296125252db2d9cf23d5d6e30ca3c1,32378.178609041628
0x83fe4ccff9b72adc0e164e8fccf3fc3a982d04f7,32348.978957393545
0xa0e3f8c77affbe69e94bb0edeff48d002d40b35b,32340.557537273697
0x0e325e6b4f2143a2d875b6d5284a40453400e131,32253.69913354861
0xb9cf5bf7b4d54b43c504e303cec7d609243fcc61,32186.944915279928
0x5a1822f736af7c8d164a4555954c3504bc4fe945,32118.348063876645
0x89e4d042c27210c2cdfc472d3ea4a88d30e4c245,32115.04731839821
0x1241f4a348162d99379a23e73926cf0bfcbf131e,32055.05323298761
0xd9e497bd8f491fe163b42a62c296fb54caea74b7,31967.36995250312
0xdf8ef8a76c33b4f259bb72241a8697e307548c8b,31880.46432235784
0x331399c614ca67dee86733e5a2fba40dbb16827c,31795.19221581543
0x23bff8ca20aac06efdf23cee3b8ae296a30dfd27,31695.404752226426
0xdfcf744c8ae896e8631ba9b9dc717546646f6708,31589.737804436838
0x0a09cdb390d3b6ba9119843a92c14b2428e101bf,31554.099580571452
0x4702abebad5281b53ddc6bf474f271e5b38033f4,31488.43845451309
0x519854dd32b4f34f9a407874b0b69218465972d6,31456.568235706352
0xf421c3f2e695c2d4c0765379ccace8ade4a480d9,31431.20510521157
0x29c830864930c897efa2b9e9851342187b82010e,31411.599925353177
0x707a2c3779fec17de5e8b752becbbd1ec47e684c,31361.62955988796
0x7e5b61d626507debe93da08cabbc417a7a7fe9b0,31299.674429645518
0x7ce04536279a74951c1a0148b5488d8a027a9bf8,31202.132578023793
0xe2e998f6f498cf9acdeda38de77ca95d1d8288f6,31189.948714676662
0x2a8ff49323d42be0af7a1b2f3005b67da55e0c6b,31102.88957103056
0xa0d743506e340b96fc1bb5ef4ad9387bdf4a5fd0,31054.377831687343
0xf9c6289e43f2a37bb00f6ac5c7e92af0a1cf2915,31026.79785128562
0xcae2005e6a3ce4639707ed899c2ee3132d882d22,31011.24433352847
0x167beb5bb21bede7461ef8716f765371e45588db,31000.274930588417
0x407e7cb19353e58217709f2af53ab5c953f7308f,30928.50969366606
0x31503dcb60119a812fee820bb7042752019f2355,30855.72285119231
0x5201ca9898c30fcd3f1e4fd832188ce25ffd2a24,30791.41219860157
0x913e197ab56469be9c6f1f1c84520a2ec8a05ebb,30781.679384408046
0xe3f42753eb7b6f0818f7a7f2150ac78c53c391e9,30721.55498505924
0x9928e4046d7c6513326ccea028cd3e7a91c7590a,30640.070206202934
0xcb22d02a2da420610f12d4d4c8b4e66df0f87740,30630.972624417693
0xfbdbac2d456a3cc2754a626c2fb83c1af25a3a6f,30600.764503269696
0x9eb012bba6b03e95df4785f4896548d69baef7ba,30544.437733731444
0x06435b9bab75b85baaaa75b86b25dcaae2319610,30536.947300531865
0x337b23beb14b61c2574b5c8af79e5e47445ef35f,30321.499108755954
0xffa0424933b448f5381f23b522a1891fc439fb62,30269.200415227562
0xd42e338a6fcf2e343afffd4eca59e8eca64bad39,30158.488811766936
0x08a5a1e2671839dadc25e2e20f9206fd33c88092,30126.834852547458
0xec3f2aeb45cf6f6ca3698489d63a483a2f38b151,30093.293107329562
0x76a5475b0334f2e28d57e7065c79d800a02654bf,30077.780238522602
0xfe0df74636bc25c7f2400f22fe7dae32d39443d2,30037.511274156972
0xc44821a9c3d8835cba6d17f4c4db4133b1d7c382,30014.680986114057
0x80f1c5b8fecdf16efd53dd5832fe0063a5bae0a8,30007.81211238321
0x82ebcd936c9e938704b65027850e42393f8bc4d4,30005.726637765278
0xeba623e4f5c7735427a9ef491ecee082dd4bf6ce,29983.897375015928
0x4c6a4621073e9cfcbcecf000bc2d19fd4c2c25c0,29907.06145294386
0xa24aa74113fe28bb674163920e7d48a9d1878ceb,29899.235402532446
0x9d406c4067a53f65de1a8a9273d55bfea5870a75,29896.45324971776
0x9cd1e0793ced49f5e592d77328967fffc6ea7516,29867.68852477537
0x1622f1bef90233a6993f3bc85759adf5b9d9d7b9,29845.751659176374
0x6bcd2862522c0ab45f4f9fe693e36c791ede0a42,29815.058109018537
0xcc76f26309e5cb9d18e50dd809074bf69c341a41,29810.48688154537
0xea8126fe3949ef575408b742595c5c55403807ff,29785.448650203343
0xaca06d0a4712b1745eb38f32f4b3e09fcd2dfca1,29782.961175915174
0x757e28bee5a7360a7a6a619a098c305bc5c2c750,29657.12678485225
0xb2d13dc767694043773e4b57f95b12971235eb5a,29641.447596167054
0x67324985b5014b36b960273353deb3d96f2f18c2,29592.651986258756
0x482eb5c0e969bddce69c1be4508e6a2223e2028b,29591.292319104374
0x6208e69d3253420d995592c32e2d5a3918f8654f,29500.739284156654
0xe325d860140de5e790339f434ffe070511936649,29496.53058620782
0x3610c0fcfb08ef62f19924017fb4cbfb09db9f6f,29251.481143083434
0x1c934bc86839b5718a1bdf69880de56f65388531,29195.381267899953
0x4d8606b58ed3d50a6044576df48d57e493e784a0,29177.68770216304
0x0b1d8faff1fe1ead5ab05729b0739d758ed26024,29172.591325568177
0xe8b977aa5a9303fa94818441d78575e0f697ae72,29161.00862807864
0x2c19d5905eefac1869ed9280ec5adf6a7b0c36e4,29124.111592304587
0x01c49e7550d670759b2d54cbba3b65ce3a2e39a2,29120.38204750195
0xc6b1555cf6ae2cd695bdc418653ff7b9a3d9aeb1,29075.835333161158
0x6c431fa9aacfbd80271a40e9243837c872d61ffe,29019.03464120404
0x055fb841cce69000fbaff2691ad39fa6e23826a1,28992.417821798685
0x52d235eab5a7a0b8b41b53b96873314ab084d0c1,28873.15322099331
0x54ccc9347c5dc65ed5fbcb837880badfe4f00dfc,28856.78994850773
0xc0f86da573c00db242efd31553b83c03df4afb62,28841.04153825946
0x134dbc7bb96bb9bc3bd269e7b1b6e2c1cd595153,28807.14968346164
0x44fd09ccfcbccae80e23a4a2236b101087d55a18,28794.36851423335
0x81fbbc40cf075fd7de6afce1bc72eda1bb0e13aa,28786.499318204602
0x03d93835f5ce4dd7f0eaab019b33050939c722b1,28768.737401299983
0xed4cb3766090ce8a6b0894ee82ba11ba5c504209,28766.550229093584
0x0e2291246d4f948498b14fc8097eac6542524448,28754.820825021263
0x26aad2da94c59524ac0d93f6d6cbf9071d7086f2,28703.953215548376
0x4798b81fb132b1ce2ae9a1f609c8be0bee8dfe4d,28647.483047779362
0x8290c0cc711695047d95e8240248f35412857e57,28584.918682698284
0xc47c20f194c4dede0fb63fa4e29bcc04b37c778a,28530.97798126415
0x541d846ddfa1efc15ca612bd76e2b595056edc8c,28474.289936128018
0x195c938e41b02857e62de92d14d2e20d642d1239,28384.06851090317
0xbbcd9986304fe340870f4816c614ba0c7a53512e,28330.155877584624
0xc541b5b9718d6df5ce63f77ac1a78ff1a63e49c2,28280.200787356633
0x9e4738c8afda4c1017c7a9410f2f910cc3571a04,28247.955059919994
0xfd4d830abd79148c56bbda553f086c398bb41bf2,28231.250420767938
0xf6048f2a7e1c44012265fab271c8eb89bb74bd4e,28159.82348565285
0x8805451d0f18156f524cb29b9834a0a07f33b5f7,28134.10574798256
0x6147805e1011417b93e5d693424a62a70d09d0e5,28043.16651095224
0x1238ea8f869e370a9257df36d2b75663019277e3,28035.934234413533
0x5ded9d4f98ec80f8c85fb40cbd856ce90ad36692,28035.778766647807
0x60b442ee8b66f3cd2e6bf110dd47acc3679be2af,28025.93352164178
0x93c3a540b2422357be6571a94ce631065871c02d,27998.162576036666
0xede8dd046586d22625ae7ff2708f879ef7bdb8cf,27985.991314975283
0x05f04f112a286c4c551897fb19ed2300272656c8,27981.803389084373
0x1d48fc96200153033476faaefb837e3381e081ce,27975.856026842906
0xcc810f10515c89ef732c304496b09aac48fffd8c,27962.308067538197
0xac8602b95c7f4c661317e60b384279bd77802bed,27948.286541651752
0x678e3d8c5991b6a3d27f68712b3be1d9a180de68,27921.444017660928
0xa89a1cdf5fe93d754b6064b9f761747d03176c54,27912.979149806863
0x8bbb2a138cc553e0512c7f87c342cf4e0502f58a,27839.57009346137
0xc3d82b88845a1b3d1f8b56a1ff6ae4b69f2f3bbd,27781.64762547679
0x20a7d7fe56be8cf271783561afa3dc7d98641e5a,27668.96198431503
0xf81c2b2d948c1acee403f137576d48607d365dbc,27657.111254028066
0x65bed1aee1db0cf54678aed9e93d465a84e0b9ef,27623.093225587378
0x247748c6d88eb7e79fd262d5c87e2fcd87aee99c,27536.25968660639
0xecfbe9b182f6477a93065c1c11271232147838e5,27512.95576158112
0x9753ce4c42c7453b41526342996fe4b716b1af34,27503.673151036335
0x5eafef1f481acd69561ce02c3ef537cba1c5a02d,27480.11911288958
0x1812ef69e1753f908229df40d304a5fbdcd52dd3,27476.268734114692
0x39095bccff01df7f26c743441d324078dde61049,27395.354955562634
0xca8609526dff646034248308fb2a62d663620227,27356.587253549915
0xbede5966840f1df7444616502ac5e32197986b5d,27337.4660572673
0xbe623c749f31a54abfc5691c851ba492271ccd07,27288.71395413219
0x8a633d6744d674c7c4f70020b6dacdd0bae48a32,27250.843786339443
0x4ced7fc553098cb5c23a9d8339bee8175efcb66e,27250.805574418213
0x55b81f41cd14fc6f7acda7aedbb05897efff1096,27235.86495799939
0x1458770554b8918b970444d8b2c02a47f6df99a7,27229.242232248755
0xbbb9bf440d0f686487925fef3b0a0f9aa67753f6,27215.86816860191
0xb76e7fc28e3c78455c61d6c4d630e0f1e121d254,27186.34878376751
0x4bacaaabe3e96959ddf3269d3092d5cea88fefe9,27139.559092110478
0x1dd86410f15924601c49cd8a43a53b3430ebc53e,27060.87546175397
0x6bfc42d89a983df0c8beb3454202d29e7b840c96,27029.575612214263
0xb2146221466f26c3f65dd66e8bf5c57355bb25b4,26955.029055614432
0x366197c62e8c088ecffee95d1e4a3f2d6f233808,26939.804179187202
0x60a84e22d9d2b7fabacc3fdc987688b891acbf49,26884.028933308196
0x176a8bb54956ca2a2a5726a65cf76400007ac6b4,26861.783888652128
0x03494856e127663af7a5226855ec3841d0d0b57e,26833.522245223903
0xe3fe800b0de664bf0bca8ad58ecbc73b259047b0,26828.26298718097
0xbe69eb8ee10b3b51f9cdb4aa0d4c7fe83971a650,26811.57207339835
0x349ee001d80f896f24571616932f54cbd66b18c9,26800.412026809438
0x54e58c986818903d2d86dafe03f5f5e6c2ca6710,26799.453072846216
0x1df4c6e36d61416813b42fe32724ef11e363eddc,26794.18587118285
0x645c3a387b8633df1d4d71ca4b50d27233bcb887,26786.683173244404
0x6c3ed7295061dbac761c87eaa63dd2523de55dd9,26771.545901381065
0xa34f0d0314db32f41e1194816d56d55d1f7ca7b5,26770.53596230699
0x92560c178ce069cc014138ed3c2f5221ba71f58a,26674.414985161147
0x5233c9541b40e5d2c9ee45fc40e351bf8311435e,26662.484527422966
0x3d71021345aed9ffab1efd805e58aec9c857d525,26659.12803558739
0xd2ee16213e487bf174f94fedb2506c587b02d871,26649.223576731016
0x11d7dc948e62c104754844ba1871fda58973adb5,26631.286682411213
0xbd1976064da742da80ee93438cb60e00f8144f68,26541.329204493348
0x3af7a58d54cf014675af2b7ebc222c3166bf5692,26444.75636627624
0xc29305aceff6281cf0def0c7909a4e7d4ecb6b07,26428.077587713968
0x627846f6131a4631ddf6bb53bd682ccf51f623b3,26415.020262301
0xb1c376e3b8c426d0ec6d2ad83e98aee3bac52f7a,26413.948627453043
0x649e681818915271fbf9bfd819490b42254cf78f,26411.683102934247
0x577959c519c24ee6add28ad96d3531bc6878ba34,26396.098213273395
0x357f382d3c45e679d703942059d0706ab7e86cda,26346.04003840015
0x211bf7fb0e1164ce62cd77b07ebd4865799691ad,26298.006766939066
0x03faaf5fef80b7195f20b7fccaea94d39b33a6fb,26238.743453
0xa8d08dc16ba94bbdeddfee3fd4b98f79b0703dc9,26203.374009498395
0x719eba3fb0799e215b6f82872f947418298e395e,26150.326609858002
0xe740acefabacae3e125e9e4d7cecc351226ce831,26137.894100696463
0x7197072408feca1c2d7c6d90f52566baa31bb3e1,26134.22460871386
0x496ab075f43991dd794baf982dc3d9817a49b33a,26117.392164503977
0x11fa2aac28f4e84b2e5b9907580dbf44a1975912,26067.12266126361
0x06e90c38b8e72dc013209b45ddcc257a0b20505d,26038.615011270616
0xd1a8ea818eb7d78de188f13a8676267d1906212c,26035.0074111597
0xcd5a203658c7f86b23b2a124c6d6caca8dd3e76c,26014.98265650189
0x1b794779513e2cc99ed5e120917834693d7e93b7,25969.752789884176
0xa91f80380d9cc9c86eb98d2965a0ded9e2000791,25897.97994048526
0x9386ef760ba52931871298186ab64e71db53ceac,25867.97456687123
0x84d9b06b335c5270a76ddc4bf4674d238a5b5f8a,25865.87122383835
0xab2d2f5bc36620a57ec4bb60d6a7df2a847deab5,25778.460884602133
0xc4d4408713ca0155d6d62ec6db74fceff29fdcb2,25775.96032392206
0x6c5e03b4c4ac8a6a8b42e8d21ce60687ab894340,25752.27562045843
0x99e70a21c72effcd7671b644fbb43776abfe7d95,25745.842884262875
0xafb5557b06787722aa4590fe69d7518cbd444784,25704.46943534605
0x59f7a66a2fbcaf203cee71359b51142238f85b78,25675.559562944738
0x7ef42a0892ccc105a291a0906ca80fa48d3f1835,25668.03105319322
0x42b7b8f8f83fa5cbf0176f8c24ad51ebcd4b5f17,25665.13770399274
0x654363363dabe392bc7f171a168bcf707178c924,25602.161143005702
0xdc2b82bc1106c9c5286e59344896fb0ceb932f53,25580.361660379458
0x68e822fb433c8f86ae7b21dcb54d452dd6885009,25486.718465218582
0x13dab34047ec793d4628bd4c5c0ea47e6d433841,25415.90818102959
0x81aee07f99be78d88881fa6d98feff7555113635,25402.03835203716
0x02b4c86171ce35f89792b2e92867c2453bbe746a,25368.49371153243
0x00916eb312b2982eb86a7714be64546baebc1a5c,25331.54000289579
0x833da014bb0e51aa7760b2675fdeeb671ad5207d,25289.207823911245
0xde93684627d4e34d6ef96adf5bcabf10bbd8dd81,25196.15776682976
0x02873a41686cbefc284f0b537afad8afdbd6648a,25190.098534570025
0x78ab16803d92f6db77ef6d4e92fe139affab78cf,25180.335180689617
0xa2b04f8133fc25887a436812eae384e32a8a84f2,25147.47292591169
0x10d6db8c60b5523f098bbd6bdbc9bbdf3abb0f62,25078.199719474756
0x7a5bef8c4b1d511bc076a416b097eea798247301,25055.109263991053
0xd91c72da93288f00385e3c2ead75623ebedf9272,25024.191135265206
0xa8ef445350d3da2bff5157b71996799423e3d491,24987.44061877083
0xb89b97cb5d0d69d4a4f068aac33298384603c128,24976.783061730966
0xc98762a049a59c5e68f25ce02c126276d2c89785,24859.580567584377
0x2f711da0c49a7fa69523569151b2bc02f608f64f,24854.691355323717
0xee6fcb1414c615f678ab51c0a4338ad2c0f56a1d,24833.402330857454
0x6d57a53a45343187905aad6ad8ed532d105697c1,24828.786634236465
0x14c60366779f528869f97e786fef6612e4dc465b,24792.093184176923
0x7946d8d7aa484df072d5f3bdc6583396ed2e1e15,24774.106093150007
0x59b6bc21c6a53186d0d20b06e19a2d9cfd3faf36,24757.289791378877
0xffa98a091331df4600f87c9164cd27e8a5cd2405,24744.667683914555
0x6c534b998884b825792e4df30373a1ef8e5ec02a,24684.651857489265
0x9c86bc3c72ab97c2234cba8c6c7069009465ae86,24664.598648075866
0x3b725b629b7c547eb9b30f34604bfdd4e958076e,24645.14369909435
0x11c20a3b83ff206e4ab6b5935d766564925b8b2b,24641.669706066856
0xfde056cd062594d16a8b664adc49e230a20ebda6,24635.37913965995
0x8592064903ef23d34e4d5aaaed40abf6d96af186,24632.381048452808
0xdb7bee96cd9af20b134c2a2bf152eed007dc9fce,24632.058187488088
0x54bfd4fa6dde7ce96140728b126af72702e4b354,24613.58483754794
0xceb63a909d95c9222cdf5b08044f5dae72cd036e,24536.730347697427
0x7ce01885a13c652241ae02ea7369ee8d466802eb,24535.498031723087
0xa1c8e660b174cdb47bd67e6b86c2e0626c9029f5,24498.106046505538
0xd16d30d8138bde21359ee6204e82ad8c37475f51,24471.603441836083
0xbf0cff7a31e159b73587724994b47943db771a4b,24409.7861859081
0x1ffc57cada109985ad896a69fbcebd565db4290e,24388.13522272497
0x9c4fe5ffd9a9fc5678cfbd93aa2d4fd684b67c4c,24379.276140270136
0x0338e3a04315824975ad88734444b55c945633db,24363.09865227744
0x7b77b8b215486b46c68bdd79a883623dee980634,24359.14294112836
0xeccfc96eb88bf64a810fb57d24ab7ea2058b710d,24339.53670152981
0xb29148f6ea9f2d78ba9b2d6b30af37afdcc31a9e,24264.914366594632
0xd99cb345535e3a01326aaf86fc140de7a662e26c,24239.892760769773
0x3d7bea399954e12bdfbedda19207df3fa0179c4b,24218.413866133345
0x3fa5db0910afc2a1e6de45039ea217410fb8641d,24207.35129094942
0xb6b55f5ee753ccd98216b79d8cd2ad36430f3a17,24182.289389015285
0xebd754bbbf9b4b6ea9535bd041044e8e5aacc498,24116.614601839115
0x69102ad0c033f0626f8295e648bb67ab760ede7f,24050.37194444654
0xb4d5c87c1f99aa25bf6487c42c3caa47a40b0f4b,24012.26962655963
0x03095c3461489ad71dbcdf54ac02037a7caee136,23959.969125666477
0xa455af07c6fbd19d5fdae55c938376357bb79d53,23933.424641181027
0x82a92430f1eae5724a9c2d6bbc8ac973d76582b4,23922.57152910967
0xa324a33a6bc402de1d81b7a501bdf8ac7bf845ab,23914.99033811966
0xa2375dad211fe6e538d29c98ec526246e38be4ec,23914.323736175
0x3b158e8e181fb57df37016e7f8da7886e35e1dc5,23909.446980823817
0x157dfa656fdf0d18e1ba94075a53600d81cb3a97,23880.89280461009
0xb1608e16609a7ff3ac5b0da49a0539bb0c3c3d9d,23815.807594545826
0x7ce8191f6c4b93af1f343c4ed68085139a62f9b4,23757.675701182874
0x04fa40df33df4c613d3a8e9c19c8adddb6242b6b,23644.030814476948
0x0b0d6c11d26b58cb25f59bd9b14190c8941e58fc,23627.567051139325
0xb1297c381b837efde68c987000f9ff53edd05794,23627.55280621039
0x164fe0239d703379bddde3c80e4d4800a1cd452b,23573.37812125
0xc51a5a005179e9d80aedf9d245fbf1d8a8d5b754,23536.578415160802
0xbcad4e39da72a2dd1f79d2895ff9de851012a233,23485.72380268782
0x9dedf5bb0d5921c057f2e62aa36ce48bca127f7c,23468.895902709304
0xaf2e12f3564d99ee925f5f1f6ea1c4e2d9ed92df,23404.803480102204
0x718c3dcb2d21305566c9be0fac6cdfb78d566e51,23388.69821795038
0x9fbb25300f0be3c35a334470954170c5f0d1e778,23368.092904739355
0x00000002281df347a5c9807fda96747163f60604,23366.684948552338
0x494c8b179f9b3090987b8be6d2644fef2576c3a5,23326.257919476015
0xab659dee3030602c1af8c29d146facd4aed6ec85,23315.981782379127
0x19564b235d68d6b0534d2d89ab7e66def63f83f7,23169.505109440892
0xc246467ab1466f4963ba45c335479b3055e82060,23118.750914726512
0x724d5c9c618a2152e99a45649a3b8cf198321f46,23102.91394284035
0x6bfdacd97be16b758762954786dc8226d4047a31,23056.261178379995
0xcc2bd4f3c00c37adb00864d9a0a8cfef8b6ff56a,23055.218750745593
0xa530300a7e107fb52863beb1cacf32ee0cae119c,23043.451960297112
0x5f0944e0eb92f7dfff7974f8b848b5312c65ac37,23038.03946089406
0x59c38b6775ded821f010dbd30ecabdcf84e04756,23018.432366080535
0xb3014e8171155e90aa2d9ca995db069a89aabe06,22940.27426190839
0x694886528668f2bcbaff8270419ab2f4bd7099f0,22911.159944377327
0x0387f565750e102ffdafb20030293770c5432aab,22906.640557806444
0x09071bd5ea1b26ad3b24be2839e2f8b44331c66d,22892.26911815446
0x547dba0e7ecceb36ac3d53370a227294786a2995,22879.24663374747
0xb4ca200cf037a4fd9dfd7b4b710a17912f86f21a,22875.480952214173
0x364248b2f1f57c5402d244b2d469a35b4c0e9dab,22850.714146774422
0xf7b41b3553346ace7790ef4728b92dd0edbbcf3e,22826.622830000004
0x6cbefa95e42960e579c2a3058c05c6a08e2498e9,22790.792902198915
0x0b1b6d378d1c4aacc885c4c593b38a7a2832ae05,22785.59585081755
0x0105b9b95f63e54650f70125402588ad329d5b00,22770.742025240812
0xcc056d5ce782edd07c942899617e1bdd128f8753,22766.111426858814
0x3c4323f83d91b500b0f52cb19f7086813595f4c9,22754.093692287825
0xaf988aff99d3d0cb870812c325c588d8d8cb7de8,22727.62203837749
0x82b8ee01e63af40bec3cb555795d2a12c495ee23,22702.05818286869
0x134e720043e10d0f36ef3af85209b74265bc54e5,22667.64859584896
0xfe5a76fa2ae73a8b07610ece5ff0702166b1bd4b,22623.12265014417
0x14424eeecbff345b38187d0b8b749e56faa68539,22607.878648868973
0x15f306e3e053803aadd70ef3f867d995d64f8276,22607.872507870325
0x4c1be55d59963db5fa5a58b446ce5bc14176d526,22566.6297515407
0x207e1074858a7e78f17002075739ed2745dbaece,22558.250285561622
0x09920b47ca139152a119fda85db9281b9182a57e,22556.531890458587
0xcede28c51b86988a2e91a4c27e80733e0adbfe7d,22511.74852510959
0x47b216181c2888c02a9ea8414a49abe45ad3b610,22464.004913119483
0x628bb1e83a84cee61c8447e760124680a0867dfe,22442.17096423509
0x4d3a10d4792dd12ececc5f3034c8e264b28485d1,22438.56519558881
0xbe6a94f7db00bb309a7bd16b084b45115b070510,22424.40962552643
0x3ebec0a1b4055c8d1180fce64db2a8c068170880,22412.42696614271
0x9339227db67f747114c929b26b81fe7974436b94,22334.20623514944
0x2b43fe4f41d871fbc75af6e0ce85bce38ff1edc7,22313.469210042054
0x9507f5c18b0178bea743727ff00f1619f97e2bfb,22312.159233237424
0x8661ae7918c0115af9e3691662f605e9c550ddc9,22299.97249120027
0x62bd4cfa5caff370722aae2912b2ba759000d1b7,22228.510544892095
0x4166e4969e91bffc37e3aba144755df6ff386a1e,22201.444548432377
0x2a0330c7e979a4d18e5b0c987b877da24dd37d04,22183.753310651988
0x83e1f6d350fa3194060bf48e4b596d6f64703568,22122.254169538504
0x5ea523e496d049e2ba8b303c8d85c83fb6f285f8,22086.448928722617
0x91cccc079ab873eb97dfacd3c0ac649d23313c96,22085.44984188488
0x9b6b9583f977428a08e263b19af6f82927dc2299,21991.26980456776
0x2a7ae6e345841e0e58ec80e78ccb6491170f92fa,21974.824734913636
0xc01eda0b77f83b11aa905ec0b89393a773405bc5,21953.080350407214
0x59798b6bbfbcb13e5b23d5e6efd4115caf888dbf,21951.85038900464
0x10f0e88b85ca7fb22b0fea6b81d648264ab9c3d5,21918.768978846958
0x84f0fe1b2efde597ee0f5fe50a47582c135381a6,21903.499823090577
0x7e439bfe38105802fa295a25115c42544011427a,21827.943348883466
0x3c0adc3b6432c04846b0020d900bf4781069e469,21806.771130624296
0x52414c8b908e9a75c3c8704b2ae5e39ab7156c05,21799.06959667345
0x5607f6aaea4b980c58736a8319578cb014e13922,21792.876501388335
0x52127470de72e5ef77ca962d23125cbe096e2d81,21788.690462067607
0xc3267d71b8761a9dd9af09f022c2bd35fb637466,21780.088503635394
0x3b73bb82ae97fd78699d92d91d2189b78d7bbc4d,21735.122648978948
0x6832a060135e3005834b6306e34d67093b683c46,21698.714781717532
0x334137f00a80480b3eb961928a740ebc758f9da5,21692.23115237003
0xc23acbb240a02a754870304550edecdc8d4fb01e,21671.68119137199
0x3593e82e590e69f18964f5116b57422df0937888,21655.9788001415
0xd05de71ac425b67175bbd5e59448b9b440a3b22d,21643.375625653953
0xd602abdf11237cdf5d0b124b927a92699080660a,21625.300559783558
0xc5225cb925905caf8788627f46ba6521ebcdc079,21608.743730540606
0xf0085638a236c011caa693a904cb508c4c9a34ab,21600.463568975145
0xf5e4a4480f5e73cfe697384525d6f4a07617ac71,21597.730090452496
0x8d14dd4a87707d38f5f77cc893acd59ecd1e0d74,21562.820947583365
0xcf3f7d858444f78ed16a339fed8c3fd9819ec235,21551.013736880654
0x1ef4dea419b28c6622ea4e7b6e2a4186ff267ac8,21542.406166247234
0x68f673f772cdc29cb78fce4fb9748ddd65ff4805,21540.690422288775
0x755c1a8f71f4210cd7b60b9439451efcbeba33d1,21512.29373958781
0x7ea7124c1a4f637bf91e31f12c20cc160a9f727b,21428.649189413776
0x457c0aaf388d0213bccd34620357f11cb87cc935,21423.767201894607
0x37c7fde50966f36c3c5ff3379f817bf6a8c9745c,21370.08386101532
0x08f68110f1e0ca67c80a24b4bd206675610f445d,21357.239246492685
0x41358b76392bd66942be357a0305b5ce91fd5f1c,21353.99376538015
0xe2680fd7cdbb04e9087a647ad4d023ef6c8fb4e2,21293.313684863817
0xfa1a6d1dd686eb4885562eb9fb0eb71377db397e,21278.892872268174
0xba8080b0b09181e09bca0612b22b9475d8171055,21271.979406142957
0x0000000000821eb77afbba560aa1b0d1d1b5f7f0,21190.678115945757
0x7f8aebab87a784b51421dba5f6d6826690bd3c1f,21187.14643862942
0xf875895b1b69a48ea91398a7466b472ce6f530c8,21174.567603206822
0x515d459555f8c1fcf2791ded819b73b60a80b8e3,21134.862899770433
0x2d5d29df3a81b215c328dbc1b57474aea5e716e1,21125.72256501441
0xef1268721d8e7ad581be2d0df9e5a5197dd804a3,21125.622780557547
0x4f9fc4e0b79c1cbf16e68863ad5e9de6a94a346c,21068.714372296963
0xa96c549fa361181a94c081597171e17d27459dbb,21036.29154116008
0x7b890092f81b337ed68fba266afc7b4c3710a55b,21022.71863787257
0x9d442a1444f36c9a6c3f921dcd06e5d0c20299e3,20999.9570083216
0xf1f85b2c54a2bd284b1cf4141d64fd171bd85539,20968.38678902454
0xb784ced6994c928170b417bbd052a096c6fb17e2,20915.222230685944
0x0a61a26c0dc08f4ed68a00966cc5a0ca60918ea3,20907.619117973794
0x0004cd8474e882278e32e584699090be496f410e,20892.959027215147
0x6463bd6026a2e7bfab5851b62969a92f7cca0eb6,20868.078495770187
0x09848d115e085942e6fa9d85b6b6c73fb0e63cb1,20833.975054690964
0x52976f27e1d02102f0f2865420d620df4545e2fe,20826.855427193157
0xf752004e4b07c1d6fd22ca537b928a8e15b39618,20788.136718104543
0x3b3af0ccad8415155da9431a8afc7822741c72ef,20739.266335459113
0x4fd7dbc4065afb48043aa0656708a9ecc13ecb7d,20730.543830524493
0x9118fcf922dfc5ce09d7570ad470a3635483d59d,20710.803538549826
0x1eb1e3c417fd793b9f7524df9d691b6f84bbd1ba,20705.469252964205
0x96467eae14bf1da07b5fedd07b2a4030b8f1481d,20704.985897342347
0x9392a42abe7e8131e0956de4f8a0413f2a0e52bf,20564.949800064325
0x1c8e5aac219b63a1b1072cfee1d7bba47cd3358f,20550.97160291811
0x14df541119f629c05d020f7c2d9862f0677da7e5,20549.753044540492
0xbffb28b738eabd04da7d83f3e7ed899da6fd9bf1,20542.458152792606
0xbab6cb2ef97e15e782d1bba88c099b8eb9b52d13,20510.015627849873
0x07bf02191566a3d4e19648cc7c8112bbb409aeab,20478.175740870465
0xce5debe9dd76f96bb5fa00eb3cc084d43ec0dbf3,20431.926047147626
0xa75f7c2f025f470355515482bde9efa8153536a8,20430.93375848557
0x104d92ded53086b2980815f78a9143119ad99d34,20385.094551744267
0x9345c3e50f31f18a68c5bd210cce6f2083ec6943,20380.384986243564
0x543842cbfef3b3f5614b2153c28936967218a0e6,20373.663837366003
0x3f93129a61c0c60759a9a871dc683ae58e55209f,20362.36093598303
0x927437962ce067909411eb51ef54c774dfc98318,20320.130923005043
0xcdb64425caee6df0e396c9bc77835226f518a36c,20273.660727633218
0x57aa6bf0ff200aa4f17aecdab02f975b097efff6,20269.417612407633
0x088f914587f7d7aad8760015dd9adf35603b5b0c,20269.149606444622
0x59e7bee6374a3f6ecb33180ece978fd4f2b7cea2,20198.600766991665
0x975c822e26a514e7a1b75be587aefc738a73eee7,20167.471620671207
0xe785f42cc8e47e7c145e4a3d488fcbe5d7b2930d,20161.346843641313
0x85c25825e3d69b0fe8188d7cbf09d40df85a9e41,20161.27684494589
0x68082ecc5bbad8fe77c2cb9d0e3403d9a00ccbc2,20161.092592078414
0x928cb82fdac02f722368d83ce35856be0bc64516,20158.327637628783
0x034ad8aa029248205c39d11e60ba4ae7f2f0dafb,20143.469445009294
0x094a28b22e1b4218d590ea6fa916b3c5e670ba55,20141.228357953885
0xba75fbf7acec7195552d7fd6a1f14752ba44654c,20066.24512735173
0x8a52fe5feef6175f44ce2999bc5e9d5ed3f557fc,20063.609344063847
0xa29fe6ef9592b5d408cca961d0fb9b1faf497d6d,20062.642611383482
0x5890ad82947b1f7f8d3ec91d5e359c933747a965,20028.388837877494
0xa100718b0003d0132b8408103576ba67a6e7d7e5,20011.56465311431
0x2f7c61ca05a53e3b38e808d90f5eddbeace2ec99,20011.502278784435
0x89b35c5522779219a12ecf215b2c074d92519ad0,19990.476917785734
0x3214cb5a424e2823562899db194db4cd79b3b7db,19955.382460458055
0xc105b0e303e33e8f8780397f4403ab6a93b330dd,19938.627716513023
0xe60fba68aa34040a1da64cc661d06920853c16cf,19893.906555651414
0x0bfd2d1acd2b5d1b341bf9ddd248f30433faa8e7,19892.813824108296
0x17a4502ba5f997f19604d0144c02bfa5e0b9f0c0,19879.738472920963
0x590e245f4b927b0f32934d95edc1e619fb204817,19849.468541006914
0xe4dbc727e9cfde043a3512f30780ed3485253d0a,19773.740044455666
0x5f0d8fc6057a959e79f7f79f8dbf12f29f9a9f34,19767.91956743887
0x919b75ff6c4e4e89528641cf13e1d7f45de3ac03,19762.796352030855
0xd87c1ff13e7bfd9c13132b6fcffd6b69e0e08b1f,19760.23629187603
0x8bd1661da98ebdd3bd080f0be4e6d9be8ce9858c,19714.6178871207
0x50bb0b7cff874cc6b3eb9509430fed0b6624fca6,19675.857385282514
0x76538309bf311b96621454236b828d2dc12536f0,19672.84686474919
0xe945683b3462d2603a18bdfbb19261c6a4f03ad1,19644.33094610063
0x000ba527862e5b82cff0f7c66b646af023274aa1,19615.755659879916
0x8a8f6547c8c9f2a181f3a487174430dcaf5bbec6,19561.25997574501
0x8cdf3e88118f9b02deb6971c88b1ef4d220f7ce1,19554.88101362525
0x3861749908400a4f5ec0fe4da7926dc89f66f3ee,19527.937915100763
0xa040832b1e5026da6dc843e6773a9e4d02fff9b1,19483.069043270814
0xe05e653453f733786f2dabae0ffa1e96cfcc4b25,19482.8879118417
0x7d6873f75ec98dc0437f3ab1a5a53fd4c9eb6ca3,19481.71206510942
0x828426194fea12e02f297296fd89a8233b404ccb,19438.956590690315
0x74b667caba0583695817f05c4cd684fb561b3f1d,19435.48596611585
0xe8ff68c1cb11b89c3c92aa22b23a17759fb306e6,19348.839658322402
0xfdc8d2608e737fb7f042866125c8a2e97acaf43d,19335.635000000002
0x038f05e76367aa74f258cc3d77dc837e1c701363,19335.130319977747
0xb6b160ef9883295ee3147eafcd47c3df1e463b8a,19321.246524543098
0x49526901fbba7601b0cecc826e64668dbe91eb0c,19308.33655987861
0xbf6aced8fe4477622a7f0cba6810adb711a1c9b5,19305.316225299484
0xf26630d136b9ecaea05a7caec544a4c7e3d85e53,19251.064445
0x478893fcbfffc3283fece2a216229e1c34093980,19214.950220825813
0xbd1c8583b2ebda6740faa4194717d7b59c2c210c,19212.889315998746
0x8e40fc101cc88b94744f1716a0a46e64929ef757,19196.99558197475
0xaddd24a001243e6d446ed8d088c82aeff84073a3,19187.83790420113
0x216fb666dd61600e74f7b2ca25a38aa99db1a4e9,19167.124820326593
0x325365ed8275f6a74cac98917b7f6face8da533b,19044.232649096488
0xff58711683be66dad6e0e20e0043af46fc7f5f49,19036.48709896883
0xea4ba4ce14fdd287f380b55419b1c5b6c3f22ab6,19026.965998022075
0x95dbb3c7546f22bce375900abfdd64a4e5bd73d6,19017.10489311407
0x6dca2b22bbc79a9c1424840d06f252ada5fa2324,18999.944093364786
0xb42eede6ad429b38da26817aeb163f216e34b7f8,18999.937539490806
0x151ccb92bc1ed5c6d0f9adb5cec4763ceb66ac7f,18994.076298346437
0x02a5fa50069f5cfcc20191bfbd788c973e432f8c,18980.7945868597
0xf05ae7c840e44edc02ad56c9a99d9d8e38b32dfc,18980.656789741726
0x2621cc0b3f3c079c1db0e80794aa24976f0b9e3c,18969.5378100186
0xdafd66636e2561b0284edde37e42d192f2844d40,18964.500516513308
0x827cbdb8e721ceabb49b68ac3092f52abe0ca5b5,18933.14638511876
0xabd02c71c67273c9783b6d8ea9035beb93bdc087,18851.748030537066
0xb67e871f8029771774f8ed418dbb8cf910fb4dc7,18839.971325305312
0x42aff60d0b880af15c3f8d94072a15b109fd5787,18838.8487
0x9ebc2a125b1daf3b8a56cb52fa81f89a199e2b38,18805.664148501397
0x055475920a8c93cffb64d039a8205f7acc7722d3,18802.980499887795
0xa295c1301e063728d733f9fb2155448fff9c70b7,18802.162826476862
0x4a3ae40f18f37000d111c568586110e8beb4e2aa,18750.11846881558
0xa344855388c9f2760e998eb2207b58de6e7d0360,18721.23982722982
0x44be7cc9ebd9451f78c3a415a5efd09c3f406a77,18707.381861377424
0x7f7ff8f22a902bb9b0aef07c6cb41d91a47e18e1,18685.217365763438
0x29a9777da2bacd8c4a28b6fd8247c4ca4f098f12,18654.558143245184
0x3c30d38ec285bbb5d7e805e140b5ca75509ce213,18653.147167721014
0x5f0b233671153ce0c1c1ab713a0bb077cf323071,18652.17604587755
0xb204172d8e5f9de7a9f4e532f3547e5bac154457,18634.75942429424
0xeb7b5294c79b0369315ed7fe76b52d3108b0a62d,18632.889541328535
0xa04d0e36117c84c94f1ae1d786bbf1b61ecbca02,18611.435671472027
0xbbe78a14bdabd0f5a6c97dac5abc41c904f6bfb7,18604.49806764186
0xfc8c2b42de1c1545eb8dd4dcda15adb874f43ecf,18595.64942757208
0xa14afc841a2742cbd52587b705f00f322309580e,18585.367550941635
0xf963ce68b816e9364b579cd2d60bfea1d02e5c37,18583.592829165933
0xe99191b4a562ccb416ea8e00085e13105cf80639,18581.14801474234
0xde3ece255e1d830cc4c92fcb93fd8b3391dbc7ca,18566.067492839367
0xbdfe8ec6eee6e88e1089031a152f9c7046a722d8,18564.279405076395
0x9f39143d561d853076a5845077f4e0c432a24b16,18545.462017241432
0x841bb1966c1d1b80634111691471c667e4c2bfe4,18516.124844191156
0xe900aa6639427128799bd8fe6dde9c29e8525922,18499.940337611657
0x45f4d60405b797a2b0e5ea581fe6ea445cb46b8f,18496.704418054785
0x44b855789a56ff9db6b053a3595b792f54e82185,18446.737346874335
0x753a90ae2fa03d31487141bf54bd853b27f7bcf5,18446.317657752337
0x035ac147e1e34bb70ed104d9992f48fc73c9c786,18421.795517773204
0xc11a345948b6e5fabf5da3cfaf7585864fff851d,18371.766436525584
0xdfe1b380c8f8d2187475e694ad2b69bf68f6d9db,18367.176966879724
0x17b7c69d264dd364969dba945e43e8fc172ab9d3,18360.354942371345
0xfe8f0fbf790033ec867444cd26b9d12931916e31,18298.6441849827
0x381fe4eb128db1621647ca00965da3f9e09f4fac,18286.094917758906
0x8a69598b47ad5f47731dfeeb7718859a663bdbea,18281.321993812697
0xf5ef67632cd2256d939702a126fe2c047d0a07bf,18274.975047209427
0xe12644b23aaa654eadc72050641d0ff8d2f32d52,18258.502837371376
0xfad57d2039c21811c8f2b5d5b65308aa99d31559,18252.229605945515
0xed324eb00b96f758c818e814ba5ee5e267aeede2,18231.60532290003
0xa7f11e026a0af768d285360a855f2bded3047530,18209.86185018905
0x141aae4c91b8e66e98effa7768af8c57108f107f,18205.296994367593
0xfbe3cc00f3c738e2139b9af930febf1f1f66aeec,18176.465361726325
0x48e313460dd00100e22230e56e0a87b394066844,18150.53496224099
0xb5f790a03b7559312d9e738df5056a4b4c8459f4,18108.917494863526
0xc3a6f2a86bfec162b760571a09a12719cc6e8507,18100.207229458527
0x5cc510a269876e96fb23a24e45d0793c04456575,18055.433218322643
0xf4842dded96eb770bae8470ac84c24d807f88eab,18029.196186623572
0xd1ea6ad69d942e0c4a9f0de668116114b7d6f7bb,18022.257879587254
0xbb5c29c79c87e64a2adf8d880f1afa5dee566b03,18021.192787620348
0x7937619a9bd1234a303e4fe752b8d4f37d40e20c,18013.280374789905
0x4d3138931437dcc356ca511ac812e14ba8199fd6,17979.14326082107
0x95d438c593f16d4e0ea0877373c457dc660e17d7,17952.18232453049
0xeb811658336bb3669acb735fc6e1ac7572f648e8,17948.209197347856
0x42bf7367d96afeeecdb6209c8a6573ce6d55b511,17940.554359410333
0xd3e9895230e8fb1460852f6cda3c4b926fbc29d8,17940.24527220546
0x1f025b17819fe119dd59a83f07b7ac8d40c33117,17923.77008500664
0x56d7cdce88b3463352b4378f0609972d7a477c20,17889.967369954193
0x2ec2504120ed62e2ea628f3c7106fca5813abcf4,17889.446047750425
0xb27c7b131cf4915bec6c4bc1ce2f33f9ee434b9f,17873.497186060787
0xf51648233bb51fffe2bed4be89fcff4ea1fc9ac4,17848.45116768819
0xca8b0a9d4fc52352a9c024699eb5008df9193f7f,17847.264464215987
0xa87de12ea019b7b55772bbffc0d9a844f7327ef9,17841.353752600942
0x8d64c8eece0ef8deccd2a95d2f6e77bb65d2495c,17831.96746570286
0xa11c29e8b7b0eabffd72b2096b531e8456bad46c,17810.146851567908
0x3944765dcd3542bc3624b1ccc5b4b5110d48edbb,17802.367536799746
0x66a9893cc07d91d95644aedd05d03f95e1dba8af,17789.864120484384
0xb13b6ca1322bc94a57bcd02df4dbff779c6d724d,17758.8576366712
0x9b897fc62a76bcca09caf21844461fca118a2e11,17724.538577553754
0x75a63a58bcd7ddf799462fb50264974c5c6239cb,17723.34142047426
0xfe4ec8f377be9e1e95a49d4e0d20f52d07b1ff0d,17720.999674705618
0x79258ee0f881890eb5d2aa8f4c7434d36fdc09e0,17718.22823730632
0x4c54ff7f1c424ff5487a32aad0b48b19cbaf087f,17689.97003392219
0x00c6a247a868dee7e84d16eba22d1ab903108a44,17650.56872013607
0x2d8e6b5120d229fae38ad2a499866d897742f20f,17642.536747528902
0xc7cbff2a23d0926604f9352f65596e65729b8a17,17613.239237546917
0xb473c2606f7ac371518b13d2d097c34c38ca33d5,17605.303565106307
0x803fc05552868c40336482dfdda36c2e13e6d5d6,17587.36301518296
0x86e69d1ae728c9cd229f07bbf34e01bf27258354,17581.360345415604
0x0149ebe930260ccfdaaa8e3081b4c39446b6f491,17579.39387368819
0x1976bf5cc90bac01e3ae21a6e5971a393638bcfa,17568.82833086572
0x71ce93cfee67bb1d17f7449ab237b731e758a90b,17514.13823421675
0xa0ab8713b5832c63af478f4051eed12fbff6230c,17510.14287771245
0x53083958a947c48cf416da84f7e922b56d6aca19,17495.667250576353
0xb38cc8c5f6eebc03a38515e2aad580e0b80d67ea,17491.61936666705
0x08c83e68298d523be2b1a77ccd05e3eebbbc4a14,17486.251174166104
0xba2973a600c02c72e6d265a01c7bf7c175c6a6c5,17485.647263123166
0x403b1b747b1efb309070436c9ac99bf476f299ea,17458.222759802993
0x132bc4ea9e5282889fdcfe7bc7a91ea901a686d6,17436.916969196416
0x0bfcf91f30e0ed718f9be3ea1da6b31c144f49d1,17232.9430354876
0xc39e83fe4e412a885c0577c08eb53bdb6548004a,17216.05076793047
0x6613d85c1108be10ccd327b453a8735014fbc0d8,17211.78305380649
0xff62388c39f4a5c4d58b0e5b7f07438e59a0cf8f,17182.003157503605
0x140fb81c0f028650d7c77071dd004a6a7ef6e1b2,17171.478670797427
0x456fb056a8d118300b624d3aee3864e685ae086c,17142.765086521093
0x9a834b70c07c81a9fcd6f22e842bf002fbffbe4d,17127.96024915128
0x17a15562ebc9dab87bc59e35a79bdeb555f8fa8e,17105.44819996281
0xb98740764d84ff6a56abf2d64803165f37759ac7,17088.42878677986
0x1c98562a2fab5af19d8fb3291a36ac3c618835d9,17078.41433993236
0x49ea7ba3c8962800de8ad9a7a3dd706191764857,17074.080054995673
0x8d308e01f0401345996552dc391e44c4f3ce8754,17057.852355333307
0x5a90cc31652e68df288fab4a0c0f39d7c069fef7,17040.762636821295
0x26ce49c08ee71aff0c43db8f8b9bea950b6cdc67,17025.0265247744
0x831bf48183b999fde45294b14b55199072f0801b,17023.998435940633
0x68ed79b6b50b1a5bd1ffd64144f36295c95f06ee,17022.37546900141
0x6447c56e873162696d990c852302fa306cdec308,17021.334210867197
0x85aa97537837514a9229fcaeb66eeef7242122bf,16945.248244424598
0x359d4e44a534b24fa6874b283921fd5b824845e5,16941.47382768487
0x0fe849dce51ba6ed50afe57d336beb32ca993cd9,16933.34110419221
0x9907b243996faafdf6235e03e075122c05247669,16928.600016128086
0xf0d1109e723cb06e400e2e57d0b6c7c32bedf61a,16923.93588297111
0xca49560ab0a1995f72605eb2ac78ad88d28f67fe,16910.220835128952
0xe03e5f8ff282843c59ff91f5b6cedcc9742a9c40,16901.696793450636
0x03296fdd8bf8e0f9def07fac3466b256fc8720b0,16848.156165829452
0x5a334dec0dfca57a57d593759461987f13c621aa,16843.482621579144
0x3d5abc33898d27e7cae5ec56a0200c083b577421,16781.213207999997
0x47e466a1640f9c0a36dffc6830954db4c4a414e1,16753.62106168364
0x81ad5fa3035410677bd67809022d102813e8a8c1,16749.68607958112
0x4471b6a08e35b9b9683bd7a5cf31b6f3031419c2,16737.494824767033
0xc2f6e00ea6cc7f0ed9e9abbbcd09fa346e5c1bfe,16715.332953946352
0x7d3f3d8444eebe7d2f706ef0fd664b5d90daf394,16693.501
0x6a7047d077f72cd59927a80f1433f9a12575fea9,16682.242433252963
0x92926b403cb81f5c4c16535cd44543994268fa6b,16650.944045111803
0xa3f558aebaecaf0e11ca4b2199cc5ed341edfd74,16645.558936771024
0x1c0072d798c0c00fdccdad70b87ed9b2e0aed2f8,16624.83690645464
0x393cfd34c2361d92f5fc7c69bc85590ed3d66012,16613.25805802514
0xa305f3aad48e285c002a2dbadbbba58fea10ad45,16590.7395296718
0x607da15b2dbf376148a06de9afe53f6bdb7f4072,16589.705238595358
0xf6f264a709cc9855cd092e96e327d4934b6a9c38,16587.263630796628
0x09b1ceb4b854cc1cef2598d05a3eb21aed80a257,16520.9196500651
0x151ab90f9eee0f0d839c0e513e4c54145ef3096f,16518.676323993233
0xa1b3135ad0442a970015edca34b9a9c83c668b7f,16517.12713739095
0x37adba2aaf44b44d0f86bb937fa653c68e2f5729,16513.594090329058
0x9359c87b38dd25192c5f2b07b351ac91c90e6ca7,16491.727240285254
0xb21e54e79e32b7ed14dc5e0e86a10c50b5d55fcc,16480.150300855123
0xc6bf1b87ef0052abf5cb0914868b6ceaea9d5a3e,16473.35594708121
0x17de1f04961717ec917883d8494ce0617b012711,16446.34456676738
0xe81bc9810d09c06d9fed992f9c3922f3557edb1a,16422.40957985405
0x0bb9d12fcdb339e0f212b357fd38005427302a2e,16416.753610551794
0x1ffec7119e315b15852557f654ae0052f76e6ae1,16404.777090798776
0x147482a271deedc86033d7b11144c1e6a2047a6a,16389.895264991414
0x006ee12070510dbc1586113c4b3ac7a867fd6cb5,16324.461278107437
0x0000000000450702bc4f750fd1e7ecad7054c4f1,16303.66197603572
0x309e4214c40e2e9ae4374d14f436213cf281f28c,16293.025011392647
0xd81e56f6580c658d1820f1c947c11aa3d893a585,16291.26854721066
0x5c9c6f39ce25cc6d0f39410f890933a1476fb1b0,16284.031790237283
0x732d057d5b984d5eb7b5c035c960a21b53a68ee1,16281.980598586913
0x489cebe6cd5dc5dcb7047a1f0d4f358a5d2fb295,16249.057375050896
0x931eada8660b7be954eec2ac6d992aec08bcde88,16246.993645338802
0xacbf3c973eeec20c573ec930ce31198afb4ad0d5,16230.429132652329
0xb4019f96bfa3a90e3cfe6b15743837d244a62f5f,16214.973274024604
0x30e7e1989cf774726dd9f4780cab42d5558003e6,16211.953667579746
0x4bec87cb126de6c1f8b410e32d1f4ae472fdd83b,16210.9450828013
0x122c12fcab68cb8cd96615c636ac44999ba90f2b,16186.155282979293
0xc1f5a0ccbdd8e9ec26dbf2851e3e8dbe64895428,16143.814807216084
0xcbe856765eeec3fdc505ddebf9dc612da995e593,16119.851163189755
0x01388f9242964e2aaadef6379eb92276acb5520e,16100.346958270755
0xa769574551cecddd396666a3d3077bd6d6767c32,16093.330859372842
0x12894df614f85ec69da432a2d4651d2fcc869a66,16057.764788916928
0xbf422c4cf53116a22663ac3de5463ab419f8e276,16041.763356646843
0x56b9f76ae3c872818f9250a700a2626240ae0169,16037.415780285235
0x699b8e3719635117220e4d1d772762739c7d01d9,16035.132670341203
0xcd83055557536eff25fd0eafbc56e74a1b4260b3,16027.729982866125
0x812b32159c661036fd02560c0b2103a5951a3baa,16016.15435994309
0x584cd325b4ab678200179cddef4eca007e1d6de2,15999.210401758452
0xfc71c763d7c7d2b6b046d0bfe4bd3d927cc5340c,15997.948937903599
0x127cadea890813125ca083280ab921d2220558c2,15971.833316163202
0x0b2b9c6b852c97422eb1b29e5a46b9fde19d009f,15940.011267339234
0x646946f0518c6ba27f1b2c6b4387ec6035bc42e3,15914.893791569943
0xbcc489a50f0e2f09aec2d6f33ffe950cb6c39295,15909.157605528773
0xbbcf4e3279ddcf34cdeafe68c2876a4676241824,15904.620879966536
0x17719ebb8b6a924b3664415b6ab1bb7a2691a71c,15855.968743269446
0x07b1c12be0d62fe548a2b4b025ab7a5ca8def21e,15838.333475011776
0xd0f6ca5683c2b21069dcd64537acb23120de886d,15765.482343330157
0x75ff3764d96273a959c28003cfe6c8a010a38c23,15735.798913866769
0x1945bbfe3d3238262979cee9cc090d3c0bdebadd,15726.594944211174
0xaa6f337f16e6658d9c9599c967d3126051b6c726,15719.819649445571
0x2837809fd68e4a4104af76bbec5b622b6146b2cb,15693.850882550085
0x87febfb3ac5791034fd5ef1a615e9d9627c2665d,15678.60886804154
0x76acabcadb7999a481157e024fcc56b43effa3a9,15672.47913079063
0xa109209a2380fd4454b0364c4689f6de18ad18cc,15667.38634187439
0x4cb4421c4a3409556ac94d92f53a7150109c6fb6,15642.16657114953
0xc57ee4e6f1cf5304bf66c090feb0c0cecf492c73,15637.46289439391
0x284651847c4b630d17a69a10af00871c6fbaceee,15632.90192398438
0xbaa1da7f4a6d467a9e15016bcfe5cd0ff52c5f47,15614.055989330825
0xb975debd497c1cc6cdcb9f4246ef4903e842671f,15600.675222088992
0xb2262c81860a40ee442b505d21e8370450c6ba8e,15580.70415231241
0x549c8865a97c8307c4ccb937a8cad48b5c50615a,15566.735739341979
0x79b7bef14533340cb2ae7d543d7e46a0a64646f1,15565.034639516864
0xac2c28ae6cbdf61971720b614a80cc31e04fa278,15528.815503527469
0x7497d67616d5be92537321f40c80275252394c4f,15485.314615296964
0x3e8468f66d30fc99f745481d4b383f89861702c6,15477.690544516661
0x13dc0a39dc00f394e030b97b0b569dedbe634c0d,15429.806871169041
0xecd001449ef4aa7e99c430677594a54352e6cec5,15376.344184481786
0x1a7b7728d97926ea2314f78edac3bd031edcdfc8,15319.919216158907
0xe9c19c79a2fa039ad2df054f8f3230b8d6aca8d7,15316.030566490652
0x3ddbbfd2cf0120f6e98ea0d44aed3475c385f0e9,15299.235602592444
0x35fa1ac87b9bc3baf1ca6f0ce5f8aa560c63336b,15291.243368064936
0xc558f600b34a5f69dd2f0d06cb8a88d829b7420a,15274.542280659669
0xba261079e56cfa533604e070e784ea3b03ff7ebf,15273.710348657649
0x97cb076e3b4976bbd20bd7b5b6fb7756b7a901bd,15251.654786394358
0x1da92f6a396eeb104ad13743486b450bd8b96e62,15234.191266135347
0x6f6530ae15483bca8332c9c053ba8fef03cc5902,15217.160928334903
0x61001f79cd34d6a110b041b842a2e6c1b29694eb,15179.481806773167
0x77843ea21a4cc006766bba8bdefd934cbea20f4a,15175.627230747306
0x0b872deba9b2b343b1fe2eaf5d4a4563bf65102d,15154.373878581584
0x1cc05337fe9bca4fc5d569cfd56df31ceabc2bcb,15138.92040802535
0x43a4fbb71025fa2c3073a58fee6de69da33b3aa8,15119.965543969804
0x5ae7870aca919d51af696dc46999b52dabd71ede,15119.04863705678
0xef9c31d8b2c15b70ba85f01748a5389e6f523130,15116.099730708833
0x7f76a06e8485bb5a12c0e2632dd5c365ecf3e6da,15101.659010207492
0x54f85b7672e830e2ad9d5563ed38ab4b5ae3a034,15066.56244457329
0xb519c6929c159a580bb3fad0546a9cfc7e00e969,15040.729018919277
0xdee582d15ece3dd88a62d205e552914e0fc133fa,15035.375562578194
0xbba6676bc29995d0a1e2bb1a7af26b2b3c6abc7f,15004.924363533952
0x60fe0cb68212f489b0f4799c402da9266410eaf3,14952.178050791983
0x97524f602706cdb64f9dfa71909ace06e98200b6,14950.2940401551
0xeae7ba4adf7987fda8bb1a26bcd0e8abe0f922af,14931.15778577616
0x3e253ae716ebf5047d6deee8f2607121cea08482,14919.045601056074
0xc684b5041529343d3e230bb0ca788a4f6899f927,14916.539938644899
0xee4ea67a8c4b78cef986811d1991c4e291bfe5b4,14908.926857416864
0x4a2b4f76ab77c7ee3820f16967741209d0a8779e,14905.647044648216
0x1b33c503e0243cc2f802aada2539cd27bb1dc1e9,14901.424508455775
0x375876d8922bd7edaa249648124c4a34bc528d99,14900.474827717657
0x6eb95848e9b3e0f98ccf8e1b17c37788e0532846,14880.555757652897
0x6fd40f5bdde9b9f7281040604ae8ac70eb110925,14869.856034353892
0xbb0eccb680ff8b2cbbb239b200cc6f9927b4aacb,14865.412362344458
0xac9fbdbe486f8023606b932a747bc476011b5071,14857.327374208337
0xeca3cf2bdde6636f38ea74123bee2e950cc57abb,14849.056682465029
0xc56eeff49885fbd559475a9638050cb9af3daf9d,14845.376851370618
0x5e29840500773d0c36ec69e42208a99753abf2c6,14824.253244902482
0x62b7facf2365579f5e598e3b86d9e7e485674e7a,14823.047794081223
0x2eb32097e6e233916b29bc8e7d0cd142aa804d76,14817.67174360582
0x1002d483fe780f8dd15650adbce5555087bd67cb,14806.232165917963
0xd280ad40e0375ac5dd61c061aab0e5fdccfaf518,14803.903245225505
0x6d2a35e903f95a8aca302de7688d12e26f1a08d8,14803.62064458601
0x2d59ee493f986a92badeca745b39e2838c5eadf5,14759.822130124761
0x843a4e193f4a051309ad66a03b740e67872cf742,14756.213595843072
0xabd9c284116b2e757e3d4f6e36c5050aead24e0c,14753.511995400188
0xde06c18de7afa5c3530b2c26611a22d9c935a715,14752.583878211166
0xf365fd104ba2dcbe8e01d50ffa4705fced72f087,14750.4656409632
0x8d02988296949cd054623802c1115973a9afe307,14748.971626283646
0x510100d5143e011db24e2aa38abe85d73d5b2177,14739.923948949392
0xcb679155d2ae69a6c39cff0588b6145188202e3c,14719.794038350065
0x6ad4937289d5d01bf32bc185001a739a2501d171,14701.096340356611
0x182dd16d5596b2e635216a9bda25b3d6e9d50518,14679.574525310622
0x00da578acb3381f48f187374cda78d6824676f27,14678.453312713822
0x4fcb66aaf5fa37109f64968c215e9bb08dde307b,14673.793982739611
0x14d725edb1299ff560d96f42462f0234b65b00af,14664.92716163336
0xe773847c7458c642d00ed339d44310a231ce5127,14660.563981137795
0x4b9d0663acb7a774c327b679d423993c2a11a263,14608.243891363347
0xf898fa1e656ea5ef7b68735d707799ddc45cfe61,14607.56990139477
0xcf4236db746dbc1855a4d095aaf58da9b030491e,14590.211253995429
0xde99ddf192483147056dcc0023daa273b2e44e07,14539.676430686974
0x84b4d9956ec622edfd6e8b0c7512c235c80ab08f,14539.48844344133
0xb6aa7e019fd64cc91df6bca9adec99e154000004,14513.29287130943
0x3827f0e43bb7d52a2ddd40eb8812180394a21b0d,14506.211266152088
0xc814faacd12f808399c6188b72793562b8686c1c,14504.108318019602
0xa5b05ccca6a2a7276a774e48cdd7d361befabe89,14485.349736439248
0xd5b256cfaca16986b513bcb5a5b4ddf4c2f27de6,14473.263340865242
0xb02045ad2ca16e8f4675088140e369260bb280c8,14456.792984851969
0x971605faa707ca8e5bed4c724fe5b4532028baa6,14439.939421773523
0xf06b2b0e86745c1b1f00c80b7919468faae004a1,14438.254056809157
0xfdda5bf646e35e9eec6898d4c949100f70514596,14434.342377822632
0xbfa9d59233cc00adca51b1a9f3c371d811a5b0e1,14418.77106462516
0x15dd459bbf3ee716a865da10c221317f58538168,14344.566421957312
0x255b036da38b74af74749beab90102b48db4dfce,14339.14908673572
0xb55436e3f0e4a80b5f1f4d3a7589f45ddbe44be7,14334.232277793026
0xa5f0cf205af1f5b02c00ba7ab834824c01855b54,14322.70665382785
0xe9eaf7edfcd68a8174a60e61abb680ca8dfd8db2,14319.986557728424
0xda976f3766e032d1a51e0064147f911c1b9dbc4c,14319.118695605419
0x0026040bcab8c8e352e2ec3f66e4c4b8ca4658b2,14318.310586226482
0x3128f8612d14ff2779769ac861d744404c858a56,14282.466137469537
0x41fe15e521215a65caa2af254c9abd90d9e831a3,14263.87171
0x7b62ed405f0a2f78e9bbcac77d7f4e0fd3c0a160,14261.750573783032
0x635ce3e57971eb56e2bd96e66dee2162fbfaf0e5,14250.472991404578
0x66dd1acc5da42502ddd469277aed509d1de22b69,14250.360236444503
0xa9bd0114d2c18420e22c8047b4937fa804660e94,14226.92661343874
0x172c868c77ba62f2d7e1e8f4dae904fb12d09d11,14226.690766752034
0xd90a5839724bab531b22cb8086b431615b000003,14216.09803699639
0xa0416c77dea1d88a8b03e7aa7459705e7b6088de,14207.470441200821
0x62979dff3b5eb032ecba1a5934d1fd4367bb695c,14192.25345634305
0x9e80dec5ed26df4e4793ccd7f8bba84461c99538,14161.478851838625
0x422ad1293bbddc1b1465781e28530ff78119dc38,14141.07248908604
0x2e66370a15a278502efa86ad87dceafcbc17c428,14140.663211163961
0x7bd14d4230cca852e40d45537f58988314cfcbf1,14113.862656286776
0xd1d5a4c0ea98971894772dcd6d2f1dc71083c44e,14093.594944903974
0x0de99dd8bf4c58c8f00feac4448b5893947710b8,14077.528961663036
0x7924a818013f39cf800f5589ff1f1f0def54f31f,14069.560031830615
0xad31ff64f5db3def8166daece0b3e41d0dcce76c,14069.299280053712
0x5d33ed3823fc9d763e6876828acc3521f9360cde,14066.804478063586
0x0c17cb8bb2b24e6c791558ea1a1a4d352f662dd1,14060.937970848754
0x3d3e63fc33a7192a77104fe8189478870d81d753,14043.588085453208
0x246fe690cbf7e39d507f5e78dcbf9d513e4db127,14012.66375179746
0x11cb9e028b82eee75443fdc27929b9c49736c552,13999.695546344958
0x85795ba2ce7145146847194a30e9fdf3cf0d560e,13979.776063195011
0xd08a0cc01dfb5c6a61c172c91f558da5e989c449,13962.086517372256
0x42a5647f76cf83547768dde51455962f01f95941,13946.243470760328
0xb5c0facac044d5208ea4c62efcdf1c5a01730b50,13923.981000596132
0xb98606890061665afaf1c7f4eb86f24d0d62a674,13918.470450503652
0xbdcc910467f797e183912dcd0391488739ca3db0,13902.636533161343
0xaf9060d26826964c1b9329582e23b4adbf7679e3,13876.167537826765
0xdcb1e4e74adf2c81d0c680c5ca33cf7acac53b84,13859.765630132588
0x215e80ba2da597b0db75a15d4779394e34efa9b0,13851.810877409902
0xa1353e936fea51c29ae0f99a2f650b78e38db377,13827.233976388441
0x6d421d1c905270ee48496cd7238d58e7d7b18798,13814.227432215854
0x8e0edfd6d15f858adbb41677b82ab64797d5afc0,13805.647944875114
0x4a97b4da0d43e1d36952e239cfda8922e8643931,13782.644242853585
0xa68d28794f85f8518a412ba5eb9e944a12c9ae3d,13776.325284440109
0x3cc5c75d56a8885412708362634bd5c10898d65a,13758.07337942293
0xea9b00b169dda4cbc9fa0a64b0d1e4a6a23a3f34,13752.478812180047
0xc91ef786fbf6d62858262c82c63de45085dea659,13739.415452176925
0xb3d994978d2bc50d2ce74c45fcd923e7c9c06730,13692.91297567232
0x33f962243ee7783ccae9f06b42b2380a26d03291,13677.065553088389
0xc9b0831a0db5f6a74b6cf9199b910bdf9e0b63ac,13671.510815270034
0xc451b1192d4ef75043f03544a6f15a85b7a66b89,13606.754685948
0x85cb0bab616fe88a89a35080516a8928f38b518b,13603.660204102129
0x93dbcd73b352b1556d8eed29a84762be08f39413,13600.889931628231
0x7572b15e72db4b41fb08d06a4dc91459755a1191,13587.754529840713
0xb8bdd083c4a9e7adb8b32085a8e68ea08a748714,13584.940221581575
0x4e57f830b0b4a82321071ead6ffd1df1575a16e2,13538.893782859861
0xb87b65dacc6171b3ca8c4a934601d0fcb6c61049,13526.545386443804
0x2e4263930a0964ed8eb6d905fea860119dbcd70b,13525.358296923589
0xc321ef2f08aea3b004045e82bbd40d8484b4dd33,13508.677261482599
0x9f4806ea33ea88fbd10e66bbf6b559203ed694f2,13494.95515116354
0x4714ec079ad509bc597d46d3d3a3f1f65b692e8c,13484.151321374753
0x3cbc47e9e92abc758a933b00a7df5082ef4bed46,13483.603022905854
0x2412fb701b66a5c5630df513c6a8e9b1a742abe1,13471.83739099915
0x6c32b4cce17da2fed7b6f2c408ff48b609a62b38,13466.544983193056
0xb6b6273b413c23ee78e79deab07606c5aac0f74b,13452.452860531692
0xffce67ff3460eefee418a639b8642a28c4ed989d,13444.734034839492
0xc05bdd0c4b0d37b84207522bcc998eedc9deecee,13427.601700580773
0x9fabb5f33f9ddc457aa494d7d75c8245579e3924,13421.679485307088
0xfa4a64652af9ca5c6ad623dcda388777edfa27f1,13417.50299505157
0x021ab4a498448d2612dfb4b93b9e4ed19729df54,13382.166796020585
0x6ead35822021f8d3e2c3ac43259d2a61b4386584,13360.50304
0x2cc9ddaa5c30d8889836d4ff99c7801bd8a7a758,13348.984855297724
0xb9ad117834579543ed5e79f2a32476d50d7ce35f,13346.926042575262
0x34170c14b8bf0a39373622058710dbdc63de36e3,13338.812574021642
0x617ecabe2a186c56ff6e44f68cda514c77eca933,13337.255312820515
0x8f413ad1f9517d82f9eb3a18b2a1f5ee1a68e5a0,13332.692637204736
0x560f8bc5849092474c91e9a44406ec1117821a59,13310.26498111407
0x60cd8dcc7cce0cca6a3743727ce909b6f715b2d8,13298.147436969575
0x0f641efbeff4be14762a276d4d3744ce40526653,13296.640083563456
0xd640333b71b015092d9b3afcff3e427036304370,13274.486117375878
0xaf1a8801362258c92a5192befd3a71d2052fad2d,13254.194551857507
0x85072f241b09f56306bb7ca80866bbb4544ac73d,13231.167062534429
0xf3033c8d381f16d9d466b0517e6ccced0f493fb6,13230.230147909202
0x69b99d0ac17808b25caaae43c602083f890daac9,13228.979405247504
0x2f79643f9fe52dcbfb90cc03f59678a8a16073bc,13220.091534177986
0x84dc6e3149cdf41ce8dbd5245872a972701ef870,13217.010036676542
0x597dac82104d5195c95631b158c28364ac495ae3,13196.569706343273
0x0b405bc83ab5c26f404bd5ca1fbaeb13efedc735,13168.339955096775
0x9de2eccf5429d6d519291e11d9b4e11b4097e599,13165.862654907945
0x4285f6eb2a1d389882b263e0cd891e76f4ad07f9,13147.891092882945
0x1017b6a25f9e2fef58c28be0e3d2bc2535c9d9c3,13133.225998974558
0xf29f3157fdbb8ba5399551e35fd5a68cb0a430d6,13127.118111490016
0x5aeb2c73f4aca8e03d24a99464cf69171c9f2cfa,13125.14758003894
0x6bd21088b24ba3172d1570299dd6cf43782c8ad2,13075.169508711533
0xd44971b88a50f1bdf1e5e0a778e6c573a729a78a,13056.51870210541
0xc134922a5d9117dbb97904b61fcbe04b803b5c50,13035.340964160574
0x17c37a50ae348876864cacb7007cdcceeff57482,13020.622663305365
0xdbdbf019499cc0d4766811d93c69188a2b74610f,12991.97581246054
0xb5ffe86e19eb48a4c34850f21e184727337c4460,12989.658217693739
0x546ce7361d87cb13e3ddaf52abd894cc012c8290,12950.928225096857
0x6c027635a22faaf29b9f565d543f91236c1864fe,12949.489974675318
0x90321e8895e139772652cab3a955d63bd442e8c9,12940.832936481567
0xf1b5cf831ced19136472b2b385f30384ce14a982,12931.516752695494
0x2979fa622ccb9f6b8925ca831f30c405077730c6,12907.457269540055
0xe21a3d4b5eb12444554f504a8f17cc0a78fc6d55,12905.762981296191
0x3041cbd36888becc7bbcbc0045e3b1f144466f5f,12882.467440569913
0x6ed53b5401a611e2c8f80a05cb41ce00117e537b,12879.569706122225
0x1273ad5d8f3596a7a39efdb5a4b8f82e8f003fc3,12873.979387240624
0x021d59d42a237600498e602ac1d8fb07bc21261a,12873.12653202707
0x23dfdaf227ee54d9596263775785bbbe9ea0917d,12869.695661054335
0x31d64f9403e82243e71c2af9d8f56c7dbe10c178,12862.211826958519
0x41a2303b4b1208652994e948eb7e4e13e5f9bdb8,12860.675053888255
0xe6c8504c5998215efff69f1610d1bf32e0b76007,12851.271645427172
0xa361ec658f8f7d8ac7e82a96d87fe16856f64215,12839.81019720344
0x31c97c4e8ba9b520592fc4387f22a4be95462628,12826.79000055074
0x2307081a124577beb548d2b6fcaa945e7c8198d6,12825.556652922567
0x3b3e0fc92cc9db86bf6beebc6d510f4f106790e2,12778.339827373933
0x097004eb45b9a091acf641b88c0494393395b21b,12766.884931478962
0x49f3847a3ae8b37e2d4e469aab3c5d64d54db860,12760.625454284274
0x544729cd81edd66246933cd626792a8b5f144f56,12755.506125567143
0x36652fdf0b2a16ea8ec7616db29008648424980f,12725.169779589722
0x09186d633046d45e6ca6ac5c6a9b867df8ccb96a,12695.82226803944
0xe1eb378328f5800a3e13058ea6c55b331eb5870c,12668.022162818037
0x1e9348b71ecbaaa14eff7b4b6186b78d1a9b9b70,12659.391621221765
0x1f4ef1f8441caac34f58fb0cba813dd2b09fec63,12636.621899011161
0x350257b77ba3afff4107780c50ae264edfd7a143,12628.436342954981
0x98c2f9d752e044dc2e1f1743bf0b76a7096eceb2,12624.20401771735
0x328dfd0139e26cb0fef7b0742b49b0fe4325f821,12594.57731615783
0x6a9429a74e7db1cd92b44f34b991d89748ed4d22,12592.755932606886
0xd8de6af55f618a7bc69835d55ddc6582220c36c0,12589.078209460406
0xde90e1d53982e1d61eb138e46cde4961e3c426c1,12588.718706928143
0xdbac78be00503d10ae0074e5e5873a61fc56647c,12562.9367298373
0xc90f1f3e334be77f60c1db5dfe4486e32ee66993,12550.48481528275
0x70ea56e46266f0137bac6b75710e3546f47c855d,12519.781476492128
0xd90a1ba0cbaaaabfdc6c814cdf1611306a26e1f8,12514.383701822182
0xb367391ca6a80f9faf1d60cc2b2d49fde76cf573,12501.281619030888
0x278e2ef9074ad20a1fba0c3de74074528de7ff40,12486.138468111501
0x8f486afdfd3e7dae8b178e126ad26027eb13cbe4,12480.402489335711
0x52aed17c4bfe12d314f590769f52c537a732db85,12478.108629218792
0xe3d2b6ad10623f0eb8d755d1481ce72076922ce2,12460.584100324864
0xbbab5a7f6d9cd723eb8a364dd185703512e4f6e6,12454.991819262497
0x32dab473dc37e46fa794f610c34de8cb989c3103,12406.55936974622
0xfe7444f63e0010a7208529608eb173760629483b,12399.81039564707
0x8b075c52948f592a36c480d1cc26ab5816b6eb5d,12390.440913910941
0x713ce36a75887ddbbfa1dacd8ef6128b36e34d0a,12375.090827935152
0xd6e57f443cf5ed1245c2da391db7638df069b984,12370.604842813824
0x77fd7a0bed5756c06e31a4b1408a9949b130c0b2,12367.853411806971
0x8d8f598c1739e518b871815dd1f20ea3c169c360,12352.602382648653
0xefaed176cfd333e7dcdaed441b1c978a5e182f02,12348.790070374784
0xa180a88c7369159a682ad6f1837c577e91b46fc2,12348.328614162805
0xf4c5e0f4590b6679b3030d29a84857f226087fef,12309.624991601966
0xc3abd644af9f806c9b2b3d2f84553f933a178b85,12283.925418
0x7df2449f29a221533e403ccc652b253ba7d191de,12281.55801596839
0x527f3c6b77c4bf2bde4ef720453a2d4c78690951,12255.304254699378
0x514906fc121c7878424a5c928cad1852cc545892,12247.60134311158
0x2a4fb48bf692ae543a36ed99cd77cc2a49971df5,12245.940505660681
0xc90f34061af7a81b25e4a1f83fc99cf5ea2d83a4,12245.31158976105
0x1bdd812a636c33edd41258591c9850ed059aa658,12236.122838848289
0x2519042aa735edb4688a8376d69d4bb69431206c,12234.94419099961
0x2c94c2418455b7a79b2819ff7322f4e3f76c176d,12230.278451301743
0x7ee092fd479185dd741e3e6994f255bb3624f765,12214.910319023329
0xddee1bc72d666baadc62c265ef6175bed6fb0e5d,12203.695600492134
0x3bb1be14b122edec3f10356298e9b3276d93caf6,12187.679357662124
0x9701acd240767e28603c458276fb774af7006bbc,12175.750483176742
0x38f79dff85cfee1763a72f13986dec32cc65ddaf,12168.673343112634
0xc7cc4f02c63dd3414701331016d7804dc11614cf,12163.932551931914
0x672fefac7f6e3017d9a2f1c14fe048191a24ce14,12155.876935624843
0x360acf12e72044ba3eaaa654e51e4725c699dcb1,12144.285609540188
0x24b541dc46e7f19e1b20653a2fa01bc016dc9e61,12111.310578241028
0xe1c5387da2890976a252d0615e6d8f6ef4b53b5b,12102.88297929001
0x0c163e1fe699931a218e8d01ea3b7af599387d42,12075.298808246578
0xb4e53da468fe67bc138e19932b923d37b3ba766d,12060.128800818147
0xa81a1ad2d54277dfa7ba06ef244472a24bd08071,12010.264733335916
0x1e6ba87b6f4f313f4571c8c56d4c31c2e1c3fdbe,12007.610752345849
0x57af956d3e2cca3b86f3d8c6772c03ddca3eaacb,11987.075742357156
0xf956cdc8f43637f34f4be368fa1cb7da01d622be,11946.003937333931
0x4618acc77bfd02bd41670db28bbcb19d69fa9658,11933.006419970407
0xc5aef14918d74174871c60549da7b1fdb340479f,11929.10824341937
0x2e8135be71230c6b1b4045696d41c09db0414226,11928.011295820692
0x4620bee6e5bd679b0242bf0bd6291b0ac45b909b,11927.996362870745
0x881b8d0b1ad9d1b1db918342b064d10afb9eaa69,11923.388614285901
0x01dbaa18e86f65df04ce9f897d2cab22ef0c26cb,11921.16132801229
0xd06063737d41e3013d620ed135c2d54a7171ae63,11902.007852829294
0xd21347f1dfa9c0d801748c92bdb0422193f78454,11891.49091140024
0x3470447f3cecffac709d3e783a307790b0208d60,11883.312337416748
0x81c8f004130de36af1b615b78833ffba2587111d,11877.505755
0xe4a914699be782d35a6bb8e3b05869beaa2c2d36,11828.502840530517
0x3e04863dba602713bb5d0edbf7db7c3a9a2b6027,11827.193722662174
0x50975a28492a3371c3a0a8f5fafbd64d7f82d439,11803.335937833737
0x09d7b5ea4eb8bb7feedbe48b707fcaf4823824bd,11788.84935340063
0xe0804189fec2657cd6de65f4994488bca7f38a30,11752.670063950074
0xc4faebb0229bf49fd93abac9b4a5f7143838b4ff,11729.880608238564
0x15974c2b3f88a9de65eaa5ee99ec77c62088198c,11717.565728733523
0x9445bd19767f73dcae6f2de90e6cd31192f62589,11716.590217452464
0x69d6fbe8e85b2328c87050eb94916f8445830878,11698.394430070079
0x7322abe9958a291f27f907aac35a17e29bf22bdf,11695.002713580201
0xbaaf3b7a0b9de67de3097420d31800a885db6b41,11656.319076125123
0x3131084e9a4bfc60f12c1d60fd8f0d2044b00f4b,11650.336301444502
0xe286cfa6ee1b8b6a7a9769e294fe8a9ef3c7e784,11648.846955391746
0xd75ea151a61d06868e31f8988d28dfe5e9df57b4,11646.066878732825
0x569ebb787ee361691f848a4d36961dbeaa2f35cb,11643.305700129178
0xe20cd9377c204a27952f8b41075f0b8bd1ceec3d,11625.095233812863
0x319e128c8febd6ce7ea0d4c51992a48040719758,11612.931908153467
0x7aafc001cf9e2e33144375d267268979a767c5a9,11611.074179729172
0x117d4288b3635021a3d612fe05a3cbf5c717fef2,11600.043160251895
0x14f6a2290643f18c77828a4ff8c5a3951a53755a,11591.020074029875
0x76366d95c2016446247296ea50c8d06d0585ae00,11589.125378630702
0x3fd349f3d99970dfe553ca04e37e066be955c1a5,11585.426198896559
0x8e09b74a9f167d1672100d6fd89ef1c2f4bce199,11584.119918805996
0xa1b24d1df1e48e1b1382903b7590f9754b968542,11580.295473220558
0xc6ae281ab3c6bf310b808e17d835f1b189fa35be,11576.578072165774
0x318ba85ca49a3b12d3cf9c72cc72b29316971802,11565.055683934143
0x8cb77ea869def8f7fdeab9e4da6cf02897bbf076,11561.160691239009
0xa9350cee79305d8488c3cdebcbd88309d8f604c7,11552.694856420625
0x53e3d506f468c4bc30cc8caa21eb7e56c2fa2d55,11543.61516035312
0x87ccaae0a6e64ddf7210b6bd211afbfa93f2ae0f,11541.880315697234
0xf84aad7ab687b1bb1fbb190344240b60b39e5b79,11520.073871476125
0xb54bf57df8ae79c6e7b760a4d9537f41341eaac1,11508.181864858618
0x33b52d697112b65f308cecbfe3f1c9da2ffcf3ca,11505.89648653955
0x27941a235804f33d81adabb2d56589c5f6ea6556,11482.608841201192
0x53c14d54ea8343898d673958ba835126fac579dc,11474.695807945092
0x59e1735013630ba9c65fb4cf57f8e915f960743d,11474.177204483258
0xa7c2454239f88935925e8756d8f1dd6cada81204,11473.62392023764
0x592f9d83d803be811eb7110c72b372f26cde58dd,11473.252302968038
0x5d4001dfb655205984015f5a65eeda76c8a609c9,11466.9961089599
0x850359de58e03235501a2b3e4021f8aad5cbb084,11460.949913573155
0x37594336b69019f83045118bd8acf31a6244d405,11430.50145543277
0x2af41d838763e3c5cad6adc111af9c5da19b9afa,11427.941327269364
0x3c385b0ce5b48958ffab12ffd8da14d433d7b885,11422.163797140622
0x59b4bb1f5d943cf71a10df63f6b743ee4a4489ee,11416.25828166381
0x5389b56526ed104f891b1a07ede41e2e80ec34e6,11415.71431285032
0x793f176f57878a69ee12c13725670bf0d92b8ae5,11414.080918474643
0x82b033df6165c1c01ba792233ee55ca1f3423b64,11406.792618239051
0x95ad5d38ad6bb17500e9a57bfeb6569b36a94ea5,11388.529288463773
0xa44c65f9521f48ba5adc72e80fd0d07d25bc105c,11372.587363783778
0xa6ff965b3d514ebea31ad2d0317d2d2215c0c42e,11360.009775479404
0x760f9f41f18315c7875827e3821725a8f126865d,11351.446139071912
0x38505b190a83383d4e75a6ac36fb3cd790389fff,11349.376674093888
0x0f3c5f9eeb13afec7a6371cd4e4fe52be20cb8b7,11348.786624461161
0x908ba044773e60653ecb44a7f64cee45115211df,11348.375457102362
0x158cdfd6f03d115c95887f9aba21b3d686716315,11346.063924929047
0x98bcc5c8077a5fbc8e5d48fcffe45b358a578bb5,11336.234483999999
0x5ee0fd77ae789b62c25586847f8ef8050ebb35ee,11332.702285750911
0x0cfbed8f2248d2735203f602be0cae5a3131ec68,11326.202418586232
0x23baef85d19a3ea279c3f199eefee891e6395bcc,11324.500492914376
0x2ad99c938471770da0cd60e08eaf29ebff67a92a,11307.031966561784
0x8b00ee8606cc70c2dce68dea0cefe632cca0fb7b,11304.726312909563
0xc02ccb0876a54b754173efba85b74c52c24c05f6,11291.860682277165
0x75637c8bb3c4e94a80d651681c634b5b08dd9b68,11274.870007716674
0xfe423ccfb7915de8eb58f8ad7ce08e1d66a47855,11270.333178359211
0x6b55e8a50db7ccc8f7bdb437ce03a32a47d221d5,11267.27789702958
0x632e675672f2657f227da8d9bb3fe9177838e726,11254.203173927159
0xab68950c5bc24927f09117b6a5ebd503892bc0f5,11250.882612837453
0x7efd2626ee9ba89b46630c4bbf684561abab6733,11247.006864678904
0x14b49fe0aeca3beabfee01b16900322313089681,11202.278861926561
0x905f81b37e673cc89fd777d17e1af296afa8f9a0,11196.71110900394
0x088276d10561d8260de2afc2e06462ec95a17477,11187.254491311583
0x558e0fdced9236a8fc73cf4aac2ac6c2021626f1,11176.938843301486
0xe885b36aaa590efc14965c31954e8c3185954e7d,11176.777818356171
0xc20b4d50f23c877533967a6899173623e0117c2a,11131.316549948313
0x6a042326f2eb2191613a5e721074c44db8a38d69,11119.783004301384
0xb5529c1a697c61b3ecb49040a3e646e4e534da87,11112.222596959524
0x600096dd687ec2647759c0c822803ef4463477ef,11102.854075311638
0x8dd893b9ec19d89b66c01794cf5e04e30d284e53,11080.776021272668
0x5b4956e9a624e87f0642131d902cdbb4f9aedbef,11076.742053226262
0xcf2c6cf8ab5ce937463244efcb893622f5b50799,11072.74629614568
0x82fba9caf112c4750b6654a287beafe42d363a93,11072.06787834781
0x24f5b184e383ddbbaebf2278773630bbb511f8c0,11038.741443776547
0xa9188a29b5b2fad02bfddb27aee29ac4c93d384b,11037.56694670336
0xb0355ac385efd571c764753bb0c4bfdc750619bd,11036.829981412206
0x5bf9e6cafde275d73dc074d02b71767536ff06e7,11033.133103908402
0x7d6f52cf935df98d579a91ccb0e8d32451704dd0,11015.455419802276
0x841820459769cd629b10a36fd12e603938cc2679,10982.009711839415
0x992f534fcc87864875224d142d6bf054b1882160,10958.91690422234
0xd386a3d8dba0c41c8524205a8f4617b18afc0d23,10954.062331703615
0x1673888242bad06cc87a7bcaff392cb27218b3e3,10923.546847109703
0x77bbc2b409c2c75e4999e8e3eb8309efff37cf2d,10917.301221930558
0xa6b6659ec9e562f5f26a657bb141990b1b667462,10908.925363364631
0x607ca38693c590b2a8aed609aee2cf97a24857da,10907.294002106593
0x6ada49aeccf6e556bb7a35ef0119cc8ca795294a,10903.313825855847
0x94981f69f7483af3ae218cbfe65233cc3c60d93a,10892.084897949178
0x67e4423340b56c119749a570afa460f031ac29d6,10880.324066982337
0xa04954002b21b85de879ea87b391e6b0594d7f96,10876.0888306541
0x09e802bb55cd409af7d2e0c0acc23eae5a55a201,10872.555972257434
0x68e4af213c49f320175116bff189c9ca452ce29c,10864.351302601139
0xdd7e06c7a8cd4841748b84f9cf16b4ae60dd4baf,10860.873886735426
0xe1c0f25182ffeecdeb56a8598ed4d74b56bf3650,10855.758153439645
0xefdfb53f4e627d36e23b257450719a5722a9ea78,10851.129231034189
0xa36c337e12db26b4b9499ce45fc95df2a1b63c9e,10849.022793132834
0x039ac6fbcebf02b54259bc690e13540693d9eb8d,10835.638346627915
0x0a564eebf6cd7a89ac97ce4845e7d64006256e48,10809.813228365292
0x7c3f1888f783511b8825b5f08f5f858984cb6138,10807.320338756233
0xf3d034fb281af97cefb4f82c1e148db059857209,10798.126410295285
0x9ea468e0ffc6a6dbfc6c81e81efe15719fd88b67,10795.183594186024
0x7c742868b11be60d1fbefbebccd153df8472967b,10794.109273412392
0xcc7d59ceb867be703f7c5241becc9297442c0ba3,10786.847088264927
0x56ea002b411fd5887e55329852d5777ecb170713,10768.37305026652
0x4b893b0e9c2fe8bf5d531d0c9c603b1483b4ce30,10759.78627197652
0x469069d067c88cb99a336c592bb969d6821bc44d,10738.325257407496
0x94b86ca6f7a495930fe7f552eb9e4cbb5ef2b736,10725.812376094349
0x27fbf1dc11290da47ea47d39584eef2d09fd9b85,10705.774538101838
0xa56f99ed6eb04b1ae929ea0c1ddaf543c8fd95e1,10703.920097542388
0xf7849d0852fc588210b9c0d8b26f43c0c9bc1470,10700.528909311397
0x14e1432952793a20924c3ca85fcadb966ed9ef6a,10693.088758818034
0xe9c761b372a9e98c966baac334a05fc8c12771b3,10688.401191818379
0xc36c5a13a68179c6d90cf40b4f8e5a3ee6893a95,10669.026117829962
0xe60e338d70e74a160cf77f11ff8f3dccb83c5aa1,10668.377798620713
0xa368ff1945df8a97c1729c6086ba0ea75a99580a,10661.084577852598
0x75201d546585ed4190bb5c7f0ae4f48dfe1b0c62,10655.237263921885
0x9553c7f43c0ffe1f20bdf5cb3ad23484850983a9,10648.557315781438
0xe03a8a8af67596904c62d477da33540e44ac2107,10642.74914455452
0xa9489461339f9fe2e2b0259c5abdf89b4023e303,10639.438450564017
0xa0597628cd02c3b7bc5a6e586b08dd65d2bb6769,10634.182675425338
0x5c6919b79fac1c3555675ae59a9ac2484f3972f5,10615.342077667803
0x56b923302cc22287f905bc40dbdfd4550adea084,10608.191662536257
0x747e839a12e13f3fae477f5efef2c16a75e46f87,10599.140104655013
0x9887507bea38d49b04ce06052ed32339264fef2c,10598.614714971216
0x37ef17fe040badb8b308174cfb3c9d948d17dc48,10574.510982873317
0x5e332b2c65f0075e711af02a0794a3bd56786bf7,10562.71057434766
0xa27e955148d6cf916f01a5a9649133465e9c7a28,10561.772764866402
0xff6a06bbfd272a50aa3182238afa82299c329d1a,10560.5246791893
0xa84181f223a042949e9040e42b44c50021802db6,10534.3175332931
0x0000000051c013a3b67dacc9dfc1d50ebcf6d0b1,10531.883249163348
0x5228f53d3f23be138a20c61f882290e78e3614b3,10527.480061059903
0xec7a1a2896d4b9d7014fa7be2aa936c8a76a8072,10509.920306886703
0x6f48eca74b38d2936b02ab603ff4e36a6c0e3a77,10484.397332079
0x28c5a7bb3e81f279b1c3c8ca5f945b4acb392ecb,10473.986914200896
0x9572e4c0c7834f39b5b8dff95f211d79f92d7f23,10468.47664059851
0xc872f82ca56378c1d05ad222fbf44229b9532967,10468.13770128824
0x3f2952d2e9613658f669239e1459f62c9353cf7a,10464.67852840167
0x5e37328db94fbb1ec7af2086be6acb5af38a1291,10456.539616821628
0x7bd5a99facfb9bb042b1f0eff5acb5be49a04af4,10438.579978295224
0x9816f26f43c4c02df0daae1a0ba6a4dcd30b8ab7,10424.051641519924
0x7ddc026fa6d5774991c779dacdb9f074fe85e569,10413.100621489699
0xf8cd14627bfba16b33b8872f7572430e515b8b52,10373.907035679671
0xd5a547f21c2d76667c239e14f1fe65a5d9fd5d50,10369.139016276178
0x508ac423bda03e62231c6ec48832ac2a13807820,10345.529913196551
0x2104b2300799d538e006464907e415c0f5f643f1,10339.37830330261
0x8adfed0b833bf4bd2c4159e93a910f4a06417102,10333.438219640826
0xf3e53d80c29e3cc5fbcdede2a41cc6a19a6d1118,10324.731925620286
0x4a754c15486eceb909432085c57c3478e9860ff2,10324.65458846766
0xb8f41136f2df9c3dbda1a80594b68cf340471b25,10319.598760033623
0x000000771f46f30f9732ae1e86cad98fba5c914c,10317.12362691675
0x62ae4fd4e1004f3a48bb8fc8230a1b106dace054,10299.097096751617
0x102a620d51f803e04b3bca2ca9ad1379eed45a76,10284.903404593413
0x5e931eab1468ba37fd4c7c6c22c19973f71bce1d,10256.494522881636
0x886fd45f4f811c8a97b5fb839972d5a1ae38b899,10230.433239950775
0x11f851639dd46a07f178e81ee1b234e91fd89c97,10221.650445862782
0x2d9824a63f8f63cf1eee95d957099ba1f78bbbcb,10218.591346598385
0x9d5d163b7c97965e6177320c210734a2ebea5862,10217.883920036487
0xd0b2f5018b5d22759724af6d4281ac0b13266360,10204.336523907044
0x05aaa0053fa5c28e8c558d4c648cc129bea45018,10189.945595203253
0xe512273b90a5ffd21dd19fbb09b7634a3d35add9,10186.842885560585
0xa425833329fa3a1f722230eb0999160b917e4ce9,10183.836420419364
0xb59976db35ced745d9f1ec4b3b724837cd553abc,10176.532238581483
0xdb101efaebe66f629c6451b8b1bccf8d07a11e60,10163.035705136735
0x4185f4029298c0456caee28828a9436d6c7c5af9,10151.444183673575
0xdbadf82b816fb5b41435a11a6a592f66d060a820,10120.601764278445
0x912a2345853faccd73b59bcf7c4e96ec0980de72,10120.27704811818
0xa424cea71c4aea3d11877240b2f221c027c0e0be,10119.733231497954
0x8668601064cf7a89f634cb31a97b2e0944bdd956,10109.559327733727
0x21d7f10712d222b66106ce0ad9c7a8e5434347b2,10102.380985327905
0xdac9b2c7a5a8e2163b4161e34c2148e11b51fcc7,10102.287621738744
0x757a197b3b17b207d6de3840de09bcf2dfb75b72,10100.090882638307
0x926da13b20b223d2c5f952e714b3d5d4d5204105,10099.381159380744
0x86178d05c7097ae1deecdd5b5f355c2d379f843e,10097.59092830222
0x5cec64b1a39d46f2cb08b97abf086d78bacc9b61,10086.877200352306
0x263eb3f67b2f598b57b917a0da235e84b9277fc1,10083.850911213334
0x810cbf8fc32a56c8a2d601f15d2e19b89a5e9f32,10072.61835996105
0xb5a2d1796bf2afcc5cd56b681f14fab0fe34678e,10070.367365466293
0xe17d8c0086f27cd0c52b46b195ac94d95b9fe33a,10069.01308708033
0xfcc557f565fb60b822120a67a9f0862571fdc7df,10066.43628742355
0x73a34da2822e91218c06101f734726f2b792e82e,10062.761091837663
0xf4630e119e84b13a2340b10b11ceef631e5b6a2a,10049.851635526824
0x7885e359a085372ebcf1ed6829402f149d02c600,10045.607630112449
0x000024feb293b6c6c3a80a95f1f830a8746400b9,10018.020752481109
0xce407cd7b95b39d3b4d53065e711e713dd5c5999,10015.612228903485
0x722ba4621a225e7870f6d87787a10a2c156469a7,9991.950805192851
0x13e2b0745085be2e582c76e14d1cd8bb7f6ffba9,9987.16735289723
0xb71008f10b4b126c43fad95257aa29c6e3b8ca37,9975.485211028883
0xc76b6db906bb0131e6b158187d2d6f3c25557438,9966.06443338601
0x348b9e201641a10a824fc607383ba2b455c23d79,9917.035944927098
0xad673e520aada71cf73cd8e257a5d50c78eb01a0,9896.894303374282
0x00000000695dffd7dc771a61c6975bd9e6118179,9887.452192012139
0xab058dc5f02c5134ea4593cd322cb1ba6f7c8b57,9878.209137570642
0x5d6e545619ba925a97bc51c4947a25845a19c532,9857.274322363237
0x4956bfbeb99b825ae3720e135bee6ee9a1b3902e,9852.902852268746
0x2bb18714abe5f1230a03c52a04e43945d2d07efd,9832.66491489608
0xf55c33d94150d93c2cfb833bcca30be388b14964,9832.609821502218
0xe1b05d54c567d53333465c84ccfebd5d8120ebed,9820.6742871222
0x06967b8f9f108931066d24c76a57b77ae08b8d1f,9816.195936495082
0x9244ae9241ee0c755ec4dd8174b39f650288de78,9799.644895622014
0x97d9877ff71e514864f7bfc37abda73d13245f55,9786.306954051499
0x53813285cc60b13fcd2105c6472a47af01f8ac84,9772.55759738691
0x28098c406a1fc72b7b2e55f3017a59e2be322da7,9766.598225799296
0x19bcfa6662f727f90c9ded0d12d0c50a052ddde9,9763.769251560661
0xe5749c172d88daac77800c978a33b1af56889477,9747.356637539826
0x44e115a75c980f25aeca6e346c8780f010920395,9736.045540640182
0xe24ab719209a9844e59dbfeee91ce7d8d482532e,9722.877594855656
0x661d95923e482dc20ccae758e47089b969a85c40,9717.34533440525
0x73e02eaab68a41ea63bdae9dbd4b7678827b2352,9699.74985360499
0x4dfee6e07c77f52191dff76bc706f2af80db6d48,9689.567001468666
0xaef52f72583e6c4478b220da82321a6a023eee50,9689.434684393502
0xd42bd36302f33d77cbb080ad7e0434f6bedc9a44,9689.062682593994
0x8c9b00cf252716225171272e38c5ee5378cdd63c,9684.316449369717
0xac4fd96fcf729390a3c8044422a529028ec36751,9684.288121838092
0xefc3b8afc0a0cc08187267e5534d0cf4abac275a,9676.384961204
0xc62be3bf5f111c09ce37f324603f3334d227ec79,9675.12084255159
0x2ff594cc1b6676cf815c0b023c435b386b8406a6,9674.314443094554
0x4db0184a59811b74f6f1db4eca235ae850a92798,9671.219654304507
0xf0c24f73514b3ffce97c4672e32568a8e5ad4632,9653.912035054349
0xe2f4543be63ea3fedca0c1049b601bb153000008,9641.197195301764
0x16b70f44719b227278a2dc1122e8106cc929ecd1,9636.57491015458
0xb62a74f8be38cef3b00455b9989637349d4a1bc3,9632.05976655024
0xfc35d45d3dc34fddf8221d6079a07da1822d91a7,9627.734061871106
0x9127c5c988917b879b3b9bc87d11ee2c9bdeda73,9625.481732725286
0xc628da629c615909c961b1c69c3bcac0c3fad8a9,9619.153809658808
0x21ffaa1c83946a89bef4d639f71d070c868b8694,9614.701648047234
0x68a2b39b501ddd658e47f64fc0ee94a7a5c0ce0c,9611.09942810654
0x76665642f513aaf2a00be05711a598f44e3970a7,9606.500958788889
0x3fd2fe4006c48b7ba2cbb5426ca0cf6ca570ee02,9601.747135103504
0xef912d765680b7f11f5fb62ef05ead026a010943,9594.586700382806
0xb8a1a865e4405281311c5bc0f90c240498472d3e,9585.247931982367
0xbc6df9e10517ad2b932cd3c5decb353809b98d4c,9582.504451944482
0xc0c9c680a96cf92604a94cff927c0ad674450191,9559.618302980267
0x55c052da881aab5b9f14aa32ed49ef84808cd57d,9536.236422088918
0x84ecb5e3f6af08be921e007891d2fcba20c810d4,9522.966178
0xeafb6f55f3c8b94535e50843b74f32590aecf71a,9521.844898000001
0xea061ac407dba0c0b754baba7914689eab0a8c11,9517.867886528042
0x5464b9f20dadf7cab9d64934f0fc7b8a385abef1,9514.558705322837
0x0463a06fbc8bf28b3f120cd1bfc59483f099d332,9502.470825447375
0x49727bbe3ba46aeb1058749ed2741a42fd1ccda8,9500.451118219675
0x2a6aa635161de762701be7382d567101c63da387,9499.86896966491
0x8fa2c33a46e5902898378cff89cc0d7c6d0adfb8,9492.991766267553
0x9ad02ca2c93989cd1c9269ce6e0f046f17c4a75a,9466.765031497773
0x1360bcb57f2973a2b973c43c0d062924ff2ebbae,9460.971362698901
0xb154256024041e3011c8024874e698b69a2081b3,9445.9624642928
0xcee2e0b75d0794c031f647f006079242d33a9d62,9445.471574000001
0xd726e3b6858d81ab6ad5b7cbb7a62ea00c5c25bd,9439.927767410743
0xe0397c1c28e587b55ad18c126cdcc5cdeeaffe41,9435.250086907523
0xa0137eb9be6a94be4b6b93ee5362f72e198719e1,9430.718701268719
0xe931b03260b2854e77e8da8378a1bc017b13cb97,9421.860129084205
0x5764a6f2212d502bc5970f9f129ffcd61e5d7563,9418.898838735156
0x82aad62589b8a172831993e384c22069533edfc0,9395.419092286134
0x524be36b65abd786f2a59db37a2d2b5cb4eca95a,9394.085527985933
0x79e0d4858af8071349469b6589a3c23c1fe1586e,9380.207170084888
0x1911ec60072a8d6df5f374ab03ba6289c6618b81,9373.89045286011
0x75610602d3a8aeb3c69356b0b611498c735405b8,9361.996228347285
0x6b77be702d9561ae1fd7ccd5491bf67baafa61f5,9360.069798875482
0x5578cde66086f38cdecc432425c9f2b4c0bd1dfa,9347.737332287392
0x5793a2b86f2812f500a7f42a9e1e9a74aeb151fb,9347.435128541805
0xb2e9f8dc806636be2090eb2f5f8aa8d56f971d53,9337.128269375147
0x989a32d9bb9e075bdc6bdf5ded7ef0318cda36fc,9332.878060045756
0xf1345142acece27172be2fd220dc5e61138b09ee,9332.822796401142
0x4d4c5f9748ee306ac8a447024b1d55e674c6818f,9331.88241272428
0xda982d15e5c980f59e8c4a71950f38529cc1644e,9330.633924724501
0xf8a810096a46bfc304fc02f6a49b6acc25335ef4,9326.952416621036
0x97fabd35caad91d5fe8df4a33ffc4cca56aa5b44,9326.309934020297
0x541e55d40d001ca062ea0366afce05848eb7194c,9294.874873917666
0x8202b3a8633a3aea59a050578b9cb9f921000006,9288.403343208141
0x8646047a7ea7fef0836a81e797ffab816c308c72,9282.819823362443
0x7a9ddcf06260404d14abe3be99c1804d2a5239ce,9280.748533132377
0xb91ebc015f5b6f4ff814ddbc0638282ee29eb570,9272.586709510684
0x00000000fac500fe245bfaab7d51b8311dff1b9e,9271.436034774648
0xd99ed040658df0be693ee6051e4038e63e1e9536,9270.1722792224
0xaef60ad24cb7c65d6ab9a0e9e0f8e7f1d3cd57d9,9268.776085809372
0x3e42d146b69e07e738a6fc5c3f6d728f67000007,9266.216749235047
0x6cf9950e8394865009c45adc2db00750736796b4,9255.54032634632
0x5e66fe20d42f2419a2189fe8b5aa66a6590e5ac4,9243.310859278627
0xdb06a76733528761eda47d356647297bc35a98bd,9242.737766993137
0xc0a28bb1acf6a63403b7f257ffa4aed01da090e4,9238.001577113664
0xb079d6be3faf5771e354586dbc47d0a3d37c34fb,9237.3101531585
0xd239216ac7e44a09da67d6852cd757fc5e829fe2,9235.426332970483
0xe41772b537c5daddce21d2ca9b6423a7d9963ea4,9229.782097242996
0x28200dfc4a177b2ef62165edce6c9fb7bc1e997a,9227.269116733898
0x1f705d2022a4ac00610e10953cc1c614a73fc2ab,9224.707331854277
0x7835cb043e8d53a5b361d489956d6c30808349da,9224.262706879488
0xc20e6f620d67496c862942a6d9f786e2f343bc45,9219.528819903018
0x9b3a293e87f431a8ff694eaf408e213c23ab9187,9218.373809102304
0xf23e5eae7d457f631e7a31768a7e4cad3472c47d,9214.081322911961
0x753beedfb233748469a3eba05f7438afc743f554,9189.047157929455
0x05556053d0966c7701201a2103dcb56cf75bdd92,9181.744490845935
0x813b1bce815c15774f85f8ff6b0dcbbb75a1d995,9174.076973671192
0x0671e648b0735fc4d839469181cddf3dde4e6743,9164.191482606968
0x7b4b3e3097eac69c5d1042983bef7022d658bd36,9159.84304395225
0x5ccf57dee89b5c12e3cd6a86334325a2aefec6e2,9147.501411880561
0x6cc6f24a711907da4db52039ddc3d18c4cf6ddd6,9138.393509375415
0xbaa48ef52fe0cf3a2682c1247b18d4274a988132,9124.193125864995
0xc7060a4fa0ee0fe1a85376842f90ad70539f7291,9122.731427677965
0x8424ed6e0fc7b53bdb3e159cbcb550652f1a7de7,9122.708244995647
0x60501834016454ed78eb414db85f4b2df06bcbea,9120.972217760422
0x8597fa0773888107e2867d36dd87fe5bafeab328,9112.865047585528
0x25213c8b7bb39d5387223ef5f3e04cafef190ed8,9097.327366557338
0xeaf6bdb0e0d6ca0054e716976aedcb0719883da4,9096.59960105981
0x68b3465833fb72a70ecdf485e0e4c7bd8665fc45,9092.318772599083
0x2dd56b633faa1a5b46107d248714c9ccb6e20920,9086.594133350676
0xc3857226cb82e32554b3308701d335b68d804d47,9084.521478530201
0x274f1faa27112c3aaa691d544afd20e87d54c86c,9071.876392956387
0x2ba8166a1623ecf4e5a1818152362b3753a4ca35,9050.296978796026
0xccd71eddf73ccc24a6f960b1ea445ebd805e40e2,9049.125770274411
0x0dd246ad3d75900ed67b34296858b54555db8193,9038.191926002544
0x6836807f177a93f978eb5a034070b427fddd53ad,9037.07240789243
0x0b7d739e3de77adfd06019a5b9b40235d0979906,9034.851099107764
0xf954d40c0c18e707c69318a9e3bd6230d4d56a11,9026.32132590276
0xf8bfd7e78a88002b62eea022bfa7904942d2fd1b,9012.607939686442
0xedef814506405b2ae107bff5cef2a237c1441cd2,9003.694974242097
0xcd273a01d9b7e7c00734cbc047849f682a816056,8998.444396756608
0xd3772a963790fede65646cfdae08734a17cd0f47,8985.11799844048
0x2e2724d3cfa5a9fc0f3419cf83a3e037e832964d,8980.401429343578
0xdcdc26a12057dcd4095a9e3516d48a6408c8fc65,8979.165263588999
0x609d9660332b2166f31f18f34dc5c619f419b6e0,8971.596010211792
0x5156d70df13109331f84888e060ebd96f3ef4026,8961.606759017566
0xad63f52b0fd188d6909668d775f4773d25b52bd7,8958.724877989758
0xd76d921dc3c89e4093c66dc82f1858fadfc884a7,8941.984454717847
0xffeec52353f2d66be7ad66736d9435bf4c8a92eb,8937.803171889285
0xd109c5d4a0b0557f4418574180780d52cd0793fd,8930.294183407339
0xcd08786e4f92fb6e1b3fb6dfb529c74d3f803498,8919.895772834196
0x968f4fa24b5f393b1954b4d7c3e7cdce79415fd7,8918.035511933269
0x608d5085589872ad058b4c657e358cb4f6e3123b,8911.422757352171
0x0e5f3d7c9e8564753df16d8cb05cf389985b2cdf,8898.201264616777
0x20d2c17d1928ef4290bf17f922a10eaa2770bf43,8897.91634654663
0x85aa2448b4490127fe11289cf063773230993d3e,8897.17568534443
0x7140296b3907422421748967268f961ce8bf215e,8896.649333557918
0x1d2fac1f1e5e635e22050f3b50658b8eafbbb9bf,8895.578883660864
0xa9c6b614fa5503bd12e037d96fa292e4e15bb123,8892.202174650183
0xe5009b028aa21aec7b9086f839e428aa77b71c54,8890.448261912132
0x56820f78efd1061d174f7a460cfd9d8e4283069b,8881.734049322908
0x1aad08a17bb3e6e79f54834590a9db477ca139bd,8853.76396128395
0x3185626c14acb9531d19560decb9d3e5e80681b1,8828.646285499271
0x3b6dce2de2b52d1b33a8bc5889cd683a1c29eedf,8823.875982289472
0xba25f801e4e0c4ed22c9bcfa45da28daf9286689,8821.402885027257
0x16560854dcc2904f6d49a1f5c462cefc0b0648af,8815.475354252956
0x73d87440de96957d08b4dec13107371d453c069a,8805.519502832236
0xb230a62ec75de2c361c1e08fd26e705e80f4cd83,8803.90434059143
0x0477e2cfaff1664239355ba5cb3c145b42f67969,8801.710942809128
0xf7ae6612c56de3f52095731bdffeb22e64de70dd,8800.944019272194
0xfa70dfa5f41604844bf2352d29ad839cddc77f8e,8800.64865556375
0x6a000f20005980200259b80c5102003040001068,8799.041960569368
0x6060ad7b2abb5716adc82c669353e5c5f3b9fb4d,8792.78186191652
0x0b69657070571f8f9987cef93b77faea852f51b8,8785.155162692188
0x07587a22b0136562193aeb3dd9de9f7af0782026,8772.834933925642
0xa963f3c2d419bc7efa6ddc0eed4cd0cde6a7e13f,8769.296841590318
0xb69ea54d402bd4589ab98dec68bfe29d586b6906,8759.293081457761
0xfcd3b1be350c61de881ac9c636a439e5a1bc4696,8745.135129581766
0xc1049edc8bb7a76c7184c42c14957fbb47bef3a2,8735.693348786219
0x54ae5e4627a494045512df8a3d639d677493e2f6,8728.007669025877
0x1533f61facb7cc3a632b12ea9f55d3fbb57309e0,8724.365782387296
0x4ffb974931b0093791bf8889e17a6cd0465dfc78,8718.335482918472
0xcdc36b886308f303a9f8df68830f3542eb37d2fb,8704.017349047856
0xf7adedbb2adde15a816ca3f8a0b5d1fb62d147fc,8703.694804610774
0x44bce2cfc7d024adaf3c4ce2fae4b0f52024ed77,8700.56420380334
0xd4acb4b634990f95a794cc123fa86176408f3dd2,8690.683075470379
0x3a08144d5dd55e7d8f6fc8d8e9c76c74bbed1729,8687.492228432375
0xdd1f66d14d1c7e114b2cf06da92430e92d14334f,8682.523951460418
0x8fd83d4065d249137ad4f83cfb8b91e47890981e,8678.488739
0x4f719d0883782fe63b59e9392372824795c37e9c,8656.899292506916
0x6088d94c5a40cecd3ae2d4e0710ca687b91c61d0,8644.611743532294
0xa759ae56db0bdd940163a18061218673bde8e519,8631.057103457631
0xf0f14c009f90d127a4842119c9b13d03f1f8ae09,8606.819499977124
0x0efd109332088b1c78977a4a5ed5a43bce858441,8605.479274955052
0x262faf36239baa6488c116f273c9b98a1f117ad9,8583.485694912719
0xf7c074266e1355426dde6fd95ac76b01c0873df0,8574.486695
0x21a7afa9f7e2d48bfa8e8f384d77f3b5c19a5add,8567.602345244328
0x76d8938c96e8abfb44db042091131b7e9a63189c,8560.339949055073
0x89d2e67b5299afc93d1dea4c81fdf6d7dbf12abf,8558.14058966469
0xb1c05c9d26874dcba27bdafe835a8fc4966d4165,8547.205256285186
0xb9ee6d2c750f3287fad721a454f7a64fdfe9acf4,8542.816580519126
0x1277a33fbe93e010c1edbb6ef1c3a3426210ef52,8541.877459011643
0x345bec0d86f156294e6602516284c19bd449be1e,8538.719975105641
0xdd642273ab88e5b4701b0bdf23a47b9adb2274b3,8494.714333353137
0x1993577b175815b5c0d917e1e98bd9f51a19f802,8482.937794587235
0x773dd321873fe70553acc295b1b49a104d968cc8,8455.29056192271
0x06ab2199550b926f6c88b5c7fc0280859eafa353,8444.436603485061
0x51c2841333fbbab53b7c2c442cc265bf16430d6d,8438.874005800366
0xc756bba710d45647715079ce50aa16aab36ded42,8425.188075142081
0x32c6d4f8c4e905f0218d2e8dca7e56d3d0acff09,8418.935259593927
0x1e1fbb2ad02f8b2a8223811d6a1c1f3f746f5949,8410.318510366584
0x7df301c4529c58546527f5b912c74ecccad0ae2d,8387.649622328265
0x5f094191ddad05c5b6ddfa992a4f49d8d679290d,8376.23352438739
0x9d87494b184286986b4358ce9217f98645ed3418,8371.706861394783
0x34e6fd53c6c10141774a28de9520e21af6274d4b,8366.89387921133
0x243f9f22d4cc14f722ec910c2ec1234da9dd0cc1,8364.723905902008
0xf3b675df63fb4889180d290a338fc15c0766fd64,8363.969348988157
0xf5bb54af516890d564643ba16c09117fda5a98d3,8355.68083914283
0x3ddf8f1aa0595bd7e78513fd998a8321cee70832,8345.190091445758
0xc02d0fa00c0bec48186026c71da2e54ebf680139,8344.631994088695
0x092328e14fe3ecd53d01e3350907193e976c57ab,8339.398588707601
0xe96a90f2ac7934fea056f605f2128c1fc1d3b55b,8335.955502
0x00f2a9135f69caa28d8b803c78ede775a360b10d,8328.258964215394
0xa1b3b6444384f7f7e2ed7ce90d196de30d68814e,8324.867860118316
0x4c724db7d58c430c0738559d2d06111f63a852b0,8318.054153539992
0xae2abb1c91142420f31f112d3facec382804c6b8,8310.395952460258
0xa84f487e87425d3529143ebf966a3dfbf46942c2,8307.445349250596
0x4376ee6c900e570422b7cedf54e7e3da7e7d64ee,8305.522839086481
0x8d6a1780709b49e38fa80288a3090eb8ad8dec14,8279.544567075764
0x99dfde431b40321a35deb6aeb55cf338ddd6eccd,8276.958752757067
0xf5906bfd9406c45061dc67f774da440d169b84d0,8266.990283773328
0x8fe15be3aadd30f78752001e6e38b846f2d195c0,8257.668004076817
0x2a93167ed63a31f35ca4788e2eb9fbd9fa6089d0,8253.159955410309
0x9b9d97a9215882f4a68b0d0d591d5aaeb29e5e47,8246.583603935822
0x8e4318e2cb1ae291254b187001a59a1f8ac78cef,8245.306701427447
0x26a4381407e4a189f49f35068459dc06ab4ed3b4,8241.716
0x0c8f981efc57a1477db1e606a48630789e921b42,8238.010385854466
0xadbb996193f594c9cc5117650e87c2a84f000005,8234.589928936119
0x14de8287adc90f0f95bf567c0707670de52e3813,8223.356686169009
0x203b7c6e588532ae04b95509f2ff7c6926de1806,8212.146316399587
0x56feaccb7f750b997b36a68625c7c596f0b41a58,8185.9655611922335
0xc9902c52f05a5b7424413672b40dad2c8eae803a,8182.05946862961
0xe471f93c2be15b64e9ec63bbf485446cb934e8c4,8175.935790907081
0xb65859e27e7bac92f806c04258372e3be314a502,8168.461144143088
0x9c7793a009e9534b064acb581b5f5d7712bee353,8159.46841395224
0x85503c60a699a518854385ca59f370d17722ebb0,8155.397754499256
0x90507199cb03f98bf599d6e92921103bb70b60de,8151.232107
0x85611e73a4d6ef11dd90029b7b0606714775ab72,8144.68588315608
0x9c0df79f119be0fc4107c6c49d8ca45e587b1a1b,8140.443998503008
0x5d6e061c5c3c700d374b84ae17b70eb9cf531a22,8139.130922692226
0xb5918953e31b8c5b05147094a237fb7aeb68b7bc,8123.792493808767
0x5d8a31269a9f3336e3f23de17b2ec7393bdd6916,8108.229088856142
0x41f4f49f59468b29affcbec323edac5e4fb918b7,8104.445708375633
0x4610c8575bc58bc3cbcada26292876093923a3e3,8098.248312403584
0x7c72445127e3b1dfd7ecfbf7988c8e9e82718b65,8093.337770300717
0x89d5f41055a5eb0467ea3c736348baca6599f4c2,8087.7041600748535
0xdddecafb01aa1cb141bfde50e591be5bc721816c,8076.866483448622
0x020e6d0e80d08567ecb14f942fa326748407a845,8068.5860586844765
0xa248941e3c04c31b979c87794518adf7b2021402,8052.0018964464125
0x5fbbc3380dd9f7253aa10838dd641dac8242f817,8047.455967485743
0xac69cc4b74e3b802f56e4fbe943db60e437400d8,8041.837409252426
0xc6562f56df9558dfb04d711839d0acd77d662145,8040.108178085767
0x2f55d92953faaa77c1352b6378f47e73006f5b93,8036.68560031945
0x830d5ddfb7b988b5ff1b42e6d85430c753c4d096,8031.46189914681
0x678e01914438355375df6a8f90ef737203ac8819,8029.025377192616
0x8e6e4489fd8d1f6cc65bbe905b7f240f16cd6c8e,8017.091648554557
0x2e9321fbd9e852e5d46399a2236aed9c52697952,8004.226813772701
0xa723663732358023c980f3d3d91c4b80b4d93214,8002.122618422291
0x2d6c94c97f7944b35372270339d9f944cd11b2d8,7992.340178662716
0xf2a56a42278fa01c2ee25dce1d95b7f1b2b8784e,7984.46906170294
0xa7bc6c09907fa2ded89f1c8d05374621cb1f88c5,7978.074262983356
0xdfe12fde2e543a14d26d57d65d3d8632b86d0e6f,7971.31550822818
0x1a3fb049c2d88a16b927be6a4cae48ca38d93d4c,7957.761522039256
0xfa01efd99fa232329ac0a57bce1118379b80925e,7933.174728913431
0x434a68f44bd1a59e3ab8db0aa8949e1377a8c1ba,7900.51864545075
0xf5aae5276b1ed63544edb779dcd7e449a7d8017b,7898.771061424491
0x04571c32a4e1c5f39bc3a238cb95b215058c432c,7896.348859941769
0xaaeeb8e28e21238a0873ceaed877e0a7fbf93cf6,7896.031595055402
0x7270233ccae676e776a659affc35219e6fcfbb10,7891.589724719585
0xc75cfdbc96a20aac24206f4545c2468bcc72033c,7887.3748529345585
0x03c10690f70f0950b967a428f64bbda122c34fba,7878.600692637363
0x0e3477d32c03bccb5ad7ab3a65313ecc0a93c033,7876.293724528862
0x4bd3cf2b49ebaf57c95cc1ad8ddd83baa1126835,7874.069208049369
0x47082a75bc16313ef92cfaca1feb885659c3c9b5,7860.395906268963
0x2ed7b9f472be4d0a5a0a3e6d2f8e7deccf7dfc9d,7859.455342869662
0x6fca22e2f44c0d09ffdd10e6cf70df6a8e283778,7856.5996
0x39736f27681c28710f7c3710acc2e414ca065aa4,7855.241999169924
0xbd7f4cca1c58eb370203c1cc990d33bec215f7c3,7853.232490986591
0xffc9efd66926e3023a4cbd20145ca48f52dff2d9,7853.154675079516
0xe936fbb952d0ce290f831df9acd37b53af0b6566,7845.638494439939
0x34a2a52f265042bbc91e524386a4fcaacf36a6f5,7843.906113692337
0xafa7a9819fa00b29a41b7e535d310f075fd79db5,7843.728292885953
0xe83652a9fd663b0fc91c690500cda07c1675030c,7833.592671136237
0x8b65f72b5c3b1822d722d4927eda34f7efd8c7d2,7830.270159240326
0x1ee9c46c745f06e9e4bf9630ab138fe3fbf12f6d,7828.342731087209
0xe24e50f4667f1df7d95348a254c84e1e505d0cbd,7819.006602715773
0x868da42bd9fe049172a8210918922e41cdd1a618,7817.369284202997
0xbedf43fe5df23e163e5a844c3f6fbbe4d77e5113,7813.417253425635
0xefc19ba107bf1ce57a7ab5dea228fffb899abeb0,7810.360208066897
0xa8854439c8dae6b56e2c72da6b4b1ae098795caa,7798.9631065902195
0xf49c43ae0faf37217bdcb00df478cf793edd6687,7796.0503914307665
0xe0033fa16045375c21890dcfcbdb25b05f59831c,7792.257624341192
0xbe5d4bea755db30b68c65ae5d74485989eb5b87b,7790.729172731841
0x004375dff511095cc5a197a54140a24efef3a416,7790.257205140099
0x99f22dc134dfa95e57e99c07290e958eaa1327c9,7787.858509296996
0x30045ad74f4475e82dcdc269952581ecb7cd2bad,7786.909398334836
0xceee866d0893ea3c0cc7d1be290d53f8b8fe2596,7782.353338146025
0x31c74380fdcf6b7d4dae73102b5fbce94975fded,7780.696523825942
0x052cea5c8bc91e204bf1e686bb91f25f66d831b1,7738.321353821425
0xc40d16476380e4037e6b1a2594caf6a6cc8da967,7718.390069730442
0xbde666ec9858cc234139dee24c807240fea55b8c,7714.15236935412
0x490d4a6679b6f78ab2cc761ab8d3e41edc4585d8,7713.673498797911
0x9e5f2b740e52c239da457109bcced1f2bb40da5b,7706.043740977673
0x5f6b517a5ed13ec1eae4df0de03f7911642c0550,7689.487432901073
0x18f20719189dd8fbc45c0e0900d651b40a4460e5,7675.094798571229
0x719925415d748162f22a787bd25819b4955f092e,7663.062582481681
0x1f6386ded1438212416edadc4eaad9dcac97080f,7659.45867
0xb3f39c3108cd45e1112d8bc9ae3cd5a110a7cebd,7658.970614023379
0xb2fe504a05f02d8f9be4828e4e3b0810fb57f1b5,7643.0885183654855
0x850e09eff92cb8a36c3a8e0c808e2d07cd8744a0,7637.892525217487
0xa3c7d9bb879860bb4dd701e82bfe681498e38aae,7637.517799629668
0x1eb86c828e355e20150f120656327f49642575b7,7618.202299506207
0x50fe1432a9127b25d81ba12d739b744f84111134,7616.368764296008
0x842018b74d27fcc33f476a960f958db939218364,7615.578440821145
0xd99034942c4a883ff3ed6cda6c91fe505a58eb2e,7615.2901402620755
0x9fd736df813886d7dfa2521318549ac8f61e070d,7610.204101114188
0xfaada0cbc49670179605d68a6f1d144087df341b,7590.35195
0xb617670bc253283c2ecc21f22767237d2b4b19aa,7574.869725750543
0xf6df7870940470a60512f7ad5d2470a0b4ae8de9,7572.6601342453705
0xdae6e55d4aadc3cc7dd35c3e23245974535bea46,7567.131973273519
0xfa7d7a0858a45c1b3b7238522a0c0d123900c118,7561.211120589822
0x15293690b28694abea4614bdbc5258dadd4469b8,7557.207488484178
0x1c3a986a0314e4524773c94b89dd8425baeb8176,7545.704135788764
0x152e2502c22f73a7493df8b856836efbc69e3718,7543.400477281033
0xe56f841958fb2838eccd9efe1ec283c449b2db08,7534.941745968732
0x8ec3a2cebd06ea51a003cfd5b4d1fa95852ebe81,7533.947334542561
0x7836b563527bbc70f2428d7feeacbb6890537764,7529.9104079131885
0x7bdeb22b6ac08149e5fe847daa04b9e4ba8e1c85,7528.29513902164
0x6c2348deec1508724c0207a84d21cc5ee88231c8,7524.899719962294
0x4a2987c255ad7f9409c54a4fce7823441e14f08b,7524.230781326454
0xc9a4ee825c558d4cf5057fb6229f122b33a224f2,7515.0189042251495
0xb547cd7179853b92268212a8143ab24346436fb7,7505.871394745871
0x250f8a84401732d60e89fd45b991e76936ee4d82,7490.359543006551
0x1d5d2539a49154c5659737151f53b21a98b4834f,7488.6656526877905
0xdf17f240c604aa88d2e84c33d8f4c52e96f85685,7488.645739846093
0x554ae5330b61e9103fa65b39ef70b74c2a1c6be8,7486.09952390999
0xd9a1df87e01b31f1154f788041625030af1927be,7484.446203459474
0xef20f35d012b0fe159c06b589a43d5055cfe089d,7476.233760071222
0xca7fcfbe19db5430ecc01e788f63dff45c59902a,7468.223407250682
0x659a9a43b32bea6c113c393930a45c7634a242d5,7448.018655842706
0x39c9e3128b8736e02a30b2b9b7e50ff522b935c5,7436.829517604703
0x43e8b5f3f30d72dd0a4c4c02815687744a3daa73,7424.644815239237
0xd2013d0c9d2bedb6ea7922fec164aa02ac59abce,7413.69372773518
0x291db2c056d94017e67725e5133528851a156cd0,7407.65139407228
0x03fe4665fd9681bd0885b93c8e6b569276f8ffa9,7407.421569643593
0x5fc1094e0d633f83b2765038dedd598c1a66f971,7398.988844369646
0x4845635180a3e5553d3eeeafc65e24af623f9ddb,7396.705588198073
0x045daae21193e493d2df6f4d51501dc425324673,7384.682946648452
0x85ff065c0b49a1bc3979cbcbf6a9cd82f31db5a5,7381.411378753046
0x898dc6b6c777dbdb6da8edf0d291c060cb5374d6,7378.851218350587
0x9fdd7f845baca6d71d93f1619250c6f0b7a58842,7358.080417705318
0x8cd6c8c449918d92d2ad4658c32f2e2ff1e7096d,7351.900094846202
0xfed7ae546d05259c78bb048c2af2792b0d60dd52,7348.906463602972
0x8f857674a2f7040cbbe0fe96a59c5a93a48fc085,7343.75208135076
0xce691914d3859b523831743dc099ff3bf5feb6c9,7343.460080000357
0x43eb2dd1723858cd7bf981fc4332cca226daf6ed,7338.376540111505
0x2f74cfb2cbde80251de2c053303a4bd25cdf8ce9,7336.090579150181
0xdf462874ee43069f940265bef5b0b52d42b991ef,7330.137130714545
0x78e719632e964cd3caee228a6f4f3519310e0063,7326.614533070542
0xa0b0fa8d26f5510eebd1a2c7ae8edbda5cf5eabb,7326.512886030641
0x9e1574e88635ba9c5e4a5cd7effa98630144de91,7325.016715907086
0x9fd54fe0d7f2e951f1ebddfae1369f667b068181,7316.856382709382
0xb70afb6ccfe5ae52b6a6bbf93aa4bbe69705abc7,7311.204873112292
0xccce04c5c78c0ee0de76fb3cdf73c74836d884c7,7308.926010846233
0xd7ec40cccebba8a67efe2e7ec86fcb24654dd43b,7274.3081465518735
0xf4f305db3a9fbfe18601f042ab1b964daf836c3d,7265.550444617602
0x943f536c0a42f6195bf050530159fd47640a8abf,7254.5668627144905
0x406e59c31e3057c2890d33874c7a5e869c4df6f6,7241.362820342762
0x1f5a407dd3eed66cd872363f1ab68314734ac5e5,7229.635732662481
0x2530ceff321206c0331379b69d565e6d60faba8c,7222.232700873297
0x87483f8aada48b7f7efaf80d8216dc5cc2ff7661,7218.701171246404
0x6ae790b68517f2ac6c30b557107ad17143c50e78,7210.159723464023
0xfba31f01058db09573a383f26a088f23774d4e5d,7207.091328089576
0xa0c09ca681a27422c1d9cf68d1ab21108fb073f3,7200.652413221274
0x8c56ca4f7eb12a7c217bbe36cc427a9dcb66f590,7197.892652788165
0xdb366862f7c5cb8a59b8a7014c63f632514e9521,7187.205414641125
0xc6a3fc36471abd445c9921dde9c4003dd270bc29,7183.123106725925
0xc68d3ba67e2755c9a2f46a0b51a1694ef53c0ea0,7178.992362600705
0x09ab6b615f56cfa3742c109d2d6659891f9e9668,7169.988857282132
0x3763971bbd0ce7dfd0c1280a0a0634c451cc8321,7160.0660043149055
0x14283160198199882b5502f3316db2618baeda8c,7158.249317793532
0x4ce3687fed17e19324f23e305593ab13bbd55c4d,7150.972149221727
0x9e98deac1a416c9ce3c892bd8eef586f1291ca35,7149.537825631709
0xd71a4cb350d5ac4b6da5e7f8dd13702dc2a813bc,7141.075250565179
0xa43c42cc6857b1df8b91a85712635dfa45dbfb86,7141.072335112779
0x6d69dce31606abd62c58e95ba984718eebd540ea,7133.624870276746
0xe866530beab9c2d1460f138e92d2b83d8db5d8b2,7133.314008031549
0x0a9a81a28eb946bd16ec95eea5b6839666372020,7129.9913628418535
0xb5ef5f93cc71098736186fd33b995411671935cc,7129.730785561221
0xdb3511670062f8b265790cec28b02bff26bd5d86,7129.078875491772
0xa3de460e3059525334cb57e82cb4bfde392b8900,7124.647434570188
0x130f4322e5838463ee460d5854f5d472cfc8f253,7119.911037456128
0xf8a896d1371dba46d6c3889a56a738f71efd4578,7118.672724504164
0xafc2735a361f0be4c81b48d7ee609d877130a16f,7117.167133965856
0xb01cc2918234ec8e3fd649df395837ddc9b88353,7115.111683204708
0xae396ff05069de0821a3c7ea95e60d887b59bd98,7114.99013944136
0xf29450019834d7874b4e306275c4334326ac27f1,7114.633149034822
0x7cda6e3dfa4ad88198a38b4bc9fcbcc45bd46000,7114.588628581924
0x2ac81052aa940c61178a612496528a2cbed0a800,7112.3994235855425
0x1e11fcab5bd387bc783f3dd03b379402ee2f9e06,7109.405752892911
0xfa97aa5002124fe7edd36584628300e8d81df042,7100.041819500959
0x62970575502f4c7583f6d77e5c6ec1c740c36368,7089.88552906427
0xcb37089fc6a6faff231b96e000300a6994d7a625,7089.6309259279315
0xcfb26df385d790aa7e417394ec1196a3bd56aa8c,7084.139387950618
0x3af029b34926028d7ecd4b870cf096493e18f6d0,7074.949709343555
0x80d9638ea324d843fd6df717d270e0a809a44331,7065.641909725787
0x876e31e08faa5f69122e7595b347bf3fdb73946c,7040.068421417295
0x5171cc5b3ba8c8460f2e786bf04a25eaba075286,7038.812272661355
0x303af49891f02549e080fd7c06bc3d862b2ba3fa,7034.893044579658
0x7054b0f980a7eb5b3a6b3446f3c947d80162775c,7034.286489608956
0x8824d47e0af318a56e7f9ee17f7fc2dbf3471e6d,7032.953441823608
0x23655ec96b201bf1574316783f3d943a955ce5fe,7031.086802156489
0xd99b6dbf2e01a0aef308a8f551798d8282272b2a,7029.886160229475
0x6e7d812e1c53ef2e98f7bc1ec59670c8afbdfee4,7023.67895
0x5013c685293a8a477bec515e0196476690277525,7020.124952568329
0xb666153f81b187192303f9dd6a221ff02dbe85ae,7017.610925884569
0xe929d6b469e4ad43606f9b096804e92bc92f8893,7011.468731
0x3aa370aacf4cb08c7e1e7aa8e8ff9418d73c7e0f,7006.698272184231
0x48e5a89d1579db072c95f886506e69851f251e0e,7002.557130965922
0x101df4444b42f4e79612802264338a6843810d5b,6987.913313999999
0xac1e919d2d0eb93d429d6abca71415024a60590d,6985.399975135482
0xd3a4582f2f672589d06732d599a8b41de89e1160,6979.974473779494
0xdf5db8f397d95cc040e941a79c8f53a218fb0d52,6966.885156315761
0x59a615a3ecd65267306ae29b185887dac985e6f1,6964.380954
0x93b012ee7363f60a0ac19044eda8c94e41970c56,6957.421956024458
0x60d510cf6a79b3031503de27cd52d2b02d9007a7,6946.3228044277685
0x6146be494fee4c73540cb1c5f87536abf1452500,6940.075841053149
0xf1bd495819310f232435b43237db17ddb09a5fe6,6935.45493165139
0x99db09e7ccbcdccdded46c6fa9eb1017ab39c65d,6934.57576167398
0xc93eca5db33e540e63fcaa70292f3d806425dd00,6923.74049457218
0x40182a7fd138e2539f03a402900bd9e9e62f7a5e,6920.084225251776
0x5e3cba35a3c6ea10bec1629efd5b29cbb30ea564,6914.13213124306
0x8c13d5a6635216513ebfb4483397be14d494ad76,6908.661127067908
0xc979f10fdb03d60da861e874ec0edf84a50fa65f,6906.870532886099
0x1265014dcb775588b076119fc62538acb8e10ab5,6905.107775314779
0x647035e4782138c4037e544d94ebdb79154f5088,6900.1879574811355
0x7f63306a62c345365881e0fff85cb2c8baaa13d5,6880.222897835209
0x7818a7e2ab095a15dcb348c7dd6d1d88d7ceabfd,6854.508159556398
0x6cd7301d8366382198e2ab7d3cc4c6a74f3b4fc8,6849.604182571242
0xba3f55f6ac582cb7dae222dff4ee4c1daa53be73,6840.31833528057
0x6ee4722d9b32b35755e281dcd92bda7cd71551f2,6836.338376629177
0x184c33b7b1089747440057e46b4e2bb61f09bc8d,6831.137768916252
0x31861636f7eaf26c639c7e2fbfed258e760f0f2a,6827.448101905796
0xec2081ab72cf48a2e85283fd9ad4c411b2fc651d,6807.003511274123
0xfe9a776154f30281517d4f06578591911906f4e1,6805.3022202975635
0x96842ece8aef13dd68da02ba6945d73c30aca1ca,6798.118927305697
0x86fef14c27c78deaeb4349fd959caa11fc5b5d75,6797.086166426044
0xa1f967f25ae32bd3435e45ea8657de16ce5a4ae6,6785.792713647857
0x8e001d4bac0eae1eea348dfc22f9b8bda67dd211,6783.658819518861
0xa9de9685d373763b424d42a9b01bb87999e110d9,6769.25544275112
0x349817c1a726f8b87b9d034bc4b70384ed9a3a3d,6768.27588734034
0xf94f040ad12abd0b585eae84876429715bfa82d6,6768.126103143407
0x380f80520ed2fba5d54a75a6fd5605db240f099b,6760.355055902838
0xaded74c1a6f2983310f8d64e6c12ce33a015992c,6759.074139554517
0x1fd5bd0b8c408cba03fc36f757d186cb8c237d77,6756.059564023368
0x8664b7483ac3af8db8f192cf099c5cab278fd847,6747.484256112826
0x2e05690f0a3c79e6f1969351b1caa2f1ec27a204,6741.282899313668
0x2ea2eb8f9a1bf17bcbf2555536c9d1e24e45ebc0,6736.48536110915
0xbb5a8cbdd988e066fe22186675e371259095476e,6734.888138385506
0xc6dd99e3b424e29ca80409cbe2f79546b23df75b,6734.760426513831
0x3155acd9f75915fcc21d34035f440da7040bd3ba,6724.3993013838435
0xcbc7e3674f2b3508833317cc4a31aa5c0fe45e09,6721.397966309016
0x5de2f46b3761c0318dad2e5e438199f5e5227aa0,6718.06
0x5b9aa3e3ee65be5412bd06e48196af332acab963,6711.34194
0x9d0beec8d63ef6484686d1f8470be62a210b7dbd,6707.292731326198
0x8e81015efadfd08142174b60585bd9909877f082,6689.161461598301
0x4fbca6eecfc019404974c714fd4bf877a9c1d8b7,6687.346482412658
0x4b60f256a1ab055a413034cd7ea0fd5ce063cc9f,6682.800218971058
0x422a29a465e4f8acc85cee8e0c7058dff28e7196,6676.66264411704
0x3fd595abefeb80475faa9c90b525802455417814,6676.60865236805
0xac5ac3ada7b587a4e03e26c35787115bd2015db4,6672.66395371152
0xf1ee7348e45ef0e838c705c2eece6d414d4aab3f,6666.936677931207
0x39ea0eca63c7dbe2a3baa057c0d2d20bf90a29de,6646.670334943995
0x188cffcc2562b5fbe87e8df1a03d0bdbbb09af8b,6646.446677079262
0xa60fa9a27232cd73a591372d72ecbbbf7e9e0711,6646.30386952683
0xa32523371390b0cc4e11f6bb236ecf4c2cdea101,6645.249969361004
0x07c431ee0f941769fb359f8d9e779ab6740dd676,6598.6102342126815
0x03a86da24f980cfeace0898883db181c74be9c13,6594.038013923339
0x71edf32bfe131a79f43b7f46b2412a19851a36c0,6592.04463409922
0x4111d9da0410a75571f1b18402259dd829d7f08f,6584.894913710165
0x47d02592ba6a227357b0389adfa3ec5e7afa54b0,6584.404062092197
0xbcf2198d158b582004ec9f5606ebcdf8c1deeae7,6584.004900000001
0x8bafc89114d5f5b78806c0c84e465394cb35f5ea,6583.675383594928
0xa32650483e4b5d51416c41a3870b0e4a53c7e09e,6580.41598799676
0xa52f9a31e1c3f73bad9973d890364eb44c32b0f6,6573.215871
0x71ea7413899f5f46feb10b2be3b7388467260531,6562.021165451036
0x8ae2135519a691992eeee0c48c08748390e26f57,6558.1072102210655
0x46783306e1baf18596d17c06f6e1cd848e5e67e5,6550.922030502183
0xd6e1720b9a3bce9925e29f6b05204748097d287b,6547.968777291814
0x36d79f50110b3ef24a42e149e3d7b8cc7555dfd2,6543.526420560074
0x34ec47b9499f18f5600863e46b2c982362bb5014,6536.186193353102
0x72390e8ae2540b72c910bc4c5ff8a20e4534b32a,6535.003863027966
0x17c1ae82d99379240059940093762c5e4539aba5,6526.1803784364265
0x9f2ebe69a86c079f3d4c3b94a11932b676b72f74,6507.5537792284085
0x8486c538dcbd6a707c5b3f730b6413286fe8c854,6506.251924694684
0xeee645ef3736d63358852dec46be7cda61e5aeef,6504.614994841614
0x8f1b19622a888c53c8ee4f7d7b4dc8f574ff9068,6474.342831261621
0x761d3c8b8b08b09ee97a1a0acb6024dbee8a2cce,6468.405663994082
0xec2061372a02d5e416f5d8905eea64cab2c10970,6463.5504281459835
0x14911d3c6294c1fc4a0d685cfb265eb6342841f0,6449.613231526371
0xca6cb5670f92fc3c16a49b65eb7aa9d4b485e513,6439.076742116407
0xe29f3fe3ff189d0d88557edce2b54839a47f20b1,6437.860289447763
0xc76225124f3caab07f609b1d147a31de43926cd6,6423.969512692381
0x21decd1860904bfe66b56a82546ae46146b09755,6423.526956381677
0xb6c0c11a34b7fd40a965af442c8599544b186d6b,6423.213077863578
0x7e633592bc9207ae1de8bfe2fac0093d8ff18870,6421.071790719635
0xf898301c2807e99abaa39396a696d1202122d23e,6415.216209210811
0x31a6654bde58bce2b437396ba71a0e545198cace,6414.800537806001
0x08999d312e8ce45d54560f6e9326fc254d275ab8,6414.014195654498
0x5f13bf37407c7c79e0bcd39dc220e176e07443e2,6413.451219791857
0xc2f02caa6bcac59944912a1446365c4d9c16cc97,6398.484391655533
0x4d8468bf12a186fd4ed38110374b76abb1c91a36,6396.615238818692
0xe3cc21af229934034b320502fa55cfa1ab7b1493,6389.944402668069
0xbb2b8038a1640196fbe3e38816f3e67cba72d940,6389.060247365214
0x8343cbfe85c3cadf76c76d15b87e18e89435fe4e,6383.354719237235
0xa66241139fa40fb229c87957e0dbdb079b1d0108,6372.0758155249205
0x3577a1c40ab3c4de74cbd370225424617a0e6b77,6360.094405493428
0x5c2b3edbe845764b99eaebe87377f1f9d27d2a7e,6359.863133664011
0xe6aaccaf8e2ea9e6045ef7447d804634d38b4a14,6359.352317239156
0x481b487ace69d9df8d9cdfa81666c8cd60171f86,6357.593078156782
0x72878a150fa2389dc127f86e12f9bd0fbf3c8cb2,6346.768612100715
0x205302b66afb13b04e0e65bc3548dfefd7d0c585,6345.325318447634
0x114f287efafafdfe99f1a56ec8f2ea30cf6a0cf6,6336.265165844844
0x54323522ac3227e15261dd03d1406e490ec28cf4,6328.640086162924
0xbc38ccdb8c84f6fddc74e43ab3b3ec82c1902c59,6313.61909403049
0x46d19aa54e1d7eba084a4990858ac0bbd1fb9284,6312.755464054207
0x2e29f8b0d9e798d4c093843ac35a5f69ecd96748,6309.724199631673
0xa28a868f906ad7da1d97d2460e0eec939d6c3280,6307.489296814472
0x3193c219cff50f746a680dd38fa78e1c6e0b41d0,6297.271848914489
0x4bd28d37f2a19fe311fd710f8a7b28939601a05e,6296.0399763652695
0xc625e689457092042ac8a4d5145f42df0745cfb1,6295.393973993704
0xd4af6612591bc82cec560e44d202cdf44f86f9de,6285.419513587779
0x1e933695b4be2834d4e4c8bbed4b63ebce7ca411,6278.0124765774935
0xfed97ecc13c740666cbc59679a38b7b8f574df78,6268.3243303096315
0x69141e0f26cd369ad122545097d403f5c00c7953,6267.402748376449
0xeb5c52e8af57334fab0b5f3d888990c108545527,6255.121910059945
0x0f337c77b5209ba363ad821ee5b0d6db4964f59b,6254.6502082341285
0x53d5b1468775b60d6e404cd66516b35e157c0ffd,6250.065619771154
0x999f1cfaf1cfc2243c412eb88a2bc31176185cc0,6249.436
0xd9fcffb56adf85eb9cd7be018462331d6dcfb275,6243.535331421536
0x75ab076a00d76478e5fcc21cfd95113802f06d23,6241.937766083095
0xf6c4e4f339912541d3f8ed99dba64a1372af5e5b,6241.364350046111
0x6bdff5283b97cb1d870cedc03751d1f0ff8b23d5,6241.025684649216
0x5b12743b3cdaa5e0b85b11438f1c01ae6646e740,6211.705785785505
0x15d12305d0f57c99d947e66d4164094ffccf78fc,6210.065366211212
0x1ec9b867b701c1e5ce9a6567ecc4b71838497c27,6207.381580332094
0xaf95d3a7a25f831dc2b9a6704554435957b51ec2,6203.869540549542
0x50044ef9d7ef2d4fe9ee36b2a371b2545172b05c,6199.842949971295
0x2392d7ddec7ff5d2947e4b6c5cc4ab848dc4cc62,6194.548785924165
0xb76bcf6b873cbd749854a90d477e6fe1fcbe86a6,6190.811167212537
0x6a63be37a5501dc0f88ed3fa21d3cf9a64eb618e,6189.267286633083
0xa9300634e9027a194d362f7869f2ff89aa3124d1,6186.681093421981
0x8790891b7e9b2b6d3b2c898dae22f853949bd386,6183.122165281141
0x9913e4110665f0c8b1277aaa6a5587c12c0ad208,6182.12518578921
0x18f794a33b1529708a2051906e93e701975c7d92,6172.450418654355
0xf2c58f4ee58c9ddc7de4884e02f3502a6a3ba7c7,6170.930999558989
0xbcffa1619ab3ce350480ae0507408a3c6c3572bd,6167.653931325676
0x7e7c0fc1b83ce420d492dab577605cb5908c24c3,6164.72449825409
0x35d1e851f04b874ec6eb7b0589f04686ebe64c8c,6164.689948161138
0xa061a44fab4e15d89ceebbbbf722145ea25ef2de,6152.352323397803
0xe6572124df9d0b4fbf591badde15d0c2e9c4173b,6146.395219531023
0x3787e2ba47ff93e40cc4b090c45208bc671ffe15,6145.699835811212
0x46eb50d31cd2ecd248435edcd94a6a24d78b337d,6145.4218351030195
0x9692c561ddb95d31433be6c19f54d1e2af3f001a,6141.78001718611
0x09400c5bde8e2f2e08d959ba3c7f36d514f62c9b,6137.958595599864
0x3cf3d5b9061fac75fc66bc33035803fb067cb4f8,6131.736902930596
0x4c137c88d6d5f7a32e803373a73d811167c1e7e3,6130.73390658334
0xc1241e3936c9ec0683d6bb92684cfe39a6291d65,6126.248538708941
0x9021069ce6842ac73d824941f841810e7d73f4c5,6107.933641859985
0x04840eaa3497e4c3934698ff88050ceb9893f78f,6104.699526687637
0x5be0268e8ad04dd515b82a3c960745a00fdc595c,6098.134319007266
0x66f25b172948c551e5eb5b4fd728154001528502,6097.754119603645
0x6b008be16bfd99c44c56a82087feed6f286527f1,6090.391081917648
0x3019d4e366576a88d28b623afaf3ecb9ec9d9580,6082.664449023792
0xad6b651df72b443f57b76ff79165ee771272e18e,6076.408782592484
0xc4090b37eeff584fc48c58e9d2303acca82247dc,6074.298009321158
0x89e1fc705df24c10b4b83cfef2ae0f0d9ae8387f,6071.381804543937
0xda99f4f2fe926b90f07f5f4eb0ce773f7173c6a0,6069.02578739302
0xbefdaf0d0e12e72a71484d72425ff741174462d8,6062.223938077417
0xbc9b75563e8df1dc761589444103342ec582cc29,6061.614426352858
0x98f90bfc702ec548d21b5a566a4df6853e2890d4,6059.35773318669
0x7e3d694a81ec15e56a4fea19f3bc841afe462b41,6056.061639242517
0xfe9021a8b264aa8368fe7a667abe9dc2ce09a692,6049.461438261759
0x6d3835560bd69c094db31f4a471fb947eae93179,6047.964028255847
0xd689726b6dc31d3f8619399de9d7cc9e9d4042d4,6035.963190919823
0xfc0ea12381ad3da252b8ceeee8656a81c400000a,6032.969308031256
0xae71b6f8fd1186da4bdaa2ba8d32edeb25fcc339,6031.904887488492
0x65f53f9edf81b6b4b2a7d40c3ca56054d4c93b9a,6031.366609973926
0x8b1a45eeb54c7ec9b93780b7ef56f5e629b5bb00,6023.385384265468
0x2139bad88a696254529ac22bf20c12ab8c08c3db,6021.710226084912
0x788f0399b9f012926e255d9f22ceea845b8f7a32,6018.433300890856
0xc28100c2be3da6bf6eda0b4747391d02af352f80,6011.5434469579
0x692bb5b14b2ad19ddda0034986d3c6ec221ce3a2,6010.030772924615
0x382b39c8002d517e94998981cd8a6c136f0bd7bf,6008.548437099999
0xec463d09996253ae012e17545682e5914c4f73c2,6004.221299471412
0xe72fa7b3d7c7d988f889a6d5df9f7ff9032d1afb,5997.5221123424135
0xd0487c9cfca7854d2751098e3b91266dc169b973,5978.827273763353
0x0648f8e88dbeea37ae967e8621818785cc324140,5964.318221017684
0x9297ad9868c397bcdc67ff73a6598a983a9c409a,5955.108359560208
0xe7f843b733bfd80ed28fc9053dcedf677b80ee34,5944.194292387545
0x8192d5254284a14d85a58def7cef5b91bf247cd9,5927.505486489309
0xe10bab94fdffc98097f96e293024a21239a70e4f,5924.3328573
0x913f0d0db0c9e701e4380d165eca0527a969f2e5,5924.133593325687
0x5c0a350566a8335a68bbbfdd2a36f4727a8d357a,5909.667041433306
0xc88ac988a655b91b70def427c8778b4d43f2048d,5909.64164179679
0x6ffd814bbdd0c7d0ab4050030f2536ec7ae6b0ba,5907.48270093145
0x0a25d1b54479e6059ef85b02277c7e5059011cd0,5900.829697281909
0x636ec0c5ee3ae41c74feda0ffb591273a1be049d,5899.418285488949
0xb87b5cb00c8263a64e5cd51e777be3f6e65643ad,5898.31314291354
0x4e1e260e571196531b6ef6586e6ec4a37f8753e3,5895.734043543953
0x6c5eb0359f104c956c11dbb7910ee777b544e332,5893.858077056189
0xc3b4acd01c91e813d49332f11c0ec294c76104fa,5890.982120605381
0xd04715386b1a40bb7afc6719ce685e0548c6e928,5885.6097768972295
0x704ad8d95c12d7fea531738faa94402725acb035,5875.744044371379
0x13028e6b95520ad16898396667d1e52cb5e550ac,5869.136383300086
0x83695f776f5c8de31690e8a54e242a4567ba7a4b,5865.482848700666
0x66efd2782455305f2976c476e85903918386b67b,5857.082727262062
0x80e9c48ec41af7a0ed6cf4f3ac979f3538021608,5853.3199447844845
0x0c3e544d6f8515cee66809d283926db74c4f147e,5845.843558857088
0x983b92ea1f0a20844466f3e4bb988c1de145293e,5845.552643075762
0x69c7bd26512f52bf6f76fab834140d13dda673ca,5838.147898112651
0xd29db5d4b0039fff1eb122da6bb28d777731e993,5830.179212608987
0xa360d69cc07f57a7d79512527ce89042ce9f0786,5829.301812000001
0x91cddc29e54bcaf986e9a30f29d20d91fad06463,5826.805472880743
0xbd7908e528341bb69006f9d9524f94b65385d891,5824.843612129491
0x37d00e9a2dad7086725643211c380fd5e300028b,5820.88828967422
0x3ccd9739f514ebf43d44aaef215c3f2e6764d25b,5815.417867670944
0x93fecaedd85fbd04ef409e357e73d7e744d487ae,5788.9741357467
0xfd4e006b8fcdb699aa5393b53a9660747cdb46ca,5765.013199999999
0x5fb71b76a6725a5021fed3766478199804c21da8,5758.688939319343
0x3868276fd6d822f0e5d1aa0588a6284670646be5,5753.958312104632
0x30ab2f9b800c55cf8cc3df0ca9edf9f59981d1ac,5752.276958833209
0xc648c14624b3a6260ae3e4be5418a4c17add56a0,5748.872290284828
0x69df8c4f9fce9b0b9923cc997e9c8d5c53c4df7d,5744.2338729815665
0x126057c719542b9c370c60f568b1abb0517e3052,5740.625610421914
0x7c19e1fdebba17f8ca0d6e23b959d5730c405cf7,5740.558016000001
0x6b8a011b3716cc18beac98b6e55ae2b5cd9b3bed,5739.943164762952
0x0124d0fa0dfb1430dfcff16ec6a96945e7a0bc10,5735.879038782763
0xa2107fa5b38d9bbd2c461d6edf11b11a50f6b974,5732.7502425836465
0xdd6e1a4e35d307497da8d5d4052173410951b3d5,5730.088024530304
0xd87ba6cd4b672ad4e2456ff93c8185f6f8d7adef,5724.777918245418
0x7948548e3bf65a435413c05e818c61b3e673ae63,5723.721488314746
0xcb38579647f6b700e967a1dd62db10bfa43c9b2d,5722.96885283181
0x270250af8569d4ff712aaebc2f5971a824249fa7,5706.486518997939
0x990b635cebfff33f39d19a15710af34f0b69272f,5684.202895056932
0xfd438bd2118e4ae20a6135f6f5b82b72193afc2a,5671.396127220512
0x43ed1776d320f8644230f6fc765e96b36f7e8cd9,5670.37889932285
0xe4c2dc9b556d45c683617b117e458d7fa91bdd1d,5669.439634520084
0xa952b43a46f7a6439f7083673b75d462e49658fc,5668.416329333664
0x16588709ca8f7b84829b43cc1c5cb7e84a321b16,5663.265554212716
0x4180fb46be2e2f9d4a94b9abd69242d08e722b60,5659.6092160089665
0xeecb57110c77a1cb7766bf77958094e63e0242be,5655.076358476239
0x7736b5006d90d5d5c0ee8148f1ea07ef82ab1677,5648.472564468194
0x414b921124fef91c812a51300dc3a39abafbf899,5646.851791836372
0xc8ea9ae5f14dc052137ad4acb172b5758a921767,5646.378181783378
0x77aa13b4614caf041342dcae858860cf47d8a0c2,5643.571951252537
0x40515518ade5a9218b1013e2b1f6387e9e40270d,5613.425073201546
0xf56d08221b5942c428acc5de8f78489a97fc5599,5613.088836922892
0xa2fb7ef382a4ca0ef1f0c1f9dbcea613853181ee,5610.069340802816
0xdd71f5e002143d34ea24696600bc4d82b904fafa,5607.793496210324
0xb0e5737c4522b2ecfec4cc6209a9cd0a324eea16,5604.181057906077
0x50a90c4045224af6dfc2a9bfddd0076a02c58340,5599.820359217645
0xd864d6ab092d528690a2b36eb0e9b64fc0edf5bf,5591.493039999999
0x24f0144a41208b7d17530afc866f5b9306d0d984,5590.643985877997
0x8d132e304d697dbec65fc41fdab9cf6404e0dd1c,5588.6882059632435
0xacd093a3e09e3d46b990e28f0b1b9f138a9c9770,5577.865961137991
0xc6e40537215c1e041616478d8cfe312b1847b997,5572.432308296553
0x281df7fc89294c84afa2a21ffee8f6807f9c9226,5570.073271444255
0xe40f64d9926c5c514a0cba558a7543152925e9ba,5567.716222761121
0x32d9259e6792b2150fd50395d971864647fa27b2,5565.2107525688625
0xa64a46fad9c12958ba6b1a563fca6c47173485d9,5564.0367645234
0x53e79ef1cf6ac0cdf6f1743c3be3ad48fa3c5657,5563.948666337248
0x08312208119e2e30d503fd975ceb7aef14235831,5558.747912059769
0xb0f41d2fdfa49e2189ad89721c8f9f8ea3f87a46,5548.182173039417
0xfddae907f5213a87cab7ce6f518f0a42baab339f,5543.379955540126
0xa7f0027ba800201579923190fc8cc116cc41bd32,5538.82955
0x127452f3f9cdc0389b0bf59ce6131aa3bd763598,5534.077456775635
0x7fc17518028da9dc5e4dcf0f46b5d129a8ef66d8,5528.378797495401
0xaa84f6bf97918f67467ecfaeb3e8b5b1c1cc7e88,5525.6043500000005
0x8979a3ef9d540480342ac0f56e9d4c88807b1cba,5525.53091359786
0x0c90a945c9126d3151b4e5ab3a4f6989ca4f288c,5524.169518662795
0xe72377ae353edc1d07f6c0be34969a481d030d19,5524.003491854687
0x5fe5ac9ab6b91041b95807b739637b0bcab2b2ab,5520.509337140249
0x924412f177fbd9be4f355310b33e7761de161acc,5513.188819271926
0x5fcc980f941a957e09a1265223aeed78328a0936,5509.419046250719
0x3bd6e44e0a6d8e41129279ecb8758e37bdd16769,5505.315336226254
0xdf26c1c5b74aedba04dc3728b386f1b3ebf0eeea,5496.990038254387
0xa0f4fb3c06be98c4b26e409767935bd51c022e8c,5482.460845670411
0x6d7824c5b5b385d1dd8d56c543a0be2eaf140974,5480.657042824205
0x26aca53e261a18537b84e7cba5c96774e5d99878,5457.19352255353
0xeacadc656c9394fb09af25aebc0897fdffe484a1,5452.3397873548
0x3654aafd6fea91a1e25baa1c44e4c2c7935ff3f1,5446.175718765506
0xae3dfc1170993310f2d84f4fb4d1aad05daca703,5442.174543690641
0xe07bcfa74b17e3b1b4048fd14dc21c876930f521,5439.262018974866
0x7773027043fcf6fc40e93f74e9c0fcefc45ead4a,5430.823940643497
0xb40ec8062518c52151b9c524c131a08e48543ce0,5425.350241820558
0x86bc978f00422ec5cc11cc7ca1a40574430cc5e6,5422.698055216391
0x14739ff9bf136155dcd5603d771a66102985d162,5420.609105170085
0x9baeef47ee2f7e6b41986eea8d2d60af8896fe16,5419.362802061381
0xcf7e21b96a7dae8e1663b5a266fd812cbe973e70,5416.854192025524
0x9f23fb66db114ba8351258b97c3dc6afac1552bf,5411.180954929873
0x21c0ed119d1d50595bc75c73937d6c2a935f1569,5406.9203151819365
0x256ad58156557605274b3392f8bfe05e1e4fca8a,5406.518629726561
0xe3a7bb15ce98b284f9c8c46f5b1a01ba7fafe3eb,5404.717123298509
0x6a6f7f76365ee8f9a5fd332af95106ee3a9b2d32,5400.105153373972
0x9caa1db2a36e9f2a06d6fbfe520f0cdc4cdb19c3,5395.993418959273
0x69d75670981e66d8856ee1d16c0f9e9341cd6758,5395.02430703
0x3df6bb62348d786a50b635b638ff99d850f98211,5390.9013708864295
0x9a13867048e01c663ce8ce2fe0cdae69ff9f35e3,5389.595873306901
0x60a39010e4892b862d1bb6bdde908215ac5af6f3,5387.19168243381
0x36708b774e902cd86ab0970b0f0cfb6c41dc8fb5,5380.061561901132
0xfde0a0f36cb869e58094d20f9283eea9e3f22300,5379.264729144188
0x94ef4adeec2766107e1c479b3a598e4057d11ceb,5374.794965320127
0x624dc7ec6a2dfed3e6d0b0b86221fce66826e542,5370.45537516942
0xd2cc51adf50ff9f774c42fc492ece81cb8c98c46,5369.853660185951
0xd45afa3649e57a961c001b935ded1c79d81a9d23,5361.573705970437
0xa0126670330da96753a2ac3ee822febdfd9e4a85,5359.299899591887
0x1e79d6529f271876d202cbb216b856165d862353,5357.2719846594355
0x53cce50d77f4e18c8bb633dd1c2fbe99e0fb71be,5354.176563419612
0xa4c13470da60e81f15d304d071a9e1168605a6e0,5348.8935625740805
0xbe44e5dd67276f53b2aca540b4ed32c84ed0e7b3,5346.42813546394
0xc64518df38f4fda631f6341e5eee096cc80fb6fa,5346.339926323176
0x8574336b78ab55fc86b570cdb8e1f354a8c237bd,5344.530780530755
0xf4ad61db72f114be877e87d62dc5e7bd52df4d9b,5337.156003827753
0x1c647cb82c4aceaff363598f45a7ad82bcafe021,5336.402873642412
0x0e938217eb28074fd20b53f3bd5f8e30ef4f5346,5334.910541948663
0x19a573b228468f3bf917389f4e2d4f2997610f71,5332.951989644468
0x8e8a11c19b6b929329a6b9f782aed5aef11c3516,5330.578671610758
0x9fe17234db85a33ba87a3914f42930aa12fb8d80,5327.608562
0x32acceb837c8f58e6052c1e235f7cd407cb07d5c,5325.25143525969
0x6ce16724d9e9f929bdc0e00bc8c1f7b47f3be7b2,5323.013574003091
0xc58ee0cc6f876a6d822be5f56d645a60d27db99a,5321.943323556303
0x8ed26a97ca17ae8f652f182091475ffa9b07b084,5313.809652228259
0xe7f70c26ac86cc6c512c9d2d84496ecdb8d2b744,5302.0823300820875
0x92830974acce4a2a3b4f535b40e87931f111a491,5299.918943850204
0xc3f6672522af5f83e613d8f1ff3532448ae69152,5298.503129954738
0xc424ce529f21fd0c65a27192454f011fe44e5262,5298.220296703748
0xae86823aee17589f7159c48196848d396047d16d,5295.021025851411
0x10ca8e43278e981af54b7b63f21815119d009228,5291.3938
0xd4292615a8e9edc07cba49c1a9cbb93b873a181e,5289.58429878726
0x058eeaf7d0b5f208fb244ecfefd4a053fa9e951f,5288.078301943298
0x98c58833efb950291a2f13978291d9b18c754404,5281.866430399642
0x5ee84bed805df225ee23aec4160cc0bfcf1bd892,5280.438359210214
0x8107fca5494375fc743a9fc4d4844353a1af3d94,5277.930144522119
0xe2dde6136596b14a236ce2c4de5dc17a6c1c2f07,5274.165895692734
0x42b363888394c09a908f650044a791156c277b8e,5271.453125294238
0x05c218a5ce511559593822e491ef57a578000009,5246.47557637118
0x8fedca1b2aa38dd751bf4cb329d2a1fc5b26e8f2,5236.6387549100655
0x41b536722c014a577f06a4bb0dfa08bf0b8f5e87,5235.859341912957
0x02688e2f9cb4f753cf1b02212be685985745cc71,5229.272797666046
0x0e7eda128b8c6053d603ce27ddda1b3722d43540,5221.776284887764
0x118dc484f3120da5f28e2152109bcfe81e5c438a,5219.838741025017
0x346d0390e18b241ef51cb5a080e2bfb2ddf8e5e0,5214.959229681426
0xce835212d332ac2615e81bd010936409255dc8e7,5213.694012572108
0x3805bf699bd26740ba5ea0dd21ad64d0b66072f8,5207.270898368636
0x0854952196899057fdc2b9060ba914c4a3dd9ad4,5196.812877132737
0x5707b9e160d9679a1d64a1a2556614656e10229b,5195.660809
0xb1eea7462248d21bf2ceb408cde85d399863c6f6,5183.313409232105
0x15b24d769f640b817cbfdb32f10b752eb95408f4,5180.941314774825
0xb055103b7633b61518cd806d95beeb2d4cd217e7,5178.129228473599
0x265aeff17e99124c3d7c22fa111fbc54817156a9,5169.867899070872
0x482e596263e3c8735e6c2b394d2f933ca8fa937a,5157.160057087156
0xacd6bb0e29fcb71d0b2dc0724bf45576ebb4d762,5153.800736
0xaaa2bb0212ec7190dc7142cd730173b0a788ec31,5150.601276836996
0x12d92d69c6de36d972e2c1046e615b7f53bf9c8e,5149.5479635657675
0x9aac67deef711d438ad711ae495b8cb43a6ee1a8,5148.188207344803
0xbec1d597d8926cbad8d750f798eddc1b11266323,5141.0580020879315
0x8dd09873a1c712a9e0a986df78cbb307f82ee760,5140.684336453889
0x190570d9a38df7988721d0cfc58c248679a6df3e,5135.905027731398
0xf232d640a5700724748464ba8bd8bed21db609a6,5134.8212187549625
0x6c032d49b71d957dd782cc38eb443328883dd9d4,5128.808798320751
0x645524239af0e49ffb0b61d8e5646f8e3b57e322,5125.198949385337
0x28ea6d47ed0d8256fe8ed225867c59ea5aee51de,5104.432623973669
0x9f09afaafd73be409385a322df2bce214bcda197,5100.151539580006
0x564f8ce91bb85da83e8a5c34e7b1905d3d4a252a,5099.303147092187
0xb5bc14180239253628d6700c9f3ec5125aa9cd9d,5098.92609666625
0x5667c06ebb0ea16bdfc81e6d2884afe6015e674e,5094.916883754699
0xfce0e7c07512128ba3fb155ffbe2b322b4bd1231,5091.618777072704
0x9c7ed68b00dc4f45243b07ce71a54a86e8f8fcbb,5086.396905093347
0x4b2cde9effaa15999010e66da016b2b2c949f747,5084.947683289918
0xbb9a2397cf70e54e8eda2db083f790d0681b0388,5084.42002092117
0x28cb039a66f3a7cd499cdc7adc463083c66e7834,5076.984191178324
0x76967a96afe8c17f15e6981cf86c773c40e52062,5075.732538666409
0xc2b0f2a7f736d3b908bdde8608177c8fc28c1690,5058.671987217042
0xbbd41e991066174438c41f639b53f4795ce3b523,5057.25
0x8a85f9384c37ecc64d33c37e490d7b4e5951cb59,5056.253006080861
0xd56361c30ea045e13b179f5cd6f797577cda54d6,5053.388161305138
0xfef5d6b6ba8079e28f5e864a32d0b75e5b8b8a33,5047.977976955991
0x8faf35b504cb42d84eaf304a8b956d6c8bc096a9,5043.519223882744
0x7268aeb817a60f3b505e022f7c83ad36e4ec4db8,5037.795468484082
0x994211c90ea74e54b88b0808b75eaeaadefe5515,5034.489463967251
0x68131ea0840a4f5d3ae7bb8260e8d3e2a674a5f1,5018.471162893069
0xe5d5f8f61b1555f1a27488a122fb3cde2ee16f2b,5008.8043428754545
0xa2bbbb953b95922434e7e95446d46e0b983aaf27,5008.543242056849
0xa6e7ce59d62ac67585415a4afb5f48a0227eb877,5003.037691657473
0x5533b61d314f7faf87df530de362f457a342ec1e,5000.000395047707
0xc59ebbb86f2be7c56f791cee6290d8a20439d45f,4999.511999999999
0x3510e96226894fabc37d1eb0e3122e33791da225,4999.11349283733
0x602bcdf1cc1f0f1a16e3199ffee2f7b775bd8f07,4990.892966643511
0xa136c702c3ad7252ee32ef48007b7c6d68cd88e3,4989.053989656999
0xc2f48de8c217dc7a4dfea9288bbbbbb98e5eace3,4988.276699837124
0x2c43f2ea71189c0972562c85211bcc2fa2079644,4985.666430320938
0x522515377346b685840fe7d472fe790fd71c47b5,4983.509026528801
0x705b225512b610ed861bfdb3c6620d8714ac9905,4982.361854020529
0x383e7acd889bf57b0d79a584009cb570534ab518,4973.0803637496665
0xfffae4a0f4ac251f4705717cd24cadccc9f33e06,4971.918234040308
0x5bacb4114ad2d448e79addef121714b74d67faec,4970.954076203509
0x6586a83c31c525e158162d9eb9f22ff783e4b521,4968.905581399281
0xc4b186b57d584262dd73bea4b702805a408c8b20,4968.136589003643
0xcced7381fa8a0b43fe12cba468aeec2895252979,4966.502649153014
0xa5928b6895534ea981dfd5c2178d919a9029e248,4964.652483087823
0xe80ec3bddf7bd927da342a4a65d2496cd035e053,4958.488164871009
0xe476ae87e337875bfb6635212e77807b81b5badf,4955.925500664642
0x733c11d0621b2c6f9d647dbe14c638007f58e626,4954.2732207649515
0x00000000ede6d8d217c60f93191c060747324bca,4938.975833415692
0x8b64e4a8b6642759947f791e31ce43db2adde471,4938.013436410088
0xc59ed0c01a5730ce63176e05d2eb099efd1b8ca9,4933.474122546017
0xca4c28c2aabf88ae80a234052d3fa4dc16ecab43,4930.724091965241
0x588d6588730b7b58cb27fddb8e1dee3f512bf759,4929.864473809674
0x4e0924d3a751be199c426d52fb1f2337fa96f736,4926.409268405046
0x50c01865df8dfa8bace6949c2fd13e4e01ce3701,4922.4819243020165
0xea7952fac7ff6e997d895c1566599b86b91444c0,4921.837635645476
0x4765aa201b3c457742e93a329a9719e1d129acd4,4920.341292859871
0x742c15d71ea7444964bc39b0ed729b3729adc361,4919.970338147425
0x07042c9bed32cd05f1870245d2c970f22bba2167,4915.369662224611
0xf9022ed15953cc9ed01dbfd09f6ae7b64e80b1b0,4913.1287845189445
0x439ab8554e528e972d86801add06a1cfac0c9e4a,4903.173492377508
0x30bc873193466dc59fc08159460c49f26f609795,4899.420624398561
0xc6522952397a227df4e8c0fc8764796023de1ba5,4892.995106068496
0x2c5ab005a2b8c3ced79a1131a9edf077edb42ac2,4891.45695789409
0xbb825fc394ec147761b7cef330d9faa29b5e78fc,4890.666521066514
0xdd4c0407aa6ef76937500a18726d0acb5f72aec1,4889.2663175884545
0xf52a26d3533d0c5f1bb1b114b851b958ba931194,4888.77272824093
0x8de5977111c68c3fe95e63e7f7319dd5a01f77a0,4887.662216869245
0x1a349a3397a8431eed8d94a05f88f9001117fcaa,4883.807406472337
0x198c80bcaded03a404e0cb0ad0f5ac719fac60a0,4872.892876769529
0x49b65f093e223ce4727b1c0c7c0f67463283b0c0,4869.845774279388
0x93f6a87eb364bf59b95a1f523a2c23e33c0eebda,4862.554014099822
0x2a5b7ee846dfdbe9a66933a65398d411c5aa8085,4854.744337695703
0xc68c186b966c33dbd84b0f59e4b909178feaa951,4852.048885066098
0x6916f79669f745aebd82433583c85665bfae6fbb,4847.508676800685
0x99950bae3d0b79b8bee86a8a208ae1b087b9dcb0,4845.129008033918
0xba9a3c0a22baebe8c4926227bde32d6edc0d5d28,4841.570867182962
0x180ca049cd356c52f0afb95bfa1a82e0f6efe69f,4840.08138700521
0xdad8bccfc4b5fd68e26da0ac34cee693f2b442b9,4837.982990610761
0x19dff439fd91c3946b98eb65e07368c5c8c3414d,4827.031911844152
0xe61609acfc4845f8c23f0aa659ea59958c9eb0b1,4825.347998206755
0x8b7634e648c8282071bc7b6254f2a854bac77a4c,4824.889003133311
0xd80771d6d772016191b909dbde53f71cb6d841b9,4817.979518658746
0x44f9469d0d5393d3a01a0d4fa14fe7713c1ad1f7,4816.678017492819
0x18bbe20f81bdcb340325e28a6ee6bb426b7ccbc1,4808.159948718156
0xab2fce880def2a1c16bc37f8e580454cf71ec118,4806.158217153401
0x1b60617fe81cb317257e3051d9ef2a69fb806e18,4796.397308876295
0x6d7b6dad6abed1dfa5eba37a6667ba9dcfd49077,4796.387753919526
0x957f12a3bb0fe16452ad346e7b61031114a7b687,4794.615172924396
0xb4a10fbd22829239c4238a38551f8b04cee18a0a,4793.12570177145
0x35801de0c317050b896c405936b3f52394dd42e1,4790.540822839633
0xc7b825324a9dbbad0bae1ec4658eaeb6164bb4e8,4790.399320294044
0xde5b7ff5b10cc5f8c95a2e2b643e3abf5179c987,4789.385721160418
0xcd9cbf2e2af29923384a3463cbcbb5e2d7f6a3ef,4784.974417376285
0xf80758ab42c3b07da84053fd88804bcb6baa4b5c,4783.456467351351
0x6042d668ee28bf2f0f17a51df80c1eb0ce26e6c1,4779.283316747327
0x7e0c73af898e1ad50a8efd7d3a678c23cd90b74c,4776.028456747295
0xc3dc20a8ed888c21205c225aef9a15f772985011,4768.339462754063
0x934efe765834e1ebb5cdd26297faa7de867a8b73,4763.93216287668
0xc733434bf8db449ca95087f1ba5d4b887e3b6651,4754.806784232067
0xc0fbed3cbbf272e0649ddfefdec99f4eba7eca22,4749.934483264568
0xb549a2ca7eced2b4e57220417be4ef97f2cb35a4,4746.811175554432
0xb7e1005976476bba8fb0d842d2707e6408b6fae2,4738.596231862266
0xdd0257f6cb59f538e24321ffbb16e42f9d49a69e,4738.207278913506
0x78517f5e365b9b757a730efd7e4a99aad402df2f,4736.956802351475
0xe8d7a52aabe8a0569314f28e90fdb8544860a424,4731.102438732852
0xe41e01a3231c0f19bacb9baee26a8554e0796391,4723.980337859981
0xba0c053250785a76cd85e789436b0208c1bf7c86,4718.478609672365
0xe2373abf8c81ac76fa7846cda0de14d1255a3ac7,4716.690983066988
0x95cfc6e42d321a924d551f5e0bdab10654b669f6,4715.775281836277
0xd9d39540d61f8d6eb2ee7eedfae93cc09cc24f0e,4710.953812447532
0x0ce9c5b0be380dc666ec40393f84a388672a7c19,4709.107442182118
0xd368f5b457fbb69b98b3e59b3376d4343a9af096,4707.866071157461
0x588368e4cbdc8ebfdfbc9b4933367a48851c77bc,4704.11794460408
0x2be069675a1c81d909549e4b7bb5e2912a3004e2,4695.8473053459475
0x85cb2a25f2463ad78098f6607bbb95be2c5b473d,4695.016451278572
0xc8fb9dd78be6e0d7fc23f233f2564f1c131b9862,4693.8341516607
0x9c92b650a1efcf6f28ad8d26b9073c6944f48318,4693.243255034836
0x06b0612b428f4599e32c62d834dcad527d65035f,4685.330764485989
0xa69377f97ed3a23986b9c48d0078ab8879cc9015,4673.632052524252
0x5c95d4b1c3321cf898d25949f41d50be2db5bc1d,4672.209097475546
0xbe4f86a35ba00ddf1835bba1036fb96c1c15066d,4669.646831730176
0x21250bc904cfa0afd371baa75d15fb330227aa13,4661.655115841497
0x1008cd3a65f50babe7dae3d01050ca0e8601d269,4657.66
0x727e501ddabf9ab1888abc5042ef4d0569f0c162,4657.036812322652
0x06729eb2424da47898f935267bd4a62940de5105,4656.056527396938
0x0f4ea403edbf5ce6172ce09673d64dd042c97946,4654.632245772449
0x59aa5ddc64eccea08e0b2b4110831552a6d1b871,4647.3
0x9485b6ad92273dd7af618fd070f39bed7c03e929,4645.480351694806
0x8b6ed5fa776f10787f1171bdeea4f3c40974df6e,4641.568853187933
0x178f1a72172a99f7f44e125de6413ea808713e7c,4633.505549774144
0xa245fcdfc488576a888a117dceff7cb3f7e92236,4632.050545
0x86d257cdb7bc9c0df10e84c8709697f92770b335,4628.538018821279
0x2cad29e9640b9bcfb1d8d25cf3e4bd05f55cce70,4626.265517250239
0x63e5537e125694bbb98f88ab393c2b5c418add4f,4618.71995135
0xee44b39fd9f85e3c5e300ce011af85798740bb21,4617.696516496306
0xf2b9302bac9a62507cbb57f2918faaea85738e92,4614.995638266749
0x528c194b343d130bfe879be2cc345a41a2aa4f71,4613.040064052751
0x92d83ae395ba0fbb832697ac704f57195907dfe5,4612.503656376378
0x3187feb2bf79fce819c6fc9d62597a638163c30f,4608.103907929304
0xff0644db6b454ec8fe2fb4075a9a289f58fca536,4607.9679756661835
0x806d92292f673f662df557e3161ea01f76545be5,4606.742665465219
0x5e63360e891bd60c69445970256c260b0a6a54c6,4602.575864699067
0xd94fdb60194fefa7ef8b416f8ba99278ab3e00dc,4600.556602456647
0xf3e461382dbc9775602012aeb8eeda18826b9e11,4598.49964
0xa3aa804a042a3b25570fe61559a3df68fc33007a,4588.916461874036
0xb28a48fa8808be17d6f0259d86f2ce3db006981c,4578.127585701169
0xb49983ceee5a0dee03dcadbcb7e381013c1b129f,4577.688592101161
0xbc628f41b8f791f8527fbc6563fbb0d786b33c84,4567.231589546123
0x4f1e520cdc88978ebb1eec30a29ae28f3c82f04f,4566.097422625695
0xba2084659ee530eb8ee85bd26cc65eebfa81f750,4562.155541367272
0xfe8fd9909e94f1454e6cb47d61643ad634d3d846,4561.93845536065
0x32121e0d11ecc79035045bc7466ede30816c5674,4555.087915199067
0x0f2e5e488daa815361ada55ef816b47679918897,4553.991238468125
0x67990fec82151fe3001d39e1c236f69c477a7d45,4553.126205495206
0xe0ac4191e16cba3b5ed706a4fca5e26f4c052a79,4552.171801245319
0xf4dc76ac6e81e81930822d1b1b1f50eef67a5b84,4544.999408432765
0x71f80c363b2383a96f3fdb88b000567b63faadb1,4543.98111790909
0x388638c3195d869e1523d734b8711b2e7395e7f5,4543.422378253253
0x5aeaaa3f5e2d6f3df885b3761ec53d56550ff382,4541.071766410119
0x968ac9692cdbcc00bb352dc69ede84f7d4e99ee7,4540.133894893753
0x7bb6bf25323f47d4a4e1ddac6a6f2182877272aa,4537.200955894181
0xf233b90b40ef3eaa81607de1aa45e3923366d520,4536.748435774822
0x6d86a7d0a6e15a0f8c12967216494efee6cbb6c1,4535.84719090785
0x0f14ea718f06f41711a02be6d2876dbc9d049352,4532.686359247085
0xacfc50ec5fe0fd039e83380b8ab343b77a49704f,4528.015527215694
0x87b1d1b59725209879cc5c5adeb99d8bc9eccf12,4526.4074535805985
0x502700f282e6bfc2bb3b805893fadffacf688e7b,4524.676051091354
0x961266995f78176097298db8ea531a5528f9417b,4520.382350535361
0xdeddf89c10c0151eccd5428d5b6a5efc799b9129,4510.325040505285
0x2a48dbf6347ea5cdc906b4bb6a2ed27969241cde,4508.96560089882
0x15ab0333985fd1e289adf4fbbe19261454776642,4506.381910139458
0x0b0d15cd5153e830ae468c5d625e71f562bcfffc,4500.753323350844
0x6956da2e4073a079f404ac31c8d0a060e475e33a,4496.266999171088
0x190a6e305990f202ac98dc3a76500f339a35982d,4495.730106149959
0xef9a9283440b2d7efb9c7dcc17e94e234d5ccccd,4493.351922594806
0x0d0bb71a3c473cf754203d7d0e2e67a684bebedc,4489.6205968363665
0x89e65db7a1cdecd4833ab73262d23a4fd7ffef1d,4488.167639673921
0x146e8e17a7f63617cdcee89417cd5986fa554a35,4480.799674772933
0x6507852d3325b4daec1d19b4ae18469b956f633b,4480.768853923076
0xa438331326895b65c7b8c7ef3ea6046f37af4751,4479.914474684226
0x55d07d5f4e652b8671e261f6fef7ce7e3adcd0e4,4478.354859237148
0xf2a6efec662f4a45e97d975d1c1848a4a2e001b7,4472.389322965041
0x73e708f7326b0fdaca1e59e8974cf9fc1cf72634,4457.941529014253
0x295685c8fe08d8192981d21ea1fe856a07443920,4457.720057711046
0xcc6f7439147338e0401a76db978d7d0ca6e5bfee,4456.858038943226
0x3225217f1fd0238f099848b2fd70c78784747fc0,4446.713136827051
0xeb01e59e18136859e21a7179e982bc4247df8a33,4445.926454676113
0x71d8ef77404c1a108e9f0b5db811b26d40bf749e,4441.104936585157
0x1d471d70ac102e61be86b7b1e7ce41574f0133be,4439.857438530856
0xd07d430db20d2d7e0c4c11759256adbcc355b20c,4439.5200671062985
0x463f4c94065f46d6eac66fdeca13f9b9e243be33,4439.291217824031
0xd8627829bf234e11594514f0442e057865d1f1eb,4438.942091470841
0x5141b82f5ffda4c6fe1e372978f1c5427640a190,4436.01746341657
0xe67d3aabb5e2b46a8d93aab261fb10359abf457f,4433.962448464917
0xf1db9d9ae0bdf6b7b87c5b5e4f3d2b2b9c2bdc3f,4433.474605045287
0x7f2138350650791f9fed3e0dafcc05868df2db2c,4428.924682430865
0x9c80dde59be61123c11ad06f3939b29351c76a03,4428.782495475622
0xadc90c2581a62331e22c777c8a26be531294a9b3,4424.219945228804
0x965e3a3007c02162d11ad3db98d475b8b9c690f7,4424.13628584891
0xb9c4a5522a2f8ba9e2ff7063df8c02ed443337a3,4419.109459015639
0x90e4ccd73bb850754d4324ca65e00753fb41da51,4416.098674396882
0x8e6c6287b1c96b57189b4ef4b78f5d482e153567,4415.5648594112945
0xd17bed8e7acfc70e9faf5c8de1d4fd7be592cbde,4407.293386166851
0x739adad160b9bd313c86cb7684a8ae48b5a62ec6,4404.608294709578
0xae91b3bc45379290d9e8ff8a633f34ad3101086b,4402.212188699351
0x3218295f7c10b10a3cf70e5a11e4e02fed3bb1d1,4400.911219246423
0xa24501a910e7930148445bcf1fb601a4304e4551,4399.771064712231
0x71c9b38eb46867f3f146b5285992b559b08f3a07,4395.683536494117
0x3f04dc5efe08474c0a681bf2f4dfd8eb7daaa679,4392.500850915045
0x298839ec27890d1bb96436733b4ac7b823540c1a,4392.303976913236
0x32b4b72fa724aef0fd06c10fb9d9c8149020cf38,4391.797466034111
0xea1680ae52f46af5db29350ea97f898bc438f57b,4391.524141669782
0xe7b4e528308c84fd6698906b6224615e9e30d236,4389.653451981743
0xecf559553bb5bebc066fb44b7ebc73ce70cd2e48,4385.414966307245
0x25917bddcd6f3f4e250c6ff85501bd9ee883b85c,4385.312516191531
0xf5ca27927ffb16bd8c870dcb49750146cce8217c,4384.720290087653
0xacd8a5a2d89819344a3218ad3876a7ed55928cdd,4376.730578864625
0x9c2fdb30a968456b93adf458c61119bab7b7b4c9,4372.653146911732
0x9ad3145dbdef0b214a62c0db06634122944848d9,4368.835065434606
0xc50892cb520188d7599c6a51d900f1b4d63d4b56,4368.00590307958
0x4632ac4a94b57573f6b0297229fc8d54046f9be4,4364.178750532845
0xa484a1a48b8e64eb45c42d281a5cb439541e14c8,4360.707415612463
0x7a99822968410431edd1ee75dab78866e31caf39,4360.319713859471
0xad235bd54c4ab010d89f1920b0e5fe14ca0a7a0b,4360.168703067958
0x7ce3fc825f23d03f07cbe80399afdd0f955ef5cd,4357.809194902105
0xdf84f4c0e8368ef17cc248fa850131fa3ca1926a,4357.335288554346
0xa2f42022fa2025f7d9f128ed606e14e7f30eafcd,4356.707939035614
0x76e6ca5f676647d90452956923e63f0d30c7b2ad,4353.970929352354
0x4de10adc5c27456af199f8cecc764c2343a153e5,4352.622434
0x2a8d7ab0133f53c977302dcb0460fa86eccec9ec,4348.727507598184
0xdd5a65da22031b6ae5205fd89f67b5141e4f0ead,4338.707655707494
0x098cf31252fed4445ef08851a7a34429b23cbe05,4333.873363598159
0x1b326d603aa0c34e291cfaacda1b94490932c3be,4333.672888795173
0xc008d0b6a2ede247af0cac6340b1f1ca86b6c36a,4320.677753723532
0x8cf8154417e197ebb5aba2f5f63bf0a99206d9ec,4320.315295438535
0x602df3a237c813af907f8ea41eb48ab80bbcd4fa,4319.855765
0x4b1f895066058662b9fa885e87a4e4159be0798a,4316.869150337267
0xd91def40c67b484c17e8661fb1b854c472f293aa,4315.550027315641
0x00c07a7e77c9ffa6e0e3c58790e0dcb81cef89e1,4313.788589981979
0xceeea5cd3f659281410347b7e6381de65afa2106,4311.133752266659
0x0d917a3a01389689a14c65dc1e990d68c437358a,4306.6962887363
0xf70da97812cb96acdf810712aa562db8dfa3dbef,4283.979289481396
0x95a45a87dd4d3a1803039072f37e075f37b23d75,4281.0337392557385
0xac5a2c404ebba22a869998089ac7893ff4e1f0a7,4280.944594716953
0x6d7a7b251a6cac43f1798494d847e6d333f9ffca,4260.599438770397
0xa20c52fc9c1cb9270efdc6aa36319a1a81ac8cce,4252.2767900526105
0x0f2abfd7069934e3490eb257487b87e07a9f7062,4249.026707500054
0x8ca33196f9c7e7e62096cb9fe5b4efd5f7067c27,4248.044409346174
0x4128000a37278d72cba2b335bf61d8df799b3fbe,4245.088811155118
0xb3623c6cc04ffd4aeb7a19ef8720787e31c982c2,4241.19208931783
0x20a891531a7092fca4bb2c69939b153503d07fba,4240.746878073317
0xa5c475167f03b1556c054e0da78192cd2779087f,4234.248193777
0xd40000000089cd449df687ea00006ebbb6a11081,4225.612133984358
0xc840464a8c3324e0bdc9429439dde3a12205424a,4222.415759851916
0xdde6a9ca73d5b778c3a5c6d65c691c7a0f017c41,4217.207181953104
0x9f158687d4d496e753d83efe301339a4d0b069f8,4210.965159989588
0xf1ac32109bd57866f66bf0e9e94d956bbd4da97c,4207.578744825557
0xc07fa1e6c0950bee4900d2966e16ad1439d6f39c,4205.075291313133
0xf20ef17b889b437c151eb5ba15a47bfc62bff469,4202.71616787926
0xc72abb13b6bdfa64770cb5b1f57bebd36a91a29e,4202.277696623261
0x69d91b94f0aaf8e8a2586909fa77a5c2c89818d5,4192.38722974479
0x76d3db91d2a252586170eef57eb5d254c4c2f7fe,4192.374839000001
0xe86204c4eddd2f70ee00ead6805f917671f56c52,4190.3072594052
0x3c02f250e93f8a3ea4490f5240f303cf53e205da,4190.220292463096
0x1a91eb9b1d92fbe99fc98263a8c5ea2c6b9262d7,4187.670484705355
0x024344da138b76ff2f5ce2386abdb4c97659b181,4187.520774426994
0xbc6a213cbb34424670548ef4b3388f5fdbd07992,4186.158601082425
0x383f1d6aa83ae2d99d218286e193ba4064bf8dc9,4179.928363174406
0x9b10cd869e1e22509a8d2b42494b503d3ffbeb90,4178.224812768381
0xc049f54d39b1d2d49c22a5e2458fa894912f93b0,4177.196687535029
0xe1b221af0f956631cfb99bae7c31a4e07da9b5be,4176.119063445056
0xeab12deff95d66afa8fa9d245eb081812bb953eb,4173.952493599991
0x2c964c9bfbc5b4de80042f0891e99e5c93418142,4158.632782921819
0xd0b731e923f92adfc550a252959519db1b0e536c,4153.83284874661
0x69b81152c5a8d35a67b32a4d3772795d96cae4da,4151.228160970909
0xc0b51c7042be877bedeee2103f3f6667e32bee97,4144.75916768667
0x82743c07bf3be4d55876f87bca6cce5f84429bd0,4140.239269859436
0xc2c390c6cd3c4e6c2b70727d35a45e8a072f18ca,4138.209266202826
0xeed348e888266186067ad5e763bfb5f100fce6ad,4136.2080706313845
0x8c28e0581a3f01c00bc254ec04894279429554c2,4133.207785099979
0x625dd7616f27a83baf338b6345d24644035e6b77,4127.3681552874195
0xc3d03e4f041fd4cd388c549ee2a29a9e5075882f,4126.946671460127
0x95f2610d0475d72e75bfcbd8bb7ecafe1f351b8d,4126.353350889829
0x63c88c583ffd227f3a414e38be64e4ceb8b02bf6,4125.177126910991
0x2419c5d51433b57796f4ac49ee269ac264f9342f,4124.370688163023
0xc5af84701f98fa483ece78af83f11b6c38aca71d,4123.794567379826
0x57ab5aeb8bac2586a0d437163c3eb844246336ce,4121.134066540703
0xc30a3cf908bbcbf44f3645592a841ed2694f91c0,4117.463465535415
0x172ed63cb5a5c8500ee541366a12db570341dd79,4115.905722616304
0xb94ae53bf308e89f98aae07cccb38d0a042e873b,4115.631119180169
0x10a2b6ad20b977d414a9156280908dc0e969bf4a,4101.827509346954
0x456a7ff56f49155899843812b41f0fae42e2afcc,4093.520206876002
0x2cb162433e0cabac4825e6d198a125829156cc92,4093.1801677577355
0x2e529e07ac067b23239a600a93567436ccdfc118,4091.145974852044
0xbe2706841726a46fced20ddc26da84e6967d29b8,4089.7592982316974
0xc998ba04a46908312fa5bc0065dd318cb144bfd8,4088.505182038649
0x7a6f2c4cce646ca078330d19dde35f2e37746c47,4087.080518301776
0x36ffcf836c18347bdeac31d7d7bf7efe4b58060b,4085.5011313112414
0x0efea698136d636e2babad10821e9064fe08f418,4080.0822734056064
0x421770d6e7270321168a3aac8ce28a435e7b53f8,4080.044487410412
0x64a942c8aca2261c69a9fece1fbad0e50baa57fa,4068.571142425032
0x5292414f385ea1ac66c48d4eae459e4bb8a65dd8,4064.6644019458267
0x4e144334defb089e3a86cd0b8d9472cc257fa765,4053.0229581097565
0x10d1984eadfcdc4cebac0c7a57e25060584725a5,4051.369594620466
0x061a4dbb77d84987627dddb5be626f761a94a663,4050.7843070087883
0x4ea960014848e2dbeb4841f15e321c9631f70de9,4048.4855684954846
0x2db38360ae449395ccbcb765d7fb126c85011ce3,4047.3651828095963
0x286f65cd38138e6488f221f02c7caea74fdd459d,4035.8357147030647
0xa18d5eceb5fe22ee3cc228fb9c32b65adcedfa13,4034.898925607269
0x1921b852f38bc68430780242b2628d0ca14cef83,4034.224698638039
0x4f3eb5219e81774c40d86c26d5241902c95ab3fe,4033.659557515792
0xa4a3bd43dbf38f55625408961176226e7a8d1e5b,4032.5476126250624
0x18312ed6917682c815e16eb28d85701d20474d54,4026.011853898362
0xc12c4c3e0008b838f75189bfb39283467cf6e5b3,4025.817516261809
0x69b2d4549c5a774c60894a44128d478c7ec889f4,4024.439407153606
0x959c7d5706ac0b5a29f506a1019ba7f2a1c70c70,4023.4055577834083
0xcf5bf447ac214995a2ca0a76bbdb52260aea019f,4023.319928054157
0xad0e10df5dcdf21396b9d64715aadaf543f8b376,4022.297701726232
0x63818bbdd21e69be108a23ac1e84cbf66399bd7d,4019.027228315024
0x731425a7bfbf452ba39eeca4f87e32d6ebcbe4b3,4018.974335560234
0x8a15b2dc9c4f295dcebb0e7887dd25980088fdcb,4014.575873162391
0x41bfba56b9ba48d0a83775d89c247180617266bc,4012.780251936189
0x78ddc972f59edd4f44916d8b71440b838dcba497,4011.9191534383554
0x54fc75d22f6a290863e9a8ea18fce11aebb4db75,4001.2923463112047
0x1643e243be400b994e9e22ed0722bae6a5ca37b5,4000.528763249693
0x5ad7452ceafdaeb0936507d5bb5890964ef56bd3,3994.344695546529
0xd9f91070371987eee3e500e90de5333e0c43d031,3987.7704359032205
0x7ac20e02f4f06cfb328e76246e07ae5c0d41c652,3985.122269069715
0x7c89d59b96f7ad8b8cb5485bf62e05ea13aa6405,3978.9145225757447
0xba436788a543ebe30164dac3cd93c2f25b81cb77,3978.7960476316275
0x4013ca847b617ee474594198bcdd1dd37e547332,3978.1742105298167
0xa65653bb6e1338dbce69191bb1328700881fc051,3973.688535567243
0xfcd6bc4645aac28760a1717ff17126bdab99e6ff,3972.7012972796765
0x1b8cc0173e0206c8d7136f7b0ed9f1ceaddd58c5,3967.7579774730984
0x7b6dd10dcbfb6ddb3cc8284ab93715ab1c33d6fb,3967.1447240161365
0x62302794f11b4e8f99d5bb0f2616e667b677e8fd,3962.5650265259737
0xac44fe4276ac583adf2c1a7ed9faea92be227013,3961.86629176644
0xd1ee73a554e43d985456a303b672c9b3613143c1,3951.836828190495
0x08a555a39bfb5fa2a57e5c12776d7663ad123716,3950.5974375716773
0x9ce61ea1fe21d964a66b763927e29e1cffa96026,3947.4868149288886
0xec353e8708b45312ef999cdb0854b598587aceb9,3945.082858902807
0x58d08f0fa62292ba26b4dcb35e46529adebb8272,3944.2939767191465
0xa6a22e0a89ebcb85444833a5b3c6d13d51e3bb9b,3941.170000850569
0x249727a2a8520b149277cdce28a545fbb2b940e6,3939.112742350595
0xf13eef1c6485348b9c9fa0d5df2d89accc5b0147,3937.4206019257344
0xbcd27bcebd0f4412c34ee12691aa686eb3fd4201,3933.026858557697
0xaab4f6e6a526aab060cba36d6b0f748a279d1a66,3929.8039089818153
0x78d4704c65dfd869f7f44d78c3fbbbdb5b412c71,3929.6080772232986
0xe1573b9d29e2183b1af0e743dc2754979a40d237,3927.0965803380564
0x06ab92d528a944ab28ca26cdc7a68cb0887e695b,3924.5975999999996
0x5d5470f51eba818797d515b789a5dcac24d062d7,3920.2660012723018
0x41a140a26be5e25d6207e565e755fac87d5e7cb9,3912.9692723118465
0x18adbc0144059be823a5d0de1d6445002f858eb5,3911.6512276301196
0x7bc703a48c90da793f57b55808ae14cdd75458d6,3908.0350277830676
0x2134b16398e3a72c7610b659335e9a4742c6a98a,3908.0249999999996
0x434e4633c3e0b454813b2ceabd0c1fc2b32b4152,3897.7901399244447
0xbfc7e9d73729d790c03265211774377b1850eb36,3893.987352051348
0x1a89ae3ba4f9a97b10bac6a77061f00bb956858b,3893.0901714544357
0x1910e073709ee97ed0898273c4d58338a2a4ae94,3890.1370469844114
0x0652687e87a4b8b5370b05bc298ff00d205d9b5f,3884.549954146123
0x406b97def23cb6c4d1066f34ef9e655985a8d865,3882.7823872902327
0x7f380900cd25e748e702f544d762069dddf5e6c1,3880.993334998934
0x8c8e819f7209fc668e9cb4d33677fd24e4ed8d75,3875.5603538518017
0xfc3d0cd242aeb083156f359baf3f187f40ecbdc7,3873.085856675862
0x10358db0e8532455d3374fb09cf3fbec631b1914,3867.811116342672
0x408d1f0a8a6f478f082f34c5eeb41541262ce19f,3866.478509993408
0x2049a8881d22e5dd6d45c31ad1f5b1b0d668b7cb,3861.6401355277258
0x186ef57545c158b8167cd189088de3dac31511db,3856.0357077064646
0x4017e3a682e68e477da60df89471ea59bebfcc2d,3852.2247319999997
0xc88deb1ce0bc4a4306b7f20be2abd28ad3a5c8d1,3852.2196522432096
0xadeaa96a81ebba4e3a5525a008ee107385d588c3,3850.2376783368773
0xdb94282ae61df45a9843a8526c4bbf6abd252e19,3847.8841850807394
0xfbaf7519240032d8fa037b061494f76bee4530c6,3843.1678953798582
0xd04fbd9a62d5592ece33f708f74a6cde94d3ccf9,3842.594140723577
0x989097671b930aa3e7d03a878828b23db114ce31,3841.304177541179
0x1a76f6b9b3d9c532e0b56990944a31a705933fbd,3838.095470503165
0x7e99743c87406d5e1f2e701848b09a272d2d4c46,3836.1792757386042
0x0f1df7cb58deaf28ee9852275de214ff576c2f6c,3832.087763
0x3d126d6b1581f7566a34bd4e912920bba41367d5,3832.003026892289
0x010caccf546de952c5591b7018340549be2eb641,3830.2560898998527
0xdc1839f972011b9a867dcbc6bc8044cdedec1eab,3828.687669092759
0xd8359e2c059080ed7185b6ac19f28f66a8a2bc95,3828.5978437746894
0xc465c0a16228ef6fe1bf29c04fdb04bb797fd537,3825.40879665411
0xf0936e53d924d7f442a04c038082a46c77ecc8d8,3821.944434487194
0xeb38323f2e78385672aa10a6cde896d17710dc1c,3820.365354029392
0x4ddc5f7ee30c727d8d633df52dd2d4a6e57658f7,3817.5426930707945
0xae18bda4067fc6446c806bf50cc6efb62c54ab37,3813.655226
0x20564f0d1dd4e1cffbb43ffe2019ee725aec67b2,3811.4201022700786
0xe3146263f50da38af32c0d9481d323f1304c2404,3807.9464187030517
0xc6b9c3fa037303d10d50d71ae3cedb0eea7a1c78,3801.779236970233
0x65680a987f4871a7bb865c86fae11667e6aa8068,3795.3805277316164
0xbce2dfa862a32c434ac50d10df826daf7f99652c,3788.285704197956
0xecf60eaf9b54612073ea6c688cdfec0c8a857a26,3787.9902104435123
0x12066ac61d37155a39b4a99f8c39687069961391,3787.2822958775287
0x7a564eb54e8b2244e5bb7c394e75f455e8a1e99d,3786.6282988121056
0x2703e95e9a50600dac163fb174715eab61b12c48,3785.685684522889
0x8f9a0935b26097a1fc15d4919e0b9e466edc1c57,3780.942258220739
0xf516d959261fe7dcf5cbc63f9d22c0fde19fabe4,3779.641161752862
0x1b8f3b1897627de93cbd2c36040f3660a53c002c,3778.355316607004
0x3744c50c7c9eeb410730005f73a1c9a47048cfde,3774.9032506408703
0x531ec9d0deb8b144cce8c85a0033fdda939bff0d,3774.744137805259
0xb0e1a214130245d289ae425db7826576694a5b5f,3773.8299542808
0x101a1a8e13b49933608ac2959505fa1d344eb57e,3773.483915608083
0xa7c5ccac49ae9ea2a22b207086ecb49ddd5df5d7,3768.034987488997
0x496e216bdd8a692bdbf9e7dbc552db0e485f93ad,3767.4062091408796
0x02fdf69cbbc4d6ef8d27d3a6f39a0078b2e6671d,3767.35571264969
0x94382a49f732dbb7ccfb14582f703abbb8d28a91,3767.05036
0x3d29786f6bc5c027941c2d29e50d0775e0a20b7e,3764.997907842964
0xf76f41352a65024536f348a8439b68a33847f904,3764.9849999999997
0xe40d548eb4fa4d9188fd21723f2fd377456c0876,3763.969727276096
0x88ada7b1dd1c728ea87404cea7a0780139eb35d1,3763.86218278668
0x4b82e8a0eccbdb0e8247f121f6b1ddc4f759522d,3762.951673755404
0x888d5234cd3bcd459b507641af72d2c44d46bab7,3762.208489986158
0x91fe9fece7271395f878be6922212c2e958e1756,3760.1648354116
0x5d2be03434fd42e232a6a34abcc764681bccb458,3759.2902333534257
0x560aee3b5ff320450d2fe4225a5aa5119df5f6cd,3756.763508067107
0xe7f05308e67c33d1041438adcbbb4405e6430e62,3752.7771292041357
0xf54f798e4f577440164365b1e5a3bad245e332b5,3752.0663845083645
0xab058da03f2c4ff20c4564f1e98d86587c7b57d1,3748.4490478107887
0xd808851942f7020d6bf0ff6980fea9fb9a85bd2b,3747.666632078288
0xabae243df712c2b38c9c090943a39a4a8283c68b,3745.7109854917308
0x2693fc5a5fd38da57732f1b357fdff02aee0fcfc,3735.9851456578767
0xb1b3661e001dadda796ccc9de73b97be896eb072,3725.330295844222
0xa7fd8ff8f4cada298286d3006ee8f9c11e2ff84e,3721.644458572791
0x851907e244ee2075d985198bc72dbd44ed806230,3720.150519445987
0x34db3a87fd2bc4854f26704b7ae556a6eeeae919,3718.9567253512196
0x1dc7efe577aabf66af5243eff47e08e1679c8796,3712.001774499408
0xd4e0b3d5a0319405e05c55f86fe67cc9bacfd667,3707.6114490881946
0x5a89feea78872d7a10dda3ddb95ce7a05b99081a,3701.4219284802293
0x352b1af216ed53f5ed6b7def26d58293f3c45652,3696.5621002930457
0x43a68a9f1f234e639b142f0aba946b7add26418d,3692.6962002941023
0xe3baa96ad46457d9e6cdd4e32abc11e2c124ec49,3689.4290724293674
0xcd2f927fe66c98bc15e04542cf268badddbf174c,3681.1349657829755
0x92778656ba54cba54032520849685cdd3494b382,3674.770598405872
0xffe6e274355ec10a6a1a032edec39cc27ad2391b,3674.7535740843587
0x9f178e86e42ddf2379cb3d2acf9ed67a1ed2550a,3673.998084337139
0x5beae44f1c4dfba15973081bf87cdf9411009a9b,3669.508142916613
0xb771f724c504b329623b0ce9199907137670600e,3667.9968859491496
0x86cccda3799a43fbceb4cec6ad8b028f5bf8b3dd,3667.0812509451002
0xa8dc5d1f85755c24c8a75b7b00eaf626ac477f21,3665.195494837422
0x79e913040034956d90faede6205e46582dd8a6bb,3663.674703
0xa6079d83ab53aecbc865d41e43a0a15559c66397,3662.104309129817
0x2ec7060ecd124cb1c5cc6152892d2550d576baec,3659.6760063006577
0x5d7b4563f794f52423181c8320cdd3bf8fdf55d7,3658.847800942912
0x7ac6e02ee7edecd16d398ddc6cf30d8446e61290,3658.167686619305
0xeab56bf172ddaa31e4017e8faa73b5220694e138,3653.825535859801
0xdf9c440111a17eafbecf5db37dd04c948e878878,3653.139889884742
0x7966772ccca7107d10834252f6770092cbcb005c,3652.8652128665026
0x161637196983969fffe6c5b666bbc1d02e0c5862,3651.790296298327
0xfdb676331a4b37689b2ea12f14ff895b640a4379,3650.794533841245
0x2a28bb85d9054330b5f45a6d209db564668ed15e,3648.242485461978
0xb2cbfc875d9b78a779c229bb16b880d91178be7c,3645.9341794319653
0x3488d35b470735a3a90e1c13cea5d1041c89c23f,3638.795865066775
0x6d29928f0ee46d6f091b851999cac9834e476190,3636.2478490888184
0x18f807bd8c7c947bcb98e56f67a47fcbcbcf8c50,3634.491395838129
0x35465d7b8ec8f28b06c90ab562c85a012337f687,3633.666670574353
0x4ab6702b3ed3877e9b1f203f90cbef13d663b0e8,3630.5067462352
0x1e631d6e251a72582797f092a8e0732e9a2733c3,3624.5482345171604
0xe11ee9c18d03b43d6a7fc53e51aedda8451e837a,3624.267811596695
0xadd1b6a7e3be5b8d5b8d8b1610bed78f8747d7e4,3618.365937176776
0x6942b7e4b6e79b5a0c2c01e40b1777a899ee8f2b,3616.521049522119
0xeb48b29e40bd17b85d5f484727a6a51f92b98dca,3614.2843807447175
0x03b59bd1c8b9f6c265ba0c3421923b93f15036fa,3613.212537636595
0x212398f7025b6fad433623bd2b2746d4dedfd417,3605.2285814932466
0xf784a6058f5606b303a2b38466817ad606bb2c40,3605.048994677888
0x05a9716cd1c08361252ebd7c8c88c3b26c5ab73f,3601.37824995045
0x1534669ae3e3cd2d745ace102da9cb76e800d629,3600.2079222344173
0x3beddfdcc6ea442632b424e80c9b927b65bd487b,3599.495431945275
0xf6801d319497789f934ec7f83e142a9536312b08,3596.8929485527733
0x3595e21957e6683b752be4229063d0353fc89e24,3592.3009500000003
0x48499211b466aea709025d8fef37c21afea58a61,3586.8088453494092
0xdc945b9b15e81497f20d7c12634eed401d81ca43,3584.829872154619
0x0ec7fde24fefb3b70df3ddce60c86e6f6b0401cf,3581.38
0xc4fa9fd2e51e41c2be2c3a77c53710b224e1b31d,3576.065132587364
0x3e87d4c24fb56c52a0dbd089a6219b7086d577d8,3575.176771954191
0xf3cd8ee7ed162bdc59074c651ab1fa0568832eb8,3572.7452783973463
0xe4d044063e1c7de25c0647e3105f4067a00ea3f7,3564.889516
0xdfd2619498ffcc2d3cdf7e52992a015c95d626f3,3558.9118655863176
0x57f08a6d117d628b9407c402ca702493d9e19d55,3558.7820726363743
0x0b783c22573dcb8803538af89b019b2eba610b6d,3557.943372271867
0xa7016cc477192ddc38c24b9770eea7e12eb27cd9,3557.0083404802963
0x59c86b937cc078f361b29f1211d58433bad99c74,3554.0996541228988
0x211d30e2929dbfa4f8395fd1854a1b6e720ca011,3552.97402139606
0x45834aa4db02fcf3cdb80ac117c0e95d8be0537c,3551.304722428921
0xbceddb085b0da17097a3baa0edd1ec1954488e9a,3550.8296416299913
0xb6a7dd1ca1fcfe1b4b107ef02843bb88ce400fe9,3550.1927255116298
0xf34f40623732a41c2f489486821c0cbdff8662ca,3549.360811228274
0xb06e7ed37cfa8f0f2888355dd1913e45412798c5,3543.1202386178484
0x4538c52bdcb3398f929adedfa1af89a06e44864e,3539.7721555791236
0xa779edd42e1ff22db0fbc6f10c671953561aea4d,3539.383831094623
0x2d07fb812d0ca09c81b2b5387470dd33cd7f7427,3539.2676125370285
0xaef16913b6c50ebcf627a394921f306985fc8604,3537.526728748285
0x0000004857b0516adc3a9b7913a06620b06a5893,3533.903732878784
0x2ece44ef39c76ee8597bc6d17968551f089577d4,3533.3972573553165
0x8139e7d77f11b570d44566ff3b25081043d8f703,3533.085730431336
0x3d656dad255ca189d497a7b0f2c4b06ffe5cb9b0,3532.3079452796746
0x8c13148228765ba9e84eaf940b0416a5e349a5e7,3528.672345079308
0xa0b5ba1e6a8b7aeedfc2c8958c265ffd61210f0f,3525.5042207335646
0x5f769e92d0c9adc888380a3faa4681bb63fd1f72,3525.268030269907
0x5189124c840d8f480efaaa5e5961e6b808c0df6c,3522.0864409601036
0xf6e0bccb72ac3e188d053f4f8c63f5721edf07a2,3520.7
0x877d9c970b8b5501e95967fe845b7293f63e72f7,3519.678213702287
0xd18349dcd0fd3137a92d9c79a8b2025c1929a53d,3517.3771897969173
0x0f4dfa3d12acddd6eb76e9cbfc764763f572661a,3511.9066229114287
0xfd464772689fb550448e4a8164484b4b44a69de4,3511.244228936426
0xda837d7edb7b8698dd29bb1aae164254767da52f,3509.6747123722507
0x7f8266bab0be3da3e4b1864f9e639e27b0c4beac,3507.9893693315908
0xcc911377a56c1e19c63b94bc7beb314b8c473fcd,3506.076598552377
0x470e8de2ebaef52014a47cb5e6af86884947f08c,3505.90331611738
0x2172009e620ab2fc52b3c52648e1dcc28c16bf7d,3503.9127179293846
0x35b88354c51613fe8857e02668c68e8c52161ba2,3499.936781095923
0x8d2b4c6d78880ecb6cb8504c0548783522ee6af1,3496.773311998221
0xf3d15274772f40f65673fd35c665dcf7d6c27e8f,3491.3563061004716
0xc375dba90290b24d2d86c1985700e65594c95061,3491.1170018984935
0xad0a88fbf2c63512002a539f04c6065a07d9f88b,3483.734961922479
0xbe0d6c34abf5113df079737cb3890f3b23bdf87c,3481.4048378653715
0xf07a84f0732dfe8eea0d3961bcd8f62c761ff508,3480.609706637549
0xbdf8f4b5617c277618d95b8ac6dbce359da7ed80,3474.284544356221
0x74380834ec64d3304746af6bf860e82c5fc908f7,3469.607859308939
0xd8a0c2b006a20c0331bfbd8cb9e041554e0d7533,3467.5979813127988
0x227d7fbba8b323d3a35ebca9c9f6c2f759fedd82,3467.3608334460723
0xe0076d311a4628516d157ad684dbd2ddada3dafe,3466.958382061167
0x99265982f2732041c0acaaafe94a117f3a370ee8,3466.2101686083497
0xaee71cde204ff575e51e6bf7ef15e454136099fd,3466.053622210263
0xc8ca3c0f011fe42c48258ecbbf5d94c51f141c17,3452.4317959773
0x5da24d5862a032d8aa1a413d08883df7186033a5,3449.0576600568056
0x2770b0e51a580386ddf55bc52bace2a0d3947e68,3445.330053692951
0x6a1591698d46102aa19371b6ee2d4bdf8edca009,3445.1351013366516
0x11e44908aa420ab4ad20fb32e22bbc805bb27c94,3439.03861
0x50bc39af4e8aeeb80a8471d5e4c931fc44e8e7f6,3436.515991123696
0x3211847288d5b20803d0e82a4f3175db806ef3be,3427.1360965252384
0xbfede49b7381527b0a3a9dd9561c0b22184bd497,3423.9078062999997
0x4a03338f170ab223b15b7b269d83421c83d8fcfb,3423.6508650380633
0xc84afd61545dedd927adfd35d36bd35156e6f4ee,3423.5329093842056
0xfc50e515a928e7f72334c69ffdba1216eaf2bec1,3422.7695231307935
0x8cd561fa85e38055ff2c2f46f9c4e599536e0ffe,3421.8074297884577
0x173efbd332b08a38a3f475dbabdc1c401d7e8319,3415.9946278157904
0x4fccd6cb3d62fe60486358a20b7f98a1f333a4b0,3414.437269844799
0xacb63dee666b17895c0de8f2972455819db3e1fd,3412.4841857410916
0x5cc1703c2abe259c432a1cc29223722201c23443,3410.2984703216785
0x00d9ebb4d4b1916ec14af30942511d3558899cdf,3403.7445
0xbfcff8deedad3d4b9fcd3415a9143301b9590f38,3399.9803525139464
0x353820c35befdb841d4fe13b03709af08bebc0b1,3399.6853717539725
0x763f8084dce326137372725849a06b30cfffa70c,3397.5809505962025
0xa72358aba25f49072d90a7b1e931983bc7eb794a,3384.026281080023
0x0303e4fe3d5a3d4f225e7690f038786648657b2b,3379.6692470766625
0xe0cfa17aa9b8f930fd936633c0252d5cb745c2c3,3378.5679812808444
0x580b84d523a44cdc8ccdea2b8ca446fc9e26d6c8,3377.0634553542022
0xa1ee30f8fe7c3aa04c14cd38caa85f6f5fa89992,3374.4026982557634
0x0bcb7ef2e63abf05f5f26291f36831a2776a2ed6,3371.3026489689228
0xd0fc8ba7e267f2bc56044a7715a489d851dc6d78,3365.121035899627
0x5c56bf84dcbb1d3f9646528a68520b7e21791ddd,3361.5112355943197
0x71eaa3f86a541177f64a15c5f5479aedcc426860,3361.4330349748725
0x05f63dc38bfeb686ca68b9d237b192cb43067ce0,3358.7756274504604
0x1531b5d71abafb38e888cf7c4278377bcf25aeff,3355.3946746992183
0xa75846af2727b2cf97b7b25e7acb9a94e5dbe208,3355.331706131289
0xcd9dab5e666de980cecdc180cb31f296733e2587,3354.619713283857
0xfe133a544b4abe4279ddc7b8a6ce716a244d7f32,3352.217367539345
0x42a8e3e57febd46c36761dab07ed216dd30e6b71,3349.4118865541277
0x71b57087b470bf474b081ac45f2730a966e2af82,3346.4900131376257
0x6374dbfbe4c1b1c7ce7924e021d9caeb23c6309a,3344.630027133705
0xca7c2771d248dcbe09eabe0ce57a62e18da178c0,3332.7928461247366
0xd60868941f22e2152bd873c2cbec179384aba8e2,3332.219429
0x0c820296e5933ee9dc486af0d40e03cb404d8530,3329.510352601201
0x8ae9ddbfa08948dcfaa8fa41db58aa4c5f8262b5,3329.155552087
0xbf5c4832097f143882d64de8046be015b71cba44,3323.5565997728972
0xd14c8fa952b8796b9c2d3d1a9008408a58f9986f,3320.0205154312644
0x0546f5f0b9a791cbe8f0c8c26496eb4ed8bf4507,3317.816378207079
0xab21798d88ee0854f99f1d148c1e59f238e561fe,3317.4110781061395
0x0c0472fe8bd3c8158c708954928b4eabdbf957ae,3314.5745410432955
0xba0b95a218642dee0914c79cbb79d7673bafc877,3311.783235452746
0x6ac6b053a2858bea8ad758db680198c16e523184,3303.6649171259173
0xe4b8583ccb95b25737c016ac88e539d0605949e8,3302.5237478707204
0x17a2194d55f52fd0c711e0e42b41975494bb109b,3301.4742487346743
0x8d205988988dd47f2e2565fd81695f51a5abd955,3299.7516060000003
0x4856a12c6df23c9666fc9b44c888abc122c3f4ee,3297.893460110095
0xa04daedcf8097b699952533d7847e51f9915ab7c,3289.8873103093865
0xdf31a70a21a1931e02033dbba7deace6c45cfd0f,3289.2833376856006
0xba7b93334069936275f6aafb4ae5e10306deb55f,3286.6214290180487
0x0322688a53a5f3d9f1281fe86e25e4a27c540949,3285.897653464846
0x28ee6bc221d4261d3ca6e14e5005b1771eab2831,3282.885048341859
0xb24123ae7577b28e3e76fe655d32d9a0916e8a77,3281.6194016019786
0x49a7dc1fb5ebce7e76ad2e3b64bc35beccd5e358,3281.219958675714
0xb9c7ebde3c71a4fc18ecff8defedaa4115a22c81,3274.1674997497885
0x454f11d58e27858926d7a4ece8bfea2c33e97b13,3273.874098586341
0xdd8314ffa39b02f90e9aed4f22165277fa1b589c,3272.4261672953844
0xb87995553bf51fb718adfdee015328425cb98019,3271.6954682678415
0x0ce2f0a319fe761e8ca975414558c12900c717c2,3271.3080383171
0x4d3c5db2c68f6859e0cd05d080979f597dd64bff,3270.290897578057
0x9a3356a11cd8d14be2cb56ff59a0b2a3d8b4e21b,3270.244431616926
0x3597ec44540b956b8f09dd3bf08e31c044e4533e,3269.476219761111
0x74ba648c3798643605158bd75331b6297844a3d0,3266.932622414453
0x500f4f8a49de68477778679194c7a9f82d049d99,3266.6995320547117
0x8a345c55c0539ecdb57660033a2b9768fd3f7686,3264.7027160000002
0x24e6f58d58aa6db32ec9e0a332ffdefcc5d6f047,3263.4395895999646
0xb1035d946d6548feca96341485d28eba463ad9cb,3258.5787911572465
0xfcff3b04c499a57778ae2cf05584ab24278a7fcb,3251.9640707849585
0x139bf84e08292811e290a388c5c51875f6e634f2,3243.299451620227
0xeedfb7674726bcf8b7c0a861256552cba6b30bc9,3243.120226066044
0xf310a97fe408e1b1a0549a85c64018d4617245d3,3242.6483519773005
0x2d54bebdf37dc8a85ceb845d84dd083d1edcd95d,3240.7288146250853
0xbaf9705037c14ad072a0daf87cd113de1a2a2f51,3239.4033140313477
0x60a6aeb9ba1a880e74ae4b56a5f0246d51d0319e,3237.5048050856135
0x46cb281a731a90abb877d2673e853ce9c5999e2b,3237.061793230986
0x464bd7e6718a815c20a5ad529003d7a93a9676b3,3233.274812647185
0x64c33e5d5e8a63fbca346d87d888f6a07cf47650,3233.254461941996
0x14a870fdc25fa79e73fb31669bbdbcd3fb32200a,3231.7605104746026
0x975238723a152f3b449b5b969691e7cdb585e1c1,3230.724566989054
0x3051607998fe3a690237af729caa6c6d1d6d99b4,3225.161903280934
0x169bf778a5eadab0209c0524ea5ce8e7a616e33b,3224.4145863570234
0x4e9f3ea81c84df335ca8ed45e774e4fd4df4e35f,3215.180564735303
0xac2bb0855ab7963152c8fc4f98a862dcac530a4e,3212.5757543232644
0x13e7bd87cb39c7065ea3e79e20e14612464f6698,3211.33427853363
0x2404bb21c430c022fdd6f2d84281a933969d64d7,3208.968289860423
0xc8b242829369a985a7534914189966d4ca939a00,3206.1408201062977
0x1c1c36a1ec4730935da9989d10c9ede3f5cd9c07,3204.5707325542135
0xd662c13de7623530381b77cb1577ec85909b2faa,3204.2448
0x078d469141e64165804df07a41f2a20aa63994e9,3194.799896239119
0x3c48d5de1559743cb5c8f4364d4dc44188c459d0,3191.083783652964
0x04ed15a29addad1e8189026d17879403997050a3,3190.777283025005
0x0da6253560822973185297d5f32ff8fa38243afe,3190.5734551469995
0x5412be87c36d671358353dffc839ef79cdf79530,3187.529307170429
0x0ef3b554152a708d3031dde5be3218c245cdc48c,3186.2542128124533
0xd12b39342d18277623de3b44fc70d17907cdea37,3185.0130793129615
0xdba82b1b237455f795fe94ddd1260b77a7493e54,3183.6216240892736
0x0fcea84aca409f77a479e16fb28bd4f30908e066,3178.742341606211
0x7c7ca79e0cdc2dbdedd8bd1f527414a0ff1d15c9,3177.156420331931
0xb657b0d8abcbe88883f9da859b9008a9f785f44f,3173.268148077785
0x1eceecd89dfe403f33b75a8d9e609791c98bb76a,3171.4250634535347
0x17490a71db3ce4eeec61997791e0c630a57a1c01,3166.980769655056
0x95a4880689e22277702fc686cc7ee97d1737c81b,3163.828255096045
0xb4f3b00d13d20409afd9488ab991d0b40e6a5219,3161.9043150892294
0x2de92d158afd3b84fc79eb6e5325d1132cbce743,3160.333803698312
0x424485f89ea52839fdb30640eb7dd7e0078e12fb,3159.659174259903
0x04108d8fa84c41a279767cbc560922ff3400000f,3158.4995694207105
0x9ac681f68a589cc3763bad9ce43be3380696b136,3157.574893641852
0xf39f379da9a5450d3ba23be939a1b9653778acbc,3153.218397173632
0x35263fb893722260ecdf4e1ed2665ed689348b62,3153.1723355844088
0xd8857e7da2d6e05667c5b9218f97efaaa671f44a,3152.9377976272203
0x821808a9e5bce37bf7cdb92516da9fab4ea86c5f,3150.7022263559393
0xff9704a23d4c4f57c69d86e1113c1e9204cd804e,3147.6478558122985
0x2cc717de6f6a0afdbd19614f1eaa8090488e416f,3146.520984102821
0x7f46c12a7ac8343d11652fffdaed411d2d427eb0,3146.340811476654
0x73ce7c88893c12229a47f9fc94d2d1d00fea4a0e,3142.1824897348183
0x6aac07badc54bb69add5a949dd964f6fe05a838b,3139.250292823267
0x02b86f959aa6eaeab5ca9e013d6dd9ae14de4fbf,3139.0209089872806
0xce1ed37ca6de5409e19c0f02465c3247ff3d2e78,3134.0604079603177
0xa6de8dbae7b2504a7bec7b0dc7783e46565e9f75,3133.4865222351445
0x95d9a1a365f01ffce582fc1d6732bb5cbf502359,3129.364809491865
0xe46cae9c87c78e9ed6932be8da59d44f00bb5943,3129.2958504506178
0xc90fc5728e6fdbe663751cda62decd59fd260cff,3127.626844397238
0x9f4dbe3b3b9cd96f86cc51c9e7352f02439c0932,3119.6782769565566
0x809c052c2bdf358eaef22a705a4e7862c8ed30b8,3116.937590302973
0xc483e515614eba8505032cd777dea3daab998069,3116.78027109544
0x71d091e35abbd51b46db179184684633581d1816,3115.9886852398604
0x0aceb69ff6f774923940073e94bc64067281a032,3113.503082034545
0xf7dd20da16be38d5c23e8ca8a38bc518f143f93f,3105.874912467427
0x7e3e69866806eeb27c17191e0b585a284eae748c,3105.1964469389995
0x4e6f2fe6f041bbfd72aa4f1e96ca8b42d32f3ddf,3101.7572615911386
0xcf214f20567ea031cbe9d1373ca4831f654c7efe,3100.2133115800466
0x5160cff496af7266ff62b2fa4cc496463fe4da9e,3099.6722739994275
0xc77546cc205d95d55814de1b1448e48b66ed8d26,3099.623136838395
0xefe4d20cf0ee958fe5972fc5e612870088129dd6,3098.4729741816604
0x65d2c57a2718d2ee93a74725bf04827100fb3c75,3098.4504027777803
0xad8af4a78c2bc295164cdb6bd229b62adfd85b26,3097.843858112506
0x92b01d1dda5224cc290f0c3ae356c2096e0c1c0e,3094.351146572756
0x31dff0698ef9623257e01a59c28783f11cadfef0,3089.539946
0x0d1cfdb753f03500f5ae1f565dc3823367630061,3084.0177191539365
0xe20745b629df6456dc8840ff4bc6e275459b3edf,3080.9814577017764
0x43500c73d701d4534f52935c5d729c48bd581939,3077.1392014064822
0x41480b7bfb45ab2add9f461af50c5953a3fbfa34,3075.1856835725757
0x2885b507baf464dbd4b6bcc033adf20b37fda2ad,3074.1220727723758
0x5e3ee75e43ee622f27fbe4b79389677cab17e9bf,3071.4482351123893
0xf064484a860872b5b5c8b768c04f49b17df622b8,3069.2128296774654
0x404e716257c4f4bcc43b967514520b98c0c09dd5,3067.1977636966476
0x3bf0c6ef79334727a6652e90818649645e4ae5e8,3065.8239842949743
0x5bdad7673a1d49f9ea0c2b7bd100cbb25024459b,3065.7620652624355
0x2e81918570f998bd04e4a52c24f2a3c357784d61,3065.745386316262
0x83c4c48d82289db1e7a007568d0b482194a77c8c,3065.3693422441256
0x22a0738bde54050ffc04408063fd5fbdc1205bdf,3064.1893017405646
0x50d3f135681304feef9f80d1d03404e2a0707e82,3063.9896458579233
0x486db7c399f11c6207cddaa900dedd5852df109d,3063.670055321069
0xe71f731c2b76b145354a2bd9e8216f7b0e40d555,3062.726883234453
0x8ea48337c6c6677b0973437f2685d17717c0408e,3059.0218309360966
0x75efb257e07c14a64a010da352b12f9cacd8e483,3056.318634211963
0x6e37d3fa713673925a1e2a43b1eb68aedf313ad8,3055.26854996723
0x14154c15fc0fd3f91de557a1b6fdd2059972cd0b,3049.5847342134216
0x2418c488bc4b0c3cf1edfc7f6b572847f12ed24f,3048.1402895941483
0x760166fa4f227da29ecac3bec348f5fa853a1f3c,3047.1726414925834
0x41ef19fbc157cdb8c30a7a171fd6d0c7a4864cdf,3044.956141662271
0xfa3806ed01ee35ed5c1fefa1b170ffd5a420b2b3,3043.58068
0x7021dea161e1c074c88a56b03d62f5acb79c4ed3,3042.400496432033
0x5d752f322befb038991579972e912b02f61a3dda,3041.421389412809
0x5c3235d75455cc1848de7492d2df321e21f35c04,3041.1893904304206
0x23d8dd14a879cf8519e0ded989449666d815b687,3040.617345678557
0xf102357b060ede2e6a0712d1513cc55404e89a6a,3040.180756191563
0x5dcc0e2fbe98f79eb0536c23dd8dd3e9aa6dea34,3034.4427728703913
0x9d52d8a9f2fbf430fd634a21267b4414049c0064,3033.708271694602
0xccb63225a7b19dcf66717e4d40c9a72b39331d61,3026.2128608157104
0x0fdc7b5ce282763d5372a44b01db65e14830d8ff,3026.138546610146
0x0ccb62c623d9d27ade6f3b24bb01bb1376a949bf,3024.2932914072076
0x368d070d7d60eb0b10e0d860c93c7cc8b4442ca0,3021.4283986908945
0x236b03ffcb7d340e795eff0d3db57ea24637e61e,3016.510603675116
0xa4ac834d4948003c44aa05b6ddaa4bc48864ef6a,3014.826687768
0xfed2b7ad92e48445235e2b66af062a9168d855f2,3014.6422404861923
0x4024f2500874c9b44f47f41f0f734ae1d9746463,3012.408962510391
0xc29271e3a68a7647fd1399298ef18feca3879f59,3011.2556344330305
0x040a4b89daa1eb4249a89e702a40515a14e0c143,3010.444965310594
0x5d62a17734f1b0495de13aaef301c6301415b755,3007.400968742855
0xefbd541c1bd3d01c37155e529ad7e0ab007e5275,3006.789662860746
0x1599f184a5e8e853a440f385db832c31a9d591e8,3006.4974167234323
0xfb7ecbfd8930324cd292c300dc2ac0c4991c1d8a,3006.2505627820706
0x066114a4acc788132ae0dc687b0bb0eb0d9cf470,3005.8669748570137
0x504393f35e3cf04977845e183841d8e4ec0ef6b3,3003.91532720744
0xb1932ff4b443636f57a6fc96568905fc63b6bc20,3003.032153072544
0xe274a8159e542df5e3888c3f819308c47fb409e7,2999.2355294685526
0xbbea1ba079290d43b30a0775cdadc9d5f98848ac,2999.0686063230364
0xb2a3c4db5912f866da8c9b682edc31055511130a,2996.1031180177542
0x278cbfd46a87c15fd29d109fedc80d5dd9ac5553,2993.6437926876038
0xb0e6e716346e110336c7c9c8377e1ee7091bea55,2992.747240863711
0x3fc91a3afd70395cd496c647d5a6cc9d4b2b7fad,2991.5030526361134
0xacc19711f194ff0ea1b33aad9384e8c0dd4562e2,2987.2488917521828
0x81a460ea6fd96a73d5672f1f4aa684697d4b44cc,2983.2983361088855
0x701b319aff36311f720f0a1ebd6636dd84bb3e8b,2980.7246907629537
0xfa321beba34fc7e005b98581c201d3ed91f8b579,2980.2265452655615
0xd046a59f340b3d285bf1d001cc827415938372dd,2978.744854115502
0x7bca9c65bf225b45779151384e54807bb9e2af7d,2978.3285925736136
0x438633db5462144559cf880a2466de8e9be966aa,2978.236077005139
0xa431df2318cd4bbd58b6f52484588136eee4730d,2972.5874209321983
0x1084a95c69bdc3325c1c42f86676b6eb66dce053,2965.5990522413103
0x297bd687e19d4180ce4d3cf9ac0cb6f745d23ecb,2956.0966582896626
0x16e57d97785caf612c8c2f596caff893866dff82,2954.6169517736457
0x4a7d4be868e0b811ea804faf0d3a325c3a29a9ad,2952.28365541632
0x930c59a2ebddba00fcbcb5d4d4c482c842b1a6c5,2950.7281765411717
0xb7c8fb031525ae8052632fe5b0d6d74dad58d7af,2945.3309814061495
0x53bcb706b3a95b0d075d811e9034acda29be8837,2939.6571869663967
0xd5deb5dd2e677ef6f39a042ea4e063f3505b4c78,2935.5324998946467
0xca658217ce94dfb2156a49a8fad0ff752cac39c2,2930.8582955276197
0xd6c8fc05d64a314184fc6f35ac0840494687eaa0,2929.528951588169
0x34b90693c14e5ab738b946b663cef8ac4b7c3ef1,2927.841772613638
0x0db06310764ed6f86ae8132d6d77ef245204c3e0,2926.7901033142825
0x20cbd44bd71593fdf41bf39344a4e780c75a5d06,2922.0329826897487
0xf2c3bd0328bdb6106d34a3bd0df0ef744551cc82,2919.0991826209615
0x82e7d35e014bf37c8f35de66bc446bdce5da66f6,2918.9282274398984
0x47dbca45057123e478cbe987b7257d8d0bb2022b,2918.1479959826065
0x8cd534e76cbf7dc7c93040aaa69aa15a5e00000d,2914.906086465218
0x45393a85bc48798c48d19eaa61ff6b0b3aadb490,2914.3791236967977
0xa1c129e8e093f935969be783790ccae472f8ba1a,2913.239127693156
0xbdb11d95b76aa5aade4dd6b6885b148bb2007ea8,2913.1760045464266
0x7629424b9f12f90f411cbddca6c36118766213aa,2912.2321919457017
0xdfce55c1cc365d3cb2fb475a4762d34ef0bf6c0d,2910.623521604403
0xc7341039c38f8234f0ba2d7d5dfead9713413078,2910.47192
0xd35efae4097d005720608eaf37e42a5936c94b44,2909.433485438254
0xdbadf4f5df04d7694bcfb573d85c07f6e20d02c9,2905.8969973731173
0xd44faf8af84a68b74f10ad33e402371c7ed7f785,2904.1928148904094
0x7caf0dd5daca328674f9c43337af6f0c2f8dde63,2903.7673707662852
0x3a120000002d00003f5f95c29f47da894700479d,2895.0719477716775
0x5d1461990f636d35030cb603559d6a9d4487f9ca,2893.8224193360315
0x7c7acba9e3474985c17f99430a6807c5ca29bb4d,2893.057349783434
0x9cd028b1287803250b1e226f0180eb725428d069,2890.3666698335624
0x14f235772a31b2524bae4fcac4af239cd9e0ed65,2890.1816722644508
0x00b9ec4ed8b667647a6c193855c20751e5701892,2886.864421301507
0xb358e52a147087635f2cf938ac95d70a45de0525,2885.597958758634
0x1e6d83a2765871673710dfc1c8a034d42b76da5a,2884.7099497522336
0x21aca5d3e5253be30b33cbfac18d759b1d1f83b1,2882.2330483838646
0x4089011b0ccebaed918d63425752839a15153367,2875.9693290000005
0x8f0350c8be74b4cb0458cbf04d16753000fda9d0,2875.26449958308
0x8f92ac2a0f6748d0b012f17dab1f2374a241bbf1,2874.4808868148175
0x391acfba1f11069ff0d6270b72e4253bd37eb968,2871.6067827984525
0x7bede42103b58fbaf9a75eae0e802199c1d9066b,2871.5060798088816
0x97e1fcb93ae7267dbafad23f7b9afaa08264cfd8,2870.9523854281238
0xb65a971ff7b9a5ec311bd0111e653e31457eb177,2869.5605896937773
0xda1375fc4a5975514b3f414034ed7f88d786e611,2868.861802416095
0x072b999fc3d82f9ea08b8adbb9d63a980ff2b14d,2864.3805702466598
0x0a0b2c28470bf68a6144df04b08360559fb4aaf1,2864.2141987471923
0x3c8d7ac39bac7e871307945b936c8b253a16e337,2861.7209676540165
0xad9ef19e289dcbc9ab27b83d2df53cdeff60f02d,2860.587112186335
0x28a2e87ff28a69755a86430cc027a9d5f93cb378,2858.7987715402633
0x5ee7b379e0ee7bfafd8992aa7696f8daa09a9cb4,2857.2716657607007
0xd3c465fb33a3ccaafead346c14310ddd26111d62,2853.766408790529
0x505b9d0d17ad50d6e9b9dbbcc2afdce282cccc90,2852.3824817591494
0x76838fd2f22bdc1d3e96069971e65653173edb2a,2852.3486884359827
0xdfc0a78a1e72caa8589e122de4cfe9d96dc6af6b,2850.665494599439
0x5b1f15aa094113d337e1f4e1a190909bdd7cca55,2849.6767817834298
0x0a05e2e9d6333387d4f634b08fff5210292f5561,2849.3955119936745
0x9f319e265b8189b5b5c2152cacc791b95b3da180,2844.8585447314636
0x6142e7f16376f213185d839823c6379c2dc73bdd,2842.852741248723
0xec02bec0f766e4be02e5bcff1ee59385465df090,2842.0493509194084
0xffe569522895566a11049a0b19a02dcf40d6115c,2841.487264741033
0xaba02654b3e2e4ce47120c394353b55e585496a0,2841.3923154019553
0x1d91389b2aa45c388c4d02eb39a7726d02a71d18,2840.3646739036544
0x744eb6e88d0167fec9b821ca1a5800c133fa72e1,2839.647051932204
0xd715071777e72359e854a224bee71c3dd7e87dcb,2839.3675066892083
0xab26d20964cc0284e190bc22e67d52b8a88a3084,2837.9820152145016
0x87d1b1a3675ff4ff6101926c1cce971cd2d513ef,2837.0526487562997
0x4103e658a8acab924a9a2d3750e6cf3fb932a186,2834.765293152917
0x6e7f25cb3d281d64dbe4b1a38072836adc11815f,2834.0077614062684
0x48c018b4503ae86fce471f5468c261edd344d0b0,2828.3599205356977
0x3fcbf7e069c0931213ee362ada74437cf64f9dd6,2820.5733450370926
0x24cc17e0b338a25d99e3bf9b8f28fc8c353a6d3c,2817.916857579909
0x81fbef4704776cc5bba0a5df3a90056d2c6900b3,2806.8146895720797
0x8a4fba237680746fb6e2d2f9e962cfaf72077a3a,2804.3201150898785
0x0d5904169c549c9fd9fe796450c5450460c15f2c,2800.9064201873944
0x4ca0b97f53bd2bd350a7ef29bef3640fa657b452,2799.2659942806604
0x6d942fad4c606d51dc18b1890fed374e1ccd9857,2799.2144039643385
0xda6d38d49bbb8cbb8113ecc83e93483b6afd2d9a,2798.8058010454797
0xe40af617c129e732798430c54b716e4ae3149540,2795.0537857962654
0xeb65ec88ae9d932db4fe5bc3b962d378943e1667,2793.9169375404877
0xb13697a7bf40e5ee55126a28045265a049330a12,2789.4714047977905
0x03f7724180aa6b939894b5ca4314783b0b36b329,2787.209673030182
0x949250d130d9147a45fb211aaa4fcb0f4198482f,2786.6482530782487
0xaadb9578d4b5b8b8a0ddcb3d6bc00026b643d922,2784.506809898421
0xd1d532778739b8891e50314d08d7f157d8bdd456,2783.768121294449
0x48a1b3ad09d83cde4eed74e53caa5bb5cc00000e,2782.0252256481444
0xe1d66f42f852cdaa3b20c2509bc9201004890e91,2780.30518065552
0x600303821de37604edc8b8554d98629624a10463,2779.7922192103783
0x95aa06c2b3c8d475e317208f0f8c6d4ca7dd923d,2768.9069570985635
0xcaa55dd296813ed2d8080b3104ecf0cc9119415a,2768.4788296060183
0x7a922aea89288d8c91777beecc68df4a17151df1,2768.1657624452155
0xec199d2a536c877231d6ae8fd1995099432b99f0,2768.055820646413
0x844eb5c280f38c7462316aad3f338ef9bda62668,2756.2912831592957
0xace444bddbe07776f5e7512fcc7b8ab3b504365d,2756.0215389292257
0xb62599a17c424740375481209607ca9440fdece0,2754.3387794760924
0x36095c32623186aa74257fc6729e2aa80ee17cee,2752.4240591783355
0xfebc3b7962c3c4fa3e2d31fc0cecbf8cfeef5189,2745.339223100223
0x8bc6cd7822ed04e08394b4b6e61822814be40fb4,2743.571825557716
0xbf8e825fa4b349019cd15930ee15968aa1ecbc16,2741.8397649935905
0x1170496d2eece4494428e0281264ff84ee4014e1,2741.4642455561
0x85fe2c3a8f9c1b31988016f16736d82b1ce678c5,2740.066137321654
0xa9874f98aee8104f96abecc61aef28896621d80a,2737.6668271257586
0xa72d00da721839a1175ba837826e922de7045b61,2735.0920092620263
0xab6a18ceed943fa02ad865ea8917054b2aa5b869,2731.9862597905235
0x040bbb3b6e6e1c934d85644fe72b19c7f5d96f44,2731.60110283958
0x6f2f26676c743726cf099ef6c9cde87d2d98e13d,2729.8997902558076
0x99f35f1823f78d05cf337a698e6288008ff9b098,2728.332053567785
0x0a65b1bd42147f4b1a093c3943a19aac46519ce6,2721.746520003621
0x36219f12d490c2888b1ca8279049aebd1797482e,2720.468509334896
0x798c9a703a255dc869cd0ab9ceeb9345d25373b9,2718.766904
0xa3cb7413d48d2d7d82e0882f2983b24cae2aa306,2713.0625603373737
0xf02c591db87c43377562dfda807edb66ebd8d6c7,2709.623605035817
0x66c4a3f62f7be4aa125549f18eef3ec2cb9065a5,2705.0106735444065
0xe39a646a8b29abfe599cfe872a525fc1cfd56ff5,2700.93126395052
0xeb9ebbc10cdf7d3677e3ead8c98f8422d826c797,2700.81527907897
0xa7592cc08ecba624bea61231a767aa8ba7598357,2699.3037345220046
0xb594855535a10b68c06b3ee03d0d5ec030a68d53,2699.142419326763
0x759dbbd29f06764560b34eae01ca7f48831a9be1,2697.7535761282943
0xad1fcadace3aa8dd994d39751235be41691aaed3,2696.273516300848
0xb6f10abe3e95f02062c75d01046641b88adbf3e0,2690.985350325419
0xfe20c9fcb8832d6dc1f8becbb0dfdeb6422b55e4,2686.5333484681987
0x7939639c322c641978b970e9940051360074b072,2685.159232669
0xd321f69da1285454705e71f3437d36e29a4febda,2684.1411500210265
0xabf226caa353c1163f779e134ba95f26fbbcac39,2683.684657747358
0x82cdb375cce7e52f7a94e00b94f1111d7c80527a,2679.9617881854815
0xdd479ab5841b246818442e193e51805f7a56e445,2678.248274167738
0x4e5d08c31170e72d1cb1cc9503efe557c0c09614,2676.7120609340063
0x801ccfae9d2c77893b545e8d0e4637c055cd26cb,2675.0664185558
0x25c6ec226198adf58e2586db9c5d09615cfd5180,2669.7761807137986
0x0ea7ffc2d67a0520af4ed53a1d1be84694f226c6,2669.5226692349424
0x0678d57b62b85927057214df918de5bc8fc38440,2668.4926071242744
0xecd6b7d6d54be50a214c259f17103afca3941f7b,2667.918488292288
0x1de43182992fe252674b5aac9b5c884ca48d2812,2666.138000232865
0xeef5d5ca760780175b5a76456648bbdf56180c95,2662.045233376072
0x0dc75e04061d1514c9ff41efeaa9737d8e681bcc,2661.511511118249
0xe59a098f0b6a59aa3519df0bce9f88bdc1c61e7c,2660.976500874476
0x99a8c8437c1afb07cce4397a179e7c863eec1fff,2660.9654760750423
0x42018a2ff89b6d662b5f746277bd02f0d85f485a,2659.0764122570035
0x80f8143fa056a063aaeecec3323aa3426262ddb2,2656.5245387592017
0x0c649cf0459533363e79506b2c76c5cddb0e547f,2654.182837958802
0xf06c1c67a19e46475ef1c1bfd9c5ff4cd8fe5229,2650.6681396754234
0x02aadfce566bfd71bac2060e28b8b8b2fa10c2f6,2645.2917307666276
0xeb2e0747e5dfd01fd7412b605702a06d4a96c1ab,2643.5315688096925
0x64141cf8d0d406881ac7b71a088d8c15ab781a9e,2640.1618093380007
0x8ff9529e81c03c109a9e9c848cb3ac7615ce86ca,2639.6253311776677
0xbfbfa17eaccfde8065a681e6186b5dc9694e841e,2638.4393162027573
0x184acd34b1d4e239a0a3e427d084819fd800000c,2637.48681307677
0x1c90843ff6f3472002650f8f7616f4d99f4ecd45,2636.8129302430825
0xd26fadc59bba8d0d5bd92f28cfd1a9d1ddefae75,2628.893489
0xc923b3d24d9c831c3064a8aecc03b390db6b5eab,2617.573280380689
0x12a984191a915c2d5dc101e12156b2b53bb163bd,2616.381223705854
0x455d4d19aca31c7530d75a32f98cf28d98365587,2615.8910069448984
0x3cb75142bdae2bef3eb119affb288aeb0599dc4f,2611.044438105414
0xebee3dab16c3c7a308e26d5863a497ca782ac0ee,2608.86534
0x5ccf29bd0f58e663f10589460bfc18c01c47dc5f,2608.8464603071793
0xbdcccd714c981b3eae1fc70a417ceae7b61b77ac,2607.098875244429
0xbdc1c3f8d6879923c535a153642bba82ccfdb1cf,2606.650485965494
0xa780a1b1f4001409916d51cafd4e1035d9281139,2606.222497476815
0x8cfb51e9ac8c7af403f9c96715f1e037b02dcb94,2605.542546919825
0xcb9c4e7814158ee2e0afefa044042326ff261ab3,2603.8314975103326
0x857d48ca17f733460fa5ec2cd8cdc97c0ebf26d4,2603.236878478263
0x5e7c880835fdd8a6c61f3ab72d4fbb19a4fde74c,2602.1096677456753
0x6f6b8b2fc1646e3b9d30b7633a87105242f8e5ac,2599.1295793668714
0x3187065fc51a0ca3c92734d3307eea8790767ad7,2591.3289223591105
0xd6ba3557bc69c02dd7270edd754ec0f860c4c4fc,2590.7914890872426
0xef21488ffb4844977fc7af65c6e86ee9dfbeb4f2,2588.095344922245
0x1f9ef7950d3113f1cf8ae50c4177188543679227,2585.5321696663405
0xf161b1c5e477f417a573fb485af03675de1d9ec1,2584.036491914972
0x8e4df4b1902bdd9aebecf6b4936bdc28b3ee48ff,2581.4662384987105
0x69d4f0e72a9de650dd3fe1f185ed3bf1e9e7e3ed,2580.965388043382
0x24f7963ab37d1b6042944815e6feb9642bf57991,2580.563258002276
0x84919efdbfefeeb63d47acc3f64a3252c9cf27c2,2579.8801656151672
0x2c69d3e91344b8cf19f9f932231f4085ed67e51c,2574.823099905753
0xcc77a9d99e1700f6f3cb52e7b6bf593958ad19fc,2572.109622758694
0xaa56b0eceb02f7b72a3d2755f21682d9e7b151ca,2570.3255568162726
0x4e1c13ee06c9767ae6b0533942224c8c017bb462,2569.4752127361053
0x1ff5e11d0ed4556bd72a403fb0ac21547f91341b,2562.127021836496
0xf803aaff594139c50fb44d9548a1909ff2d54c9f,2561.9881667116924
0xde90022e08a142d4a2d35aac8d1f2a0264d34ade,2556.92796223169
0x741551c730acbc40d58182b3518505ffb28d1afc,2552.7972561281636
0x22052a1a0f5a3d2839d71c458f177e68b0e73963,2550.880656750008
0x5e4a282819644753ce2cffe886441de100351b9e,2546.6499586704012
0x37412107964a42ffa630569f5b812cfa83f2f0ba,2544.964894858813
0x5207bc61c2717ee9c385b93d3b8beea159ddf02e,2542.999481788958
0xa07a2319fcb589701f1e2103520c3fba31b50d2d,2540.850676611432
0x630d3ab2f197f4362fafe5b507265ee308efb9fe,2533.1253622342692
0x318ccac8b58764ef4c84a7804052cde3fafb840c,2532.5151021952265
0x39eb9c3ca4ea5c9c54797cb1796e8dd4df3d9d7e,2527.9057779373616
0x2f947fe85255aeeee8eaae72e197c5f8981f4a4c,2527.790320611599
0x5691caa4e3b4daf74d360faee8552492883bed4d,2527.6834861163748
0x9379f5e035cf6148c6bbee1d6415795cc773b0a4,2524.6889941757704
0xc4472dcd0e42ffccc1dbb0b9b3855688c22f3a0f,2524.669147451857
0x44b77e9ce8a20160290fcbaa44196744f354c1b7,2523.5401844574576
0xb3d9718eb748a9d71ef94d7602e452475f313469,2523.4458517228413
0x60a26d69263ef43e9a68964ba141263f19d71d51,2521.3621591429287
0x4bf528f0e1f4d4c25a9553da0d5d606a715c80f7,2513.747787402437
0x3cec6746ebd7658f58e5d786e0999118fea2905c,2510.0156669584962
0x5a79425009f6477a61e3e841747e556c40d9e80e,2505.1361829022976
0x61bb05569d769c0e8fa5fceb53042cb1714b6a46,2504.9138772945485
0xa2a9b7fe966591fdef14650a65fadc61012eeed7,2503.645756958469
0xbc9825a03b3b29b5cefe2b739d002de051f7cc67,2502.910971659279
0x6279653c28f138c8b31b8a0f6f8cd2c58e8c1705,2501.2414941812453
0xb4196dfed94605da7c81c3b1ff32e44c6dcfae4c,2500.516139382985
0x8b4ee5ffd317a7b47324dfe7b6749d99d81d52d2,2494.4038440000004
0x424d846a36e958775020af9ac897d3127fb8da27,2492.9581441023824
0x88fcdd9cd5ee7e53ba452c45f7f704041df0b042,2489.4436511959934
0xbf1a45b695d21b786f39e36527aab8dd56afb77e,2486.3524081873093
0x7335e5e5e6ffb7f85d959b359e2adaf7c86d2ac4,2485.587499489145
0xef29476bdf718dfbe2cb05d4f3752f8c554e6dc3,2480.4198738
0xf400534aeb6d113df955f2d8e09f22b4fd62fb2c,2479.6386719345905
0xc7b4fc2b7318e18388a6fa3b286030ac088a35f2,2479.4004289738846
0x34a43471377dcce420ce8e3ffd9360b2e08fa7b4,2477.21660659294
0x19e9e893339bc65ceba64f6b59bafc4a21b34d7b,2473.4490537225033
0xe1525583c72de1a3dada24f761007ba8a560e220,2472.0802510259064
0x6207baeba4a6b5dcedfa2007620b9a84a0b2fbfb,2467.5651794965493
0xa9783344c841d2117dac3dffed0c5bb29ae48cb0,2465.2714297530392
0x9b124a232b776b12f6585c424d9e04726d423ae5,2455.7778658702146
0x18e3d533847665a5268c0566abeca1e71f515309,2455.55100488664
0x618f5f2c385602d49215f51d4551a0f27be65d64,2450.7002570932236
0x0e18b86a6d3cea2ab858dde54ddda40054b03d52,2450.291748392976
0x3f1a36b6c946e406f4295a89ff06a5c7d62f2fe2,2449.112003292482
0x6c34270b36522c8ed353f0fd4831fad95c7a8f51,2448.3001918762457
0x86eaf4c3e79a56aec11ca8db04e2410cafd1daf6,2447.765162258219
0x220d508400e9f2660d4e55a6cad2353a6cf3cec8,2444.8841
0x3da3e8ddbd5bf12d640ff9ebc51e4a319d703848,2442.166497499956
0x02d811086bd9e67511e354a390b61268004d7d49,2438.678162173631
0x03d91bdb25fce0d958602fd84cd3e6786cc95068,2437.9790385548167
0xa81a56587081513faf0868f91d0b0c25e0426d3c,2432.7318385421913
0x32aea6703491b6b26cd21ed7e0177b12ac84bde5,2425.8106169295443
0x50468a8ffecaf9680ab030b5d4127f2272b0f957,2423.1363681802245
0xcc9249a6d241b0015d5ed178d109cd6903831e6f,2421.6586239986073
0x9a81de2ef16997b0afdf517c7afc59ee04bd05e1,2420.9275263210293
0x6139240a5907e4ce74673257c320ea366c521aea,2420.1634350197564
0x1410dbe35520a6b5144510652871a1e64317df71,2417.3168374182724
0x02e10162c8b06d1077a25d8ed0a91c6c44a35589,2415.880001733936
0xe875d87b63df4129182e582bfe8b46240ee5d83f,2412.0401939506905
0x0d63a6494a3a8d79ceff42e1bbcf65418be78e1a,2411.8252500924928
0xe05e33249310a13e9bafac1f3886b7a08d351ea7,2411.388309903948
0x4b097e7c2705d5a560f028b40bb6de57865c9653,2410.21989596288
0x748c05b80d07de9692d976bd3173f301356ab945,2408.795969516716
0x0b6418a11a5fe4de7d27b9d4f598db56913e038d,2408.2651185569357
0x1e8e4ac5dfad23f6b09a59a61c8906433404fd63,2407.763244290468
0xad3acd8f0d16ac7654b7cf1a743058c815a1befb,2407.6012481015046
0x3a8afc58b70b34a0a5615d3a5ffe623ca1fa92b8,2407.3337231046416
0xd6d56e5a5231eb87f993fa311cfdd6e72c00000b,2405.742473192213
0x8ae3de9960f16fc0bb8ee41f81c508d12074c721,2402.56731349054
0xf00fb2e6361271ad0bc54338ed99f79bffd90c1c,2399.7505476275496
0x815578491dddab1928de1e81bc32b9b6a554961d,2397.5249966915917
0x2345f02b6654fe58f70758009dcd116388d5105e,2397.3850129219654
0x9d40de974786f832b69bed2ee9ab33d3741b3217,2393.2469392341227
0x14ed71bbb8cf6c9e834cc6492cb248a4a7b0913b,2391.3046922142394
0x66a5cfef60422bafa7f3d13faa6bc823ab2d0241,2391.0586991630316
0x8616b44b734817a2c954016a57cf2c4d72d6f838,2390.8777669294486
0x61fbd4f5f961263022f827028c2061391d85b3db,2388.827647703113
0xd3b4f5b4cf06498e4fbdd71c9da4f5befe01a0ed,2388.6836196174854
0x89bc801e73145ac6684c7543454243fd2fed5337,2387.6678545970935
0x45c24f87f58e3994b7c5f92ee5bcdf122e4f442b,2386.394852406998
0xe402e6dd4fdc0fd91f886917a26246ccc5cb6000,2385.9379582238134
0xa88800cd213da5ae406ce248380802bd53b47647,2383.3603345689976
0x4a9c7b98c1a92db0ad33b31b549fb1820fe571ff,2381.236234425658
0xa1874d97401329019377c5bb986c35a4b1a8036d,2380.3628598878504
0xdde2809815df5debd48f2db3618beaef9776ffbe,2380.340320197721
0x54a837c28cf83580cd49acfd33b6d3367eef2500,2380.289516540049
0xa2cec0a5d5c4ad090308998e86e1e1babe429f19,2377.741161997707
0x8da7340c6104f8d27f6b136d1836a08e01d472d6,2377.54928699334
0x1c9189593669b5c1fbc33d7ff522b1b2dd0646e4,2375.6802490620066
0x71a9a6227a3d57a3e04571c12e7f0460889893ac,2372.9761136142233
0x135a410f1d6384ac86a448db8c1eaca4be02e6c2,2371.157797143019
0xde28b851e26f3d257c9f47ff72fdc121e02d8158,2368.6159204922446
0x896eebeb02f81445f5a88ff7884af8d937294ee8,2367.1276266532104
0x524847c615639e76fe7d0fe0b16be8c4eac9cf3c,2366.7956104566647
0x0bdc2dd0e863182112cb552588cf616fd4d55b35,2365.8797223366546
0xfb35be19f4bcd9944f4686f56805c6e41139ab12,2363.6744587209405
0xf52e78d8cc299aa43da5e2b27c7b27f5bda9095a,2360.8272311555156
0xe495fdfabc7c51c0851e76543c0f552205414894,2359.632731966719
0x4c50860049126b28b2e8a72f72dca4b609bb3b49,2359.5555625425213
0x29f19c9dca59f5138648beef33df70f6df59cfc8,2359.361678350839
0xceb3d2ca1edf8f780070a540e4f62317a32e634d,2357.750712952701
0xfaa0b839849657cc23b3ef65286d9716dfc63292,2355.1874205355302
0x2dcc16110fdf883824431652cfdcf9cde1254a26,2352.0565362321254
0x7995cd25ddf6e8321a4d26fea53eebbd0766fddf,2350.407205695092
0x3a29386edd291a8a08717aead8ee31c56f812f46,2350.220585858616
0xff2bdf3044c601679dede16f5d4a460b35cebfee,2343.1693785905263
0xa9bd7eef0c7affbdbdae92105712e9ff8b06ed49,2342.7969281347578
0x6059ed08e17a66d6e53c64a4e60cde06c4fe9c2b,2336.8107669139636
0x11995da84caef28c4c058ccbd2c6e70c79997114,2334.2900034069385
0x55775b0d4475f5e0d5b5c1d7aaccfda3429df83d,2331.052558265067
0xa63d86cf8aa268c72ce0a967842200c494638707,2329.596745404115
0xa219aad740f88470c59a3ddbaf6ded12e7c3fb76,2329.4702732973274
0xc109a8dbb7099db5fabd6155ce636becd8412192,2326.6703236035173
0x9f782598529050532186bd3d733c38b2eacb756e,2323.309180721303
0xf10fed9272429deb42adebf0c4d1472dac1c6fac,2322.9330574635605
0xfb9256c0f94d0b7495327426c0dd954bdf72d220,2322.4851875625436
0x2bd00d0f708ce77734fbef2e049cd08db4e629e3,2320.6206281430555
0xbf4ff08b9a3bbb77a362b609119100545c0445fe,2319.7949049858034
0x50d9f80bfc1ae25a99badea382011f256be4fb6e,2317.134757706381
0x76f9ec18c13915d2d0cfd5aeeb0ca6568ee30a69,2311.6841663014607
0x0dacb47e00aed6abade32c7b398e029393e0d848,2311.4816065120876
0xfb951820e3448faf86b561fb80bca054cf35b8cf,2311.2077076455726
0xc6b1a2218377a812e34f45effc8879d696063043,2310.914333436171
0xc239882b68ee517404a1a388d4d3f95476e15391,2310.104066
0x1fa0e1ba4be417145b8cef9b3d299b8b41d8c983,2308.9874813506376
0xb115ac528cbb66b1e3a4775b80eff24eeafe1bec,2308.3229879925975
0x9ad4106bd2c2528d0a4d338c544f895b48a43f77,2307.834140437938
0xa81b29b3266022cf387a5300530cb20eb0cf69ac,2305.3128623592634
0x4f6039579f4df3f2e633c7e8d2645565280d450b,2304.18322405335
0x3f92b191ea40f2e02b62fd9d792d2486091f5537,2301.5725094315326
0x5418226af9c8d5d287a78fbbbcd337b86ec07d61,2300.76636184345
0xfdb52221226995162b21f451b7c28a1f85d606c8,2298.5425917058215
0xa08d8ddf045f583e2cb3ef2ea99900ed60897d0b,2296.4696716810563
0x718dd8b743ea19d71bdb4cb48bb984b73a65ce06,2293.837392609204
0xcde2279fefd60e3fc651752996cf15cc3098d3de,2292.9833869209724
0x6506d66817d2c789f14b3e6e3a27018af72dd57c,2291.25441
0x9a6115493d5ac959f5984a078b2f26c3c0dfe52c,2290.577675144154
0x8a1fce674c71b2171aa723d12e725feb95af3036,2290.1886261128234
0xac765fcaf9ded7c3293f8800c0ad86a335e8bf53,2287.0229598594965
0xf7561990e7637c5446ed05bd2ea5ca725d208ab9,2287.0155350801224
0x779d8c94342324fcf40af55aeae44a1e654c2550,2285.67931101312
0x86871f2a249d15443a6798cf0fb5129b13df7be2,2284.919615774805
0x00cc0523b7a2b97f1d52bea1b7a0c50027e0a706,2283.0519072706797
0x185adc2f5f4d6c56f9bb30f549665552d590f378,2282.5807769037565
0x7ee0c5e368eaa62a0f4c1fe6013ef48cfcce6075,2279.133798739299
0x611b1f1769276a66bb24d5e04a48512451291b2c,2275.185604627589
0x61cf4b9726102df2a531dafe0a620eaf15fd4fe7,2274.5627634385846
0xbebcea551a4dfd30149e53d572c24c9d4651b235,2273.0850840000003
0xc1df8037881df17dc88998824b9aea81c71bbb1b,2270.5989921892897
0xbe85186491079550e3bbc2c81cc9f039a4cc6eb2,2269.905231942695
0x54dbc0962fa5e4a626b0ae05bfb09c84e8965c62,2268.3021459559886
0x3dd72ae9710cd00d48a298ff4ac160ac5acb959b,2266.7707743389533
0x38a5e1e4c2e5cd4c91279b097e888737488a5ebc,2264.2426028405976
0x2bbf2bd828846c53cad182139d95f138fe63b802,2262.870119069497
0x7fb31ffb4a483fba1f1bc07d29a30ad7f1f16af6,2261.8371705044647
0xf1dd3569b7c82e93340d502e0f34a78fcb8e1597,2261.707048495414
0x5aac14ca709846c709f746350ca1f739462027a3,2261.251594708373
0x1388a10a5d7ddc88997bead51f5d3e61639f5c49,2261.0358133224
0xd98d3bd0d9ede7402f8dfca64be6c1ce37337a6b,2261.0181113246717
0x353ae26e0433e557e6ecea95a1a70fbb281a4c3c,2257.9595353676964
0x360b9726186c0f62cc719450685ce70280774dc8,2257.527410357311
0x8d4933a9a0efbf695b31d9c359702ea70f824b0a,2256.0243704683126
0x925080d06b384ed2c66aac276a7f23d4fbc07a78,2255.286529438794
0x6c51ee6edce84885004715a0998defbce1bf56e5,2252.7453800000003
0x8d0c76ceea8e0ee26b8d50777815a9f77405cacb,2252.5828687993067
0xbf92223ecd3f3ae98fd234318975fe2b4ad935e9,2246.884937988669
0xe8a1979f4a70c590b23f67f9b753e14e7822d744,2246.2715244527276
0xc986529dd8186b58ce2dae2bed3d63b950433491,2245.24029244598
0x206e459a238d441d16ac1f971257b8a567f481dc,2244.3770193479645
0x565a7439e64ccbf398598ed994746c1ad6a417ad,2244.292938116523
0x4ef3e2178a464a49bf35058b47801fffb7322d8e,2242.2471978151225
0x7c0c2f7fd0d926c332e0f8cfe815fbec24fe888f,2241.4619281702658
0x2d42efafde25cdfde195216669b655d8c188218a,2238.6817547974238
0x34083a27b01d9c727f9a007065cbfd751284b7f7,2238.220761285255
0x510c9b3fe162f463dac2f8c6ddd3d8ed5f49e360,2234.541601707542
0xaef001985b62185aab3ba3d3be4d4e0c1f4db67e,2234.063403771873
0x010946a9189f4fa8d6bf01d2fa32e0edf3d6e03b,2230.817718889717
0xeff0bca6cbcbb29a93eb4a41e5cfad806e4da7a2,2228.7038104909675
0xbf288977ff664e155a6f925f369b2152d4e1193b,2228.4472870865693
0x684b00a5773679f88598a19976fbeb25a68e9a5f,2224.7220139965752
0xc98a5c514185b5160ccf20d69126cfbe65c9cef2,2221.2565185022827
0x5c152f9e1d12fbcea9fad6b4eb8757de0de84a22,2220.8419327902375
0x35b57cd4a9f1187f09289c275e28363f3b7320a3,2219.6095326670015
0x2541910ec56199899bde27287811a553ff55f387,2218.6957836866704
0x587ae9ad42bae12736e970e877070bb9ca5bab32,2217.2895772358524
0x9832f1eb0c0e8e0940f63976218da3babfffd714,2215.3385292324247
0x0280c75881f44489bae45c051ef00a21b437cc32,2209.4115544541655
0xbbe7d18820cb35d4f3bc9600a4a4f58f120a2df3,2208.630135613798
0x391e8501b626c623d39474afca6f9e46c2686649,2206.0059642173233
0x7bb13fefaceef093837d504f2e92d7b7dba5aa58,2202.879944492202
0xa44610e9fda884396adc16a8426ef65c9be882cb,2201.163358130881
0x559ebe4e206e6b4d50e9bd3008cda7ce640c52cb,2200.382848704227
0x05c70d5a1e36abc6fb05cfdc562c1a094ca9e6f9,2196.5311766518435
0x520100a920efbe270e251287e25491e9e872fb7a,2195.8647865047587
0x642431623ae5d73c19fc931aaea0d4677303880c,2190.8802514060512
0x8a157003ecd24fa1d3c4be0315d266ef4f3e6b12,2190.5931330128574
0xd59db8fc090937ba15f65bcbfb9d15b8323bd596,2189.6743073511225
0x229378dc7a227b4bab347db48372c37d7a3519e3,2186.817324397724
0x5766dc97195ae40b24bfe6978bd69263da3d917e,2178.988741351635
0x9f12f4b11056f4adddf08e8f56aa227010e464ac,2178.329726337588
0x13b9b93a78e2ef9ce6ae35b204c4146647e5d8ba,2173.925259569427
0x22ae58315bba4d583c171a0cfd1d26b97399e7ea,2171.74737649963
0xf129f1224d8317e6ddfeaa70897fda1e467ba0ad,2171.2579347686224
0x115f10b50314677f8e50189ff588533873e867e7,2169.4687275221004
0xe06f8d30ac334c857fc8c380c85969c150f38a6a,2168.712428456055
0x3fb33a5cdf8773f69e84b5dd66434731fa77b0ad,2168.025289462668
0x4a2bac03940d267461c4ea066f913cbe61523572,2166.050283917651
0xe3b46e06917dbf6d4f87ea9c27eb2f54af27987e,2163.6635288067755
0x99c7550be72f05ec31c446cd536f8a29c89fdb77,2159.0386393708145
0x25850456e063e9106b3cd2346a665cd7e272ed9f,2158.104213567496
0x709b80dec74ca88e9394deab45840d861bd5398d,2156.9160653666017
0x3e5a6af33cc70646bc46aff0af4b930d92856b18,2155.262041250041
0xae06088ecb0e668db494ee64ae78af5e5b510797,2153.835280946879
0x177a9b475f55b6b7b25204e2562a39308bba2a54,2152.144206644373
0xe555e61cd84c514c45faf2982c55f5e3282d0bd2,2150.382712152878
0x6ad493faa817e26be977777841014686d939b5e2,2149.1749040504083
0x1a4dbeecb78b9bdc0aaf302b9acd4c4c9a386d00,2148.503056725325
0x6f40910629c53f3a64ca11d6191ec169893b6663,2144.5056206529666
0x9ec9620e1fda9c1e57c46782bc3232903cacb59b,2140.2418891134453
0x48738745e01a7017de2e43a92d344f4b49163075,2139.789085463697
0xc52d9d6bfc7e937a65b53a51e2d27924c90d0278,2137.4618440310223
0x5267e5cdb80b538368f5c33f91303991640bda3e,2136.9538387102475
0x059615ebf32c946aaab3d44491f78e4f8e97e1d3,2135.985269741896
0xcc74188beb1949ef02168e4dc2ee1998b46cba88,2134.868169144555
0xd65df0d7a13f674625f7be03e270bb7989883699,2134.7429701778833
0x7af79d5edba288f9449f94ec9e3ac20b360c85d9,2133.9545249284133
0xbd9fd4418839e8c964c00aa9e2e5770d6803c292,2133.820409473062
0x760ac383edf603cf194d063aafbe5516776a1ce9,2131.869071613692
0x30c705686c628f9677516c38e33758b04e6bd3f3,2130.277823960756
0x3e5db8104614082dcf2b6c9a6249ee916a98fb92,2129.333697271143
0xf30e29061d45e45382effd0e379d18973df12c02,2124.371651243122
0x286431024acfab509d5d6beb64066c52e205f460,2123.1647396531616
0xccca78058e4614b7e2b37253eba07da747856b50,2120.668765105883
0x1aaedb2dc55121203326831b2d05ff9763106839,2120.4601819513255
0x916314ff59d622dcbf1eeab91b323ea721e3696e,2117.625874534602
0x0ffcd550338e4383aab04a685f204229c84c8db2,2117.556893762321
0x57ed34ca0d9940e14040c5fbc1a9124a43eb5662,2115.866878327578
0x2d2a8d71a494952cc28fee2fa81ec320f64c74fd,2113.609778952756
0x099263222e47befd2bfad11788a9a9825e17ad69,2111.8877627789343
0x5e8981ac03c349ecff06ad1b0fe70c2f573ac790,2111.485643300455
0x775449205b5986926b61b29487e944e1382608b6,2106.8513577822864
0xad7e7d9c3f7f4f42befa6540e84a8d2be659c2a6,2104.420540973567
0xd3d2e2692501a5c9ca623199d38826e513033a17,2101.2729997418314
0x1de009459c66fa1f24fe247ca4004ce878e107d9,2101.071666260501
0x31fa985bb0c282a814e7f3f0dce88b2a44197f60,2098.0083531069877
0xf5396f127ab3054fcedb3ad36d1c8f8caeb9d0a2,2097.9489428953566
0x79599e9097866e3b274c00175fd92760af5e65fa,2096.5909052206366
0x15d531731b2f6c6027216490be018f2a21857370,2089.3957960913735
0x0bc5ae46c32d99c434b7383183aca16dd6e9bdc8,2081.3109226819965
0x47541d068e1289297e1ef66277507116a26de860,2079.3919094410994
0x7b944f8ae16141ab2b9d111b45a76b1cb4af8059,2079.3276621956966
0xde710aefc40baf039ae79271af0d9d43f9953b49,2077.5980016378926
0x921df07c63eca526c2be0f13f39c6a6d38a7f1d6,2077.040287758256
0xc311faebe8802f9cfc91284016d1de9537ec66b7,2071.790945930437
0x16980c16811bde2b3358c1ce4341541a4c772ec9,2071.4472998219717
0x7261bb346ccc02911e4b07f933ccd69dc51ee3e1,2071.395310243475
0x01688e1a356c38a8ed7c565bf6c6bfd59543a560,2068.6305204533933
0xefe3b6bfce963dc9754d862492f2bbf6f8e8e12c,2067.585934616286
0xe0b9ed12f2e83ac29e1f616739fccf8bcbcc3422,2058.1753452994226
0x0ea8a9c99f6adc600a8ccda5440b5740f37f3d3c,2057.0720691508536
0x29e112354fdd84c9a9ef0e2168c96aaf613d7428,2056.86762878268
0x1314ae4cf2a9440303fef6ae0fdc9ea5ad7a2a37,2055.3353248695685
0x24d3dd4a62e29770cf98810b09f89d3a90279e7a,2053.457113431129
0x3ca50a8e71f30268048ffcc2cf1e9b63f6430346,2051.4883198614853
0x9f018939d029f57c851eac7c719da1a584a6b2fc,2048.979132190929
0x4e3585b1c022e19b925ab9b2880ab5c72a297590,2047.564183807675
0x95002ef8722129833a95eca52bb3afaacd05403d,2047.1299702247693
0x81f33f9b00d098f53900e01100c7007a4f002700,2046.2011477074927
0x61d7351ae9f460660ac62c69e3de03d3af0d0d99,2041.9419634300777
0x28ee5d8f4402cb4428e9476846acc298abdb45ba,2040.3603499060277
0xe291b2a982289f0aa01d0c96c916a9f37b11fa8e,2039.6547601797145
0x11b0d60f05b6154a0426a27c23838b7eef04bdca,2037.8458871158828
0x7e504ea4da923a0844b7a41d680b5dc03690600b,2037.0600568744806
0x9ccef429b2463abf1251c01f2c3e6a1756239b70,2036.1034219134883
0x4e20d9662a2faeae4b4b6336bf2ef067e1a4d3bf,2035.4262799235416
0x300895b668f0ee1e23461cac6feacbd41b03d17b,2034.7787400117395
0xc082a18961ecf72c3468d352edf4377c986bc90b,2033.6927364135659
0xe8dc5dac5f19d9eb0787673e0079f95ac49d8830,2032.5743239589874
0xe27be83f5448b832520186ee057a08684a139eb4,2031.6859933386118
0x20267b3c4148446f2647af96d320db88c383537f,2031.487542056537
0xba2774ddb3e936172e2aaf26f5ac01a29848e7b7,2029.4658402666753
0x8d0cef82188d5015b239d000529a41c7470cacd8,2027.370001551768
0x378d717d8fe8ca9377c6ff5f18f79323655becd1,2024.4722295687216
0x358b011406ad5b5bafed3976c0eae037c74da962,2023.6228579298065
0x6d20cd57ae26d429b847868b919931e48d0d8a50,2023.0891151323292
0x2f01605d844223d0459e16d598c64c915291337f,2022.6948703896173
0xe0b679d97d717dc8051a1ac7d413fbbadd2342cf,2021.9830210343916
0x1341a6535e73115b37a2026c6e84a5c503217ae4,2018.8267159935667
0x603c0e9a12baf6e96124bde1e3f440343c6eaaf1,2017.4692669061953
0xc8d02f2669ef9aabe6b3b75e2813695aed63748d,2016.4100113283635
0x46cf01f14ff6f8c7ef4d6a6b139b1c3d45af9289,2016.2017152203948
0x4676b75eecf653c0a439b5744f52f70674e8fb07,2015.1979245690159
0x66f7462b5178fcf5e31635f5a1648c0f2a65786f,2014.9037302595332
0x42681c71e1dde3214ec618d971f03f7b5b322c5c,2014.362097626018
0xfcd1738ac0649c381254c2cef5b67de67c82cee1,2013.9537393700002
0x7570f0d3e81203e4624f636b591d2dc18c0e7a26,2013.2286916985217
0x888b5fff75bc118289f2dea3d02b30f0ecda377a,2012.670653926321
0x3b4e67e347c69a9d6c323948fe4ccd064fd3f0d4,2010.2672379184096
0x25deb0543b9b98b879fee1e73af43fd5a193d7c2,2003.5576827353723
0xddbf5d77275772092e1aa94ef12c6fbca86df353,1999.6457978145131
0x402cb412aa0311cc58a94cd9485413532eaa23dc,1998.979968711286
0x6220e96dce2351336d5a6e598b6d185662d36e2c,1997.400210872311
0x105075293a0ef88e3bd97e08df90667fb6ef94ef,1994.4103100626476
0xd5e3431c2a9aa222372bcf5bdf5abe20e1f56026,1994.1142325251883
0x9c9b943c90450f601cb389d3851795db1a395710,1992.068027852931
0x749477a4a97b82c9e2dce7cfc67a4f617bf715df,1990.9886542835543
0x79d315e01c615351594de8f02a551308d5d9da41,1988.2671566448946
0xe4aba1e870ca04a1de7f165b78aa8b5b7087a993,1985.2129246019733
0xe8a1f39c16eea2844e98f951d711bb4bb31557ad,1984.5739166670078
0xa46b0050542ed642185c19704a362eabb36cc99b,1983.9927914405466
0x029c1dbbce059b994df184ec0df5d391ded5a89c,1981.2200454320205
0x6cc07e73940d1c0decc51e03f5519a5cd9a0874a,1981.1664691099427
0x0560074544bec9e90eaf0d210cdcb866d3cc915a,1980.5128255333916
0x44ac3aa51579347f1eb1b9af2cc5ec39cb21b191,1978.0538764160615
0xdce63aff4da3997cb527c44a08ac9167e8bdcd47,1976.9562834196713
0x926958aac40a08cc898076241157cad1ca5cb07b,1976.2924493748867
0xfc62bec949e5e18f8050f34ca12ca155b300d960,1975.842073347363
0x6655207e37154f81e67b4285ce7036a67af823cc,1975.0742666430979
0xd02ac36f729b867174e7361d5f272c542c71ad73,1973.6730327133585
0xadd4fb9a6a6c8de11567597bc80901825178eeeb,1970.5019785318054
0x5bb8f1ce603577a4d17cc9d72f6a4c38f3b0b74c,1969.7570352795697
0x81ead3bb2d77dc87aca9e89a48e657c1faae78bb,1968.580614887212
0xfb4492a1cd2a28d08b0b2a3ffa567342ea93776f,1963.6123588405133
0x203cb9b58a5ad9e3c5eda27277ef906bdff0395c,1961.6009957081085
0x19cb72604eca3b1f1331b0a6e5bf71c679177ba9,1958.7829009726984
0x4274acc0d4a53b71acf2cbc73d0a9b71a91f785f,1954.1257477686822
0x78a9af56fdabc93435cda7ae1ca75c16aa9d24ab,1952.51287734321
0x472bbc4a4626e9180de9b8ab7848b5b49cdbfc0f,1951.869201350639
0x9c13aa1d387c9967656ca57595999f2bcf1f1884,1950.6767847126805
0x8bcc8b928890e5c8cd4e893309ea1df8bb8209d3,1949.2787441325847
0x8df798244500a2a5f8618708af02b03401d78eb8,1949.0078035429956
0x7f88c18f14867135889041ede73f92828c44c29f,1948.9596482651316
0xa029a744b4e44e22f68a1bb9a848caafbf6bb233,1944.1724176171792
0xaff1025438da93bd86427f2f9f7d06088f720a8d,1943.6725725296892
0x62e3c242b5e903071458ad90a160493d84911c77,1942.982211770459
0x8339d37e2e9d0a5b8a5cff4e61bb657d2d1cff41,1942.3535670018055
0x1a497bdc7461f9bcb5a32b52e340b8fb98c14045,1942.243863371972
0x079c6c793695cf4815cf7c405a43f0fb25dfef3a,1940.554306572903
0x0e31347b11f1fa887eaa13018bb1b595878858b0,1938.7565049079303
0x0f47ee70e8dc28ca3479e5d85254315f52e791e3,1936.0790620357502
0x79e7c611e46ec4c87d71a09b962d272f309aed31,1932.0814733885807
0x53bb37ebff9ab270b05b8f8b2799b687945b3bd4,1931.0744952077812
0x1becf1ac50f31c3441181563f9d350ddf72a2bfa,1929.9453357205052
0x18f59e81dfd21db8923469be3bbad8d7ff9c84a1,1929.4747860170837
0xf562166dc943dbfbdb58b6fa79b0e247410a3851,1929.0300577309122
0x1c0ce9aaa0c12f53df3b4d8d77b82d6ad343b4e4,1929.0069169661285
0x9654f8263fd18b410a9d71815b0ce5b736788181,1928.1742747416215
0xdacc1f79d008cbefdde27cfaced467c054d54e4e,1927.5868562623414
0xa8c822f93e8489fdc0ef0921f0f3b89e3fbf844d,1927.1087214975914
0xdceb026bdbeabef09b823de8cb76aacb899cf576,1926.6060048066631
0x9e7809c21ba130c1a51c112928ea6474d9a9ae3c,1925.1854817969584
0x00a4a26ff3feb64c9bd9ef7b1f9ce40cf8e3685c,1923.6974522617
0x3a0000000078fc122065f619af0052ec0703fd00,1922.519421509921
0x2cc7a4396ffc5f161ea9a144719955d04a96262b,1919.2343670539049
0x03785def8168e6ba99c06eb4d1dec29657e0ae6c,1916.7031325272005
0xe2ba3680a7abccb31bdead5e6f51350cc663c98e,1915.9763803079036
0x09aa63b7a22eefc372196aacd5b53441ed390bfb,1915.914403627876
0xe6c1dd0091347b9aadf0d2c42542a862be238178,1914.7234803361223
0x4a463a52ba92b8818b790316f485299fa4fdc00b,1910.6955621573027
0xb394243f6a2ca48659e76e327e24cfab0eb43b9b,1909.7007843810331
0x59b88e4fda443b9e10a2a172af4b8faceb28f7e6,1909.6723823742736
0x97ad11fef35c266f1f6dd157e7eecfeca7e172c1,1908.847757428277
0xe0e52675e3a21b45d33e11cdbbe9628bf7b698ff,1908.847323027477
0x97d3f3bf6e0220f5784b0a7b42d54adc9e9f0dd5,1908.6040111309262
0xc7bc4d040bb13213e453c79bc4b5af569b49b885,1908.007481774525
0x6a24243d35c3859e19ad334f14214e314d689c67,1907.914488648619
0x17ec169b5c1d0cb37dc66c4cf7d1855638408f70,1907.6780744488
0x93e92a282c49f60453f8d52e1d56a66f21944d24,1905.0376284651197
0x0a9f8b90d2bc2b126fceb93ee747c2b707e23764,1904.7831208658688
0xa1532d04697ccb522e4efc8fba5daa75a412f7b8,1904.341396214947
0x71705add6882457563fa9a4752a35efa86bdc73b,1903.4008463451949
0xd366ed22f5b2262a2da4c32d8a4607c93690134a,1903.1658597426906
0x689d2ee154633ae19d61a8570c09248dcbd0ed04,1902.6335374283847
0xdb3cf8597d795c1eaa3be49289d7538ed195c767,1901.9472064973243
0x0f3a5ad5783074d3036ea45e2821888e8b546e67,1898.6849435136949
0x141134b95faee8a5b77d55e069552fa539d9193f,1897.0431199999998
0x6cc5a415327733f493481e40a23de14413739660,1896.7030750467575
0x433de86d8024c2a7d2ca45909861611966f37234,1892.9717400000002
0xee95d97b723399bdeffb4729004b82a81c4bb605,1892.6430083030466
0x52e2e6b3ba385ed9690eef11f72b2fe27ba1f8ca,1887.2689642865957
0x75ade63b884657820da5063a8f6fa3033cee86d2,1884.9717189677121
0xb062fcbb48154fd385f104b38a2f9f3ffd82ffe0,1882.5803469833843
0xd1ecdd6b6ba12151c477bc92d1b842a5672dcac2,1881.343503
0x9db640e18390d2408c71e9927d8518c79d5569c6,1877.9663734556402
0x5b161018e77e8e048208736b8d934e525e248241,1877.384606861371
0xe8f94f0a6405a8b9dea45ef84e612d9013a4590c,1877.3773975543093
0xb27de0ba2abfbfdf15667a939f041b52118af5ba,1872.540070521086
0x1a0656953798e43ca72434ca04f83724f11d6fca,1872.055510793216
0x8d4e39d4380392994f50e2c8413ddffe7e720a7b,1870.1071352992992
0xeede40a712c6674821b6465bb579b3df31615097,1867.1781678067655
0xf4de4a2f598a67826664c94a684ef6a4580a9a51,1865.2187001923994
0x829896699b3779bb2989594c4ed3aa9a0d629d83,1863.0944489999997
0x5958e5c78b0121949ecab20e6a92948beaafe414,1862.1129142156383
0x64a0d84d1c1b92fdc1149ffe3cee5e2fe0febd8e,1861.3966637726683
0x77924185cf0cbb2ae0b746a0086a065d6875b0a5,1859.5557273148372
0xad6d2f2cb7bf2c55c7493fd650d3a66a4c72c483,1858.8296674127164
0xd1be0ff5b53cf07243c62a8196ea0308190902a5,1856.400433612542
0x6b4d0ee78bd3134fba566e84b63571ef15418627,1856.2369658790535
0x39584017d8c0333f7079ef772ed354209bcfa1ad,1856.187328654253
0xc0f0075b872106e64964a5749bedbb3bec446d6b,1854.5821107644108
0xbe13b6480dc054516a8039f7056206d5a48394c7,1854.3714656223015
0x9d6b28acfba55523c85466c56a86e4e4b9a22580,1853.0304616508872
0x6749e0e151c6fa41ca42f5c3fc4584898d14c257,1852.8191540456633
0xb2a752d6a69926642eafa13a2c74c03f497f00d4,1851.9906023450258
0x2084b4ebdc42bceb49f306d4cbb1d4079a6ad3ee,1848.441608761476
0xed8031526574ad82f02888d23988481f9eee9e77,1846.3197581335576
0xd92bd2bff3a747bdc9eb0fe6003a37f13eaf147a,1843.5117653799275
0x01318c8773accab422a242a79002716712297fb6,1842.2308500000001
0x70bb8e6844dfb681810fd557dd741bcaf027bf94,1841.0636313300479
0x7373126710174da79118a553731bd702c89244b1,1841.0127359363973
0x498498fa386ef2860e7abf8c60254580c8c41ec5,1837.8927169524256
0x1093bb95e2071cb2fe0d3bab5a8f43c1a990ceec,1836.1206645278573
0xab10f1ae90a176e90d41db2b194f223b5e7ba368,1835.5884455935243
0x856d90fe1707eeee4072ce1307e60932bd334eb1,1834.7886016266239
0xaddcfb76e511530cc112166d6116d405fb743512,1829.4997240817556
0x709448846dcdc9b78114f515a63d03c53e843be8,1827.6936475806865
0x4a5cf9ecc6fdd4750df92a33ced79d477d9298c8,1827.611381605364
0x3aa228a80f50763045bdfc45012da124bd0a6809,1826.845096646461
0xf59bdb54955434d03415bdb84a5f88177683bee9,1823.6020357964496
0x80e2bf0ea896e9467549f20c1dae6fc3d304b2e2,1819.2927271072738
0xde6faedbcae38eec6d33ad61473a04a6dd7f6e28,1819.082929289823
0x53cb60b6039b9c2fc5addf450bc829503d1c5b73,1818.3300269839192
0x3f503ad804da08156b73d37f3e105bca5d12c9d9,1817.4152344869672
0x65271daefd1bdcb44b8148e340363b7285af476c,1814.9244197788692
0xde3d61bd2d512e0e02e5e24b6d21864994f08416,1814.627814680086
0x1aca0a0fbb65935e341d6595b42f44c7b4ef46bd,1812.8632025581887
0xa87eaae3305cfa2c2c2bdc16a74842adb90684ec,1812.5091245467113
0x3fa0185505f4e8fd438d92789351ef81d55145ce,1810.3531721649074
0xa872d244b8948dfd6cb7bd19f79e7c1bfb7db4a0,1809.6932491146645
0x663242d053057f317a773d7c262b700616d0b9a0,1809.4357134570084
0x6039737e2190fd874dcede8d55a1b15d060db6aa,1808.3052290300002
0x67c4ca4b83dedfe9ca3ca3eaf6d6f01b2d2bcc7f,1804.028671081411
0xe36c087ac9fc7322873f2bc204ef3209dd737ebc,1803.476740654801
0x1305742034d950edcdb4616e8ad30280c3265fcf,1803.0922332109767
0x9ba3f47fe7f5a12562ba0a4a5645d8bf9ea1dd8e,1800.12270015501
0xc6b17e8612d3373420d10ddc8c3ffbb3f1a3c8d5,1799.9209297609543
0x5522ec65daaa7183db32a8482d9ec8d07e2a4609,1799.0561
0x19a771cd982f2149a785c37235e6f805d3cf77a0,1798.74804233
0x3d6d13244074e0277bf1e7ddf9e0c28310d2dc3d,1795.0284955437787
0xfb0ba4a0ff445f6ffef04766bb3eea93ee2dc789,1794.5911057920011
0x933c263b8a4202b7a7b52219957b08558778fd35,1792.8429071589012
0x7df7c84f2f9dcef3c0813e539878b76b89a916f8,1792.5351054523196
0xbf6814c447c3bf1356ee8ea96880bbd45ff79e10,1791.316426491486
0x0db1a0061270418037fd9839dff08b8377b55e1d,1788.4537966867128
0x1df13976c69f2e8845cd04eba0efac335f5e466e,1785.8855670834687
0xacf35cc2d70b6fa4c87663979a01b6b7c515ff0d,1784.113812941633
0x2330acfc1acdb983682ae49f9fc5ce782555e564,1781.184826853977
0xdeaeb3d6e88c80fe1244e2ae340649d184a442bc,1781.0304873332275
0xe93dc496dbc669d7ee4f03b0eb0a10bb13a4b2a4,1778.9893434961105
0x299608a34545be761dec874cf543f1e4d620ad12,1778.6151100000002
0xe2aab7232a9545f29112f9e6441661fd6eeb0a5d,1778.337311503443
0x8ecb7ee522ca0a322f6a1eb7a535d66d7cc08163,1778.2049843935713
0x06b7c8f08b7f9e0f7476ea8ba48fd681e4667787,1778.0506439715355
0xa87d568713d71c3eee8e0a1b1f5a35ab1a12854a,1777.9292912815858
0x9f30485b8854a82fc9e728b410a118e4c61a426f,1775.9882280000002
0x4d52f033b7a667c3db46fa358d07f768010dabfd,1774.4581982068003
0xdc1d67bc953bf67f007243c7ded42d67410a6de5,1772.0510208888522
0x6dda2519bc7000a7d0a899e3c0ef86ebcd68a495,1769.3582152588147
0x913764ac2565c56706feef598dce2d84634c7b60,1768.7477558754017
0xa1dda6f6768d39b3037dc41c26bdb34e9065071b,1767.3875737506369
0xff70de5183aede4be2eff73efcc8ea2a8590229b,1766.5006797535189
0x210264fbcf553aa2e74a2c97e38aa1da237f30dd,1765.9287840425725
0xd33a5fa1253b3ac48ac9dfe768bd544dc0d953bb,1765.3818140614253
0x7234c91bd835a6ed108c8e986e0663b14f9de14e,1763.1267369240918
0xa70f8c9fe0be751bf6ece0c14b162a4d9c5d5ea5,1762.7631762544875
0x0dbcdf31a66813bbce7bfed43630b005013e550d,1759.8017752360538
0xe515f3553224b96b047d5a4784e095ce60bb065e,1759.5150575265436
0x9ec7c515b99b030980d8ee4c218eb80526664156,1755.6684773371164
0xa1e5f3309a2b4df4584c558643c1b60f51168979,1755.4761089921806
0x7486ff76f69872d27b22dada4078bd55b36a5324,1755.205892292
0x6be2f461bedb2c02362f7d468c4eb45cc13beda3,1750.5507074231534
0xf32e0e29ca786352a4d2c1a81e4cc520afba6380,1744.906116
0x714fa5533c3848c86455623c6a9f3053e50d7164,1744.1642942049534
0xb2c0e56b30cf5482400b272f880fbe85a495090a,1743.7480708316614
0x73a43b103dc37ee03e5a58f78752a6916b77cd46,1742.270664992641
0xebd2c61d1f40829368dee0185b420e2258955339,1741.4799910699041
0x44cb88fa4f0165863ab789ab5a8ff3cb64234f0d,1741.4087720933965
0xb84c45174bfc6b8f3eaecbae11dee63114f5c1b2,1739.8664569706723
0x527d5f10d70ca41e1e0eee8d30b553bb5271ee48,1738.7545840063756
0x1491020f964212f856ac815cf47fb05b35a882f5,1738.2188199910247
0x024617bd31fa2298d5def5412d0386838a855191,1734.4728276746218
0x8c1c499b1796d7f3c2521ac37186b52de024e58c,1733.8036603709897
0xe8264c87c85847a24d03dbcebbfd9dc83f840504,1733.3057119940086
0x9bcbd73babbe7c92696678ec0945de28cf067d07,1730.9395160008696
0x3096001eaf38990c76c99e26adc946bbb484fe2e,1728.727727980313
0x6adb5c0aad34501c0f79d9ac950c5a1c6e3f24bf,1726.8604813193492
0xa16b6f91a89b0537aa4e82023e27c3d88f765b8d,1726.5368142410016
0x376e613a5159d979a26eae2d5ef828b9c2c3bebb,1726.4295936165095
0xaebb35050f5e8b55ae449cc41f37fc0846a960f4,1725.0884128037262
0x8069d2f62cb0c938f736afd8a2efeb139cfed5ff,1723.4144912602012
0x463a60837d50cc8901cd314ae454331260a8fff9,1720.647984787345
0x05cf67956707e00451187472dccc8df3b0fbfdfa,1720.4844792172973
0x430f502972a08dd23de7dd3aef20e32269679edd,1719.7217337405796
0xc0f030820c9a85c1e3d522f80bcaecbc4691ab2c,1719.7124403305534
0xe8e5d6786431d2d8c18a90feac1f5e7d9bf225cc,1718.6244277748262
0x890ff7533ca0c44f33167fdeeeab1ca7e690634f,1717.0265239534165
0x3533656e585d17ec2786483556d3180dde65e249,1714.3897146713662
0x62d2694a33a92ef177d8933e986a33478ebb2ed9,1710.7268675510818
0xe2eac6a8eb39f2793d273bf9f2f82ddd01e2a3fc,1710.38626618153
0xe8133004111b3c3391e4b298d48886698885b623,1710.379648658076
0x7b8cc4f8cdc6fa14eec9a9c2c662b13b68ecda80,1709.7036636232488
0x0c88cc4976bea53d810b9084fc4364b1eb6ca8b5,1706.057448000001
0x69ab811953499eb253c5a69ae06275a42b97c9ae,1703.0066828559088
0x84e1a2c05be5adc43fe9a2519455f1f25a0c8b80,1702.8687179850692
0x59f2044fc191f758fd3680478514244acf253d48,1701.916698762321
0x9cf3653162d74fb0f518f86ade96c65074814dcf,1700.174099091297
0xdf675ac7eb6a7053e6988565f57dc3da177661ef,1699.5826472471567
0x92a0fa040161335117c5a9255b6a10c6409982ec,1699.00863044
0x8c6d5ea2b3051b5bb3b3a392c90b50eda9ba711b,1694.56889740057
0xeebbe31f7a1a130d2c5754765615205f7eaa348e,1693.889424001136
0x1afef33988d6c332415e83a5a2740ffebbaa4b75,1692.0204081123431
0x0af3f6ecd3907a3ff5844d6f2548aa9cdf6ed4c1,1690.1427046850831
0xfd6abcb4fb00334fe4445316bc77f77d19aaecf2,1689.681348776195
0xd60a872163a6a9c7b157da621768c8c065778432,1688.9127002074324
0x707660ab6de270ba91e5a5cbcc8d3668c2a6b8bc,1687.4766782105157
0x06b1655b9d560de112759b4f0bf57d6f005e72fe,1680.9087938300631
0x970ca819696a9be175af69469c86bbe973edb402,1679.262213893333
0x8b19433ea93b98a8bfc367fea9a27dacbf4a4ba6,1679.0624114111765
0x4802ceb046ef35af802aa1be75eeacb4ec2a9bad,1677.8349763498443
0xabd055069a6b04db7d1547f88dd01cf14ff09cfd,1674.7618627878337
0xf0d86adea54ee8c498f6d3e803a5d927d68831fa,1674.582340672011
0xa0f9cbd4faca57764b10d55b26d86d83e9113cbb,1673.5897531531082
0x044a759dfc5e98e6787c0402c114a9f8f8359bf6,1671.6339347509743
0xb77513b4586042fbda111dc590e1051c0235527d,1671.2089770290465
0x29eba991f9d9e71c6bbd69cb71c074193fd877fd,1670.281501202248
0x72bb8578df1e54870b7af2576ce18f61f1abddd1,1666.49042
0xd46004eed3885e0a74d452811c80eb41270a5728,1664.7001429068193
0xfbf72787b55083df0aca7307d5e8ef6d9f182a9f,1661.5664661841017
0xc20c4947b52ff053da3245bb1d90c25eecee424b,1661.1228892012766
0x53eef67f96ccb71fb1750df973fb9e8c82096759,1660.9082270083613
0x1c65313c3be89d78ba315a044eb5847d21a3a2eb,1660.818090874156
0x294fff8fbfe37da6ffd410b4ca370b92ae853a9b,1660.670536854871
0xb0e73084a9c945f626a0869e098347bb27ba1b30,1657.6497053859582
0x3012e36cc30eb7ed916b8d4b82750b39551874dc,1657.1492952946971
0xf66369997ae562bc9eec2ab9541581252f9ca383,1654.3467772850759
0x847026b4d231c44ac834fa4714d3b6f3994e42e6,1653.9128883820256
0xfabd574afc683946fd90f238659ec63c308ec95d,1653.7932061497288
0x0c4da691477e7db05a28724ee362d99c7c5d62e9,1653.603088065562
0x3ab72a32810cf72bde4aa0191dd7702f50de0f64,1652.906635127376
0x9fdb4525c4351cf66da32aef3158ec951e1171b4,1651.112916485792
0xab8d5e2813d6bdf4881d948e84bdfbc044fe4868,1650.8422012887597
0x7b48c5b919e253cbd8d031cccf9454ad84fe7ca3,1650.7279999999998
0x11396ebf0521a33f84248a7e73950b0fce311af3,1645.7709678297385
0x8616e439239bf0c116f430f399502e706dc8b7fb,1645.6527011531944
0x0000000000ac75a508ff3f5945e9476af70069c6,1644.0894461931134
0xfdc650aac7faa54be1b33cd161a9242aaf62c42d,1642.6252322606747
0x4548280ac92507c9092a511c7396cbea78fa9e49,1640.161467560821
0x8ce04d9b4ed5b48629392bad7298da8de09245fa,1639.0325498783398
0xe77fa8a57aa5cbf1d60778866d5bc164ab913c1c,1635.988063797417
0xe618d00b8ed613e3a551f2a17bb8018534d55418,1631.9912357680105
0x270659d3ba720c3326e61cf0bec33241b74da080,1631.5715065589561
0x2ad72ee26cfcd6de613d8f35fb589f3f57943486,1628.1311605291824
0xdd7c65f46ce1a36ef5ce68e6fe71c82277136f03,1626.26773493929
0x7862bb76cc1bba0cf21d5961a53f53234039b521,1626.029347033688
0x875c291dfdc788dec69af16569506db01b1ad29a,1622.8984567088362
0x3ab49e2b887b698c1047c39e2aaa3ca4ea190e7a,1622.582125
0x05f4e094c8f77d001a05dc7ffef208ccbea47079,1622.5800218652018
0xab7070c0a00bd2150c2f8c481907001fe66a8397,1618.19035457217
0x003896387666c5c11458eeb3f927b72a11b19783,1617.9954633262812
0x37ac54dc7dd237eecfd0b61efdd57b15fe158be0,1615.7613573529943
0xa0787e87b10c9b1b88d75915ac8ec5608ac6d054,1614.8608780401394
0x7498e0c6733fbb5368e8771f9791b9ff60c4490e,1614.748588059936
0x021f7542293a4f720c033c60637d8d90423277d5,1614.1898248371142
0x3c4c3cc7cb9d9de37885612ae47f8b44b57fe9d8,1613.042603534232
0x2d0ba902badaa82592f0e1c04c71d66cea21d921,1613.0013554359593
0x763c4978b8536d5eb18fb846b91a2d3ae3e31b0c,1612.5215725232251
0x3f24134cc5d5f95b2de0dbd0ab6ba8bb708b3a40,1612.2609775074652
0x64c1ab963d20b2e15069678f48d1f760dd7cf7e0,1611.415360503182
0xa1ef7030f4a7d5ea4bcc347d6a28177ffdbd8d6a,1610.1994051802703
0x790099e5e27eb528ae1896de6896de7f002eb89c,1610.1994010729024
0xa51d59352086fd54c099be9fb59618740a59399b,1610.1879676088174
0x498e9f240158c11e822c983938d1a093a81e0e3c,1609.100776762498
0x82de4db279ce9b7d8494af416671ea9b6134ad03,1608.3915028373672
0xbf049d936923d08d312b6f0485c08832dc302d3c,1607.990489224882
0xeeb687e8df712feadc77d623f4367cc5e0d8bed8,1605.6759484240968
0xcbf075325038d5f096645cf01bd589e084f7a848,1604.9865774471368
0x9470e12611d4be23976612ce0979dca82b5cb90c,1604.8950816180238
0xd2a5f2cf3285a5afb6a343a350524abe1ad26043,1604.8710153588056
0x229c4580cc43d18bae24bd541688983bcefe0377,1604.679480862218
0x86cc7ef86fb6d6a36a05ee69fb4bc30be0b83009,1603.015622012455
0x77bd0e7ec0de000eea4ec88d51f57f1780e0dfb2,1602.497430473669
0x9bcbf2b5cbdc16ed6489ef229509550e728328f7,1601.752923482212
0x3cac1710862f17d913a1f7200697194170533db0,1601.263199770498
0xde0c71a0e1e5576ed1cfee742c1d4a5130a7fc13,1600.5082661207712
0x545b7db6632ab230fd84897488291def7912319c,1599.3884162670481
0x52545dbc45368fe947e0105bdc116217fa146ab7,1598.8975531898127
0x9fc5b87b74b9bd239879491056752eb90188106d,1598.4784551359114
0x84c8827fb5a27ad80bc3bf8442a44084aa358751,1598.347194132265
0x5d83b93878f3f37daa987087333e385b0845acad,1597.7081829680542
0x937e2afab37237a83f47b9ec0ecb18a5aaef353a,1594.095799328293
0x3dd160879f299948f2d98f17a000a588bdde7c44,1593.549298894468
0xc01435e578eb3182cabe05f11db2bea493dbe7ca,1592.9684106097595
0x8087781b9acc45c136f1ce87af1abd4a2e59263d,1589.3890501434846
0xedaeaca2f28759143c7b2fe2d665996cf37abbac,1584.3198466460888
0xc4ab0852473875bf7a44527db2d3cf1dc5350811,1584.290376474907
0x0cfd37f56676ef212de5f08cd0e3777c04cd47a9,1584.0087670063576
0x7c557cb92b0f496c19d40579f5fafbd539472727,1582.3505945221605
0xe8fb9c57cc0bba21419dd13b8409f8fea2cecced,1581.6814681845524
0x0e1b6011a07a3ba4690ff2bb423310b4e511b97c,1580.658284910958
0x5c2a1234df449312d4d59a67460b5d378332faa4,1578.4224510081838
0xdd953d7fb643c316235f043f11b91315c0643646,1574.9966452174392
0x3ea309d3e5dd32cc3fef0be246a24be578ae4348,1573.2743807620018
0xdce7a419f79ae7fd0f75b726e6827e202404ef68,1572.8014443435611
0x44a269978f4c3348d70f1d8bfb83f9eb50975091,1572.573278560584
0xce7020028ff9177ae0a228a035f55172dfcc3905,1571.5273839539618
0x1a33f6d60f22569d82053a71bcc9bb380cd1c06e,1568.4025170326693
0x8e503fc7b11cf89db52958aa687cc0f62810eba2,1568.38723536764
0x96d821ad723ac3fd933e67f151bd781bb8712455,1567.9720618580482
0xc82fc4574c538ddee1542ef41639669eefe994d4,1565.2084811919613
0xe6a5530e1afc082e48216637557c5dfbabca8cba,1563.3435661809262
0xb2e9bdec5db00e64d7c683a1fcd3bdf29e04305b,1561.84463026208
0x94b0a3d511b6ecdb17ebf877278ab030acb0a878,1561.2044012076603
0xa4262015bc8a0d9c7092c43df8942816c9947705,1561.1701577836482
0xc99388233c2aea1f45e4ae2ec88b88094649160e,1559.3700512964933
0x1b90cdf41f6173c4afbe73ed8041462502e23332,1558.8166248768719
0xb62345de00a2cbd56db5bbeadc85b147a3d3817e,1557.5331999999999
0x761ca2328f27cc525b9b3a52e7bc534372eea9bd,1557.257616374979
0x0dd5feb9f4b8a9a945795c8f6d40b5567fda34b8,1556.5994627976984
0x84d11303d0d5230430d1ccced3fcea1aa05ae074,1556.5309271263231
0xc8f03fdc7b685357f78230814da6944c71c874e4,1556.41536384003
0x1e3aeedfef45b96173d533a3f2844aafb5836b5b,1554.0989017516085
0x0fd2779cab172bd09d3a68ed78a7ad757699fa1f,1553.226893221944
0x9f49013bfb376834389a1a2070ee74ae2492ca20,1552.1767789266164
0xe30dde2db47014525b32f3b8423efb94f9c120a0,1551.272106885219
0x11908666e2c98212584a2dfb1d21572d20b8716b,1551.104658981552
0x3735fab379c75db7a423178182b60bf6ae451850,1549.627444549455
0xe7f3de04386300f707db791554ddeabba2265988,1549.496734904483
0x8cab3e311702acb64e250926d77134fde604bd4d,1548.1799787071132
0x18f68584ef08e312085f72c2a77889b71f1c024b,1546.1791472072393
0x52492b88b67eacc3a0007a1d8d2ab4478dfbdce4,1545.5049004196712
0x75a25ba245c8f93f1c6d6b09c806d91acc59fcb1,1543.6052663618905
0x338296fcabb05f29d21fe546b9c0463ba758b1c3,1542.4084921992608
0x1a20e2a6911bcb1bbf6ec155d4ecd0aa77bee26b,1540.314188013298
0x917c52869df752d784ec73fa0881898f9bfd0fd8,1540.0551795762651
0x7f74c86cd8ba48be647d541b3e7f5a2184a3afa4,1537.510267502066
0x08fd70dc6a05e4a942ac5309a9a1e83a9b0d0288,1536.0431812078787
0x8d4fd401990ef8d2eb3d0b284cb6415a387519bd,1536.0235682568127
0xf11d4e8d91232001cd7d1cb866698d28998c6c58,1535.9013150502306
0xb777d386a9f6bf14ff85d92b27dc70209141e787,1535.5251762602688
0xc788324905793b9a97c753bab48efe6d86065ddc,1533.9182186303467
0x36ac3b3a1d7e9df7a89c0c05b4449d658822da58,1532.257692020472
0xcec75069a92a95dfc53a517f52a9347007a8cc6e,1531.1996951583603
0x75a93c85b850e321a394d6e72a4e9710600d20ab,1531.0830289740748
0xc7e33c97bea7a4d990a9835970fed8a08536a71b,1528.525448589242
0xb17e34881ada6e53216448617284ab112e20bb9b,1526.4031641134595
0x5874c7ce2ff1a91b8e89bdc3d1167c5d7de2f2e1,1525.2464736280526
0xe3662da442066294b836f017fd71256658172c27,1524.6252446389276
0x62841fef5a3bad61d68129be778e3aa403e3d482,1523.6356358810594
0x868a2c6d2dd86faa714266d40c34467e9cf19a0d,1523.3622465361177
0x0583cb555429ec3f56dad4320bb51c4779c16e07,1522.66275127798
0xcad3c04abc525658011cd08889f4e89047457302,1522.5503039768262
0xb17b1342579e4bce6b6e9a426092ea57d33843d9,1521.3291796173319
0x70f36218a87b36123bd4587457a38e5c107c513a,1520.4366352977022
0x0b1ca48c80b686f599ed73ba625d9d7bb1aee3e1,1520.3671775399998
0xb613c476164455ea67773d4a0bc2a971a32f533e,1515.9365628816954
0xd365524490039d8aabe2d3b6134ab592edbeeb62,1511.4840410351267
0x5b781915b6b610a1aba8135ad5df084ffe528da4,1506.5399695706378
0x7178f913dc83fbb9e9552a2bfebff766e1fa88bf,1506.067861588895
0x73fb1d96a144efdb278e123a17c79d63cd67d11f,1502.168404269931
0x8eac41dcb501871b6b414310bb0d3f29f178ab19,1502.141754
0x64e53997beedad9aa432a7583d8fa94f543e3074,1500.908347964714
0x28eb1804401b8d84751d6eb77010e8fa1b377e25,1500.370070832706
0xc5095afd18a6f2638f792cd932280c938577d72d,1499.751655000422
0x24dbedb4699eb996a8ceb2baef4a4ae057cf0294,1499.5857342652262
0x968510ce860030060283aedc4d951bb72f939334,1498.85740297248
0x7f808fd904ffa3eb6a6f259e6965fb1466a05372,1498.5725552141744
0xbff330bee061df0bf488c4c64f996e772b897f72,1497.7194930920662
0x2aaafe3671499cd995b2dfc7b5844d7998e99cac,1496.909683108174
0xeb921e6b3f79baf5d5735e1fc1930bbbd035e924,1496.26765148
0xcd7c4fc137bc2a9cd634a1a08a1b31067f5480ca,1496.1686425355565
0xf6838a796741a9d7e8b5cbfddcddd2c305519055,1495.1507737196187
0x7edc297010f04c4e82b997bd60ef7eeaf9c360d5,1495.0185838891252
0x6ae34e9cabaad597516c512a21c107e8701e2f33,1494.3188705412383
0xce962bde59c01a493f94b21560e48d7191d3bf96,1493.524776667374
0xb9baf38da38053052165582124aa51808a5a2a9a,1493.2526307873925
0x5efccfd9cfdefbc4a8eab2a91487dc1f14f5facd,1493.1589075826644
0x779364a5aab7a66a1bc35931ab75d7420cf2e119,1491.7272653857885
0x710c11629c3cb39eaf2086c60abcb196af65638e,1491.6477179705887
0x60104e49b21b53e6d8d65315906f7666e856ee30,1491.3812550976277
0xd0dcb7a4f8cfcdb29364d621ca5d997b7eddbc46,1487.426413413016
0x62f22a47e5d2f8b71cc44fd85863753618312f67,1486.6438410214523
0x128b385e7d1709209d02ab6770ec40e3a4741d77,1486.4422458941995
0xeab45ffb86f0aba1f5f6f144d181eeb136145363,1484.962232653338
0xc6c40c379c8442cdf582bb9ebf1ef6c306c61fa7,1483.26318125993
0xbd6c18105076f5ce7cdb8393bb49b2ad77f9c736,1480.0537429377728
0xf9e18e98a0bb56fe7e663f5ab1170b3105c4c56d,1479.8477632204656
0xdaac0dbe81bf5d9e7667c10f010e9e41a0fc3bb0,1477.9526088509201
0xac437e08cb11454df5b2beca7116bc5ae40aa47b,1477.460224227911
0xb6ef9bbddc1de0eb47f57a620f12f56f23581dfb,1477.025286834801
0xbaa1fceff65e21d547bf6747b0b777a32be53668,1475.250209380982
0x3967bac93df85cbdc9162b47278dee5d414b3192,1474.6755808413322
0xb10adfbf7b3cb41a77ad980c8d58ef32658d7c04,1474.3305187777628
0x54403e2db9ccf1612c907d05450fb11bb14113e6,1471.50799800879
0x39f9ff86479579952e7218c27ab9d2a9ff9bfe3e,1471.231185900826
0x32c6562e63b19d0b7dc369fe2a2057ca832a5c74,1470.5670106388409
0x6e22bae87f74af92ca62419e649fe9ac076b3193,1468.5720868071346
0xdcacf599ed6ce12b0d7873eba35fa8f973b908d1,1468.4992075662283
0x2cad6747bd41b961d0740fb33ec5df350b51bf6c,1467.8185361357187
0x9af99712d45a972a23eabee205342f6055ada474,1466.9967867339324
0x5dc4eee4f99d9e019f736962585265eb15c0299a,1466.9209877899825
0xf0c16855fee3599509dd561ac63eba49af86a04a,1466.618030676585
0xaca1973a26692742a783d63dc198c99fb0fdc98d,1466.2420430697298
0x1cd926f3e12f7b6c2833fbe7277ac53d529a794e,1463.6036502764555
0x591395905d58abf87180c1e652a06af35d740c8f,1463.5650541992816
0x6f2e2911615eb7474dfa005cfdca2de5fa3c1abd,1462.6152711249817
0x6d6f2b4a4e6eaf94965526c0f6dfbd98204dddca,1461.4960110724728
0xac2a32725790c98159aebf871ab6a81b612a2409,1459.24878427966
0x345788a94734e0f202c11a1dbcb7fe6976e277c3,1458.129738904778
0xf3c214c4108ec8036a27bcc3854a99201e672175,1457.9760814258564
0x2f91b64b23b9ad51de844bbfc4d21fbbf90b45f5,1457.4141534385194
0xcf880b4344b791b1b1153ff7e8723065f7ad2112,1457.326496452695
0xb07fe2f407f971125d4eb1977f8acee8846c7324,1456.221405559702
0x2453ad0f6f42c55a8b8435835ca1c6876d4dfa1f,1454.6401706275979
0x93423fec0e70151b511ae8cbac1ebdb6b320f1a0,1454.272037480093
0xe9f0773df7eb8600fa79c1c29f6890675e05551f,1452.394164157168
0x1fee92a8e2948c194c7c274d91de1806d9e9b07b,1451.8325106386405
0xc06eadbf9cac111380026c8e531f2af9047696e8,1449.621293958784
0x609c85ab440a0c1d42ec68b85c7c8650367a056d,1448.1373122529362
0x4085cafb2c519e6bf69ad410d91dbb6139948366,1447.02809404845
0x9f1d5621896c4d075adcd327b0deba48007093cb,1445.3103569619718
0x2c0922f8e3f61de2f26686232af2d688c58ba007,1443.2033465249806
0x358a1a8f2b32878971ffa6e1bbcc8b0dd3ff767b,1439.2538865478427
0x79e42a2bb91a0f9118e2b5231958c1eaefce390c,1434.7091040689807
0x53d62b4fa4d729bc1eafc33f1345f32ae612df8d,1433.7378185506518
0x8c549fdccf855562a10a62ebad8088c16ae93285,1430.297371703092
0xf12533a96712133d9bb97c24de5bcf52f48851bd,1428.498936704544
0xed3b4524b24e9a4485ce6610a7adebcf0b7065c7,1428.0101726527564
0xa785c03069c72f7c9fcb8ac990257884983ae8f0,1427.8249979938362
0x68532af3d8574903bf1598ddd1db73226420035f,1427.5405237505381
0x81eff44bb4bb44c6b92232ec54d421ec5bca2d5c,1425.1577666059088
0xae614a7a56cb79c04df2aeba6f5dab80a39ca78e,1420.7412908543658
0x7bea39867e4169dbe237d55c8242a8f2fcdcc387,1420.430771847257
0xf0bd572db8c3df4f9b826381d6c60dd59fb8a865,1419.669543931613
0x308735b937b1b43fb94b288c519c3cdb93b9c330,1419.283573423008
0xb99e07ba64f62ad04575cb86c53efc69a035bd05,1418.5058573947913
0x1be872d823a9c8801ba701c49f185cd33e90f3fe,1418.1703864287056
0x7b5bcdc610883af0d211c2de5e76a34747b23856,1416.7173980052598
0x12b7955743c3891139406d6867083308f78896cc,1415.3517625960728
0x758a5f59b3ebe8a5cb9e6a09b5b876d2414042cd,1415.329800505495
0x91418a838e72638d88abcb1eb89e3d8a061466a3,1411.3904337047
0x8876763221e3f3b478bcb705d67e90ca5cff0283,1409.61231
0xe2b0be018b045639c0ba4920d2a1a3c31b5f6d29,1408.7312585230397
0x45b9c3d46e6fa859bdf445a0f919b48f41c13c51,1408.12563068367
0x117dc25fd327e62dffd631c861d20fb6ea2c2221,1406.9699945420632
0x071d2630314f770fc6dca0d517ca69a2cd0f724b,1403.864009063751
0xbff8982579244256dd8a24cfa12476e1a07604fa,1403.675103
0xfb362d1c4a03f789da976ccad6ce11d89f67f41e,1403.5830137145638
0x149cdcd3c7128a1965029e775c84e0db198b4c2f,1402.7775970365562
0x65e70a0a2aa7ba2c6655149ac94f45bf073f47b7,1401.7895411607676
0x266042e1719168f7fb79fc8b50860a561aa58e3b,1401.288834794
0x03595f17b6a2dcbe4c3ccb4f126d752ffadeeb5e,1399.545014186309
0xb1223da8a5929bcfa9d26f0c6da8f0a29c3925ff,1396.5770170931528
0xf274d21e16cd7fa726585c6b12f817b81f7ced22,1394.6431583631177
0xceb5c29bde4604296135dd7b027a433fd3633516,1394.436424335325
0x3a99d02e068ff87a5cfacbcd1c9dd2408dda5b46,1393.6922257196488
0x42d403ab9b0603442ac991c0cfe124105dde0811,1393.5090602347468
0x6905fef2f9a7825f94018f4f989dc82f88be9181,1389.2414443540288
0x5dfd5cc00d49d7fdeb2a3bb5e8abebd6f9a0ad3f,1389.0885013847326
0x57f02d726d34f2db7c1473e18e6d004661493e23,1388.6058856397017
0xa9966025816c490dffe18b5c58818ec14e0ce5da,1388.2937062652122
0x00a836acb588ba0c492ace034efe0c8d9491f8a6,1385.6343408999385
0x4147a01532190f2ae68dc6e11af264a0fb6efe64,1383.7877055657075
0x8fd5db9fb70267fcfb4914d66c45e036bc7b4257,1383.76622
0x0faf8b62aa4927db981636bdadf7722829c47481,1383.2739818164277
0xb2fa0f4bbb4597bac0d0714bb9d9d7e34d380464,1382.6455548105475
0xbe19c32b4cd202407e8eeb73e4e2949438461ae3,1381.7094620446528
0x31e01ce85af9d8129e10fce268e201558d2918fe,1381.3173840510153
0x2e64071209c8a3642be74febd001e09f727f8eee,1379.542023474136
0x23e01d1d6d0a413df6fb7dfbbd94b0a8c75dc4f1,1376.0076737720487
0xcae1651fb18fc2024cfe406f9dfe5c9847049c55,1374.475493587624
0x5f42314a6b02092db1a04d8cbf2a5337906234ef,1371.9555314090248
0xefd784093ddd12e24231fa6b792c09d03a4f7b7e,1370.4963704949998
0x7892755e2dc830ef75d9bb5fc984833620ea0ab1,1370.2780951566667
0xdcfb2af2bcede9a2e1236884deaddac8a8481973,1369.9899722649684
0xadedd22b22d7dd489e2a98757b4f94dc45f1a17a,1367.39738691659
0x3f62c62acd26061a56f269ef95933402cc130d11,1366.4969766012584
0x0e134be6c64306ad0476b605a62caefa7297c3b5,1365.9335592702785
0x069e7345155ad4098a3953c16074828cdf025ea3,1364.0369525110073
0xd647373781da6e05306a9db793a0e8d10850d402,1363.842046014558
0x08fc507ef97812b84f689197f29b960f2874f864,1363.2467485384832
0xac8833b0da01b8f2ca53f549f13b5790066a842d,1362.2527790298818
0x174c56f4893ee34bffabeb50d7e300025cc6e19f,1362.1566956828665
0x1a3e634abb92e0a3085f1f50a34ecb032659acba,1360.9439033078493
0x07ed78c6c91ce18811ad281d0533819cf848075b,1360.6811228364568
0x766684c4d7b98b35aa093e48f60067085b134ba3,1356.9358957563657
0x9c3ec0db90cf88f1881cabc6cb0faf0c5aa9f1c2,1354.3026107171495
0x2cc8972771423e13902893eb06f68390fafca951,1352.813850508956
0x6e11b0a5808c180682b847da11a0018ca27d5268,1351.932797880937
0x153429077f35d4c389603ca2136d0561ffe69910,1346.9610788295724
0x98539fba295688a66d8015cb628cff3f4eef40dd,1346.9465277392374
0x3bc12d73d1ce8a4e85e1db8ccb1baf5ef6869348,1346.1640536624022
0x7eb59373d63627be64b42406b108b602174b4ccc,1342.40484437341
0xe28ea5c12c2f83390c3448b6e3781d459937b7b1,1342.2522354069263
0x92bcd94add6b99d8e605a69ee25d059056738008,1341.685488724148
0x5fb195761a1db915906569fb597f33f97034d9d4,1341.0088241098797
0xe872b69f32f6df943c02c0a3dc480466d3a8fd4b,1338.7766936971327
0xb7b619f2c9f74b92f1a1cd7cc1cf819bde4efd3c,1338.6725729219777
0x15a8e38942f9e353bec8812763fb3c104c89ecf4,1338.6028060780568
0x8852a54f62a907edff3a8a134fb1e8de08490e91,1337.262545839315
0xaaa344f69890b4fee575284856174421cd87fa44,1332.5025951611835
0x36581b59066466d1a6a8403578699e2bc4bebbec,1331.0529824041455
0xe80e7f22feeb5403f451b73afdc38091f419a43b,1328.729433841808
0x425072db5ac0b0cdf730b3361d688f68f95ea2be,1326.5948366127247
0x833334db95072fb10a705c73fcd7238fab5a6893,1326.0798666150513
0x333b44df81e4471575608938a0202c59d644a5e8,1324.944465403988
0x527e8afb0bae3da1e7435cf3f28da9c46e984b11,1323.172426668672
0xb56848d164692b27befd90406ee76f68b37cd84a,1323.0401649203127
0x2c51eaa1bcc7b013c3f1d5985cdcb3c56dc3fbc1,1320.335308542539
0xe01c32920f73b60b6e22b0238e0dde309baa9c80,1319.5446712616338
0xded8cf9dec2d02068222b4342bb9aca1ef3baf40,1318.6488000000002
0xe47144f412effc0bf4eabdd72fce1172e43a2e82,1318.4578507081055
0xdf4866e6de7f29301be37795f7dc27f5d5703445,1317.4677903699999
0x8c0f3a0b0e396930cb2d69a8f51b30c2055677f4,1313.7725373623875
0x5796d31887b1d030a5fcc850eb26cab171a8bb0c,1312.3885329274678
0xc5c9a9ab6403cdba9722463000146c18b504f0ba,1312.0399906801654
0xb1bbeea2da2905e6b0a30203aef55c399c53d042,1310.929439759882
0x89928c91d5b70b313fca0b82ba56d7c761c0b1a5,1309.3182972271268
0xbcc3efcab3b3b2910519793558d0036138d4e4d5,1308.435164797778
0x59b8c76d52ae38b42fd664d78e237de4b186b7b1,1308.2065915032563
0x18a797c7c70c1bf22fdee1c09062aba709cacf04,1306.9972718681036
0x6b6b0e5c8004a639bb9ab61100aae6b1dae86fe1,1305.2235612852658
0x1327b66066dc7e74be54f89b25f0b5d5b638ebdb,1304.910458835215
0xa692544e1ea1d4728e66adca674011bc71c917da,1304.838293166408
0x92206a88b2925047d71b85c30dfa8c1444fa8c74,1303.4002818038002
0xe2c5d82523e0e767b83d78e2bfc6fcd74d1432ef,1301.7978965536931
0x9c98a2923b41bca387f06ad938bd1e0176c1627c,1300.8279143826458
0xba7872534a6c9097d805d8bee97e030f4e372e54,1299.451943941152
0x9142c0edad72e18a4da98018568fba8cf82b8b3a,1299.3251750580387
0x4689e3c91036437a46a6c8b62157f58210ba67a7,1298.7665081811676
0x3a01940daa8049f9af434633377c50e91baee590,1296.743255099592
0xeeeeee9ec4769a09a76a83c7bc42b185872860ee,1296.5668381164298
0xe0b56e348016a380e0b63a21dc3c64776c0df6d4,1295.5857157531273
0xbf17de2bd2824ba012c447aa19d155a791960a5d,1295.1128828446776
0xf44829e307919f4a75f820a735aa26f57e575fa1,1293.252294
0x54d2011c630d9fef6f82ab45c77d64454f890c0f,1291.0150966106046
0x4dbe0898bb125a5fa7afd2b7c0c6f54743fdf808,1288.819616748085
0x3f375b88f6d6f5c43ec0abdabf7d42a9d31ee3e2,1288.2466910930389
0x750874e6fb8dca30ce41d445e4baf8c76971f912,1287.0552497025647
0x4d1a54ec5ea1437aca79d9356f03a341bce17dc3,1286.2386228293708
0xfd79505aa075007ef1f1165c4de3562bb48b9bd2,1285.8747391747984
0x9001418b8a0d8cb9d9034e4c555719de026c45b8,1284.6860615537207
0x8bb954061bc14bee33e3a108c355fb0f0980ca2d,1282.8320643331567
0x51370eb0b71a8871af66d9567827ac6052fa9d75,1281.3516434328535
0xde2483fef2cfdf1313a3c9691580f6ec626f6692,1279.0808851020863
0x3ee301ed8f42d106def4f9d9730ea3367880b771,1279.0147116517383
0x2624ceb32e052b79ecc83ef04df0d22f07cee198,1278.8944708252932
0xdb8acb971db79988610b628c395ea434bb156fb9,1277.5526448309063
0x32600e01dfaebad27dac6b68902abc082219b526,1277.1793785997952
0x73ba53282a5d118da936fc0019289535a2e648ce,1276.8710806231159
0xbf8762e67c47ee209b103007344529d169e446a9,1274.3520438654423
0x52a48b82315256cad388b08f3f45ec6e8e7a832a,1273.5591083448942
0x86854b1b222a7ce58d6ee133fe64536ffbf9885b,1272.629949264221
0x643b47d668f7bd78e0eeaa574b0d185c46ef079c,1270.5088700345889
0x688a56b8de7d705dddf0fe21f35b467081bb45fd,1268.4685197238045
0xa9fb6215351e286afdca29a54510125359714047,1267.9651177623568
0x8e2c6b34a83931dee116bfdbaa0da5b9128c5487,1267.7578276136578
0x42b576a8a75e69232c00827373ca77056ba0ecdb,1265.1300124558363
0x45fa9f671231b51e09c6e9932969c1793c0017e0,1264.581368038049
0x9081b403b02282acf28b59a950de98d091de940d,1264.4004778732105
0x68cbcb7ccc7e250a642519d274911dbbf49048be,1257.6965967685148
0x8a1c76dac9776e185d6d44f5aee0ecf5295a2b11,1255.698296
0x92ad5f399a278754637d84e9cba7cf405c901b95,1254.68440506284
0x10cfa744c77f1cb9a77fa418ac4a1b6ec62bcce4,1253.3027531471594
0xd77884602642548e51d6ecb0980aa0e1198ef2e3,1252.9447342361912
0xbaeca7c35346a8d31811ef971f38603012a12c1e,1250.620679013404
0x530de03355c025a7f08a7fa9f106867dcceabda4,1249.6291145381
0x11184bf5937beb9085b4f070e7b410be052e37a6,1249.341235815801
0x5de14f2bbdfcd1a40b731b0f46685e86970e8c18,1249.0090528272021
0x2b9f8fe8ffc437a9008bb3097066f02b0a1c52ec,1247.274713586056
0x1e84865e17b49286f26d356dc39ff671edfaa199,1246.841184911861
0x405fafd95482a1abc04c1d12580267e9feab7eff,1246.7236799603104
0xc85745e78a152256938db7e7cfab5acbf76d4165,1246.02656
0xa54338c1f7cfc34791aba6f740dd708267562ae3,1243.597252128455
0xb82d251b7e92832dccb7f3c6f03ae20f2d7ee597,1242.8277322743845
0xf40d8f7463c0e1a21dc0fb1a08275a9a45a70284,1242.0025823886258
0x1c376c112dd9c688c5af2d59b06c167e64a4362b,1240.8141523993518
0xf4b48943976300baeb7ac2e7d8fdec8d0147848e,1240.3484180039559
0xecaca2963ebcb5c068cacb86277c4b435a2baf3b,1238.9458333296416
0x4e9eeac47015cd2ac7854f67bd101c2dcfb8bfdd,1235.7939071865878
0x31e5243bcf891f53a72bb30efee8b05a49a2459b,1235.190918825759
0x39a848317a422d94832e9de71e1ae9c8f45f84d5,1234.6563162201808
0xd39bf1b0ad25f7e953cbb1ecb8e5c2c92dc0c16f,1234.2175083714471
0x3fb41aedc135f619b8ea7ecf7268f26595e29f6d,1232.8224668349812
0x362ddd14f69924ebbf9066ddd2ae7c171cf6d098,1232.3789081021705
0xb2b570fd0ed8941bde716f408251a73becddc095,1231.1151060989441
0x03a65a29291de5ead4bc8c05fadf5fe8cab703c4,1229.3361686048693
0x7825de5586e4d2fd04459091bbe783fa243e1bf3,1228.337888497123
0x53bc176c1638504142fbaa8c95c45c7a9324a480,1227.6592755972824
0xa3509a16bbfc5992eb01cc861b615ccd8e937da8,1227.3841778600877
0x2ba1bdcd9303a0d5ed0a7a3bbe64bc5a0f332704,1225.5974226922058
0x6b958b91fdba744eb7bafac79c9ddd53958aa8bd,1225.3358889568187
0xf7d01cdc167149fec54f7dd0c66c4022b2a50d0f,1225.1266927634474
0x34a14b6f05bd4365f2d159fa0ed46201f2eb4665,1223.9982402192632
0x0d4e73b65141029af04d5f0c9abeb4d4120067d4,1223.6004634155686
0xd57afe906be2c2408bd29a0d7942c947600936ee,1222.8238181529339
0x4b82bca90fdab48491ac4a9131c8dbf8bdbeda8f,1222.2391461821671
0xd214f44164c04fe7c07d94d97f253ff94e2e10dc,1222.1081697408322
0xe2d411e8eeb04cb44903f06d170f3c3c73c1efc0,1220.170307199975
0xf87bb87fd9ea1c260ddf77b9c707ad9437ff8364,1220.082315751681
0x2bd968126832c0f12aded85959eb89accd38d57d,1219.678329324992
0x4a4f4fca1a9b673f9eb23b7eefe9dfbafd8d8140,1218.4501907849713
0x45e7a3bf80ff9740efaad7ca44a2475c5a5f0659,1217.4567345624655
0xbdbe13fb1a9ddb8e9911f0039de8715e74a7c25d,1217.0127843777004
0x4be2db02cfccef4e0cc34f460a8ce745d9e0ffa8,1216.4953061988092
0x3503d1582bb1391c3b6462184dbaeadf124c288b,1215.332312533009
0x0cb2ed1950e62b43587f54897f0f6a64ee52bbb4,1214.4871125792706
0xe68892781c739c022524fa8aefac07581a2d73bb,1213.857677261287
0x2ca1d6950182d28434f89a719ed9e915b8c417b5,1213.259250471091
0xa48a6811d5fcb14e85837f739e3abdf765e1690c,1212.4605271141177
0x38a0469520534fc70c9c0b9de4b8649e36a2ae3e,1212.358833039814
0xbdd7929013b7b12fc9218f8f1961e01238dbaecb,1210.9319601499726
0xbce47506029b6a9fe1e8fe4c308579e70b979964,1210.7085705177751
0x1365707157a1ec841064a18d2a1771c677df9a1c,1210.5436866328414
0xf27b6836a7de06efef082b974cce72eb2603d20d,1208.7054938215747
0x6bc335181ab0daa9b759be40218aaa2c635c3dba,1208.363657171357
0x0eeedf7bda83089ef0848e3220328f7cd35bbcb6,1206.739911081504
0xabf359e0881c6bec2e71127f54006b4880d48406,1206.2688279068652
0x15399e2ccee115712f37d7434455c79483ee84bc,1202.1556352219718
0xa413847dddf7ceb001b2d72ce97c71315d2838fb,1200.853399713922
0xef9b4fddd861aa2f00ee039c323b7fabd7afe239,1200.7360135804001
0xffd0ee79a03dda184196112c614414d2729f47fa,1199.605249172096
0x2ecd02761b21376b12c65190727a0d50914025f0,1198.3536425085279
0x4bd2009aa41fbb41828668b9143dc59605ad588c,1198.3288877354987
0xa37331ed1fe0394ef4ac11a19b084661f693c547,1198.0743763613275
0x97ea97e9c5b8baa35f7ad39a23b9919a2251b100,1197.1753517309721
0x1a0d2c9314909837119baeff8f6402d709cfe9ae,1196.9047288604118
0xf47f526aec87acf620114a58be2165f94da166a0,1196.4663803069384
0x084b5191bd08412952337b1108b6e5942418928f,1195.5948181322142
0x8b59be2fc6fccc2256cc4841843a13ce29da16bd,1194.7364380290994
0x1de84a4083391977dcc74b63983fce927f5595d8,1193.6426389420885
0xf56c5527d68a19e19b5c3e83ebd149b025ed41a5,1193.055436802064
0xe45f9da55d6d2be80638a2c84598453d3387e49f,1192.461098604688
0x7f3f9f5c2ef7df97c458207ba792c94cb439def3,1190.6876552705544
0xad7c57df811afed29dfd1d3b59de81638d8c6be0,1189.2700384601972
0xe76549ec7d8d0aee5717e7c50f8daa7b65d39a80,1188.8346544228596
0x5b3f8df40c4a3243aef0eaacca6bbaae8dcfd096,1188.0203277765274
0x04916039b1f59d9745bf6e0a21f191d1e0a84287,1187.9794672840221
0x7480f211dd46b9dcb6486ef741ce4d1b51d13373,1187.7519546420917
0x71421a3c789aed89c2dca691d67ef0f26ffa6779,1187.5652626110177
0x9407d987da61dfe03bc0bd99f40b4ab3d480b347,1186.5232585855942
0xbc64d830e4cca83720feabb204ab0b7488f25767,1185.9195762144727
0x29767e3fe40eb5ce25334eaf5abb88f1f8977cba,1185.4264952083813
0x9ad55f43277b1f85a604b01dc6060732c4121624,1185.0833391739889
0x13a8a5bd31a6683a61322ebae2ddb8c07afcbbcc,1183.3754018630764
0x3fc9264793b427d0192ceb4ea5ba2909bc5b4aea,1183.3424429564252
0x23473b62aa96b2342ec47cd2742ec1d4d23f3177,1182.6022178841927
0x346dfb2250e8b186fbf6f2081ed7a8192f79d2f6,1182.062982624713
0x9a86ebea7993129a7f78207d6c55f5551b3c26d4,1180.451969152481
0xa5de77e2d5e03e01739274b63bdae9fa1737b74d,1179.6073083022989
0xaf23fdd6e5845bf077adf91ff01fbb4c1975a45b,1178.2637896090384
0xb9af01a02ee8956876bda89b2a6e268fdd9638b6,1177.373159352403
0xea030399d82670ac7ab9f9ca9d4c6658f4f4e81e,1176.3366053942877
0x2035d921cf675f52fb7c1dff8ee535d7d7f41a99,1175.5394174988664
0x22453fb15757f2a8177880d8b8cf5144f07d1679,1175.369754313187
0x5ac64d225055e06860c2c54b89e9f44d9c2f15ca,1170.03644895
0x8f626946e1c115216bd2b8bcc28fc6204239c5fe,1169.5581066642642
0x01e2dde7844e8b0a42a3ea8089df12c33d5e530f,1168.7214574191757
0x02469e30dd450de2e9de00d49d679f1d1d774ada,1167.8045314195685
0x74cd57d6d361088f05d4e067f3fd07cee1451dfb,1167.2119961129235
0x9558b165cb35ea5819340e5f5d84c868242c9ec1,1163.310171327656
0x602016dee84670d6ddac972733b3d152f7e24292,1161.887898
0x43966b0c7d87d4060e7fdd15b8eb79854eba3c28,1161.293675713906
0xc71ac4332ce5b6789bf542d788bc4cc6d31dad1d,1160.6643620861
0x11f586915cbbb8ad9eaf76a1457fbe255c0edede,1159.6840980053955
0x1111111254eeb25477b68fb85ed929f73a960582,1158.976332259596
0x36e06522f0555f35db55856b1dc3842b7b4cd830,1158.3708648248776
0x04d6ba7750fe2e8642985def91671a4463259eae,1158.3148373949527
0xd05d35b500dee15aecbae563a28e790ae1594cb4,1157.441550064849
0x47e0584a9542e8a19011046ff88906cc178646ef,1156.3908736424592
0xfaa6b0a242574b650205e0cb6b4eeff9ac819c16,1155.8214101519613
0x64c4a9c65670619376642078eed7264cdd5c36dd,1155.7441338341075
0xd27b7d42d24d8f7c1cf5c46ccd3b986c396fde17,1155.2691592287101
0x17e868ee489e99f374476edb4d2eacad8ed64297,1155.2533855791778
0x7d27687d301552b55b5d49979a6f809941ff0b8a,1155.2084067452379
0xe7b0c13adb5ab3323d07734a469709b05d15a762,1154.8265754419099
0x2739b0a16e169d2f14177a8e5efb3585eb99ced2,1154.080895213736
0xd3657f1b1ddac066e9d9040923fb69908b726634,1151.8302566949628
0x3fa010dd043a2b6673ce017480674e2d77239267,1151.6452161533475
0x03dff868e1c7837bf578078530acb94efc45681f,1151.245713537953
0x9391b14ac76e0949691499edbfa35cf3d4d79b7e,1151.1339587625862
0xf9b026786522251c08d8c49e154d036ef3ad8cc7,1150.2882345204293
0x864d5e41ec32d62e40a51f360f3ef337cd2a1d7c,1150.032834993599
0xdd7e7f5e12e4fa79d3ac96c7074c51f0e4a1f23b,1149.970044568983
0x5d213bd2ca9e26f768e70f88580ebbcc0cb8d1d3,1147.8018269477288
0x68d3a3f57f71479ecdbf21d5f23bb80cd546877f,1146.084808875169
0x68866f412d3b25c3fcf5bad0cfc46c2e545feaf3,1145.1295593789798
0x64c046339682d30b8ceb4e11ae47078b78bac3d7,1143.5760405131753
0x0f8a76e65d565a0b23416d4bf09af90512a27961,1143.1401572867953
0x3dd78e195661488a9aa3b4f38c4024be717201ea,1140.3118490379866
0x5576c6b5366af56e2690ed914741d57e22740053,1136.940274851735
0x70c337150e59cda9f18cc0a25ae4c78ac9a6f915,1136.7522918045024
0x161f8ee0e2fd26378517011cd14d5df1b22490d4,1136.5634981614521
0x1b7bc083290bc24eda9a24ff44ab974da44c752a,1135.656680876287
0xd7cfbcadaaf6475321cfcf3884f15a93400be658,1134.4853667242428
0x174ab062927df9e3949b0283febd98fcb29552fe,1132.4133266686777
0x9123d8b233fa8e10fb51aa81486acd33166544e1,1132.25488992767
0x81efcd26097249abf0a0283a228dc27dc0852896,1131.4953410544617
0x07fa431ecba6a7efc7044b21a96b45b21fd80d45,1131.3520319999998
0xdf3b88a475ac809e3951cb381049d2448a809f48,1128.8370671433815
0x7c30ffc4fea98deb6aad172d6e3d673c962c13f5,1128.454838669664
0x0893b7b774bb05ce235c367cd4da6c0b2aa97820,1128.4508765366793
0xc0bf67bb0d2cfbca8615e45eaa947e796aca931b,1127.8193092614306
0xa93b93e064cbbd46a283427c21370734bde5c7d1,1127.0012497124899
0xc0b1b2f2774550ac02ae67c08abc46b26312b68a,1126.733208034663
0xc98b2d550d8d123f8e6950e0758305e88511b037,1125.1853767166526
0x90fdc4f8a8e6a36b94b3171c2c8a692a7c844bb0,1124.7605266808946
0xf980b4a4194694913af231de69ab4593f5e0fcdc,1124.13696636606
0x516e08cf1df6804529e0a71966f185da589b424a,1124.1109994846681
0xb4e471a68b3a727e4a65d5411ee3610e052e7969,1124.0931909708754
0xab7e9602eed37ce90634d25775512aa827b0ebed,1123.278430090968
0x6ac8bebd58960a129347f48aee6934212f000012,1123.1753314917132
0xdfc14d2af169b0d36c4eff567ada9b2e0cae044f,1122.4058306974007
0x72a4e03b5dc7fd9d69f387dd96941d896e96632c,1122.1874206060816
0xa5a4ef35b96a51ad816a4c0d8bd5fa4b8e307347,1120.2682505697226
0x9f4c69740e1272d728d4fcf2deadc76f3fa94029,1119.9555859490633
0xff29d3e552155180809ea3a877408a4620058086,1118.1262527738397
0x01a8227d4e7c3068ad1000c97a059af5c5fa3476,1117.427292579531
0x0d1becde337125e5cdc4d267b2a3e300a2891081,1115.8685659999999
0x9fb3012b6c39f57696f4075f23c0ff1cd5690b0d,1114.663663672291
0x1b9e460ddfa140611d3c8712e574e2b5c0bf8e83,1113.2965119144014
0x303ffcd201831db88422b76f633458e94e05c33e,1113.2599256539863
0x6efad5f7ec1d267c66b1b582b89b2ec32a36d57a,1113.1511984459491
0x9f22d01d358a876eded96f18a7d554adaf201771,1113.0286093052214
0x76bba4f35700471c6409cab05879b5be750bb4b6,1112.8152699438617
0xa3f5d595154452262023c6f7287e1e7f4b8bcd99,1111.308209837421
0x11c4d3b9cd07807f455371d56b3899bbae662788,1111.2543767400407
0xeb1429c5502249f3dce37789ce646cfaa7d62a61,1110.842299149673
0xee66ea8e95817dad84363649d5e7d13424a057a5,1110.7631653618546
0xc3576f38c32e95e36bbd8d91e6cbe646a3723110,1110.194558726881
0xc04c2ea7203d84f69479f054fcac8af3ec652be3,1109.591428851621
0x157335dc034e5380c6eeaadfec1c1666fc5524e9,1109.4631741361663
0x08f04fad6c99fec60e36850febdc805e65750ffa,1109.2540506175162
0x4ef6689ec36b2ad6eb54ed8d7e209c66b03b36e2,1107.5165092898633
0x30973ed8473ffa5592e59f5dc3b94a7c7c50f800,1106.187807304885
0x8cb6827657c3346463e491c0a0dea66946bb5408,1101.8139382660106
0x0a290fdf8df8535e283af73ec4074276258fe327,1100.8476581827535
0x261d53f3cd0b38dabbab252dcc8adeaa8c67bcba,1099.131687834355
0x6591c4bcd6d7a1eb4e537da8b78676c1576ba244,1095.1376855440735
0x858a2ca525466a5c7ad1bd4f66ecbfdcc938f237,1095.0763458296785
0x6352754401a6e7b7f989412ed3fd917889e07a0b,1094.9031502256603
0x7229c4a80570931f473188c8b19bf45b8074f957,1094.8812561484424
0xe618785149a1ee7d3042e304e2f899f7a4616b7d,1093.9944318559692
0x2a5dc1aee0febe23775e431f00041b4871ee6eb2,1093.313621055951
0xd7bc80a66027285d6dd9c45dead062efef4bf490,1092.6132870494966
0xac8ba9d6fa2f9ff7c712bef5670cb0f7e4177965,1091.485165476435
0x7ffa6477c2c8cb9b6b28e11c995ffef49d3a224a,1090.2754346400002
0x07414ebdb97460b1ef24214804a22bf86db9faae,1090.228660308561
0xd348daf34aad2b28bab50e678566fc558834286e,1089.676099123898
0xef2d11039725ea15b0d5a4fd6c5281bf6bcf8328,1088.8552525673354
0x248823df26180700e56f632dd7fa64a4d63f9db1,1088.6623440295903
0xa17661e7f2cd96633c25edc5455eb29170105ff0,1088.6523244671012
0x66df7c677bdeb0a8543527133e769c3191234280,1087.8558229999999
0x38d8c4c0981d6cabf2a0b0235f590873a0f53fac,1087.5045299305482
0xb2c29e311916a346304f83aa44527092d5bd4f0f,1086.3936821607301
0xeb63994165ca5880443116efd27e03d02631bfd7,1085.0049508817617
0x7c524838631c67116a1fc4182b79f7a83eddd6f0,1083.693371115191
0xb9866027c5b95faedc381803aee7040b6cf02ea8,1080.109135161429
0x9d996bf8bb9787e5e089c0b1e9ce7a1eebac9c86,1079.956707950006
0xed8bfa8bdacbbfb12014fe4ae856395b474374b3,1078.9407040813403
0x8a46eb07ed7c3d6f883990d32aad0f8231901a64,1078.8077860112269
0x8b6a6f5b828f086a2a9d8a3150b958e79e91a82f,1078.7045956506483
0x72377e6d40861f15312b7a0fcf63836444e79e75,1078.126353507068
0x7b12d855445073987d45ea97b1af3554f05e4ef4,1078.0874288762375
0x604485c32ed7628f12b1bde85ef6ef717409704b,1077.253677996052
0xc1a27bc33356934249ac05257fc2febb32cc567a,1076.4603558469548
0xa7f6ced0968dc9053b23e1a08291f05270fd5888,1075.1451230255545
0xcb007ccc29b0689f0264519198455e705a41d39b,1075.0420073743649
0x491474fd019dc76ce9e047443b38ea8a32be95a3,1073.3251478490204
0x4b4c4f6c5be388abf43ac6b083829ca7f378cd9c,1072.5162030958386
0xce7e98d4da6ebda6af474ea618c6b175729cd366,1072.353220900412
0x1a5c89153061feb6dbc1c013c90ab4383ae44873,1070.825811100823
0xb8c121239d03c707e4f9b7ae4e08fb301b000011,1069.7457764633089
0x0188ccd6a6f0d8a7cf2596080f0a935263381c65,1068.3280519511034
0xe23874bfa55f95475a9e7fbb677544f920080ca7,1068.2028100986472
0xa49201ee7647f9ae739393557f0b939808a81a70,1066.7296491954362
0x879524affb5fa106396ea87aa3a583936c6c89b2,1066.6476693102343
0xdcf9ed71c5ac1b500cdf94e225898f3b65a83487,1065.742472555
0xebfeb540282bbea9721c4d486f53c609b87f95da,1065.660406169548
0x37827b75e3d5c477420f33bb5f0ef0e802e977c6,1065.360372084886
0xc0b9183c24856de86614a0a601342aa70a587a1a,1065.3460303887584
0x652aaec42f9874058603e8a4862af11b8da3be9b,1064.9048020572307
0x44723dd03fa26c3059455ce4743c52275981b22b,1064.8847844604818
0x80e8e1ae3631ae7b4df8a31151e0a3562449b79f,1061.9903074402787
0x339dbfbd53e83f317bd15db2217d1238f6697569,1061.7752571613496
0xbff4bb25d72306f066182cc7778127f6d449b307,1060.5205252406017
0xa36aea44c324b417e7d28c927ea5838b77e46f2c,1060.2710273476969
0x3b5fd600806cb0192d24575177c81e2abed2919c,1058.603409110357
0xdc5ba09f32b941e052116f3ac5d760f84056ef33,1058.499444956854
0x9dd361cf608bcacdc21effd2273c60afe2df3637,1058.2023222920102
0x592f09589baae2beda7baa271f6f22ee79321ecb,1057.805155507263
0xc37c685cc54b30f3fb8481ce250ffe7d24e9c79c,1057.1539806011529
0x88024f37dae0d7ad7291721b81d8365631285abf,1055.7536435661723
0x6f55d2fe48f4acca494b0b56bf3e5153e426dcad,1053.4365900159776
0x9f6be7293b1b548c1969592a16563fb6570df8d4,1052.951620086582
0x86f518368e0d49d5916e2bd9eb162e9952b7b04d,1052.9199679209544
0x2ca69bdea29a9ce4cf2e82f5e1e2056e24ea5fd9,1052.4270216552109
0x483778fefb36bb9b8669ea8d010058fbee07dde2,1051.381236793319
0x913e5c7198dbfb069afcc38f1682a69c4b8bc9ed,1051.2220670002735
0xab362f15792d37bc3784fd6e3b01fc327a6d7cd0,1050.710212653699
0x617c35c970bf277c5a74be7e85305b8593c692ec,1048.67692869085
0x92e7fa7ae2b4eb7c73dce086b3537b186080e277,1046.6934694793542
0x7a1a9b361cfeb62c599794f708554a80751360a7,1044.665363386709
0xdd475ebcd9c560cdfdea0461615240071fb12077,1044.4707483144089
0xaa6e758afdb93822bd04b10b4f5a3eb54db6467e,1044.2650678962486
0xfe3a254c82b3a228bf9b6474206d60ab4ca960da,1042.8887730978395
0xb4ecce46b8d4e4abfd03c9b806276a6735c9c092,1041.857055708454
0x97c4adc5d28a86f9470c70dd91dc6cc2f20d2d4d,1040.5498124038336
0x73a3e0ebb4deef68aabf8bf245d5f8d97ecff533,1038.2188676781118
0x35a0d9579b1e886702375364fe9c540f97e4517b,1037.2962316329792
0xcde04ce4502a7d74c7f90db1b2f704703e1f9551,1037.2291534386422
0x4b60d7473dd2c2683e43920ce5edf78bca6f8d36,1037.10830862103
0xaff587846a44aa086a6555ff69055d3380fd379a,1035.03376592474
0x3840d56cfe2c80ec2d6555dcda986a0982b0d2db,1031.6797048421306
0x581473efa76e547bb9858b2034590b7716a6d27e,1030.7399312912542
0x5d7634eca0bfadd87cee4baef0cddd81005ea407,1030.3611784981108
0xae7723ce7efa653251ec686c1a01e6899f1974a6,1026.735076050353
0x1d2e8efae9fab4731028d4a90f0cca27e1a57c9f,1026.239970891851
0x88fe877095f533b62dbae8fafe6758f99e005c4b,1025.7898805041682
0xcf40f3e46e10a230d87aa0e11ea08e0beb36d7f7,1025.3822989297576
0x2002d368c670f5db65f732152f8887677933d830,1025.1059976582683
0x8d553f9ca5fe1b749b1e2a5d9999dc2ab59e6ef7,1024.243016613003
0x5abb8449988ae98e5547714c012438e2b17986e0,1024.0799033526926
0x94206f02c5e51cc1f0c0161e2953afa5b1f84b0b,1023.9377695322446
0x4da35f160a16760e038984a92129c7736b896617,1023.2522537742628
0xbc0a6e21529a71553287b061ddf932aa167a5859,1021.9833224609278
0xf5ae38cf614383866274ce6de6cbf8e42474529c,1021.4099414775178
0x4355fc227c007c3042acb20f78934fea9a8763bb,1021.132959359946
0x8933e9b656dac6e42c3dd751abd9d7a237000010,1020.9454409120326
0xf0e4515046933692a109731d2b1534832579c224,1019.6889433350407
0x03e67a3a7775f80e49cc8fe004592c5bc8e2d273,1018.0314772880653
0x6e9a6d43aa3de4a89c95aabec3bbb23634db5ad8,1016.5412856832543
0xb7865fa9d9579fd0e017ef30456b2511bfb5cf6a,1015.8304002567246
0xb39f081d74c2bc99a92cbe9b39d130e2e486220a,1015.4671087951015
0x84ff26b51a559fb3f8aabf55df0ea1dbc5860c66,1011.0833786142525
0x348e519044b71a8deb6ae00b8a7a82fb9c2b2d50,1009.5604745947999
0x613db15184c40d7ed414627aa457bb6c1e32cd7a,1008.7461593320796
0x8d345583c9289d69d4a55797ccadc5a1ea150a44,1004.2151676046587
0x04e78c6d72fd925c39203f21c57db89c2f4d6ce7,1003.50724507764
0x1afd394e66807d164ccdc874d8ea4c4434b71e38,1003.4073418744013
0x702e1c036f6aa1ca0b104c4156920b2463d4b867,1003.1279394509513
0x5b5170e507f2240c56cda97d86deac74e8fc3fa3,1002.2707895445943
0x22a80b289670a5676e0be54ad6514fa601757875,999.8591208372152
0xd8c149e827c926df534fee3845435989769d7715,999.18806228735
0xfe15d70db5f550e7cd2b4bb641641a5001f8964a,999.0031187713647
0xb4a6bbae065fac48731ca1ad256765b019534d96,998.79606228
0x9bd82673c50acb4a3b883d61e070a3c8d9b08e10,997.5455116815094
0xbc22dcb02339374da74b57e34d669ae8c04c9b74,995.8712515101372
0x5f2934c3916645aad4ee039d778437df5c5413c9,994.9096365492956
0xb27fcda9c76e8c9478bd945dfe1d21e8b1674d11,993.3237702198894
0x666138bcbb47a4726af7ce04ddb32ce213284b26,992.9285815323959
0x23d15edceb5b5b3a23347fa425846de80a2e8e5c,991.9747884801301
0xd0fd51b23ece592ca63d4a5cf01017f530d87f44,991.4945055806802
0x3d72d1d57c8f1d17a46c2170872c1118889ff55d,991.4643222278166
0x4f6ae332a29fc557250c15001d31ab54129a1666,991.0933352393146
0x5cd0dba2365c35620d6cb938385a029199a9a293,989.963144365292
0xe0f7ea16608291fa8934a7c5a9e3dedad6af88f9,989.4435015380384
0x46ad345fff4aec9990a4f20e829c50fbf291db0e,989.269715875695
0xd57d35a6cb4f26b06c91db9e7fff84aad6d3d249,989.047084442642
0x76d1b2faec1e0e475a3d17cf14af06c8c867dfb6,988.0379980337791
0x75f89ffbe5c25161cbc7e97c988c9f391eaefaf9,986.8160821019999
0xc38f701969b1c48026ac0dc0da37646cd8707db1,985.0889344256985
0x1b34afb7a908346bd0801f041bd7d08e1d7a93b5,984.0716472191349
0x9d8c5d12b3673f12d1bf4377a12d2866bce13b3f,983.9332536798257
0x5adeef7a2eb081f8d553d8afdc782d6699ff34f5,983.507647870114
0xfe04c284a9725c141cf6de85d7e8452af1b48ab7,982.3208559403422
0x1b6d2264029e9e83106dd5a59c851875db81f0e2,980.5881855311868
0x328cc757bf8332b7dd20d145b89cf63e67d772fb,980.4621142695001
0x35140c0dd79505babcf3c5a1561a2e74d399a58b,979.9320961413158
0x4a885a72c45b2dd9fef6d732b3de7baaf9e5436c,978.0276175558106
0x9e9c74cb888c20b5cc84533c099a2b737eb10034,977.5187849069188
0x969d581a3f7c2b9a90c3ec5f28cbf14b04d27ae4,977.015598019154
0x35a5ca42854f842abf9fb82fd72e526c31971b72,976.98208667
0x4953409dc585f57fc177b158bfb6a1caf0948812,975.5987988671887
0xff1ccd22e42212b1e952aaf075ed79307d5355ed,974.0800540768967
0x0def0d57252ec2c2c7a5d68556297505a8d5205a,973.5644043159874
0xe177b575d628f4c9879fb184f20103a865a3f002,973.4706415199641
0x388331fc6b4acd75478149f09fa41c653a37432d,973.4212481612697
0xbc20a707ebc481cda44ea9f9d9ac0a9eae77f6ab,973.3549289481223
0x59d813c1d0266278e2f5f146c0e222a6cfea83df,973.3495560603504
0x1d520c8f577e57b029132b78f387295046222778,972.4393177496034
0x40a73949b1ca57affe3004273f16e86e067bae38,971.6543696985677
0xd2fdc5f915ceed2b25cc5a2d3f5303db12d33aaa,968.251296804046
0x1e68de78b188fb23f866ae14b4537906685e8728,967.6285009999999
0xd1742b3c4fbb096990c8950fa635aec75b30781a,967.325038215455
0x523189fdb9680c163a1309abb8aa86462d0b8940,966.578062950125
0x1666865f05ceb04ff78fbcc037b7ea3f23109e76,965.6394638157271
0x044721250c0c375ae1679be8af9475190eff5a0c,964.3437568012182
0xa28e765df936b61c463f47c7b27bcc67ff5b09ff,962.8536027862074
0xf2b0092ccdc73d187dcabf503179c49d36426db2,962.7626244557413
0x09c9a1482868c366a81587357b4ef4eb327014cd,961.1748772085821
0x4f0191e50b102ae0b83b28aec44314d9db0a63eb,960.7145073621084
0xe388c2168b8e2f812f370ad958eb7d5cdf129acf,960.2123612316946
0x1986ff16da17da5e5eea7f7aa2b62f403d02da48,959.323529288214
0x3966d1c4227c660703bf2e54060bff661fb28bc6,957.9212448624917
0x7e4df41fa091cec0a9736c1daa047a21b3a55643,957.1125013817534
0x0d03640423ae6d336cccf2e510d84abc1a699c3a,956.8206892903012
0x76f3282e1413a0ae85952d5b413bb61d5fc16110,956.22314697
0x68ab13e336d11c8f0b8fe654034b2141398888b4,955.6862406656061
0x72a65bb3933f8d23cf749d85c03467a59c31077d,955.1050160747088
0x8d01c6e109c3db63f7aa43404157b274cf18ffd8,955.038835843033
0xc9610d8497cb4cefd40b74b9462fbfcedb16a624,954.5812001725756
0x7a9bd205b55ccb1cc1c5b99ff5db87a6e7b2c38b,954.3495682206699
0xbd35130bd84a3f016d1b6af257e0e0544887a42a,954.1881917670277
0x9301101d3cd97d9116ab143ec4191d1c92137444,953.0758227927012
0x5b2f0e86fd578ef7a82a774adc7f7918f3b25e2f,952.8588685263385
0xa5dfd1546a370b21fc630c37f77f486be2a04979,952.7086848800934
0x846bf63fbf02dee2b4c33704045718aca187e998,952.0587221306857
0x0ee8e3eb54633dd1689a75d168e5adcd96c0992b,951.497015487666
0x74e818d7b8bad62a002cb6c4b1cdd877246ead20,950.5272369666744
0x4beea6ed46d1ce36494b28afa3ec5d4fded29c1c,947.7430591775326
0x1ca88d8218043db61376bf173170ab6ae320726a,947.2309470219548
0x20c009ac5ce819652f2332c9c62f27f41b8de320,947.0169632413048
0x33df8c88bd6784767a574ad48e913ac6ec6ca4d0,946.5887513231181
0x5ace46d1aedecfcdf1d719cf79816a2ee00dade2,946.3217508218248
0xa0b57dac8092eeb78c822b7c1479a34619b32cba,943.9688600555414
0xcf2a89daf64993ba8be7bfbdddc5ea2cca9e187e,943.8393571584237
0xa3a36d2ef8a91c344abf2c9a149decd0fea79188,943.1781000000001
0x01f4916850f37d262108a31aa7e1367441eba344,942.9418575759216
0x5f6719e5e0213c14eb8a9ab82b2747386243ddfd,940.550786000794
0x3611b82c7b13e72b26eb0e9be0613bee7a45ac7c,939.3345405921706
0xdb5e5060e2a3c5b4faf639b533df97cb7e1f5a8a,938.291887817516
0x4521228ba91e30db5ed31fd7106cc29c0092da6a,938.2273346417326
0x3f7cfeae654524fb29443a25424f35ab96247e6b,934.6796040038485
0x104e7642ea8f791b747c672aa8e5ebe92f88f3b1,933.394381010758
0x45aac5de7b830b2f29669f77a66e3b48486c2e32,931.9849952668019
0x11e909d9750b649ba6df0e2216c367e05bbc4d41,931.7999196726844
0x72de3672b7a5b5c5e768a34ed528cd1f7dbdd009,931.1894839788006
0xe6da0cbaedc5e1d0490ec2cda283b8d7f007319e,930.7690371719718
0x14243ea6bb3d64c8d54a1f47b077e23394d6528a,930.1155558101293
0xde092e1af0d7602ecae674e031d9884b7fb923fc,929.7415717645105
0x5cdb1f3289a1f4c769580699c048c3a1f3d32f17,928.9593555148571
0x83a5f5bdc1c6bc32bdd17ed75a69652002e7cac6,928.631784189728
0x54dcb751a27cc56950a8594f1e03b8fa97fb3e55,928.3098963117161
0xe4b916134e9c61234f66913dbab2a80b6dda7322,928.2746715318259
0xa06b80e8912d94bfa4a5772c05d96c638435d15d,928.0619795843596
0x0a7df0c8f4e7fce7b5a98508592a7c1ae24bd148,925.9074400133807
0xd3bf46376bc1f497020e2ed58e1e62f940a09fad,925.2724437081108
0x499dfc4d7d41918c1bfa957a0e623429b6781a6f,923.2399918126389
0x066b2b559ecf68ff65558993a9c9fea12ccb3a0e,921.1373016994394
0x096501097213216a36f33b3d7e0ff4c2e0347a64,920.0977348671704
0xbe38a889d67467b665e30e20ee5604a6f5696e38,919.8965333442499
0x7bd1244214d0299a103953e79dd5d69df6445d74,919.690996
0xdd97fce8441dabf221b330269750b18ba82b0cd6,918.5172995906919
0x5a94174992634c05c9dce6b0edb9fecabd51773d,918.1807514767941
0x089fe56804d1c0cb15aa854b751057604675ea91,918.0270069816708
0x22f3f9f69ee34edb22f5a2b03851f9f7ee01361b,917.7635782036035
0xd3dd65f0d1ebe69e727db34fa3a25b4fd5abf978,917.3626913695134
0x6f81427d641f865a3a4050ec220474b65599d543,916.9381095900209
0xbeee0a0db36e19326b40496bbe3671c365d7cd08,915.0496985137773
0x05b4285b0634de1c3e72fa3ff8d54da6fdd031d8,914.8794810176014
0x9b17d1b826bdc8b146e0fd3f1d6a1e7795ec2cb8,913.3922777273716
0x84a5e00e7087bcd3695064ee102d0ffe809ab264,913.1247914121416
0x38a84eb0b29b6a493c1be38ef63736d5bb24d221,912.1291254182607
0xf3e996148839df04153c70865cff12559fd3fad1,911.7252644274424
0xdce9cde0ccc3493eb6626466d490fa75aa29f23e,911.6305242299104
0x746ef017b78f8e4155abd1840ee56e2eabe8bdff,911.3014384268799
0x2829e0cf7f7f78363ad4962b4d2e1352e756fd45,910.9201970456351
0x63dcee5d0c15fb2b52c3c4f41f84460a7b14201c,910.2416201629369
0x8bcbef0eed1806addaec7a0faf5f3eaaa619128a,909.8423744395693
0xcdb4e35b235845ae8d0c27f77cd8176ddfc26965,909.2127582291862
0x0b248621e4b64ea4b62b20cd8c641ba5c9e1d243,908.122052361624
0x8a44e0bf8ae224488fe3770238f8e5026080be10,907.4179112051934
0x6e68fae720d991c6706cb8b618d0ee8941845896,906.1957397131698
0xca4ed4e0f45264b853df6a3786962e23204b0a10,904.7009556714402
0x416e29355a5ab4dcd983505cad3a181d17e8dcbb,903.3745499811243
0x8e56f0264f64174412a91169f0f0d71fe92fd288,903.185953949258
0x1a96946d4a6d9aef983c9bf7e2d2c67e317ed243,903.1850975118109
0x460b1cfb76a34d51f8ca8886371ef78e3f2b6b84,903.0155697606729
0x0c5bcc403ad2471b16e9364741c6498abb9856d9,902.6947246089248
0x46d9d96daf22ffa3ab7ea5480edf5695364a98ab,902.4963201151106
0x5859ebe6fd3bbc6bd646b73a5dbb09a5d7b6e7b7,901.4655007602862
0xacccc0191fbd8994119887c306d4c36ff96f5729,900.7061306419613
0xfe20879ca220daca3b026b43b3680342bf4a2849,900.4352933920288
0x706dcb5e9cb7027d8b0c61f7fa144e65d575064a,899.0106738721599
0x15c5ae1d6a60754284f11198d0a0da9d169c2331,897.7520416291128
0xb6471bd5c1a38ddd623b4f3c9ae39a1531dc7afa,897.016708229241
0x56fdb1a3e9ad1630061ac7ee60dd75ba78307036,895.3893336473532
0x4bcf8329a3f2f368c4e1aa57e9bb9e84543df795,894.7643974964136
0x0750c0cb25de8df6c67280ba90cfdf5283dd9a24,894.6854545803593
0x07d5695a24904cc1b6e3bd57cc7780b90618e3c4,894.2577727900994
0xb477e4993bfeaa0f5d01d356355828431a3c5a00,894.0650405819272
0x28246a0df52d6833c9a009c138e1c6b484239c1c,893.1483698018109
0x14c991d8aa5a97574d30a947f1a08f5d20395ecf,892.1807415047509
0xbc132980cacae562be5372a2400cc91f505361b7,892.0966483894305
0x7902bd0aa8741b9e73b5c836cafed629b7fae270,891.7838974490844
0xb003df4b243f938132e8cadbeb237abc5a889fb4,890.0997960588495
0x8759f1dc524f1305cbdfa1025d08eeb6c1158186,888.3043619838708
0x311c9db4bc5b30e940b21ca42db6c793f43137e3,888.1946662388053
0xe385c3baa3db3ba40e76a11cc646f13727b1561a,888.1758167351858
0x73ae4f49c266f6f09f72e150d9f48e25594c40ba,887.745
0x7d393440c0895e69f164b7aea601a0de02060032,887.6435720613673
0xee7496f74127188caefbca966b8763213adfd74f,887.2375972619883
0x014ccc9ed604869b7db61d1ba58ddd99f2d59937,886.9764778306685
0x2dc9050d9873f50526e467e983d435e6d8d9afb0,886.5874603648783
0x6a2dbabc161411967cccd6800359ecca53d946d1,885.3034152833868
0x5a254c6dc457f9ccf4b19a3b847dfbe3c85e892f,883.7283816857407
0xf362dc4bb0d5bfef95d65434a7168b8ae056d8d6,883.65483911019
0x6664c1b08dbf33caff11c3c1dc67c54c9a5fe3b3,883.3461002202413
0xb79323dded09eabae6366ce11c51ec53b3fcd57e,882.5111594546847
0xc96b335567bf88fcf2a57f4b5e145e02bcc58922,882.2846065102297
0xb1a7cb7a049e63c46daa92dec5ba3f3ea67a1942,881.6475478509822
0xf8d99cf7046dedcb1dc8cfc309aa96946c9b9db2,881.3820412714531
0xfd3691f0e5446ca4ab0ccc13ef6109fc8f9c8201,881.0152293917499
0xb52c04b7ccfa58797ba43609276245a696120957,880.2728285106434
0xa50fb59346c83730602874b6f25a59939a949cf4,880.049435062164
0x0599282297a15ca86a10dabfc2bd5781f610e246,879.7965987085631
0xe2ca82f662fd7eadec92541af83456bae88dc166,879.3635692459986
0xb1b13179f4fb5b822e66bd776342e62e7a72868e,879.085623128106
0x27dbabcc58f25063526fa414c5f852b3b505cf76,879.0775925687633
0x8d9cfcc40415d3340eec2244df8a87dda621e9f1,878.881851428942
0x5a67358446eed56f222eebc36d97e9fff9437cc1,877.8866449999999
0xa77da6cdbbc5418e7b40f3d2efffca64d6581f2e,877.0771368579769
0xfae8efac55bc5294cd85654d68c086da1caf530f,874.6147361736917
0xd8a1434206679e213227852e6bc438315d19533a,873.113253890108
0xf058025c9c6b0a2318ec203062cd78bd4e538a6d,873.1109129277717
0x54bcf4948e32a8706c286416e3ced37284f17fc9,873.0335995589539
0xa4fab57e94c8d84c258f7cacd56af7f66c36c9c4,871.9424844958
0x2aba1b3f8fd9e1ffacb48d5076e16d9559065058,870.5791743599434
0xb670373863ce64f040b7c10bee79c40ce12cacba,870.3834916929983
0x5dfcac01fbf76eb03e8a7ea8ccd2455eccf6ae44,870.297965312004
0xe859041c9c6d70177f83de991b9d757e13cea26e,869.9141876106945
0x13199059e99af51b1dd4419ac69c7633ce90424e,869.7908250817029
0xc93579a943a49a96c8c5c3c559e06cb0e86f4030,869.4448829142706
0xf626312f39df3827639c66e55711da7a4bc64e7f,869.0907009230124
0x5104846dc1c3c7697b856dc69e350ae4dcc47e24,869.0855267716258
0xc5ac83f187c0da241b50f5a1510f7761ccac9b6a,868.4738256761964
0x73d8bd54f7cf5fab43fe4ef40a62d390644946db,867.997624181328
0x75311ee016c82e7770e4aca73a0d142f96ddb969,867.6304981569062
0xa30dee928425b1c7974a2d140e19365ec1b974a5,867.4370514393556
0x09917be7b85a0428f66e450643b57b497481c40d,866.210835470828
0xd6c9a7251d41205b493fbae35d3340bceb05017c,865.9545082426228
0x15523305289969a36f41baa6070039974406c105,865.8289551772177
0x1d0f3c580378daf7c66c090e098819f633e04880,865.4446158540724
0xb60761e31a9feaca605b07eadc9a27133a4c2550,864.9457195857087
0x4328a76c5b7ead4fa4da895c99d0aa9627c35cb5,864.1253026345127
0x69c2f87eba39a405c7053bc13a54d5b66a1728f0,863.0016463424424
0xf4b93dc6d385d569de8e976cdcd960d19289b389,861.6173063673261
0x0a15b638b313b8e3077e8e5d496e7be653a4d691,861.1696010026367
0x5cb50016c030b9015c5df3b8de9542a6981b18b2,860.6518240166777
0x27fa67302c513f5512bbfa5065800c2d7b3871f4,859.6915025648657
0xcbca43d607671241acb7e7721434aaf0228f6c03,858.929604689517
0x1b57a87396b0ca844f69f65b8173f341992c403e,858.467654304289
0x2fec72b2be961af550db882e65ad0ddfb9a6021d,858.2610654336074
0x004efeca2bdf918e61669d5ca356211463378f81,855.3472907304441
0xfdfdce8007a7f29b99df90f958cc12dbac7abd30,855.0183526652008
0x209f776b0ac77038caa1fbd97723df0e425a58db,854.8301843836015
0x59c1349bc6f28a427e78ddb6130ec669c2f39b48,854.5314166834469
0xdae40cb431f697c4e8e73745cbedc1a42371da77,854.4071540650525
0xd05aad27e01e0011fc7dbdaded27240176194063,854.1259946046597
0xf06485bd918d091868a8a7d9ad79507b048acdc8,854.0906541290175
0xdaddad6629d28c1a5b9e3edf7b0d719a83082b71,853.7230897372792
0x5514c65410bff5ae1a72e2ed4989a3263405a080,853.620735336299
0x69aa90c6cd099bf383bd9a0ac29e61bbcbf3b8d9,853.4857481787897
0x69420a842c1769789ffa0d62ddb44036a304f3dd,853.1442834741254
0x8ebf6b73b9c44d7a7218fb82a2b4225f0f76e716,852.9326056782769
0xe3efc2ef1242f16e10a4760028141fc0fb548bf8,852.779906878457
0x5cf540dbe07bf6ee67b579c3da266af0f9282103,852.3365599005358
0xee940dcc8c69201cea5c5c77d71734d8fe703f2b,851.7937879054344
0x6c2b8b3f7a909531c4c55ca6a0a7c3ab65e8d94a,850.0257776293388
0xca381d4a66c561467a602f0a4775ef9b1dc1ea9a,848.47840287
0xbf1b5753a704b49cff8bc6320d7505aa37a35192,847.8712763175365
0x26e2f8b54926b912453ae5098bdf4c9e1fde537d,847.6090989325642
0x6368172f9df8ff70ac7e2fc6b30cb964158d0090,846.2994865881329
0x356ffe9a7710b3ea79bcc1b01ecf4e5c856f95b5,846.155264203828
0x44634ce3b7e5ecccdc0b3f6475426258ed053261,846.0489803067655
0x5bc7ee33e127f981d9e47c7774a54e7321ce2893,845.3012887483335
0xbad7e520d7515158003438ddd724342ba7861c23,844.4314972792646
0x5598931bfbb43eec686fa4b5b92b5152ebadc2f6,837.1275089783119
0x663901c2590893fdce43c128d20603a9b69a053d,835.7891639945901
0x64249f361757bddaaa4145380afd47615330c79b,835.315572
0x8455c82dcd5fc32adf082c1ad9bbdb7333c690d8,834.2410362729127
0xd6899675ee7a34df0fec1f997499e4080f337423,833.6722566045512
0xf29fd626e733acdff75c11e93cfa4f47f9479bd0,832.0442384948765
0xa8d79959e83e574168405752b77ff17a562241ce,832.0039250589235
0xa1f447b28d4e12bcd4827946ae5e23ffe81134c7,831.2578941301646
0xddf33339f86ccd48ffed72b0f22c6e9669b1e2ab,830.5990849776707
0xf1976b71fde78bd211fe47c76484968faa6d6c62,830.3523453485097
0x35148590bab02fb05ad0c60dc8d735425277330b,829.0172514478973
0xc05cff7514307f580ee94554f39120d32d96b4f2,828.7957537321065
0xc79faeed130816b38e5996b79b1b3b6568cc599f,827.7384609266601
0x8f6051dfd3d56b3710d5f0ebbdc176e3e802d2f3,827.438846437034
0x60a6b23a7a87c5ce9e3f81c869691f784b18a704,827.3729952633771
0xd01e49b8da4d0b006ff2927264a7c2fcb0f3ef63,826.6652716190441
0x7d8cbc4b88777f373c62dc1bfa83c7ac74e0d06f,826.4192852821761
0x0104109f419e644104b7cefd0ad5c45037ee00f7,826.4111324780578
0x659491baebba62e72d4e16d9743ade089ce6da78,825.368888834403
0xdb9cd2f59b930ce823d8b071ba8f2174b59194b5,825.2560489311973
0x0f7ff0a74c07acbb9ff0a8a57ea5b594b2e50d38,825.1225411660639
0xb457fcd59cbe5cb116d1f649fa0f921b42557aef,824.7680987893384
0xa0166eb86a0e8507a7d480bf15ced8788dcd2746,824.5943362639032
0xbc7ce7b6b5437d7d715fbb1cc7b4ec12399c5516,824.387825718233
0x42eac65b1caa73e9d06584708ef2c0642b9ac559,823.712476056158
0xaa4182fcabf3271587f1061444e3d21b8b2e9493,823.5570400827826
0xe6b5a31f52b4cde4f9ec7d00d8e338c4885fc657,822.4532358278816
0xa2fdb3d432a6e6a6cb37ecd81e330251df1bf3bc,822.3956782865706
0x46b2c1592bcdcb62e2aec0c4f4908232db98b39a,820.546974435531
0xd543975c6eb81faad89e1fb6e5340666f468066f,820.5093539832469
0xe6dd458b9931e19d1425bf97efbcca867bae9b91,820.1253756842154
0x225de190f2190e6ed400578c5e44f56961a919ee,819.8402086050654
0x8ff81cb36a3db0f7cef3db92f80691371820bd46,817.8248122237426
0x03c587e12b8f0184ef88701773fd63788b127678,815.2638400648212
0xe15e6583425700993bd08f51bf6e7b73cd5da91b,814.9250299934785
0x2253dcccb6db0522d84709d0f1d171f138b95652,814.63427
0x6186e141097f864c01b15a16da54cb7cd9889951,812.579952714251
0xa8ac466718c5f0b7fb21d389affe4ea4148cb00e,812.0324310000001
0x163f71394aa8b7c4e4fd58c692078e09abd20873,811.7405803456556
0x881e1bd47e50a3ad8e4bb8668f726a87ce31db86,811.4233320948223
0xf5d2c4209452c567705fe7dcc93ddcf61a63a100,810.698692889973
0x658945ffda180d43fb6fdd8b1b2385aeed7a2618,810.2566966876495
0xb9f4c36a7e8e7fe5d0aadbe05cbc77ac04c08f9e,809.9676247991118
0xf93f1a88fc3c99431599d16fbfd35a9299a70dd6,809.2280431035462
0xaf749b8e5e0330cc8805cd0429d3a7736b128452,808.47144609924
0x7c27c21f73f1e6473c4ed756c58559b887b2c6e2,806.3447613191776
0x5b5d7577e38e23a3c071f1c0f9fd215b87998f81,805.1363047987752
0x3c48937ee028048e2ec25feb760f457b1d1c2f4f,804.2639222448523
0xd7dcb0eb6aab643b85ba74cf9997c840fe32e695,803.5829138402281
0x97eed004224b6c68b6752d89207cab28c8fbd09e,803.4060675009177
0x5145755c0535198eec1642dc0cc96225fb28263d,802.5621487720043
0xcd6f65a972551ffac9b52fa2d4a561d9b7ab4741,801.299440346551
0x662511a91734aea8b06ef770d6ed51cc539772d0,800.122893724736
0xac654b404b872f83afd150a8b0a9d03f1e5097b6,799.0721407657281
0xea1db4e1596a3d754eb9fbf68e65d4f41cad16ae,795.5900037766415
0x7b3403ec5a1ca8791b0aa358dd8a6efe5efea7f5,795.1219089044231
0x2cbe315056605722d9c2c422110fa24e2f222d57,793.6890458306963
0x0e914bf7176f9608fdba21947e4bcebec12024a8,792.7319823598402
0xad5971c051470f162f450c643c0c0f4257d5d894,791.0614971056705
0x8099ab5cf36bd0a9a8476f9d12f7fdc0c79ed803,790.7675528841114
0xb5fa7edfd5e3c27480763a066c2fa6b12fce24e8,789.9018082380042
0xa6d6bdb66131b45c61a54d47f096ec036428fc0d,788.9493212803178
0x9afdc6c1a3ac25adbde4f637a3e3fd38096f0851,788.7851916958907
0x4674abc5796e1334b5075326b39b748bee9eaa34,787.4497623233713
0x43aac6993a7add8ec5addb29d2152458c4a8d467,787.2976165771703
0x0c73f700dc7eead3f62e81fdbacf71205117beb1,785.1462037450832
0xb89260ad0fe47276aea852492704fe1a78de9e3e,785.0907265920879
0x0cf42a533f1e4e41bc91239ab72258d7198644a6,784.4478997461013
0x531b6a4b3f962208ea8ed5268c642c84bb29be0b,783.5115939649128
0x14167b77c5bc79c16bb4493830b2fbb74f503665,783.4202979259679
0x3960f775bd595c167a7a42ad98f504ab3d22034c,778.986130410816
0xe9bde8cdd4a9e11f4523107bdb4a6e55742dc4dc,778.7745793050228
0x9b2e3660407ccd46dd7b74141f56cc27178d6657,777.6361580545811
0xeb5c182c42cce1a4ae09884e022ec99918b76267,776.1393526446433
0xf90321d0ecad58ab2b0c8c79db8aaeeefa023578,775.3828707022719
0x57fe42cd06eeef387fb4bc335ff4445f021de112,774.2203133486685
0x484dcf85bc5f005e5628a85c7dde5c846b9b64a7,774.044257623648
0x807fdbcb54dc5d01b99a5aa7fce883a759d27cbe,773.390950942062
0x20313835da2cc11c2de0f19b41897f08fc310bad,771.5532802100483
0x3ea9b4b799a06f3698c981942176cca0ec58548d,770.6248892247962
0xab057e32df8d7dcb6355494f36e20135d65760de,770.4963817388755
0x087209c5dccde18d925de55b27f6054d08c30511,769.2984093440493
0x3aaf77ba7da262e34dffb9b10fc6777bfda79ab7,768.9360130584436
0xd420d5f24225702a68ddf21242d5eef816dc2e6d,768.6196907893817
0x4eefe02fce5b53ca33c7717bbd8ad3c9cb0609f1,768.2224753836415
0x004929b40052936a593983c13d44c6176c429aa5,768.0102841883507
0x454954e9afc59fad90ae04068691304d2f5e249f,767.4044309472146
0x60914a03effbbcaf8f33d13d3dd51bd7b5d31f15,766.5415434729681
0x7b2024d6863519147af84dd30ab263bd0ba83fbc,766.0871379270249
0x642789897f22c2b5ad40250c950a64e1b18963c0,765.666019863712
0xaafac42f553bbf80862fce24dac292eec5173f72,763.835010036894
0xa5e79baee540f000ef6f23d067cd3ac22c7d9fe6,762.3600521011414
0xe500f5e56d06c576c76873995e0d9f6c137dc7fa,762.1789229830644
0xb79ac483846930b6da41408d3326bd3c2b7f6f59,761.3566718066866
0x4293da1617ec94107fa6675b2eeb38a8c66101a0,760.5215036647089
0x88f7c486be779a19606089ac6a1a450c2a41e89e,759.692316667744
0xce3d113e8e5bffc957e860d68feb02acca0ac2a7,759.6881598607029
0x4215fdbe7255f0764c600a6ca54a26de47801ff2,759.2685074353717
0xfd9834176cb8bbbb1f1906a455b9a0922d1ae8dd,758.8566315313826
0x45927ed1634aa59b760165114d9db1099033e07b,758.664577511098
0xda6e94f03e9d7f3030a19b122e736d3444f6f31f,758.0269098966305
0x1eec7cac9550f8149d04e833412cbbe77173d6c5,757.1989862583791
0xcba118491872aac78aa84562686901fe7461a9dd,756.5901861883732
0xe39da2a8070b93ac3e131a465169018617e6a837,756.4234138949324
0x5d154b5372cbcb665bce5e92e95cf4a7a53bc06a,756.3728519995104
0x7f9f1b7afb0d64a84ba017a827ac62fd072578c6,755.869286291469
0xfa2b62c142aaedf0c18cc356499d2f460406b82e,755.7492552577429
0xfbd7d207405ffd84a3d2854c2e6b595fa9c4fe23,755.5484985827735
0xbd6607f7d39651deaa114163dbd95efa793ef850,754.7259175497207
0x0618232cc403b3d50e49bc17e096735ba47f8927,753.9051005196602
0x600df70b8ea92935e0547e494d8958c98c8f2fb1,753.2346565526758
0x513dbd75ced7527bf18624855a71afd4966852f1,753.0860391886258
0x75462e4f18e7ce19dcc45d3a612a09627eb6c1be,752.770789514998
0xc494a52992d09bec2255de11cd07dd9fc19a8973,752.2687253283644
0xf0f9446050cea795cc16ff3d7e3e20e1e744aaca,752.1020251350299
0xe83b9a1305d36dbec04a8f2213b267c1d3ccc308,752.0320860489708
0x5c864b4441e30b4f7aeaf7eeb981c513cbe1b9cb,751.4531507853383
0x263a5ab2a65962761506821dd4219d54e1325266,751.2253261315202
0x915ac869ff6dc368d84203d9ee9c767eb63e5572,750.639307479745
0x696e167778e6a6bb17ba15f16b1414ae7bc9e4de,749.8271874045529
0xf903e564deab2d0c07de1e01f4a73308699fe819,749.0167826245518
0x0244874ed84be27ec4137d0633e91c5dc1cd0c8a,748.8273030288998
0x4895aa1e134d8cd028d2eceaf12cd0d9a2db1c0f,748.7689650757613
0x959df185e2fd957e11b6244d6cd373bb1df00fed,748.3997416006223
0x84cd80a56a2d121fb73b37487e2b06b9ac48edda,748.2080852754175
0x53c619a7c6028fcad77ef10205722028e96651b0,747.4051434871184
0xaf3945c43bca88d15d53444d95083851af7dfd08,747.4010875627961
0x222a15fc645c4a2a383946538edb5f669fd1a89c,747.3785496525006
0xe7c6ebdf45f6e7a7f9b62b5c6ffee76c0ec87f1e,746.7977387094388
0xd66aaee5d080dc8f24b161041d484b7cdf9827c7,746.5957817613954
0x6b4b38cbd7e2c99ce91806cf6abbd0b1917e70e0,745.7921602140981
0xf8937dc1ca081161527c0bc1eb6379420195c894,745.4373461309435
0x6b8709cf4495d6a2318442422d51a9b97da07bb3,745.3225
0x2d34cdb56d670dbcccc05b816567562cf5a7b65e,745.0936393582447
0x17226dfcf716361fe29adfc2fcac7d66494f5c9c,744.9902153310848
0x904304fa84848a886a2e8c9d5c691ceeb42724d3,744.2219561460342
0x9e64d29bf1c28a0a711c0e1471805f75193709ce,744.1899395889724
0xc5c134a1f112efa96003f8559dba6fac0ba77692,743.7461214632683
0x9396c357befc79abfef7f229a3bd8dd0ae8e6bfd,743.4178753572818
0x0bdcd295bccfa818f35d87358a32222d96718d06,743.3913255299651
0xd920a4bda8ecf4ac06ea2897f9a5a38a55e9ac6e,743.0448577300549
0x6d41bbad837381ede6e57ede56744d27bbf52103,742.594365761021
0x7a95746ae9c21be32b60050b95e06b4c4f8c899d,742.026902484525
0x77ce1bee27ff94a16fb60d908369f09c4d12581f,741.7990529530284
0xc1f44ce69b40c4309b3552cb4fa985a7352e48d7,741.2606254916749
0x4c54fac85253b5491f4998224865c51261fb1354,741.0053798399988
0xd34c8dd8718e1989481d96b9f1963ed0b585d853,740.8233340264837
0xc0c411bb7e9c213510354cf53315a3d49d28822f,740.2133392182693
0xd56bf2ddda6bfca82e29f5a37849d13489a32c76,740.0236002049865
0x2240ed89545017fa904aacb57d8dbcba2f894207,740.023035549293
0xb0f4a77bde7fee134265307c5cc19abff0ba409b,739.4360689351292
0xd2e89c0ec6c370941ebd92112355222e058c2667,739.422923945719
0xbe8cdb3fcb3b2a4bd89a33bb0b291074b4d6d9a8,739.325737863378
0xbbe81c7c9fa2b43118c3fc8b32a2bbc54939437e,738.6341269409991
0xb1adf386722d0df583ea3a83ca97fbc98528a6d2,737.8469411827701
0xaa64209b0763ba20a1f2ad33ffca0ddfc190fb4e,737.6371069025611
0x3965601bbca5bea4fa9d9834aacc357f8471d693,737.1286946765231
0xff35e78750c2c42f9c2303ffbed4336ab469fb0b,737.0613597089576
0xb5667233194805e6972b16e815047c9c086dae4c,736.9420656133593
0x45cffe6dfdac21626389b7a184ccd0ac604a72b5,736.6258018363384
0x3b7c48cd1d15141a2e305b0208d8dc5331190827,736.277375616013
0x065b6f33021469a62ba0046aadd635aafcef5748,736.2468432189595
0xbabe4490da9bcf0bbf062c40112aea2109d6ba7f,735.5661592812376
0x003095073f10fc2be4d7bcd6228077c2c3d1446f,735.4949820581909
0x34e819096f32580e8548ae8f4101ffa695cb8726,735.314671042753
0x69562fb020b25826cd5f5c5e169a973307d232ac,735.2043085031798
0xdc344c03af299c6bd5a2d27781bc8b1aefa09187,734.8633593349649
0xccac4201c2f9a7709c48bc923c47ba580015c0cc,734.7141722468334
0x41c7ef925805905fb4e2fda9408d47cfe736575a,733.9349394496687
0xfff475e8fde7380a9a29a6441b832353337b094e,733.7476442284951
0xee597f571c65c5abfa56a8128c4b7bb7fb31ebc6,733.429137052686
0x7d96439bad22856f4243b306b08fdbc30897fa9d,733.1572769901185
0x9606d9a796b7c168faaff9713b1dee0b0b71ea16,732.9946706200719
0xe8a5b89ecd8f294aae3e0bf4de4a632b347df606,732.3811782466162
0x6e1238a492fb4b66ead140c9eb88df5d13d452be,732.360347093622
0x591303629323cd1b5ec44805644c7697bfea92f0,732.1051251866563
0xa9e66c1670dec8f5d93e2a711c03d52c26e0deac,731.6066366519364
0x161362f161526bb49ba0b51352d21ef90feadb28,730.8998274959241
0x9551861fce5cebe11a0a6c721a90049b3387b653,730.8336456925333
0x6dd212d0d87949faffa3a189d290c8f51b0dd295,730.245359319681
0x62edb031d5f48fa7414ca0cd8bd05be2855d73c7,730.0621989078907
0x7fe6c3cc42b67f3ebad919b372ae677c065be819,729.2922898898794
0x8b511cb316f9a36c15fd42ab63d8ff8b022b3b15,728.5242641000312
0xbf60563fbe80e71edcad64957dc8370a94b221cd,728.5239122821273
0x0cfb06414c6d9790bc661230dba0b24060808bf4,728.109058073586
0x55cebd427f6d80d3a5b6c43c17824181e5c05253,727.7570597793967
0xc259320ce9efd18187ba6cd39d1fb44bbfef7e2d,726.615226796591
0x9e588733b77abd51879f391fce7beb6a1de7bdbd,726.3419052549586
0x51b3832e54406e6653644a7b8497c9826eca400a,723.9478295597136
0x2f9f0f0786c0b478119acfc3d28bd15225fbd253,723.0694948079786
0x3364f7925b3e499ec45f6a0c6f744912fb7394cf,722.9000018899409
0x315fbb032a9368fbdc4388df9f20d0e973c0e237,722.6627824065356
0xa38555f352c4e3c0235b8ad2a29bca1cdca6dee9,722.4670716322573
0x2fe04156a0b47a8eb6298eea6a0e00fe47cb9b3b,722.0873051937203
0x20c42d3513e9e7fafff82173aa5327f02d5163e3,721.599021397445
0x2a216495584e406c39582d3ee583aeda937beba6,721.4912448917339
0x78251428feabb407de8a76559729ec50395e5007,718.5087062786737
0x6082f1c9e2bfcff5a64496dae0c2c148ecb34dd1,717.67170874442
0xbc10275a438a1b8da83088f23e40dd8b1fea14ff,717.5422172466428
0xa647349403d06f754d170123ce8ede7b4beed6a4,716.8422272315163
0x4ee5a4aeb774a9063a263b34bcec1e1ab18771fc,716.7811091862545
0x7f8f7dd53d1f3ac1052565e3ff451d7fe666a311,716.1339313334339
0x1e99bdbfa5f17b771efb303e5d63cbf251f89c25,715.755
0xa37c71641cb98b4f30cbbe8dbc630687e13945e5,715.5142207162212
0x7ee2ee8e1ba4a109fcf8fb741a7fc0d037a1b7ea,715.0949059112753
0x44437eec406a881282bc5d27df4070419f9847e9,714.0892460146133
0x0b07188b12e3bba6a680e553e23c4079e98a034b,713.43141970145
0xd845acdeb03fb3295e7735c232c588efc441d903,713.0837075035356
0x6d9ffb46a4b6cb8c8e18e0dc731ef5950f135e20,713.08285776
0xa424817985051ccda51eff2dc7998b5d68079215,712.9919975602018
0xf2349cf1b660ecf942b5ade9a9d02768b0664975,712.2188519609153
0x856b93e22127e6b76b79573bf95a93b4c88cb745,712.122004363086
0x6f0c491f22c959d2280ed7f020fe1cd41bc285f8,712.0439110197333
0xe48ce286ff58393d64b2a60842d31eecb6a2d7e7,711.248166029648
0x805e4e1d6e6d93bac9ef91ce8d066fcb045984b7,710.4978249389051
0xc0500cfc93de50c4be0739d924d4e006786f6690,710.1544522821318
0x833998f17fb8d6b99ed79f44a010ac3cd4ae047f,709.8580578140289
0x90b19bf2e6c09b7421b4dc193e11bd9f3619ac1c,709.5676493774288
0x419532359baf8fd876e5dafbdfe56305ffbba1b4,708.1610065804421
0xf743ace0dd18b26ef95988486315dd7a39b07035,707.713349090888
0x139c31c5ef9c4f6dbb543d8ec94f67f163d405f3,707.3724927245535
0x6d59b6c2058114f16e2ed839a92d89a91271474a,707.0855027943436
0x9c89c2750b91270c77cd88f21815985e6754729b,706.834614151683
0x544724c63378239b67a479230b26d7c7527ad55b,706.833157488781
0x98363e48ab047cf88b22e6524917e6b6e55d4fa0,706.7504763015728
0x3cfe0301ade738634ce61388f6524cf8c485f46c,705.6340850304971
0x0e59f2cfda2bb2e7fee10278dd2016a2e4311d72,705.377837424941
0x47eb32dd0b4ebf064e89326f3b6e8b2323844005,704.2444564755372
0x97f088b0175a7319059d8e705286aa035077d624,702.1238712993259
0xe8846b27988ff52c371d5bd27bf8dba4097c93d2,701.3482494696785
0xec649b868fec4a8155592377868005827c16bded,700.5444854834716
0x7af54337b42a4fb7295b7f29c72c983fbd02d258,700.3160247947474
0x39e2186a0505b0ea668017e6979398f3138c2473,699.7739610381054
0x12d4444f96c644385d8ab355f6ddf801315b6254,699.7054651218562
0x344a515077525a05a9c702f9f6c475ef14a35466,697.3134315458645
0x72c0b7a76fad6e91fee4be2b622b873d1ab61a31,696.68001504287
0xc49c43dd2585cf6313840825ce40ea1983af3f5c,694.9053659150101
0x608dadd4b1673a651a4cd35729fc657e76a1f9e6,694.6839403789412
0x356d446751bcccc15bad2c972654f8816136e73f,694.5909677346383
0xdce5dcc0c7eff493fbe1fba9d424eac26f835aed,694.5871808551223
0x39ddf1f9b5a58913d8bb809c1b82f752594b8da1,694.4647144341056
0x6d250659cdbf477f64193db6eb5bb15391a1af55,693.828928885716
0x54228fc560b887b401dd6c3eca4f92eaad9e7a3f,693.276570261336
0x4990edd2fa1b78f341dcd7a051129b68597902be,692.4306275999764
0x4dd6a783394dddba2ff46f77c903e48da04f073e,692.3282541073269
0x9004d8ad6bf2dc58b829a87b788d35697eebfec7,691.924254813931
0x574bb78b7026c788e4452b54a0d1c2e75b3e1c10,691.8441128736829
0xe4fa6e0290d00482435e56045d32ed18adf465c1,691.8186345300278
0x35cc12b35c5b1a17fcc98f2c39febea8719cf778,691.3031976344189
0xd5ad5ec825cac700d7deafe3102dc2b6da6d195d,691.1610393169917
0x523a36ad73c402e456f49b04f0fe8eba5a8c85cd,690.7878458260208
0xcd4391c8a8a6b1bf2518a0b90e3dea212cbc2a75,688.9160261342997
0x93fa14aed0371910f5feb3130b1f5bbd0d643770,688.4777826454089
0x2e1dee213ba8d7af0934c49a23187babeaca8764,687.3981264519921
0x30de97336d498c49a8595d15480954b8db1ca4ec,685.1408669232788
0x859f7092f56c43bb48bb46de7119d9c799716cdf,684.7785151982514
0x7ff5e9569a75e6f7c299f2a85eb4e5e0927a1daa,684.7474393101566
0x7f8c3103881bbe335c85e153be8912d6166c0508,684.4709241422615
0x0e4fe5ab1c817fb2a272d42e3144c96f6d93edaa,682.0752294041598
0x053458be3fb128d8284eb1053c20116fd24c9566,681.9510075396
0x47ac86a4ff32acd97465337db002df821af2077c,681.9076985607577
0xeab9a07129395cdd40f6529cb64a6ffb252c5085,681.7681648220973
0x8eb1fe462b4804abc8cdfca3f969b268506f230e,680.770532345131
0x550f589100e379c8530c0564566d6e270ff13457,679.670961445476
0xd19393e02c3cc60c21a89b5e85656ff1122ebd51,679.4611907391248
0x9eb369241e4270796e665ea1afac355cb99f0c32,679.4231664300976
0xbe94d4f4f390d643cae3d5737da1a57e661ef3cc,679.3785641850791
0xfc289c57b474ac370afebe1fc9af437ecda554b6,678.9804424596092
0x52827bc602c05777d930d406996c9d627b1225fc,678.8951618605346
0xd5a7923f2e1f7a71afa3e849862abf7d79d686ae,678.6042520519775
0x53e9fb796b2feb4b3184afdf601c2a2797548d88,678.0296613392034
0x44bd73e0d96fd67e3eeb2289401cd3abeb66bc19,677.5822659117033
0xff30c56d0c4231e5c692c1cf41d3cf65e4b6dce9,677.321875828225
0x5f009cd1386f0b8f490eb664e0008acc0c163936,677.2668608489639
0x05df8f9fcff0b6a6fde7166706a52693906c9936,676.1120725314521
0x6d467cc7da0493a93140999f5a8d339520e37432,675.6196923520876
0x89bf2caee181c5266d9a3b3a800009a67174374f,674.62780183778
0xb4e9fa509ee0ab56b436d20a42ab07a6d043c1f9,673.176074922323
0x470628f349255208d51f42f02f35c4e3645bebe6,673.162834
0x738664883d16331515a4e783fc72eda8a24d825f,672.7451714269806
0x2373fb182d4b2192885b2968094e2dae6a21de25,671.344622
0xc7570e8e9108b2c1625885ec5cdb692b197c8dbd,670.2517477585579
0xdf56562bf19c1f830f2a3bb4938a6c63c22bebe3,669.5301184597834
0xa19f4ebe4cbb3c9b57c16eb4dfc7a52d46a5e891,668.622139701462
0x43e7ade137b86798654d8e78c36d5a556a647224,667.60896172723
0xf6a6989569e7c48bce505a3636fb44bd1b18357f,667.4585317442325
0x05482bc021dfdc929a6fbcb60506e54658de9520,667.3018983862083
0x36bde1f41faf17b8b5fe9c00fdec156e007c36b1,666.696016432558
0xa36a1bd2d790ad01187022ab403ba5135f15e71a,661.4812661193813
0x74ca6545b0fee4046e5d4093eb138fe79d639e31,660.7015598954357
0xef0d8c50fbbdc3ec6d2cb3ddbb9e5e775fef4ad5,660.1838164154052
0x0914f85a0c827dc63690029a123cadb0eb1a2957,660.1809518480451
0x9b577e849b128ee1a69144b218e809b8bb98c35d,659.9985077866103
0x143cdd69557c4b2512ea67737329f72dbfc032b6,659.0438314265672
0x4811c9384bc8447945806a2319159054b228fda7,657.917628092976
0x89ac7abb4178240df8d093d1abf1d538b585ad8b,657.5878336624844
0x36c060cc4b088c830a561e959a679a58205d3f56,656.7960323987123
0x1d59b3810bc9827433560863e41c7186e1aaa9ef,656.6604258013815
0x7831ed6c959c81e2223a73526bf16054616a2faa,655.9004418117223
0x4214290310264a27b0ba8cff02b4c592d0234aa1,655.890814823576
0xf4b9a2df69b137b5ff5cd923d3a7a84e40317e73,654.5544066187937
0xfa5ef636c36a553a37ff1e5dac75417b8831d4d7,654.0041581277019
0x9ec44d47738059d6d4b6ba6d6784bf5c53d5d456,653.8064364113611
0xf7fd0860922bd3352e2dbaf725a182b74bf7a2e1,653.615842185884
0x03b90c350a88a54fe08a58bdbca2bc6f63f78e38,652.8562759818824
0x428b03ccd51ee4fcff7df6c7deae4139a4b347ed,652.3973750342789
0xa2eba33af2de4432696b0eca8be114d3f028badc,651.9934034568686
0xdd13f23da738cbdd2237e0695eebe03ae3a24a68,651.6203185748575
0x27920a817865fe0594a1561f7cc87e269fa2bcfe,651.603327910319
0xe584bfd9417d25416bd307e4889ab8b4af8f8f2b,651.3850007265974
0x22527f92f43dc8bea6387ce40b87ebaa21f51df3,651.10393309752
0x3a32f5040bc4d8417e78e236eb2c48c90e003fda,649.7961967748
0xf1360c4ae1cead17b588ec1111983d2791b760d3,648.7550638317892
0x35e1e297bc3630063c09bf7a320552a77c937fca,648.7133399999999
0xa92fbc3e68ca77d11d4a8ada98e1ab8b9b7b6fc1,648.3186888145107
0x26402dee79be66b25d1cc82a3b67e0896ae178bb,648.3030607973224
0x9bffa3ce3e56d0d26447a45771fec76bd4173022,647.8435498158585
0x2f4e29e46a01006bece7c62213d3a128b90097cf,647.136573077387
0x428093c81a0e71aeae1b1271a639db547f4f3918,647.0725060063285
0x0273947e3694a7b546d91e1b1c8b4aa7619caa58,647.0522344418187
0x8d7a649486bafc088ef222a403b982366e523355,646.863139700487
0xab56820497c61f43b85e966118bb608866691678,646.7635651016939
0x0be88ac4b5c81700acf3a606a52a31c261a24a35,646.0568604696635
0xe94774d580c5e2ba7bd0b2e846dd26fb295a25c9,644.4851297676249
0x726709acc841fd8302f79e4a7028235e09b9d87e,643.599316324887
0xbe4b6d5304bd4bdb174971cbde6457dc40353fb0,642.6933738980508
0x60082241907deeed0d7a0291c0714c35303f97f6,642.5296758912596
0x3e4c1a7818b7eb876fab072e3f87e5b42782ba44,642.3269248787237
0x88bf84cde34834d9c9e00ad83d88c38cfae64b8b,642.2644428820079
0x8cd4092739acd44c76e2925f1282d189be452134,641.8135316043107
0x701a7b95214199f4b2d9f7e4d0c69ab2434e1dee,641.502083
0x643f84840da45dd9cd3a9cba1aa2126eed649063,640.6382209389931
0x098c9f6327ecd91868e1c2f3d64b64454d9d1621,640.448836631538
0x1d8142ad6732f4c818c0bd0a72eabf765b3642f6,640.120565979286
0xa3a4aa6cffba5ec8dcf14e46a99fe571e2ad648d,639.67559234
0x1f7d5b6217dd83e672553e63b0a5a3de871bbc53,639.6405669622117
0x13d9393ac971566b2a243554669621ee33f4b398,639.5527041638651
0xa2174adea5315ddbb7b6b67b62eb0153aef803bc,639.1078464937067
0x315ed60258702f8d159b98df4c0dbeb1d7d776df,637.8947890020644
0xb24384880cd1e8a1d7216e7b3cab665b411bad1f,637.6095654245249
0x8576877f2a45db08351020d6294cd185a3fde2d1,636.6482251275929
0x3167f27bac8f20cce324eb5ae47b56a085bbb08e,636.5121655599003
0x6b1bc7634525c68a66198fa8f6a1ec6ff8f70cce,636.2775978227119
0x7f3ad71f1b36f00177c1bddea85db80439c390fa,634.989098806036
0xc452b86659feb7faf4b705157a93745253341cd1,633.6881331915196
0x97564ca7efe70a8ede62b5e69860fe83946a5dac,633.0979291685265
0xf2ab66a27b1bdb087d30a5bab6c33bf4d9f8e9aa,632.4387050607941
0x873670f588b43eb8f81d4755513a9369dfc4e005,631.9867459606712
0x7fb33dffbb7eb142053ac1787efb6c0bb9178168,631.8992731449476
0xf037ad49812186ccaf84ee0d4136de32ecdd9616,631.0299050758266
0x0e2a3d127edf3bf328616e02f1de47f981cf496a,630.6270232312404
0x2e193ef33357c50d92d8f27b1f9fc6c2bf278dff,630.2328837108628
0xfc861266735954de66c472bba1177a6e9124761e,629.8955884769016
0x5ee9d00ab66265ad3adf736c2ed412a91dfb14ea,629.3849755633773
0x68315978cc7df333af5c6118caf83103ce2a78ab,628.8208510720195
0x1225db8e7e4f3fd21967dece791673e9ad93b731,627.3444650389988
0xca22caacecc3d53e7f1cab4593eb62200ee2a036,627.3311994778682
0x18a867647f848b47a8f582258322029dc05ac792,626.5478625106034
0xcd936352912a02ebed57d936cbc9719f4efdd577,625.8056759669664
0xfa1d9bf24f18cd72696ff416248edaea5c366b0c,625.178762184901
0x5adb4cebbddbd7dc38a4c5d81eea3ae9d4a8f9fb,624.9178706520395
0xffc8305f88ca38901bf1407567a5d0e17a9c680e,624.7513907102593
0xb1b8508b2c011dc91273a62f5b49d731a80e95b7,624.4750348225007
0xa9551b386fa296d37c45dee4a1ce2c876a58e7b3,624.018042356871
0x009e06ad25a2efcb29fd0f475af84bad81633db8,623.1896422724038
0x804bd4f2486bafde756d233797bdb2c62725fffa,621.6607338689604
0xb754597fdf090b6c860cb1deb63585aa3f19c163,620.9251799999001
0x1d811f26d0cdd1e2d2c0ddd6d3df6375d0077493,620.330563020286
0xedc783f514cc7e0b0e15eea7a6fbe4447908915b,619.5786526666648
0xd57a9469b2d69d626e510ea0a60273acf32e5f2b,617.7191714334308
0xf459ae3199362764cec11f1a1dfb07ad1c93a58b,616.6976248642798
0x6183358797748ed93cde20fbd786d6815cae881e,616.6923330493624
0xccd8c402a4b91ab59a50d30dbbdb29f1faec411d,616.2409982211697
0x57b7b355041c670ad1d02e3207c577a9d517ac17,615.9797869604724
0x23a15d503d4bee580332ae5ae3d2f9a60bad45e6,615.259315
0x7abd783acf1abd81e8953c29a056e6b7950b7fbd,615.0000848170681
0x733f49e7f4bee7c6af8c9783658e16480852f061,614.5370645999999
0xbd2450c94c65b330f5b4eb30c4e1dab0a65bd0ea,614.4018027669001
0x87986ae1e99f99da1f955d16930dc8914ffbed56,613.8151829231665
0x9a62a3cebbaffbda7cb3813a6fa36c023c3f3011,613.165464279283
0xcf4f2e3be1c6ced5aeb3199df1ffdb30f5bce9ac,612.642392250465
0xbc83f4e25857a36b81531cf243a197265a50e108,612.028249638943
0xd055c99ac285c92637e5a009b3250bafb90dd4ab,610.2580742066917
0xb9eece312e033458260cc864477ca7abb4d5bb75,609.575518899367
0xaa683fd3ae3033e0f3ffba14619e5371057740b7,608.2799188765898
0x2e852229c6b1a49c6f5c3081664403c61bc3a155,606.9214812051803
0x122c62a290eb613e2f526be0b8f6945809d92df9,606.2605525598269
0x3e2c190282dbe0ceea8fcb1889e960a3ef85a187,605.7205002336302
0x869076b518898088bb2183d51fde7c760aa4dc9d,605.6012287493091
0x8f4b88e30ba714a90a8ced7d0bd32298580ba3d8,604.943500319364
0xea37e022c018b3bb28cc447152f92393cf61d699,604.7713362592599
0x2991e6b18917279231e82f790407afbfca92e9cb,604.5578145637893
0xe1ae2769d69e823567157ad40cf89466cd615ed1,604.4304510300525
0x4066150bf09fc1150c9001f27c45220681911175,604.2873579168677
0x2a7d08c4ab9b344e6f0c453f2bbc6efb778c42a2,603.6327922883761
0x03275f3e97de945fbf13c8695fdb555312869fac,603.4117687763692
0xc0fe7cfe44f38214037f0b2f6bdac1a49e3ecf9d,603.1403424807239
0xa860ae5626ec0ef656bf2ea59c2426dc4f4507b3,603.0872323062
0x500cb0c26b4624b8b4e6bc5179e70868bfad992d,602.9797942786921
0x1a9d397fe1e35b401d2dedbe5e51ff8d531c13c0,602.3283548294563
0xb28025242552ad02f17273111db6d513069d5809,602.1835218148925
0xd3513bdf544e9eb703735972a0ba330c05b37847,602.069312974251
0x55d60dce825b65cb12e3a0df034ba5a5917409ad,601.6784649777624
0x7e31d2482162e681bc312379352fce561d9b2f3f,601.3002
0x9005f6277888e8c545c615b1fef65ae16418bfad,601.240333202508
0xb339ab71031d79e06b7b9fa858771872631220b2,601.0301158547962
0x64eae87c0bef379533939f10a24434868d90d135,600.3832986844992
0xdec6772693ff214d9f53e5a40910cb290b1cfd49,599.7380047822531
0xa5cd2009226ceeb5fd0372113b1ccff8829eb072,599.5083820534513
0x2707ef6e2c399af951d25fa32d665a9bb600564e,599.2579565858238
0xec6a369244996ed0607931c59a1f680e67bb5c4b,599.0942255535874
0x572cab03ec0189c7df7331885ddda172d5a23f42,598.4519524929099
0xa28b1854a654e35e94d51ea2f4f34208d9ba79a2,598.3495761931018
0x87a7b1cbab0c9095f01a6f2adeb64d1aa456680b,597.9789954266838
0xb786f1929abb564c90e4c6802c0af9db2a416234,597.9479591510873
0x8e4e4773ba957d341013cc72d62100f00f3e7e51,597.8111771822571
0x32fb6e7aaf16baf9a41a5facf96c383c0f56fcc7,597.3974766124763
0xbb6fddc76c5bf333b4fc57b64736b5eeba74799e,597.1718912900672
0x9bf2f49ef2b555777af9ae9d7dea31932c60f2b4,597.1557107055847
0x87162ece32005d96d6e46e44fd2794f52995330a,596.8450906025334
0xf82d8ec196fb0d56c6b82a8b1870f09502a49f88,596.080930791601
0x7dbac5d8b34cecb20e00b6b6282cad26d1a7e03f,595.5068551921499
0x25f29c3b6eda82a19656dea49703334c159f0d72,595.4993901611183
0x4ed88124f3c628734262394a233bff55f91bcb36,594.2444669168723
0x4923af89f914c22785002795c5ab6732d046be69,593.9266362467864
0x29460f8bfc8d11ed533e0b329e23bbe23c053157,593.5287702585799
0xb675215090ba998d5e9874c649e5afa093058c00,592.4585309902409
0x795d2d7aeb6162e95fa60a424cd4938b3a801ac9,592.3110282
0x498f2c9ba4f16c25ef118d97ca057a23afbbf3b6,592.1219000000001
0x495e0c5a4107544937d0f1996ed84ab4d83272e7,591.2081879006661
0xc90ea5fa2d3eacbd63ae9e37c80a5772e57785b6,591.1198937896281
0xc4b76d2b66f9bed9bd8ba797bf6ddf3cafbfc950,590.67147873503
0x8b50a324064cf30732cae45f3a5a158f834a8fa3,589.8431816434036
0x29db8b307a3a1fb67d31c69f7375e750bc4aed69,589.77926
0xdfc9b1115b07c01c47ab6f84a59da85afd007297,589.4145503173161
0x7820fa98cca35142992eadf8a3c5044e1a82ac34,588.0228956635218
0x9c4cc862f51b1ba90485de3502aa058ca4331f32,587.9118924100501
0xf047ee812b21050186f86106f6cabdfec35366c6,587.6105121902192
0x4d15e9801683f9867b79576a2dd86476c4ef3239,587.1305069850201
0x5db3d38bd40c862ba1fdb2286c32a62ab954d36d,586.9763753910134
0xa6d015234f0a1b6f46e3b5dbaee05f071b5d4321,586.5798500891307
0xf7ef5352de45a20d8c8565cd94a4bd6c8831f749,586.5754635186902
0x08db4b26085b3990a07993a6c37d00dd448e34de,586.3275841540653
0x203971051ddd6d19c217c0e6215d0b97d3eb1e0a,586.2708086628256
0x40ef7df76d5cfbd8d90c4b24d2e61e8c7ff50250,586.2569619926032
0x75412a9805763dd0cd343633cda91107434342fe,585.8975350388624
0x7e5a536f3d79791e283940ec379cee10c9c40e86,585.2959420181837
0xc87138605be65b31a9282b5ab5a65a3160dbe339,584.7300092050828
0x2ab614e507d0c32c1852db7a7144ee52db9d3df7,584.3507358137583
0x725096acc9f68a17c355ac9480a71a8f3affacc9,583.64248824
0x0fb728f24f4c06f9fc32fd39db904ced1241512e,582.6145269700293
0x901380ab7b9e8a0ecfb14bd5219e4a7d762c656d,582.5244325676423
0xbb4efb22592590d61463e1f6c8c7a2764a3fa2ce,581.8684238197407
0xe0f0e02a16b45f949b98856b61175e63ca5f6293,581.7884411522078
0xa3ad1aaf0306179f0e6e1ac7566fc60cd24d4289,579.528900387026
0xa340b8af4cbd1c9303fabe78be1b191242a94914,578.6338649910857
0x0af68b5a26bbf5d634ca5a678af76a286a1c362c,578.5694220355605
0x680a025da7b1be2c204d7745e809919bce074026,578.5135577131382
0x27262f3b7380ee8faceeac081d33674df96fa36d,578.4111863843455
0x5168684b378984e1a2a970883bc6d664e5be7956,578.3559370963073
0x43ddaa598f84c5c71388763f851dfc4c7e9dec84,576.5430954017501
0x8356fdf4d25dd90f7432aaa809c5e4df890cc8a0,576.2015787145654
0x80012b7b27d23b825fbc561cc98225df3de9daf5,576.1838938826869
0xdfbc8c90bbe3543f01c21e5e4d1294db773c3aa5,575.2423013302271
0x52b2ab986cc372e1cbaa282baef753369f3161d7,573.76962302016
0x2fd69c8eefc643255b5601de5293a96e166b9410,572.4236237140408
0xe90fb7b6690ae0fd08a4edc926f3b3c09b450de9,571.5305933518242
0x5d8c6c758c329123bd3b17aff04d0a26a4867b27,571.2652282035582
0xf081470f5c6fbccf48cc4e5b82dd926409dcdd67,570.0433300838441
0x5cf69d18216de2917446fd770a5203bf5b452408,569.9358281909042
0x093671203ad543e65441c4ded30247f27948eeb3,569.5890280983385
0xb8166ab5e3dc9de82b3f0c420ab8ea9826dd7c49,569.4678756249978
0xec7269c26844b05271c552d64dc2f01f2213c85e,569.1597191374801
0xb0a7e9dda361c81cc2424a41a861522a11825990,568.600900495106
0x64eb430e4086714e13b19cf3ff0e2fa1092f5841,567.9764876670785
0xc76cdb74d781e219e8c8855a99584dd2e4580046,567.6541229798964
0x5500cd54d3579c32d1c030a05df6f6e156c3d89c,566.6381020072712
0x231b7589426ffe1b75405526fc32ac09d44364c4,566.4408231020001
0xa23e1f551cfeac9ff762d351010136fafc3008e9,566.2913754888324
0xc2a3e321bc99b2dfd948394f24371b3ed54c80a8,565.908665239299
0xc5d128833dc804974ed7ff815c0ba068de167b81,565.549725777556
0xcbfb0745b8489973bf7b334d54fdbd573df7ef3c,565.5278511852861
0x2db6131f25ff37271c5d1395996d235f089c22cf,564.9072231834377
0xeb7b4ef77016299e691ab3d96bff5a36ad5914b2,564.5843445863741
0x02f5d078f98154a241872f4c3185c9c2007c7a5b,563.9439526833951
0x674c070fe147f7b67bc25795cf4709dab21c965b,563.4996481157538
0x614bbb4705d1016e6d218322106c9760e920b476,563.0946749638169
0x034131bcc29b9801af37a826925e58a4a6e0e866,562.220461925392
0x0a8c711be5950576ad78118169ed63b08f9d90f0,561.7654788462761
0x62cbac19051b130746ec4cf96113af5618f3a212,561.5799625047318
0x1083ac71707b26f0b983f745a9f145c85e68648c,561.3798994132002
0x5ab29e4502a802924f24c111e5c66d8b504d1427,561.332622622635
0xe07cfdcd8dda25b0367086cac8217ea9f057a31e,560.9343401724492
0xa0ed359d8011b0992ffe6d3fbab66720d2bbcae0,560.8086000000001
0x6a6dbdc87bed052c0eede6fc58de289543a99629,560.444408096344
0x438d3e9cacab4614a8f1613ac7b182378d76e1f8,560.0205394396457
0x59a4c05d7ebabe520a8d95422fef5c8ce8cb45dc,559.7645083731826
0x80fc38bf0ad08c2dc845e2a2b834d61a42ba41e9,559.5022866274026
0xdedddb3dc5d871432695a271524308de06dc5365,559.270911931239
0x2f994ec4e1ad77aded3a244cb423fc6fd08dbcb6,558.905600241123
0xda6e0d2359e6865b3ec130cdbbd18ed6407651bf,558.4872506548212
0xc3f6b81fb9e6db259272026601689e383f94c0b0,558.4738252740681
0x9bfc2771dcb3bb0031547fda82d122aaf76a0a04,557.8948047315458
0xc58d0b5f25633e37e8d0cc9a2c82c4397e1f826b,557.68896708479
0x939b4ac904066af7513cd2002c271aa3f7a71976,557.3079442244776
0xb7e746ff79cb76e2ec804698061aed9ca6c922ea,557.3004978862556
0xed7aee338eac64d0a608cf046fb7c894213acd0c,556.53391706
0x47fee024148e19c61c9538705bdf5b95adcd1c51,556.162112095232
0x70fc39f71edb11b8e0862024ceeab773492da322,555.9814109442082
0xab3f9bf1d81ddb224a2014e98b238638824bcf20,555.5289291765023
0xa4bc5738951ed7d6b224016f8cd0774f7b2a34f1,554.3559441518505
0x026babd2ae9379525030fc2574e39bc156c10583,553.3869396502
0xb36b9fe9fea79f7845fd797ce94208e56f89a6f7,553.3199913166106
0xe76579fcce5e99e9f464a5cdcc4f5a71573bdaf4,551.5543376211028
0xb8a60ed2b6725df0abcc5ee2fde0cb6f96b0f55e,551.4555266702587
0xf7240401be2b3eff7440c378a306fea76c70dcc2,551.13095164308
0x08c181a583dd5e0be2eea021747f3a663eabb976,551.0132206295509
0xe666594023f345ab8b78be1886fb3bfd21942400,550.5071378442232
0x94f37fcbadecb5ee4250962a90652a2fa81634b7,549.6538177538258
0x10ebeaee8559a52112b913ece2061f766fc262dc,547.0793606476411
0x67b727c99c90b6fb2ff2f43ddae8c90a21189509,546.5924615316171
0x5d53555ca0465ce40b284e80e9532821021d20b2,545.8308211725237
0x2bf2f88a914adc1314aaa3a1800b33f6cea825d2,544.2355240287719
0x9def9511fec79f83afcbffe4776b1d817dc775ae,544.0231919980946
0xf9fca2b8d4f7da66ceba85c0fafcda7f587dcb5b,543.2013328170723
0x3eeff1d7c219b643ce59697979e6a8ea12cb0972,542.8474300657182
0xee5dc788794f3b573ddd3095a22e6a5fae68438f,542.5556756034912
0x4d453433bab69c0cac749f0d157dbe3cdb482a21,542.4075468555876
0x122ec63479d1392ec3b3da961cb629b7c3ccb947,542.2684359965095
0x8986c6f7daaca6405b5de166d0593e9bdff6f093,542.028815308832
0xe258f08fed6f3a46de5746454b62ea937dd5b9b2,541.9143444151532
0xd1140a5cd8b587eb63f588628807aa28edc84405,540.96019018878
0x28cc964cfb20bc68a5a3a6b6322b26b568feebc9,539.7870708664822
0x95605e7fc63ac7bc1637feb9057d77498eb87ceb,538.0330515322668
0xb5c6ee9949ab5323b266a8507dc2d80285e55774,537.398582503067
0xc810cb81b0287c9d233a035aa35e69d3c53f8ee9,536.9624364435851
0xe1e4a7dd43cc5d44ffdae3ef782550626d1ac73c,536.8964518022643
0xa104910b1da76aafeae0216c916d04d321c0c217,536.7342270571138
0xedebd978bb1996a064467ea569cba4c9937d3813,534.7556148955424
0x2800b4bc375a9cdf966056e5694a79465b4c68e5,533.8734770308231
0x15ffe82c4d323be41c80d4c0b8914e0ad10a43f6,533.0442262217416
0x505a152c24b03a666e903aa6159e5f9433094893,532.7720228997163
0x447f8d287120b66f39856ae5ceb01512a7a47444,532.2908094344033
0xdec9549ecb877d0f2a262549666f7b5c0162c98f,532.1945422151052
0xa555c0b85c91653abd732b85f37fc9671eb5687d,531.8475133200973
0x7464a4b6553ef9bd2ebb5a35a96d90c221313189,531.6802560998049
0x06d13d9d457410de4c2a2febe34d6a8753d773ba,531.6289584757624
0x29991dbdf7615044e67923c3f3dc32f276588bae,531.5662158922303
0x5c7f29e07a9af6cbb4bccbe8fe060067994f28a9,530.2480611018291
0xb7fff4485c8f726d6942578749b18f1edc53f904,530.1199365261979
0x7225c7f1310d8b271731324d66daec654c6eb136,528.2190412080066
0xe30edb4ec6f2d028f7f8ead96d9efee5a9dda770,528.0989836561475
0xb15ea9b9140e3f26e543ca302a447ce6e0f0f858,528.017637379623
0x4de8c60541fdadd33404ccb2c8b83907ce617341,527.2787578374912
0x69fe5d8833fd13a1c186955485a21d3e8f2c279f,526.6167391241186
0xf05b316d24e2e92fe43bac8bc024b6c220c9a524,526.3236650262281
0xd41f609c4aa4a4bb3afcbc47d92c7ad6fbe1ac1f,526.2880004089775
0xc8fae295bbd8ada3f8dac718043ef1f755c40256,526.2612869466831
0x122b47683c7809a818b95ee9ff0da8e003f4e310,526.064411390866
0x4cc1f9409159a6ab79a560bd66650e5b3f607376,525.3185609101726
0xe96c1d490149890ccf5467f6299cf6a6875dc822,525.2174158270752
0xff4de5b12b1f08ff9b147cc09da61b9e59109a02,524.89706747
0x953d6b58de926b3d460373fc2e9c3c62c2773ad8,524.763954336744
0x712e119e35c5bd2778ba12363656156e3017c6dd,524.7246375504727
0xb09886fa36f918342ad4df099317f9ff6a9d6e09,524.4559695283294
0xdb4f0e1f537ed1d4bc4714367dec1e2417f35592,523.652411314062
0x311815a67093b9aa55514394ee19a84f99286692,523.3066335447336
0x1ba72baa7edd8590205cf302885510ac4ea4ba56,523.0310621063238
0xd9e1ce17f2641f24ae83637ab66a2cca9c378b9f,522.7096905905313
0xcf2b2b81be7614302f55eda8bb50747e4ccb2ca3,522.564521737618
0xac72b6624016d4eba25695505b1545081f938449,521.6364913069357
0x57198b1fc4f69066275ef392244000540a49844d,521.560514999994
0x0fec544d48c4509fbfc33e5effa4b8ac6de038a1,521.0641449180381
0x364edaa1e72fc3c7bbdde292a0b094985069c3f4,519.4633996525265
0x00231a8f13a73f6bcd668e35d6d3fe71f9ccdd42,518.4888
0xe019b45ad7df34c0278603a8554ecea8fdea2d2d,517.8670483117743
0xa8a33ecad5f57cc2ee54ac28dacb23d48e558a81,517.7129502664442
0x0d80f8a039cc61b659ff299bb132de271c757325,517.6182707783956
0x81c4f597adb214e2f1a3e82499b9c9caf848079e,516.9954639420566
0x8d7443530d6b03c35c9291f9e43b1d18b9cfa084,516.8177611609792
0x189075331a5fdc3371582c43a6ff48906b6a14ab,516.4812073276962
0x3b5db51c03b24aee3498f82e73203ca7dc4a53f2,516.1880973421969
0x76d3142ac9891aa69bdb1a96eabb907561596ad3,515.7921450772205
0xb72df2b65945283296ed2bac5e5b060651c70fa5,515.5913770953559
0xf5ca9705c72d2f6ed825800e8e8220a01a2f973b,515.5698496890393
0x5945b6809d27e3ee0fdcecc66df17989901a4b29,515.1117383560078
0x48187e512f5338f06222ac574576744129736efd,515.0054024012954
0x0c48ae092a7d35be0e8ad0e122a02351ba51fedd,514.7075174363756
0x85256d98f126be819cb3a5395fdbf130f11fdd93,514.3352613886088
0x11456b3750e991383bb8943118ed79c1afdee192,512.3096532616162
0xd189a04c012b6ab9075749497a5b8f3d43c37e3d,511.6075342190477
0xa37b34e4a341e0284a37ff7f58684d2f5d62ba1e,511.37330199934826
0x7e78ff0f00edab55d029198a7d4d0acfb4c606ca,510.7869471188799
0xc284b5e7222bb225162ded69bad6b1c000de32e8,510.7074879199888
0x26ce2f79dddd3d164585b8f95c13a59b76ce480b,510.5280260815636
0x9410cf01dcdccdb9b56e285b39cea375e5e90883,509.58431250832234
0x07eac8d50205c833c583a08f9ee1cdd597952805,509.340135017013
0x428c04713edfe0ecfc7327cff5fea1265a56d219,508.99708398974667
0xc6d7591bdfc1a66653e6309ecd15e75fa490aaf1,508.4726149749995
0xb15f092b663c1acd8eeaabdd90fda1011b384984,508.3669669715866
0x0ced50e90c7e216d091d259ec7feff90734d9f90,508.08720548395047
0x351e21c558e9cf7e8ba665e143afa02b09a312fe,507.28137341288857
0xa68cc575cdcac5322394b841c7588b01321c9faf,505.4490582511794
0x38b73128e790575b72f1b957bba981b08ee85f86,505.09600258700783
0x5474ebd853e2ce2c9d343f0469206350231670be,504.81553355326673
0x3653601d2cce6ee2bc37988c9caa1f3e3556a4f5,504.7767825120482
0xd360131b77ead72f1f23fb185b4896fe01dc8cb5,504.6969134187119
0x423bad75f455eaf78f4043de9a0ef646e96ec8db,504.12003500000003
0xba33a58609c1e2092f79c83c4432ca3b81c5fc0b,503.97937991852893
0xd73979ee20b4897c26e4abaf680430d19a436f1c,503.6062015256886
0xf0e17afb1540ad4394100eefac5daec69a752062,503.46635052614005
0x05bbf95103dac1d95d9356a9f0b574407ee99455,503.3991053832424
0x67e475577b4036ee4f0f12fa2d538ed18cef48e3,502.8858607173464
0xa885722b4b5bf81ee9c647707ca9337978a41ad3,502.6027484424534
0x301f3bf35ed8572f53fbcfb81eda3daff96a827d,502.50661311699696
0xa70d458a4d9bc0e6571565faee18a48da5c0d593,502.13927698578345
0x5929dd5c4df5ce2d816d237047eced0c2bca2c96,502.01659340131016
0x4a7edaf8fe5a5e18995b8620135247ac4d76f30c,501.9444471154304
0xfc7e4814a0d7ccc7b157f1f2445504d014aa758e,501.86438111202233
0x71b9bbe2d5d82ca7e0177bbd50e993fce9cbcb27,501.2981275
0xdc59017414074afab1e4c3d008aa63162dea13c6,500.61810392681303
0xd1a47332acad7498af1efdba16158e11317eca4a,500.201596417602
0xd77382bdab34e6b629be1cf3a96547326b7280ed,500.0296004111061
0xb378846c2f1c2d1a1da4a7292ca397a784f92775,499.4470762116697
0x1a78a3dae1c256b96b877255050e7757ed2b3ebf,498.5316973339527
0x593965c0c4433ef4e2852c53169045c384e4a1fe,497.93214340308384
0x26e40eb0ef996e7f4bfa8b5ed46aa31c0e711bde,497.6711128128782
0xb0ffa84c2957644c43e4b520d0031626ac72134a,497.5772375903278
0xce2cc0513634cef3a7c9c257e294ef5e3092f185,497.51618720928
0x1af432ed9c8b573de073c4c90a9d7b3d4e08f26d,497.22541389261806
0xda1e2431befca6dc37d1f4af9c544df4b39d435a,496.92647776287276
0xdfff6a7c08629f0ce252b6a038a0b9836a398199,496.6550650634574
0xd6f0384e121cf2c9d1eb284da388a6bf47a4cf90,495.07180127474595
0x9635c7c90eac116dbe11baa56e58b293f584c54f,493.4358444541177
0xb780f89d37864492a81c7b0053879486d259f16c,492.9980460864146
0x50f36e1bc9a8af7f1a0f00a54db4a436665df709,492.8267834372344
0x68bc6bf9653e75561f5cedb2b1ec354f1f8934f0,491.34594319878204
0x63242a4ea82847b20e506b63b0e2e2eff0cc6cb0,491.13216254837204
0xc44fc4b67a6f1997e36c115e3b28a3c774feea7d,491.08739802738444
0x13cd8c3be06baae672f64bf3f59331b39a5ed5e9,490.60780358518053
0x18589c97e922df6581965683df1631b7771948c2,490.3834487421244
0x2590f6b37796f192a93db7206b7b6158e89c9e5e,489.881862246746
0x6882d07e45cb8f9eed3c6cedf4288e1ae0021b49,489.33625156885887
0xf39ff863730268c9bb867b3a69d031d1c1614b31,489.30228671810795
0x3e0954d9b32f823aff2f66173ffed5f453dedd93,489.25569214526405
0xc1c191fee3e903ba5fcf3a467145978254a67079,488.8123395016451
0x5271d250bf9528981846a9dd94a97cbbe7318817,488.7186991910902
0x35cdd6acbe6b0753f3305c295d673e342a2e819f,488.69954845081827
0x54711ae00c444fe75cf43a796a3f732180dc17d3,487.866107119644
0x5c041687a675afb8f9d250f440815ed93adbf4e5,487.3772859410897
0x1de81bc7b0fa4b930e59ad22099024e8c16fed62,487.1079922174796
0x8b16436c7c9c15a3c2c9ce58711eaa3ae7fe52d3,486.719734747324
0x67a5e40f6d892246064b0d73ff3ab3d7f31ddddc,486.33894037125407
0x751680323dbc5a18e332f6a352c1c95d29e8571d,486.2325655789232
0xbf9760b95639f23202425b9feede894224a5a7ed,485.9513944844797
0x60c6359e65c77571a2ec0e1fb708918abe92ce3e,485.55613798498484
0x2eb4f51956e57a7868c2167d7f627e12abcd2210,485.286211423701
0x2c618ff14c3273236ee441cb24aa6998f266a872,484.3170775666319
0x1fd14ab51df501679997c79431e04b0bba4330ca,484.21216276084573
0x798a31f6290aee99d46c2f311dfd770b709d1263,483.7466829759505
0x72c2178e082fedb13246877b5aa42ebce1b72218,483.59372053316895
0xaf852a6eed8287c6589f6b63ac4091264290f053,483.3353911355515
0x5e51328c0583094b76f28cfd532abc3d454fcfea,481.9028188092164
0x793fc888aa7bff78094a6e6b167364e1a49ef1a1,481.83271764924535
0x0a67ae7937fd300b687c0971cdb0a4f33b5da5ca,481.6205586033715
0x3b6e51221cc5037758de05f534dd965dd271a2f5,481.57096813479563
0x89bbef0e4073d1cd7264f55cd258d4dcef72a7b9,481.31875882526623
0x897be96d57c3c2dc3064bfdb28c4e5ae26692932,480.7427158115099
0x7c009dd62de4b1643cd72b6361397198f3c4bdf0,480.6562
0x2b6a25f7c54f43c71c743e627f5663232586c39f,480.1787371708873
0x0a556529642a5edc66fe3ff8e8aea3f367488101,480.177629944842
0xb87f05a56b1d61887a7e00bba7ce4879174b9c26,479.0915354017143
0x666ed8c2151f00e7e58b4d941f65a9df68d2245b,478.30568472977615
0xfa307d5171c6b6342a3556d419a7493b01a3f523,478.2415656878651
0xe8446fb7d2e9c5ca553c2651bbd7dc8491f45d05,478.19939999999997
0xf1787800cd17785058fd6e6984c47a456c412d68,477.373362431508
0xc134b976919080857867f857a21eb2bed919dcba,477.09183831749385
0xb8edab5c96da970f77026c250d85b1c53f32f825,476.440585527375
0x209a4bf5d9a95d30ec93b38a12f93f8c39029f47,476.41318487264584
0x9b627ea60516bd8ee99d5f928994e5a1fd7b8ad6,476.3604216053338
0x5a4cc2baabcc32cc64ea4fae382c0f65c55baeae,475.25167863373815
0xf03744a09b37ee59c0d1a38b1f358f77cad53357,475.182902204377
0x468bf440a6c8b1bd5840b8f552fa89c32f53e699,475.14049886348954
0xbc540dd1d3dd591ae28afaa6aa15ff6ea2fd1704,473.73786353799244
0x2023f4dbefa0318034db5dd3d4a934c79a8da040,472.7832289087925
0x7dbd89f606fd531f004d4adacc12ccaa02aa1d36,472.39107730941254
0xcc3d1ecef1f9fd25599dbea2755019dc09db3c54,472.1731919996471
0x492e507a9b3645c458e16408ec8c2468a3ef82f3,471.82734908221494
0xc8f5c8185cea815afa7a82493a3336908462e140,471.7283015633727
0x8b2f6b5253df61c46b7dc383da2ef5d1dd5e6365,471.0326093596113
0x960f48afa042146444d4e3253afd8e693e865ed7,470.4760036098817
0xed0b3807b9c824e0b7ed138cf7cd85fb46f99b68,470.4509398516175
0x000024007b00a8f6f6f400feccb2a1009538321f,470.28887907087244
0x067154ce16cde6f2655984470cb0355c1c879521,470.2369997145363
0xaf9912b487442758bf9f2c9363dc97836cd45622,469.968791584373
0x2378119fc9c7e30754a864f269a3ad9116f2d4fb,468.76099306000145
0x8bc20896ba989c80747a0520696ae504e01f7cb4,468.1338008942754
0xefd0b125c99058f37cea75eac1004effc81ed3db,467.2335890692582
0x1d6f81fceba7313e5e255f18ac4820e1c561ff8a,466.9992091743933
0x858da22cdc4185306f789bd599ff0bf3d48c5fb2,466.92044077929927
0x50b2c07f0269ebf0e906feeea9d5c90c42d9fd24,466.3012362692302
0x6d4fd456edeca58cf53a8b586cd50754547dbdb2,465.06295680168427
0xb09f8f1162cb6c19a65518b955eacd6a6e5d596a,464.8546844192396
0x5e8c1ad4c3d04f059d5c1a2ce4593e53be270bca,464.7645209763244
0x2a50f435db2b53efd50dca820b19b935696c6f34,464.24633349559
0xa2c7c64fd76a8a34f3b4acc8a5b3a6db84d9d14a,464.2032298167275
0xeefbe2eb95a6e4c11ef8069441f23f1c5f0811cf,463.4502988346939
0xadf40d1d0ebb63adb190e9c4d185737d9c15430f,463.4056947077975
0x43873ee08189e8847c9fb7e058e504408fe32947,462.43457589768985
0x4fd3f9811224bf5a87bbaf002a345560c2d98d76,462.2944970250898
0xb9a507f407c4a78026e55ce54de8aedc5d687f0a,461.8512725005179
0xb9ecb0368a2027aa963242671aeec632215a467d,461.84533391865006
0xb8506d42ad5fd6a672b42aec94b82846876d458e,461.26899519545304
0xfbc57ce413631dd910457f4476afac4d8590da00,460.6921073918841
0xada6780fd5ff42c47d75dadb98f3bd07d2e90703,460.24550179482816
0xabd05ac416c4f371b24be6482aafb98da3432b17,460.17900923244423
0xd1956650ad348908cb9381148553c941ecfaddd0,459.91844193406246
0x932c1be60326e99459cd1c9102c5885e270e8629,459.8664308011701
0x1a66934ce686caeb1ac7c68ca25d0b949da829ba,459.86225074931417
0xcb60e8c48bc3bb956f55c4de7fb8d415ac176e82,459.7714880465686
0xf49c659940381af5405d74fc6cedb5e46b9b0299,459.2671569003018
0xa082264750d77d848cca3f2de91016aab543d442,458.99488240472067
0x492d913a788a465bcc01a07a5c72f550ae9f7b97,458.8941547853782
0x9af6636d221cf948e67f8529e7742e957736ed9d,458.66283784210145
0x18eba63caf7fa6b530aaee4e4fab0eeda666dd25,458.5487043640941
0x76a411f14a704099ba476ce8dffc288a53295218,458.0558263627866
0x71715c8d910d3a4bd4a6f11bb8bde5f936c34902,457.8613612766509
0x2b65723ebdd38ed1056a332e6b55c6afae018506,457.68585071237726
0xa628b42bf6c1fb6e8f175f6482c0db9bfe79fe9c,457.597259609922
0xb11f37eae18e860977494e886c9d9356f4928baa,456.89806218
0xc14118240fb66b7778a945a7bd56ea9c55ac310e,456.88909030411327
0xae476eb8d9165d1e033bf5097e64dd4071d9dfe1,456.0902076576168
0x1e54ecd3ebf146ce090c212a2d8572075eaa527e,455.50415208006297
0x276b9bf95956ff53d4777e891bcdaa9a45346fdc,455.42166005030975
0xa920ca7bef5fc32b5b38af507bede9a52de86898,454.75249269999995
0x4954e2474314964cd2c9e2a25efdf319c1249370,454.65414718121644
0x0e816d2f5447e5b72a9bf004705b4423f6112339,454.2249850638724
0x0bec54c89a7d9f15c4e7faa8d47adedf374462ed,453.2255305803277
0xad29dff9b4e9a700590db1754af041c566a35828,453.2208578215682
0xab3b031512a08c85d52c6e7c4f50170f01bf19e8,453.187291327146
0xecd0a81936663a83d28c8cad5d04b2feae519e5f,452.9763709170013
0xfd22f188ab5ae8b19b3b90e064d5843cc38f9e59,452.14094810242557
0x98de757a9429f3547ecb3ff2c75fdca10bc40d98,451.6922989845984
0x524e5cd982403d4c280165046c54d068c8a13112,450.92657456683907
0x36cc6f32e42b328c42a0c3726d14f1678ef9bb13,450.80439946753256
0x74706d5b89b6dfae57dfcd7c9a4dba888203f118,450.5532673358502
0xd6c3bfab9209e47f30a9278a1107b2eb34555d49,449.6575775240314
0x22b15c7ee1186a7c7cffb2d942e20fc228f6e4ed,449.6352066101874
0x04ca0c71eec16fd4fa9d35ac924cc33eeb4187a2,449.2301799496937
0x025d34acfd5c65cfd5a73209f99608c9e13338f3,449.14113495572536
0x7eb326ee04baf973b8a861a48bfc8105d628605d,449.09074312046357
0x72a6d269c3e16239c24d905ca61254ec26523b2d,448.13520290404637
0xa65aafdb81de45ed9fb188b942ecac3ca5f1a23a,447.502948942113
0x12f8ac45477598688c9f74ecda1caa64f76c7176,446.96810724961637
0x56a33bb9943117141df2692424869b9053f8e6aa,446.7493867138773
0xe47401179c920e0c9c79390027dfefbb6187d3ef,446.4931809550554
0xf85c41e7b555621508e62e2920e1b38a8db325aa,445.45461011582074
0x80ae422337bf2f8f559377438f27fc76b36c122f,445.24081057938986
0x32c9ba50ae082b797c69fb41210a10336863a88b,444.5725055263215
0x83a7696c67109fac665015b558ec168232cba3bf,444.4661723733806
0xbcf4069b51bf2351b148ad5c271e1440da1559cd,443.98124472953316
0x4c3d84603cc2eb433d2d7c099ac8187d28230d65,443.7347771278485
0x3bd3f657eb1010ac67b93c3f4a296fcd07193c66,443.6251201205594
0x397c5a7530c87012b2944174ffc7ba0b12bcd862,442.9404506583555
0x20e95253e54490d8d30ea41574b24f741ee70201,442.89791287010496
0x39993cf130593b571165f4f932799d3bcb62a1d2,441.845200682298
0xaa7bf2e82a85cf85c4faf05cb98c174493d0d7cd,441.4312647958723
0xa046601367badd07ec3082516d0c03484411a7fe,441.3965863468458
0x5ce690d546028c0171592d498b67748de1146ecf,441.1075541486314
0x9f2d6d6a811f5c1718b03dfaabe3e27bb6b01ced,440.87349747705775
0x9d226a3bba6c4e65a495c882877ab5ac3479f0c4,440.54551140941834
0xee78277b40faba38b4a512faed45d6ab9feb7a46,440.122219739627
0xb6045683f1ae149eb3308b32e517b1bacbe93853,439.53782065494516
0x6fd7c843cd747d7d29923d68473957921f60cd4c,439.05545460918984
0x9654158eca0633d41e25ab30ff536b757acfa6ec,438.91215148342127
0xe6e8c91f0fb96cb293aed7a139fe5ec728753148,438.8842669643301
0xe82a000e2478c882c38ff6c3e13fa454bc561dd3,438.85899663119403
0x114189d8714550b221878e84128c94f4a4d17d0c,438.69185032691587
0xc403bb54f3eb98dd2cb4bbbd8fb79c3387ac9d20,438.57807030652094
0x94434b7a95d754dfc471c76d159068191d2e96cb,437.86071004017003
0xfbd5c979bbd137d358c76136cfc56a61ea735750,437.5903951877752
0xc19f994e2545982849bab4e8397a0fca9ab107c1,437.13490609130145
0x5738df8073ad05d0c0fcf60e358033268ebf16cc,436.9325156255
0x0886d13f037b8d2150867807e14494dc43ae6610,436.60941826602425
0xc2925eb8a5f7ee69d250fc7fce1997584d0fe67b,436.40076326109187
0x7210e71c96e002ecc784f4be6f0cb5ce35e49b2d,435.05279337240233
0x4ff7e1e713e30b0d1fb9cd00477cef399ff9d493,434.68560971123867
0xd84d55532b231dbb305908bc5a10b8c55ba21e5e,434.66245949880283
0x6c782082552ddccb98190a4d353e04bdd330a9f8,434.57548345825296
0x56bc8f3293f53825c9fbd6ddfe0cafefa82820d0,434.47045134292296
0x537189703160c34638bb29d5bb503f391a136c5a,434.3761834860139
0xd846ed0e306e1e633ac8ac36f3e1020aa132deb4,434.19049894996647
0x97be09f2523b39b835da9ea3857cfa1d3c660cbb,433.62777691516936
0x16440e9ae70c0868d7bf5369348693cbb804d2cc,433.3948274270708
0x56c53a6d1b49ae1d70954bc5858037d195a0f239,433.052678330727
0xa793c61867af6d40f924779395cb3221d01ae7ef,432.87053999999995
0xa253084e0728327e194bf162e82be146c00ec7de,432.6333980560288
0x82a631c5d07e3b00a2976340c7faa6cc4925f0c9,431.26344456029994
0x0f388ecdbc128083bfe317b00de2c25fbe9f24d5,430.5943142736906
0x732ee2714b08479541f9a8ac0779457c7f6a4910,430.1928375044499
0xf1a41dae5b9240539dbddd6813967f8d79e33be7,429.80525273300645
0x7837ac5ab469d68edd36a2ec92ae0d9ac3110c12,429.37748798396655
0x1ba0aa5d3fb11f1f7f08916c0ee8d0d7072088f4,429.0996227734363
0xd9a355a68945e75698c9a9e0b171ee7d9a5e5773,429.089863109089
0x335f0a732da4ee4f0e80939eab8b88399023b9ca,429.001567100987
0x78a3d03598c39bc8cfad331ceeaea0ca5345fe6a,428.94854189281796
0xe908d7c87e151c6a451b4019c5723e445515036b,428.400604102214
0xa3a9a863ed908aa95cb17e1781aa97e6693bf604,428.1107596294848
0xbd3db125532ea11784e9c9d3e42e4c436541830b,428.10684043931104
0x4e6fabc8efbb343665999c69975ac17dbf3b5beb,427.8805181624838
0xfc70eb47e5d108678ed6cb8cdbacd09b178eba6a,427.4283940480186
0x26021f1b02f23ae36540c20c1615a6665e092cbc,425.38317238040975
0xdea11747155d4c33f333f9d3e9ce462f007cbc16,425.26133371282464
0x40dd9e384a7d3e95df80c2198da96fac8ccbcc0e,425.00519990872726
0x1ab68044ee92122736cfe699ecb669b61446dbd3,424.35835965470807
0x80f3c3bef215ad006537f40feabb6ad438956df7,424.23118199999993
0xaea4c7835495b77fb4773e22bbf79b7c3b580909,423.401264955789
0x615d7eb337e6912acf59331f051525a14fa79a82,422.6784507361577
0x5752e7fe7c6e092ebb2ddafe29e8fc5e315b9b25,422.27587221734586
0xb5c8ee44ead5f80bfdfa488d87bede0693a0409d,422.26120512688425
0x2962d5b00d67f26ec72ad5121ab70f3847bb0ac4,422.2385332600114
0xa808ee750c59566b32fefa225b28d12bf5b1ca53,422.03788803279804
0xb6c228e27b11a41cdb664cd765fe8d4261a18abe,421.7536079581495
0xac6849439075d97f40842f8f0f3bcb375ef10ecb,421.535898180378
0x3365c64434908bb0bfc7f0902b33140df3f186d9,421.4369879067509
0x0f77ec6dbd860cfe9a3e8d1a9051e69568db4c71,421.0620543758938
0x8f0cb37cdff37e004e0088f563e5fe39e05ccc5b,421.06128419839996
0xdd9abb2bbf29ac56e9718e768043114e46c6130d,420.9014259025833
0xf7dc64ad5f0ad094acd3fd98e3ae3cb36d84c569,419.96393679870096
0xc2859ac446b968a73d3c02f2cbf6dec08bcf1e8c,419.73856075681294
0xdba1ecbd6d5ccb4219007dc66682ffb513ca6b7c,419.26499371230256
0xbf32df1a5e4d10613eaa3a1be138db98e6196772,418.910575459056
0x82ad1d7f6479cf10323a7bf23da9b7b8a14bf709,418.839334287518
0x69fa178d92f368b7c12ef2586f89bd0b44572c0d,418.6817095800892
0xca984e344ffb619fb7fdb59327f031bce95485b1,418.6740363580139
0xe6a347d885f73eef47f621cd73ee5c89d85ea612,418.4280323064268
0xdd4fcf56f931196e2b595d8a1c975373f71f1f62,418.0141600863526
0x5707b31645635470e23a2de64216ed39c4938972,417.7334760542117
0xb6d41fccfc4783abb9ef13ce297b341499e3f0f6,417.34309895890397
0x3147a3ebc0912d0206a3210554b4a6a8037a8e92,415.3305857656706
0xadb0161fb6d9275b5f228613e1788ad11088c2fa,414.9016544764046
0x3129b343d6a43d6b434b6488c439b00b5cc48fb7,413.588191836501
0x05b536c9585a838c7d61d3226b80a2441a9d658a,412.9387776649295
0x5f78a75ee92885cb8b32bdde19b17600bebfb270,412.557368370113
0x3bd4c71155de785328bd7d1118acad7798cbaf6b,411.8204510128045
0xfae66a3706cc697a6b7903ab768fa8f0c0a30d12,411.70691199999993
0xa0b9712c3b4b55e8f3bddf7eae5877d7df0ae5cc,411.28868335984504
0x162cb3a005c81dbd61f85b6a8c609189c026735c,410.150775295418
0xb7a4969eca306740be400d6695edd4e811b875b6,408.76593304220853
0x75ea68f3c8c59bbc032dfce2db0705e2c6efad0b,408.7205872494614
0x90ee58492d2092e7470c61c0d98b9f882bfaa0be,407.797203661682
0x3272e81d01de0a06be08ed7d92230346d2f1ae05,407.47373781043274
0x4935ab759cc621a33afc5b7e655e20bd01e2daae,407.4247916128086
0xdd663f39101cf0cedaaee7bdfb060f4b9c70976b,407.193797099949
0xfaf9a7d04c90a905363e3cb39b30f178a50eb95b,406.9713078186416
0x770e7956dab4f591da41532c9521fc700372a475,406.868523610216
0xdcb075eda5f7203018668b9413d06a5b6dba0466,406.4403178990601
0xf706b758d0cc86205ed6c3e8973990e92efdb67f,406.3690446826375
0xa490ee2d50ce35fa15fbb04573b94a2a62fc1d99,406.05343081153
0xa24bb2a413072d89327cb6b5718bcf6db137b449,405.87776017220693
0x459e4eeafb9e5d7299bbbcd5b6ab36667ffe3597,404.7498297325339
0x2935e9b6ae3f910589614a32127d70ee689b02d3,404.48036800584777
0xe9b563c0a167f5da42c6dbba083306ad0e36d3a1,404.06696648382217
0xeef7e69972764d00420f6090a1322f7ee8c3cd9a,403.7766996254126
0xf04dac9cf12fd8a2b0828a4ba69f496abcaa21a3,402.8346043542789
0x1321228815fcf38b75356760db800c7becc7731f,402.34839601072906
0x8a63b92a60424d520329ba24fea2b5ebe1c3c804,401.3461143064058
0x937e3a151598ae3d35f51557eff6625a3c3e1021,401.17048759200003
0x8aee53b873176d9f938d24a53a8ae5cf36276464,400.9736152167545
0x3abb02fb560b07488e264a8e5934b1258503680d,400.7442749550577
0xaada5fbd87aa8844acfee1c4f6ab9e7a6768dcf9,400.62356034589664
0xfad15731637a23c25f3802e518cec6b44cf50e11,400.45561305123726
0x0cc7d1cefdceb2a8b2a108fa3a95a6717f7de923,400.4482626991961
0x52152ba339ba27762b186aa26d652eba2a1a15d2,400.40588878424995
0x956b59b45d8cc1b034526d7c4acfa5f33890b061,400.33184878295924
0x861e2f8fb95eb8f0f410d29a19efb97968c0b4a6,400.25087033488046
0xb7cd446a2a80d4770c6becde661b659cfc55acf5,399.7322059254559
0x80ddbeeb05788980caa0b1b433b40d4443f4439e,399.6244363237674
0xa97080a588bf4a781eb736e11e4548387248b1e4,399.60955417211886
0xd34d4916440dba56a5719af981e646d69c9cec0d,399.3543399851983
0x5d317fdf5dd8b5808ea7cb0be7fed308bf4fe544,398.9914486731424
0x1de278b44eeeee011b515a7371969bcb163915d7,398.8272267373285
0xc09bf2b1bc8725903c509e8caeef9190857215a8,398.0260319646573
0xaeb0d09b99bef36256601601bc2e47c938f63ee3,397.1880344530187
0x071fdb29fb89bc8c6ffe5d88466c30c640d04ff4,396.7310450406204
0x58eeb5d44dc41965ab0a9e563536175c8dc5c3b3,396.6850952471241
0x161a4987adc70a642a247bd689a54efe3190be42,396.35458873596707
0x73ae4f42ca848f8da145c0885ed3668e1e1c5876,396.1469063513756
0xf07de48ecaff3726b450f3facbab83db7455e675,396.0246300362451
0xe9edbcec421c526e1b661f7971a25d5228ce4374,395.07504715955844
0x717fbd51f3c55649658a3198f697a5508758f864,394.69326196314
0x11ad05b9c54238f3a462f5163993b31e7e7953fb,394.1589225152441
0x1837164d1ac7cb56d75c8964aab903a26ee02286,394.016707926613
0x4ef9e909195d346031d088074b11ded6623f6e5d,393.9548049266218
0xe5282f5e2c89a94aa4fe49e9907222903d3f580a,393.0019461984691
0x6363ea2ea75d02de52e01389074f793b0b0cc11d,392.848630877362
0x9670cec6ccb5f9d393d2d4132dbf0361baf7382a,392.35135875963005
0x2f1dec6c83ff85030825a1d19f7697cc5e3ddefa,391.37175857744467
0xdf1acdaa628c31c66ce315c20aff9284136f2016,390.7644741950073
0x006c59d5d4632a21a45b1beb48df122634ff81af,390.70395608217603
0x8fbd26a7cb1ab65834c5ea245aa1f1e78d03ed30,389.808613494772
0xaff09900f8edbdc01a4e3baae63ab417594c2762,389.695356493776
0xec95af6722a12a7b373bfba3cf152954927a5bde,389.0197313968549
0xeb4626c5149894022c2066120ea7f20f217995fb,388.11033612498716
0x1cb6b5ea2845363bb8ab43eb5872fa6aa2850ac4,388.0516125281879
0x6278b2bd21d9da454b1779732886b9cfb63e9e45,387.4962970370187
0x126cde748c177a6805c40e41ee8e38d9d950c904,387.02109800000005
0x309b8b94c2ffa91bb14b36dcda61eb6bcb8bd132,386.29370376249955
0xa6890ac41e3a99a427bef68398bf06119fb5e211,386.2444667768515
0xdcd0626a3ea6a63df2612bc3ae7ba11390708cc6,385.331802880042
0x7ee75357439217dd86f6bc9516ef2d7465522482,384.49754368708597
0xb145b5ac3f54adfb91a33c82820b06ac09b4d366,384.2413309555644
0xb6b0065b772b1c7e8a27eae92ae67ea9df45515a,383.4561800433634
0xea86ac8de897c906b3b50d3fefb20a3dece9ef76,383.43094026187794
0xf71364fd8ef7a5890841e21e3a87b293fa617c73,382.67545621479957
0x3cc5519fb7f811159f30ba21dc2258341872dd67,382.40017995058383
0xefffc1c997a17520bb845cb1d4efa5b5eb07c620,382.1376577182436
0x648450d9c30b73e2229303026107a1f7eb639f6c,381.73680601046476
0x0eeb656c196e3022f6052bb2858b884817090dfe,381.46938144602854
0xc31c1779ed68e0d3415274e4ecd6a0e245ad45c2,381.20709624222997
0x9636eca9bd4fa9a9f3820b8f1cc28c1579da7041,381.09047816611996
0xf346d00965776e504930675100c8e2871bd6530d,378.81690720427696
0xc2de17008677606259569e5fc4eba1e60914a6d6,377.43337767596705
0x45eb8509ead5e76c8ebdff0c4266e6545731bfa3,377.40083638695165
0x105077ef53d3a281f006812af15419d29ed4a735,377.11063973606264
0x9973bb0fe5f8df5de730776df09e946c74254fb3,376.971458533156
0xe2e006f009e292d0e4a37e1be7e04f5c363df2b0,376.81425964276355
0x6383f1218bddc232026edaf33450f127d6b54d8e,376.59853564392785
0x1aeaaf46582d7c70b6e2f337f349b1ab06c9c1a4,376.57417246091785
0xb20bd5d04be54f870d5c0d3ca85d82b34b836405,376.41314794595337
0x1f3bfe853a4187d05fa4d8b845b3183875d8abd0,376.1114185237803
0x54f5044efd8538c41ccd4bffb06cf375c9bbb6c4,375.8471920492223
0x48789721450d78c08bae61f0f91bcc9ec87cbb7e,375.79919674609295
0x300b7537063a62fbd8b2445760abf89beec83940,375.76274852460597
0x1f4ea9d7a4d078c81b7e3ca6a61b5e202ef0cf18,375.7067727117031
0xdd2f8d990d7352bb38bd0340c394af4691d9957c,375.04732144503004
0xe6f4f2ebdb33d6ceb9a69434d4d042277ff41c5e,374.8143452707333
0x1ab3e7bf6c2670c9905e635a95aa84e982c9b1b2,373.163651152073
0x37ab77c9175de43020eb9f32c4e1f3014aa15a80,372.7614929342122
0xb66776014d002479ace38ec16e604e465851a33b,372.66756926406333
0x5df16c3efb9e3cf990974aa23c5e8b1fd38fd2a2,372.4711782686974
0x2ffbb8c00be0c2b4f9465576ca3f16550cde58be,372.4656972464573
0x5b87acd78283e17bd8c5c532b8086f30dd2f2316,371.51328482943177
0xa79eb2ba2a988fc60278011a07c6ce8b0b842263,371.1090743419543
0x03106d5f28f1282c257c0e1aa5f54d6d95418979,370.95163756407
0xf5cb5c7f5c34fe500b1947d14d5eb123969d250d,370.80038503014816
0x8845e8de72da07d4f8e3645c4d81c331180bc30a,370.60046490814744
0x1dc681260fc323e6f7eb38de7c6015b6c4bd71f7,370.38099479854304
0x2fba756c64d4f9dbb17f1b3a1afb5f05af7f18c0,370.3114070326844
0x014cc4df178f689d4f03958a2f9f7f08dee04e2b,370.1182997475589
0x23962018d1994a3fecc6692ff046d426543fa6e0,369.2512255255041
0x5d2325d5afeb10f56dd3641f47e13dbbb680a23e,367.8715256800626
0x2027ee011b93c48d138704260f0b2803c580b5f3,367.82750147320064
0x71f3f0de95bc6772a044aa45f16d7b1000c5a0ee,367.74964324227
0xbae9dba14690b1c04684a8dccbdec549dd0aa3ee,367.74964324227
0x55ea80ed480b1963834a570c856f765b6f732272,367.19342610749425
0xe3d458419e8df664325d6aad9b2a72e32ac46636,367.088541790694
0xb64508b9f7b81407549e13db970dd5bb5c19107f,367.0485741537511
0x739602e0fa8068ba3456d959b7bdd0829974bd76,366.76263901467996
0x85fc3fc63d3eb9554d93e98c14a353847e199b1c,366.4663367596378
0x6f41040b9e098c2ac4b88e27b50d4e9ab486781b,365.7282300370335
0x20790842e3b690bda633c8fa531167dae8547a2e,365.71740346492317
0xa019e1e0c8715145cb5a281b0e75cd78aad0156b,365.0076310597583
0x62e0d3fd804dfbf02d08ee632e9634dba5c00d03,364.61420922400026
0x7350a927f600264ad817c047361dac697fa73b37,363.773088
0x35511d66e2e4ed1c3b9e4407731736467b0fa02f,363.4911983473911
0x1b78bd60eb71ff95bf3f735ec6eb196066600f41,363.4676496299911
0x79bd712f876c364aa5e775a1ed40de1fdfdb2a50,362.9000522089071
0xd29b429ebb38f49f2439c009b5e6feb8c98645a4,361.7535329702884
0xe0a33442ffcff5093ade0e7f48e9fa0b6497b280,361.694258323631
0xfc5d889f6bd5af519a9d9b173a80e1536aa7c572,360.99479848224235
0x75e1b5b9ac8e996ee1b70a43555513bfabf839d2,360.9270339301549
0x299653c37a77b3fbb0e87e044e3bde33f64de20f,360.74084103374986
0x8ae2b9ad738b41e8a9d3951a414162040400570a,360.486487624845
0x6eb83d80362ca2efcd4c10c1216166f0e25e1555,360.2542357082026
0x0eee7f7319013df1f24f5eaf83004fcf9cf49245,360.10298344801464
0x25ca2719b2b4bc137be0ea6e5bb83bf3a3dbdb7e,359.4736467761138
0x81bde3f5b1e66fe0a84682e4b31a05efc7bbd7d9,358.93441039793527
0x2f995d34e930b1a37a507ab8016c40270789a6d4,358.7506987723855
0x39452bb88a9b098015fd31a2da8375f99b4e976d,358.3416411851394
0x976a050ef1e3e9b274d2a20ff7689ed1a4c2ea08,358.14329502758346
0xfdaa18041f44e3fffac79f781965d701da0e9913,358.0479922284254
0xaa934346e4f74bc23e62153ee964df8b826694ef,357.8196931606746
0xd9d854a1061b8ce606fe904cb29beb6793c88643,357.0720473655283
0x41bef370acfb3dc52083eeff6017d593ee2c06bd,356.8998118777435
0x8a8bf1794323a062dfc05832266d8c3e54a3ebfc,356.68338247291575
0xf03736435697c4ea85a25c6c82a2ca43dd83c94b,356.1351737478794
0x0d61bd3d0caa8630a7a72a82713158237bcbc54a,355.990244369391
0xd463517696c888938f1df5b9db6e09ee7d9f0e94,355.775817294676
0x16d6ddf22ffdbc3793400aaeeb2ab51dcfb9e428,355.75850554170813
0x4dbc1338be012bcb9382134329dbebc4ee4aed7c,355.5423007308866
0xffdbe829d5a9afcd50482c23eb387b9050f1f825,355.4410484492828
0x35a15e2951d95bd197c55474ad4042a925040666,355.41005035281995
0x52019769c867316d88b01b73dbff390a76d56656,354.5803075815878
0x969d611466268e35fe4c5140ce07d2942a8df294,354.46626908541
0xda628ed926c042b8b80293e358095296818b3db2,354.26354844004715
0x680b3ec4be81d19772b7295a3babe00da2471c16,354.14850214082
0xf71c86aeed6374a48cd7e20169504e6b55fe322d,354.102261008279
0xadafb7ecc4fa0794c7a895da0a53b153871e59b6,354.0680929501433
0x44371665f7df1e8f385009c6b78763b616d256a1,353.9953377388714
0x1e0497539720cf11dfb5328dbd1b20a8f31b74da,353.9086750168871
0x02d436dc483f445f63aac45b37db0ee661949842,353.66842227769234
0x15abc0a88b462ed37c89fbcd2bc0d6bd8a94f22d,353.3634600104006
0x65fba11afe264b91f4c25ab74d55e73c6c00a9f7,353.1403674552075
0x967ccf2eb9d3fd67fd7dca5fa87d1fa7ed7396ab,352.4069889656739
0xc52add289a484bc76be5877c2911d8c0dabdc3a3,352.00810854658056
0x2a61f43cf303fb4fc32f91f40284876a6daf0667,351.54638603168956
0x51d1026e35d0f9aa0ff243ebc84bb923852c1fc3,351.4415536201234
0x7f8cda1870c4b21524c6cfed1fb1e7e3d6901b8e,351.3333099315431
0x069d1b89c31874c384374838de65b0abf35c6859,351.10470137102146
0xc9429b2c11e20ff850a29dd239f04aa9d5325740,351.03209353334125
0x3157e15e15fd41d6a9c5df255c71506f160db67c,350.526079108557
0xb969870b8e2423da232ff4a4c40d9c6b4929df2e,350.4898225890323
0xc3881fbb90daf3066da30016d578ed024027317c,350.0119447698662
0xa24b21389909b190a7971d5e55fbd071c9fc2481,349.889967373049
0x0383f6605c0866fbe85c399e48ac66e435ad1aca,349.5535505121415
0x7407aef20b224a02c0f074a50b086b8de9d02509,348.583789040384
0x4981139acaf3362fa31e7d12f81ff4b65f881a2c,348.29693747498004
0xe9007ccefeb4e239602a7d6b254203584566dd67,348.036425600298
0xcdb0bacd8dc32c45dce0f97536646cd40835fd93,347.86031229834333
0x5fee0c80d26cc393e48f0774a56f0362e82b76e4,347.49380025592
0xb9e618c652d5b2b774de15caaa591b61b557caab,347.48136186325104
0xa16954eb7229259ad35b1a9db5d2dacd6935b9a5,347.0210077522893
0xdbb7747be4ec7499f1acb27bfbb3ead477ade8ff,346.6790576455472
0x84f0bde4a5e023b022f2d2c1ae5b5b7884a4bb7e,346.62710460475506
0xf482fce04ef6f29ad56e46fef2de038c42126e2e,346.57515523637136
0x55a22cffcc37377ed1f08b23c81cbeee5be91a15,345.6773193756179
0x564139985ab6a10cf80dddce6e1102ada0c6b9e0,344.83293942591877
0x03b761b1e4b89d2f7252974465ab3e435a67a01e,344.7739262771255
0x1efd85acdbadbe1800ce08b37541e13fca82f1f7,344.5599945927336
0x9ce9f90a9cd83abb36f3dd66c8eaf5446e2a6949,344.4797729007692
0x66e21b7fcd9d421a1a421efd5f7a3146112a071f,344.120569135075
0x4846413914bdb15a73309a94631ecdc6668bf865,343.9129211181442
0x1aa5f0538e7d123d358f439d4118228db43f2bd0,343.55124667979703
0x37657c5f56fd56fa46f28cc2dda74d564bc76924,343.28015840285644
0xce0719148afe556cf4edc5307254e86f02e4f418,342.9468440460282
0x0b420bcc3c04b1adff7b777c37ba521de9a0e5f2,342.17330847874376
0x35bc9767480fd6d4e6f8492a911543d7797c83b7,341.8544204614519
0xb782feb61b1593b75e1085b8d585f97655b86e84,341.6317602747482
0x632eac9509e4be8394206cae68348583ba37c3fb,341.6235
0x37394ce107ef2d92c2a08201ec57f6e2a3de879d,341.56988414313184
0x3a5dbafbac514a0b40dcdf3bc3ff7763da9d2d37,341.3817843941651
0x6093049e481913cc8d626b3d75f0fc30cd53e11d,341.2867187168518
0x14245324729845be4cf640d0d592223866258946,341.2660729875351
0x8867f20c1c63baccec7617626254a060eeb0e61e,341.2040014567785
0x22298c24aa47ce21fc315d5cfde19811088f2000,339.89278680536233
0x16d840ace1d87b6bb3b7296765aad44351060049,339.58245944728606
0x8e9458dafddeba112df084100006c8f3bbeff020,339.37703188019515
0x7bdcee641bad9292992b9b0df27119e6efa1473c,339.27195493038937
0x2117067a58d8f55820df3144cf9e45030916ee64,339.18781143328204
0x9496d107a4b90c7d18c703e8685167f90ac273b0,338.84672208141944
0x1c8edca101c30d85e1ce32f354e27f5cabafe466,338.319258118054
0xa4c11b5dad6a9250b477aec55c900b70250d301b,338.1441485141439
0xe1996640c0e7ae4ddca6310a25879b8255c7e92f,338.00228303907556
0x674da545a40cb9c1aeeb8127c331154ebd051981,337.464177994544
0x78efdf02af93926d2cdd4be9363e1543ccbfc2eb,337.4199531842388
0x2b9e92a5b6e69db9fedc47a4c656c9395e8a26d2,336.41823806005516
0x468d88c821d2550760b2740b29dadb813fddaf76,336.32881293586775
0x09923c69a32118938a80c2bedd1d8762f638a2a2,335.01796292803704
0xbc706ba6a53717c90598b3db0bdf323c4c61bc13,334.4064496784548
0x538f374e86a045c905e66e60dc7f6996a2643d17,333.46877533640804
0x0bdea97199f05a34f9f27932730cbab88948e71e,333.2184758692849
0x146c7013206633681bd684a314853010aa95b942,333.00218084806545
0x7a9def1b21f29d2c24e6519ba8aff45765e39ceb,332.4826118089607
0x8a5f0fb118de2de459fb2910117f3cd5c720744f,332.4659515370812
0x62b9768cdd44784dfef97a94ed83b5f4cfe5d59b,332.1537672584388
0x81457a511be6cb1892204570ba4772e8353eb4bd,331.8178414553339
0x77e3ce524f7cf1bcf97d764226dcd3f1a6210ef9,330.6766275234126
0xfdf12d1f85b5082877a6e070524f50f6c84faa6b,330.4336605722256
0xa69945a0f0addd9953092b5b5df5692909d2c588,329.97646708829194
0xd3ff34fe9692c563bafcb58c9a085c8c89c2f180,329.78007994431925
0xe20befff0f58fa3d7bbfefbb170b33470ea8335b,329.5744051617556
0x84399bdde28f5ee1f6a034611837b72495e667c8,329.3887195003206
0x0bee8f49b63b84259cea2558d592c1d322131aed,329.2436963070196
0x3cf9990e9eab04581c04ce92c01bd51a54ac8cad,329.2093146432543
0xaf7d01371765858473f9282586f92c4363f10a53,329.1147270647785
0x72995185983b7170bc15249f7ff0914120433b6b,328.7785366346702
0x3c2d2cd087b3aa63d65e48a94b7e533b18d8044e,328.53031982104716
0xb36ec83d844c0579ec2493f10b2087e96bb65460,328.0532915750094
0x7f4d4df779ae5c77f4c8bfea398a3b612b436927,327.8481454729739
0xa59189b47bc699fc4e00eefcbf178ac9206979ae,327.75174166659997
0xd9b23bab77bedecd45067e2c715d38c32d42a63b,327.6799724583504
0x44c622e462543112640ba8ca457ee500d71c9fbb,327.66491535120355
0xcc8c6e0fce3b15982a20eba815aef8cd8cec7fc7,327.13407888057486
0xfcfdfc98062d13a11cec48c44e4613eb26a34293,327.0330849761821
0x7888301a18c65bfad6a6dca555b00fa451f0af05,326.7293750636079
0xc870acab6bfe070690e42c9c1900efeaaf04ce05,326.4084599757147
0xfe01d5634c7f051e1d4258ff5bda70844136cee6,326.30382260153965
0x5b45a6aba78481976a294986c16abbaaf64463c0,326.297744043048
0x5e072bbdcb4ed704763d8c9208179e05a7ca5943,325.7271759568567
0xcdb49866c473bfd0a4dbf64e48d7db2cd31796df,325.5688239065421
0x1d96d214930638213d2dff72b1d76c928a9ab9c5,324.8654724029419
0x00170a7ede49642cd6ebaf3bdd9e18b52f39e56b,324.7564189860815
0x5fec052f0f71d102b24b2e57621558bc24845af7,324.38987
0x8e5efcd23277533faa2ef9f0ed1e9f68381aa381,324.35183285499375
0xd417f1fcab7947cb4ee838fb73d35b9541ca8211,324.31369397518733
0x4edab94d75b850865dd221bf74b240c167557638,323.950067213373
0x6c618dd1040a79923cd74113ef0ed07c07d2b0e7,323.9421899876943
0x63f049f3a1dd35b15710a423e3c4a9a6db811c8e,323.5147681398297
0x199b725aac3131f7698afbb894abbb2dc4d0ca46,323.4366069599738
0x7ce0961dccfad322b5cc743f905665093dfbc8c6,323.05240000000003
0x1e658f16940aa35b686419dd7d06b07c340c47f1,322.6908945741163
0xf76f40d024a4e9a417b03ff07ef9098600feebd7,322.017143083812
0xbdbc82263b92559296aea3c0268bcfa69ba69a20,321.4423608455657
0xd20a871935235b8b2886ebfecdf3be2ea52f7422,321.31475861255996
0x3085f06e60cafac44b7d2d9e251771dd22aa9a2b,320.92856678381463
0xacf6d7a642502da50bdc3017485067cbecf0387e,320.876751161631
0x5f4e47e25ba0f3247d25e08544a3b74db8aebabd,320.60699849554237
0xce198ddd044c411ed26a67c90fa7bf62c9d34177,320.5263597810744
0x1b87fde6af5396165fdadf7f532784622a824abf,320.5251020763119
0x45220a5cb9fcc2f1eae4fc66c78f1c62e10d78f9,319.7046681248785
0xc5578194d457dcce3f272538d1ad52c68d1ce849,319.6914078024275
0x38fb252797daa4e21b87a62bfc9acc5bcddfa882,319.20609181424413
0xa233cab84e65dafcff359500126ada70e2f635da,319.16048134373244
0xb9f4a56e8b560eeb488ddf8d5990d147816364a3,319.1395367766196
0x139b6a7c65d40a71e7281223ffcfca9446c1a816,319.09810262518346
0x2b2edf680e09aa885875ebbe4f16a03a9565d4b9,318.9741653800703
0x7dad2ad3fa8913ac82030602dd1e30b1c03bf7fe,318.9236705216053
0x820e5ab3d952901165f858703ae968e5ea67eb31,318.68411718026897
0x4435f6d027ec46894e07dadc3d4a95cec30cedcd,318.529286064482
0xe5b95406cf33530a912b5740c075a07a7feb1718,317.95788813427725
0x5281e311734869c64ca60ef047fd87759397efe6,317.84847202442523
0xf0495cd0e51ecc56a730f63e18f3bf3d455c7818,317.8143425452557
0x6ae45932b9c1e9d4a99dba137b990a02b81f8a74,316.9510830457288
0xd3da6236aecb6b55f571249c011b8eec340a418e,316.77304525927946
0xead58cfa88e9c60d8677da79e275c04c7baaff11,316.767278160468
0xd7cef1e0c02b50e9c5852f47736880b66e50acde,316.5207414474078
0x30f1ab9a4f87a15e28c103ada65507c2731cd7f2,316.43167106861944
0xb541b4a5b9e3e5f42d6387111684ad9743c3c80a,316.37645130491285
0x4c877141147fdf2d3b963a6c897a4af7c113e25f,316.1875458799663
0x3f739d86858dc72952b4daabe3ed323adcddf2dd,316.1437575015925
0x3545d371334f4374872e915caf5ec36c0d83b93e,315.708912650476
0xd8d9505cc8693e207eb473f1a3ba233027878fc4,315.05799862770095
0x58547232355d64fbda27fade960427b655d4cfd8,313.9863088657419
0x4e597f8d5eeedb95be42ea8b49f2dcfc08bf14f1,313.6932473179818
0x5ac1df05bb2ef00ef16ece23fccdf46d4fdd0a47,313.324756976266
0xc530434eed959c1a5f6bdb14bdd0b662ad70d9f7,313.0397064809604
0x452c60e1e3ae0965cd27db1c7b3a525d197ca0aa,312.5468982102664
0x5897751edd61b0ba3c4b62e3397d53f96bd1fd91,312.3373400760203
0x2c3c6f01c78d5610487c1200b7b1bde9360ce3d8,311.920744500364
0xc03a870d4a6221190482f127c76525c244d659ab,311.879588092026
0x5061efe73177315237be75f51ecd29a9cae73a27,311.3549462158833
0x1de76481f8881ed323ede2388095a59fda09be9b,311.3540095722885
0x58f89ad3de2cad9a5df61e13bbec0981aa22aa7f,310.99020066858037
0x9f624b25991b99d7b14d6740a9d581dd77980808,309.8297783181049
0xe4ad38fe2eec64192e7a3b462e39ad0235db4181,309.7926195588843
0xa684645d3cb17e906b8944f1d03537de208370fe,309.65175368192223
0x0fdc86703c938e3e1cbc9e14f21c6bf709c13acc,309.38805426474966
0xe9614c2b70f3e5b62ebb4c76571e05cd41a65381,309.1397793580745
0x7b49e2c4764b14a5d8306aa7c12e1d111f04ca6e,309.0099746930093
0x7c082bf85e01f9bb343dbb460a14e51f67c58cfb,308.7745346005067
0x017bb5b20cd3dafb05a02f1b89fad9813c68e72e,308.5515203550228
0x204f37dfe5002a294e7394bc658c99b037b2a7f3,308.32192451125525
0x64b91b92240bc1901855dd55ae632addb650d089,308.25174006874795
0xf97503af8230a7e72909d6614f45e88168ff3c10,307.9557638614909
0xcf24d8a93c9277b4a15f057d65e8bd91733f12e0,307.8698653390866
0x44058668019b5d04baabd313ff1fdde6460f57fd,307.77767894681074
0xb15bf54fd8205f3cd8b95363c9e6a0e7f788ab53,307.0006393503483
0x3da5954779a9b58410a820cc9a220637f4faf3d9,306.7161513376383
0xd1a1870e018fad4b2603ccd3f314da3b838f202a,306.6471463267677
0x7ecee76ce0c89cebb85addccbb4b39ed9b1a6370,305.7275475868647
0x5c60d55c6a665b63ea0475ee419709ad8cad87fc,305.6878251812955
0x88fad7f313ce4f7c9f6ecf47b357ce490a4d8fa1,305.65895926592003
0xab0f41c51e06f572a526ec60804b0c2832f15d14,305.13000000000005
0x4ea832ce69a150c9f14ae3bf54bf0c83ca127e42,305.00661179270435
0xf408de3d7692db204354e6bf9d024253c901afbe,304.87384029611394
0xe56ee0e5ea56a858d3428ece52b74a11d566f306,304.7427363423894
0xed267fff4f8301626ace52756d350a63153a36c6,304.69246720978583
0x31b978937e0adefc24fac3ade0af40921ff64f04,304.38340976443425
0x9194fbb0363c5dc78bc918f888a5b87781bb9d00,304.1905187536637
0x9f41a3ac0c16a9feb5400751a34c609211839cfa,303.57195291114914
0x4d5ebb22982ffeccb7b3e42a624555cb313285f0,303.501248588623
0x2279ea4e47fff3b31390fa476c6cf8bc8895d4a9,303.08732162841426
0x3bd2cf67ce94ae9ffc2ca73ed77ea6acf0b6e51f,302.0528436718994
0xc5543de52b072128d3b98bbf30f0e66f51766da2,301.9457277160483
0x209f7d4d96c5115e68288fd6a1bfd70b0eadbb49,301.79949006041323
0x7ac54407a88599612b7ed37cc3144242d1006bcb,301.035465864
0xeabd8ac13aebe63492ea6520f94e0d2f015e7904,300.98555289473603
0x084b1bc67799bea7f6209b87a902aaaddb36fb6e,300.86619005902384
0xdf4c32926d433bfb6f8dcf150141ce014e41cb4a,300.7303957307119
0x7f64592ba04fb9c325a7a23e260566e2a13ba56a,300.5198450964979
0x8459ce8ba82b85b4e2181ff2a69d9cd3fb198337,300.43888930311573
0x401003fc839eade9fed36cf6b9448b2107c8eb38,300.4150427521163
0xb2e8cc14a568cc7006569c4202e3ed8035bcc72d,299.95614586346744
0xe7bf5e25660a88bf2d9bba1327d84356ed44c8f6,299.7523275062513
0xb129374d1e6b47eccfef1464f51ae209183a4e13,299.557149631566
0x9d799e7514610504e624bf7ea86e13362217370d,299.4163389419478
0xab2627ae684954585c991f13c8269a2d3945bfad,299.34356535487615
0xdbd4f1974c02127c9bba6883e3178f4700557a69,299.248317512128
0x72d3443605ef16e35de1bf0a28ed4d9d5ff8436d,299.2201789733388
0xc6501642f183085f8343d3907ee9f0327b8fb4bf,298.9554073960193
0x9d7d2e2c67ef21a0d3ee5b309d417d0ff601392f,298.459440419904
0x900c258d34667c87cc075a639f1ec9a960f05cea,298.3581295162757
0x5df48e27f877717817de617191b5a7528c0f2d2e,297.9848388127999
0x1e5eaf4669c1d441e885491382048b390925f769,297.9008545563381
0x10d0c83508786f9578fd85ec51e3cfe38a8f2526,297.86353870224536
0x985da0ba9ac1cc22ccb62485c0f6407e7c29e41d,297.5315918690442
0x4ab70414086bdd3377c743b07dad88c96e3f1de7,297.43815301740256
0xb345618f76e329c261c21cc81a2983db0f62d917,296.72934122482815
0xd80debf02401e3170aae5313cb5762b3648edf0f,296.53180950213334
0x7e350f4ff5d3ecf97bea7e918244cb9c2605c09c,296.520561572088
0xda5ac268472a6e0aa8821ede76a516864dc5e6f9,296.39804775
0x12b791bb27b3a4ee958b5a435fea7d49ec076e9c,296.1967680694934
0x90e005ea06d198c062981beb934dc2e1e1753cae,296.01702226675314
0x6855859bea41a682707c4aa98424a734515da111,295.76049146595705
0xee931fa263f3e5217eb7cc4efa3442e77d0e34b3,295.708
0x865c3b1f995a5ae0abad794e981a16ae4cd6a201,295.481757686263
0xc925597c9501fb7b107c65dc062a0f31f5d60a87,295.08774850674337
0xe2e5aca8e483a4c057892ee1f03bebc9bfa1f9c2,295.07286458211996
0xcebfe2688fc4c09631791079c3055047989a85e3,294.9952809048487
0x6a1041865b76d1dc33da0257582591227c57832c,294.90897659384206
0xe53533f78787c63735c77c9e2f9c60081b942cdb,294.84444146240503
0x79e7140f2d1b08b9e44468ae9ad830301d04596a,294.7897185004839
0xe55c3e83852429334a986b265d03b879a3d188ac,294.58985156471283
0x18f58d1a7e791ec838f6983b4fea4dcf82910653,294.46009915238733
0x07d8bc4f624fedbd17db6f5ba1e7215f1860cbab,294.24202183794034
0xc32828129cbdd119862823c917f99417dd84325e,293.84894212448
0x20d01d82a989a87b0ed594aaf31aca679ad8c34e,293.347454534849
0x593fb9652f7e9ab69d62d83c72f5c169e82d04bc,293.30227252483724
0x7d3809011e3d1580743aba7202723323636bf0cf,293.0100680146637
0x1f138debc0721b364a967b09402b45069cba7b35,292.9228748179278
0x72f62b90af4eb8fbd95fa5b1a2937d3cf9766e2e,292.70594558614164
0x4478c3af95269e48aaa2fa4fbd2231df4aeab43f,292.55462676546153
0xb5cb05556197e241cc6c241f3fd34fcb26d5c670,292.55045372565655
0x4580b644a86623f42e99b082a5378ef844b017cd,292.4139279814617
0xbc00e708c407d7633f7504434e74c13e171de7f1,292.13376988626277
0xa77c3e572a8e7f1848686e2a3c37c253bc4081dc,291.8553246189988
0x406b80500d8669eae886402a4e12f23094c3c2de,291.78583123651396
0x30a9a577ac77cc70a5353cf6d49fe5df4035f713,291.496259827809
0x5e3ce5c9be949cae98e09daf1f1b60626551492e,291.47516979907687
0x08044c34cece028b7283d959ce9a4819cea68286,291.47200731355326
0xe94272661fd46362e5dd247221e0fc018a298d09,291.1331004251608
0x3b72010102d7051a029c151855aed24c502f9b3a,291.06203186182296
0x01b464bc83f09e13c0ab218692ad09f971d88608,291.0502799736821
0x763d3b7296e7c9718ad5b058ac2692a19e5b3638,290.927673941708
0xb5ad2bbf1b0c3598d9e40af4a7b757b6d8fec0b9,290.65409565694625
0x769c9115594d567d024b99f1094d2ab53e47250b,290.6071397154024
0x830c4e1511f2c7e89d37c4959e302157d80c34a0,290.5692472002864
0xad065bcb91e1089f2ff3f48947ac1669cfa557a0,290.508524284896
0xfb012ebf4e7e28359fcfd5f2f4fd6fe787fe8f7f,290.50348008918957
0xcbd78f8fb96bae40826a601f8b9ba17782d62527,289.9801943728934
0x8280978809e54fa5b2e68a83cd5e853a6afdbf76,289.85577958457174
0x01131f123171d1e88b624781afac7bbd8e330d7c,289.75618699429504
0xddfb965e1bbe3649748f1ff72c73e768e71c7e5e,289.7285591218621
0x9d5464268058fc1b93716117ef5e6ea919220047,289.3602522710524
0x4926e55b1cb343add4fbc11917a203f009e1fc4c,288.27421679872003
0xee6b548c454f9c64c661ce87769281a8dd8caab0,288.15878347384324
0xba3d8fecb91c3a4528c73b28957088896c4f45d7,287.67486375144995
0x9c99c9908f1c731479f51c192109dce081f3e8b7,287.5188611484975
0x732276168b421d4792e743711e1a48172ea574a2,287.3966310145174
0x300d97e471989223daa4f1bb8d6e6dc72469a465,287.0823399593737
0x9855b8d02e70c63f5bedbb9339f641d06d733e12,286.9647784854546
0xa6f548cb6ecf29129551205d128f4f6698bb19b4,286.94880629578904
0x804151b2c13b572b586119c588d4f2aa98c4bf7e,286.5273299719274
0x75e66d062a2a8be5c99d71db11d72ab3b82ba8b3,286.3043073981446
0xe116ac0dac405afdcb85199a185d4eeae1d587c0,286.29186586623604
0x8ce10305948b9c67e462cb4083a184ad673d0341,285.77817562636926
0xbb5c31e79311b3b87fc8518eedd520004fe8cfbd,285.59494605449055
0x61f6cfa82ae17259fdee34a69ac34702b51b9c00,285.37369804550883
0xd2a70621b120ca5bd21ca9268270d5d1849fd79d,284.9743588204841
0xbbe94533d85793a13b84779b4f3f4b1a6965c874,284.960547905251
0xbded49a446de07bb9c1568a4da975d2d319d0d55,284.82281074350817
0x475af30820866eeb5886f42cfcdc11f658a49d2d,284.74919164090454
0x5b142a3daa8f7eb8a96ccea499263943e8f04cb3,284.5989138527971
0x60b84fc4338bd0e1119bd672f7a2a42d8fb0d5cd,284.10542011177773
0x4ff62e7620a894361891c358e2bff79c707258a2,284.10528551248166
0xe63297869593288639594dcaff2b52b51a6f9689,283.8599975564808
0x0d0b83f8b0075c45baa70a9ff40b5f2344fd7883,283.8273146032138
0x8c9aa8688167e29cd9868ba276e20747ae28b6c6,283.8033187857907
0xf4823d9c4973a10ff45ce984eab4d06290e9e979,283.6120984666685
0xa925065fb1896eb6c381bb7961c543bd4c105e37,283.47702590665
0x50d57f33f33f08fd6a2413f0f1dc2b0f6b42707f,283.4269327488287
0x2483d8feaa31f72a251bacc3e6e5f3d9a36e4e1e,282.89018758450015
0xbcaf471b33f92e9bb098a2958e98649ae52c1b70,282.77668202162255
0x4502988e070f96cf3bea50b4811cd5844e13a81b,282.38754216462166
0x00166fbf39cb769116b11327e6b9cb2eb0e10e0a,282.26217251870213
0x88ae68a99ffc68afd6a97b9fae334e1333c546d2,282.2321530991145
0x9f1a07a0a5bddee3a5b6ac17340838424b33bb22,281.6299010851768
0xfac1eb54b93cb5d6cc091f4e4ec4b7c651a1657d,281.4967881935879
0x64bb1db38086ed11296ca104f64acb4fe491c441,281.2740377175881
0x6eed6dff8e0a6ffca2f8c72e559e5830637ab0d6,281.11374051984205
0x261eced605428b18f111e23b6cac2ec6f0f14919,281.10457397918117
0x6d88d39892457f5be99441dcd8b9139f5a908ef3,280.17032794
0xe697c66eef1f2a6ed971a5cfcb25660932a8ed32,279.9540785520415
0xea120e1d12d0b5c3d0b142f2a5d99121f82d0113,278.810628256665
0x23a87eeaa9b617f5cecf6cfc03431a451937c7cb,278.0936611967051
0xed16fc66ca042aacd5292ea9a64fde7afb7c233c,278.07021627555804
0x494c73057cf9e382c4705e22df91250a539ea08d,277.6741657027393
0x851c7e37f2c88cf4fa2a825a0e924dd0e9bc6a66,277.5370357796373
0xf2e98e2f77124e01d9ea3f458622ed976d2fc823,277.42980536004
0x4bf55bdc41186c67759d87d0d0a5112f1a700ac4,277.16287026086
0xa5a30c885432b91bfbefc9587bd0ee145047c84c,276.9147301996083
0xd07ebab25e3b0cba2a75c36270ea35cb17434f15,276.614349018548
0x08056290d4213a2bbf2cc0b983921edfe1680c7e,276.54463408306134
0x1ea2577fc54720a01998d06b977a7b623ed11ec2,275.6433559864897
0x36f9ca01d84e61943974b61eee95ac3cf0112130,275.4219771664426
0xaf0bfc5c0f5961d67c5dfe410913449bb24e4eba,275.2125037597259
0x5d9a81893a3a1ccbca5785196a92826369d1f56c,275.04384702471316
0xa8eb39cd07768527b42eaa64ec973ea5bd570ae5,275.0108580482628
0x856b2ce33e85c7c8df6f5247c9b6d1fb395aae32,274.987435499881
0xf126ac81688aa0fc16aa41361a3891b6cd78736f,274.9048152603697
0xe6eb0bfcc8cdb8ed915a5d2a74fc18a138c0fcaa,274.563548418929
0x5b07de56b26c174b943df8e0bff142dc987e2be2,274.30613929071563
0xd52e1db02eccbf4e54695ce0156c4e4e4329eaa6,274.15513237836905
0xc57cfaf80a562cd9eaf7143c0894e92f1603df07,273.999939835182
0x162cec59dfac80086d7370f11dcd8705a45c9333,273.85559994715493
0xb823d4aebaa70c2a041b51c6c48390856b8392a8,273.49563198926194
0xea0f960804be8789a51390979d56de5783f3de61,273.3322670902744
0x14bd8653f5450dc490002bccc91218e5a64fa449,273.1970653558385
0x74f75c22399a6b18df88b19687076d18549a7936,273.0710071753701
0x8216f17d1db2cf6f35c44a5d26cdea5d379362c9,272.8481981119157
0x7a7a72721163698fa35f0d3d75d0727a161c1354,272.67888069856104
0xaea45869c1007d6d432be2d3f0fa627a2a61599e,272.09470081709736
0x3a417de058cee3640b3fa83f0778e0daaa7bc76e,271.958959969744
0x0d41b18e24dac8d4d8dc6070f2ca6c7b001d16b1,271.9272998493015
0xe1ebbf10ff289a646d55d717b0bb891ba285bd32,271.3552976602354
0x441f9e2c89a343cefb390a8954b3b562f8f91eca,271.12697523409025
0xd316583c079005ebc655ec1d83150857b979d885,270.998991678404
0x128ce3a1c7ed2dbc2d3eb386f71ce5f76c7054f9,269.90988448568834
0x40ed419e373adb0e985d1ec1defa80ffc667e8be,269.805969612675
0x575cc7f6ff8b8c0b2becc94a4f0282b7247a9e4e,269.64316523726876
0x375e537c266b43902edf37e732406dc02c0d7cc0,268.8273263203827
0xeead662a16c68fe58c2278c63201f2c739ee3317,268.82350991470264
0x0124634e7a6325babbbe39fed7d7f9a6bce2c88f,268.40500277022437
0xf6898791ad181630d28c626ec92c9a018241c6c1,267.5908682588969
0x151f89c6546c4512e873d96454b5f8bd80d088e8,266.9361655327
0x42e1174aceba0bf3b266b2afbf9c0cb2d8036052,266.5422394422213
0x48d20b3e529fb3dd7d91293f80638df582ab2daa,265.8789253345363
0xeb30726db589d49ecaf975c6915e9b8ff7551b10,265.81200558705495
0x6b5422d584943bc8cd0e10e239d624c6fe90fbb8,265.73903832348464
0x409f4bf48265f82ca5b04c3c0bc6225d11e67424,264.84138273754024
0xc908778e9d0aa0112744e9912324a22eab6a0197,264.70513827973207
0x57d7614e6fe477c86e68e169e9fa7ad1c15715f1,264.6343462115252
0xdcad279e517d7be07934ff85949fd6598758ce0b,264.28647956560553
0x32f022be0c05799507dc9fdf9082e7ff3a4c77e7,264.2173327347445
0x1c19fd9bd77d4383c66d9a6ecf1bc67d462c477f,263.6494384347521
0xdfb7444feee41158e4c95dcfc0663df0c4a4cf56,263.40825106692574
0x0c8f91657e7de290f04fe84203b490f7a5223a84,263.3634333522613
0xa909be631bf794346b6dee19db1d98b6dc0eaf70,263.2150692517379
0xeaba48768ceae15f7217c7deb65312c074e9a70f,263.1155720282348
0x8c8521fa2ed1b465832431c1dcb52be8d855c20e,263.03329805710325
0x0fddb7063f2db3c6b5b00b33758cdbd51ed2cc6f,263.02143202077343
0x87b918e76c92818db0c76a4e174447aee6e6d23f,262.0287018971441
0x3589697f57218bd57290ac18ae1c11b269ad964a,261.890613902023
0xb8fcc4a00125af1696d8072100aa1ad3d39a5769,261.685589346216
0xd68d84cdb7cce44aa1d057ff9d4b16529a796de9,261.4540169342561
0x4fac862b14917ea9402122fdf115a7217605512a,261.4528231972625
0x3f876fc829f45cd35c98f1c68ae2b49fe35db492,260.83057114622204
0xff0ca8fb445d3c62192e66a9ecb7d7d31a73e3dc,260.7276799395175
0x6c87ed3f2f569371b343d7818a4ceb39133d334d,260.5891135104957
0x3a8414b08ffb128cf1a9da1097b0454e0d4bfa8f,260.44236204067397
0x655bb677eb340298232b309b90349d7d6331d97c,259.9687687143144
0x4e76358096d50398ffc2d23249436b2beb99c91a,259.55928426811505
0x9b357723fa65e5a22b0b48ae397c2c68859b7b38,259.1849422418029
0x16f952ab22477bbcd706712895b82ed5de03c986,259.1572079935587
0x39893194c6955290ac64147ae50bf128ff2615ac,258.9189261261104
0xa9ad6a54459635a62e883dc99861c1a69cf2c5b3,258.874193578
0x4da56307a38aa15ebb28c81766415b9179984036,258.65854090086856
0xd7a4eec7dc25b83aca41465502804522e8201d49,257.98313661189036
0x211f47951bfbb162d61f9891a945f8ec89e0d5a3,257.3214816448164
0x2c83c54c5612bfd62a78124d4a0ea001278a689c,256.9477739805743
0x7360d48b337d5322461b9e5f0346b0373e7f2cbd,256.913935788078
0x1259d4bd43718e22f011d8cd9bb46cda49e51ef5,256.7997027810275
0x30d4e73cc4580cbcf50baad3510d1e9efa187716,256.73103169251493
0x1e00416fe506d002aef27575486dd3e4b51ecbfe,255.98370345766722
0xba1ebb247266b167721a5c49aaae1338822f216f,255.9420124352072
0xf53c15bdb4e90eadaf8be5ffb1532c60b1c655e9,255.861478828254
0x70ec2fa6eccf4010eaf572d1c1a7bcbc72dec983,255.45893529584853
0xd2b0964ca46a4f3401ef65bbf9c616ed2f43f01b,255.437095224053
0xcd57d843c9789d0c72add62791e98d616eed06d9,255.2223490601776
0x2efa111cefad1bdb117b03824716758bb7720932,255.17828006952402
0xab09a6b91b709aca783839344714ee3ab0b2dacf,254.28600922865945
0x90606dd0f51ea01e62751e6b1b0c9ae6a225c64c,254.28003025316195
0xf0119ab2fa10de47612521f974bb8e00490de06d,254.07846019484998
0xd8fea123af5bbf1c8abe469ca788e9f69058a22f,253.88454347580273
0x194eb847091005f4effde242a8c6be9b9bc13c60,253.25842460084604
0x3322e4dda7591b4a2c8bc6e6060660937d2bdff8,253.14947682070058
0xb20f3f78253da4bd8f4a0fb5f19da23ae9cdbe69,252.99751470564217
0xd341c44e41f4de67cfc866ef0761fdaf52c9ef18,251.80943466351115
0x7691a9d9347a062e7b5e9d200b60d7a5c265ad93,251.70083669000002
0xe8056b83ba7daf027414b58048a48911acf1b2a9,251.08906005823133
0xf5d90ce04151979d0a7c8eaced8ed1419e190477,250.99159613876174
0xc6ae31aaf0de47c64735eec942c79fe17f9103eb,250.89151222579258
0x2e134d87039a1c19654f2199c68ab824e03c16d2,250.63135526294602
0x8051d639cbe611237a9f8f7e4542c8c9a7a26fc2,250.36038679610627
0x711f3a6ede2297a86e2d2f6cf4370d2774af2d25,250.25688936837597
0xb382646c447007a23eab179957235dc3fc51606c,250.20464517940604
0x1d88dd54965a0828c855217303c9afcaaba5062e,249.82573393757008
0x3f8df53874041be6c08d6d223d9e03a418162674,249.70356898131828
0x2df9d6108c8d5cc657c3e9fa30f90dec51e2488a,249.59159995183705
0x72fbd310cc20d853c5f4686a5925e9a1ff9592cb,249.32205934790068
0x92b69de7dc559c6d647ca7ec4b923023ca92dc4f,248.8173089658388
0x609779cc9360e4e9c433db4a57df13247e5c6739,248.63356243370697
0xbd8e8b02432b8e93b929c116c9da3a417ab4acdf,248.4282661875
0x2db137fe182cd6eb081ddab908aff6f9c8bfad39,248.41578511919593
0x240990856afb47ef12924d3cab6dccccbbc607dd,248.34788788361533
0x67176ef90702113ec1f3d62e4ab9fc4f02970f4f,248.31979064581566
0x1ca999001c290247e38f1d0ee1259d26ee534616,247.98454189999998
0x71141b6febe8fa0a9b42c9d04232d80ec687af88,247.7701479
0xb48c8c0276900e7fcaf6015e2ae92e590490a52d,247.52459582523318
0xb376cf409fc9a037b2dd9bf209de4180ba59ddf6,247.1693917004702
0x98c640aac6b88f5e1ab14073dd2d5baf71461e9c,247.03654522567663
0x5e022478b983dde2968a91accdabe7c8d84d4f7e,246.9419076374418
0x0b9f5cef1ee41f8cccaa8c3b4c922ab406c980cc,246.74295564618737
0xf13caa8e1e269fdd15ca1ff90d1f2253548cfb3d,246.07800355444002
0xe54f912821b53ee057e9fd8cee9a61fb7d7dc915,245.78803879215616
0x56e03f7003b7e9973f7520c5b423b8ce322b0b81,245.59906773839646
0x9b527c1f50e12523d6fca836921ae5f8a1420070,244.633339886931
0xa4bd201c839755948e4eaec754214f2b8a6e5955,244.52177349600845
0xae7d7c1ff3d99ca243ad258d18122830e77ee7cd,244.42995466694882
0xa3f53c8773163bc6b1cebab297b4c69257f6b142,244.221171022726
0x37fab8c7208395bb7c42e8e35cadd4ae34804bb5,243.45289214954815
0x1fe3963c820278c107f51a1eddcf0e52ce2fd2e0,243.0121815
0x142390917526d47946a26dda1e7a555821dcf2cd,242.94474702604248
0xbca4eb6e46fcfbfe8cf88c2b10011a43189b3fb7,242.89017126536484
0x881d5c98866a08f90a6f60e3f94f0e461093d049,242.84149102368647
0xd1b430eb6f5de67cc2f2fccfa559b8db70d9d96d,242.59533885197467
0x8f6179987ab1c3946b198db02f6c5870b951e4e9,242.509986747287
0x7aabe54f930034512a6addf1f017a1f83f74dc17,242.18308453824886
0x650e8b9d20293a276f76be24da4ce25f2d0090fb,242.12156217179705
0x5c072cab2f4f378f25630bb2e1ee6ad4d2bd2f79,241.82827441484466
0x5024237f3d0ccaa4afe185a194ea8690e5ac5f79,241.71603179455775
0x45286fe9fa9defbf329dff6f99f1e0edc13ba56c,241.3269279983204
0x7f47f6f695ddf8316f368a8a99122a081e118bd0,241.31889384974642
0xf23feca62d214df0e46fb9bad3f8ad070849f4b6,241.23700045317727
0x10bde435d7c87f283079040a9eae7e750b754753,241.21147777837447
0xaa9351c2b58a2b8f80b190981d6190ada114dcd7,241.05732575112597
0x8885601b2753ca1e4cd1c3c8d4b41421763f421c,240.8829613876855
0xc3abd8c07f0d669906f4be495389f2dcc598020f,240.332225715918
0x40632903eee83ffd1193aa860f2d8fe36ea22b84,240.24281862511458
0x0616189d9a6c609ccbdc74fec3853146795efed3,240.22438755582772
0xb43c20b39f6e2602fe04afff63621c6eb69a1b96,240.17335311219415
0x7d9c8d888d03df89461c645bd1108ae138b63a2a,239.80715761712426
0x482e280d04062deb8d2506df6ea7cc56a929e37a,239.71961734455002
0x65bfe9ef76cf03fcc6586ec3c53182f4e7a6c22b,239.1150975520585
0xcd6f8191816cf70c850a614dc9890a9fc8be213f,238.46331511066413
0xc31b908dd8dc8dccc30ff557c628f7082fbb3455,238.4372069852447
0xc93565930dbcc4df9b67a82ddef606f311c94e03,238.1977309473684
0x63cd4c240722b2fbb60e0d1697be697450625f50,238.132150230983
0xc652ec6617dfd5401ad210abdf8a231c9513cbfc,237.9767370858843
0xc5d3a48c21b50298ebd180370817d04217672549,237.94129513711565
0x00f59b15dc1fe2e16cde0678d2164fd5ff10e424,237.8053108399834
0x610d7053f4ca90d50ddee40d48a1fa2d32942c86,237.32223733757476
0x5af4e52437c376e4c991919b075fbe87529c642f,237.2666599190283
0x54eebc36527fe2e5624051e3c895810d7b68bcfc,237.008506775447
0x8fb15b195b387a24561c2f70e8d3aaa93b6b4b0a,236.8210343547471
0xe7e2cda1a7fb549f5dc24ae1dae44856e11e53cd,236.6930771774324
0x1fd310fe08a5f26e84c8f99905c66a0bd54cb872,236.29543405599028
0xe3b43be5ab96629493f948229efbee2c0787ed25,236.28992010797828
0x4a129a8cdd2783dbda492f8a6041a1d42094c490,235.76409315789476
0x66e1f353d8c19de6107981bc017df85df60e8199,235.71501793136105
0x0213014dfc21c7d0f8f9c46c6297f13829b5529e,234.244620057949
0xa35a053d94a418cc8d52b27d3bd52800d9b55b9d,234.05836623221484
0xb12aa722a3a4566645f079b6f10c89a3205b6c2c,233.96238158120974
0xcd8398ffa40b761ee4629148adafec38663b5e92,233.80346457885707
0x69e92e881aa0e90218c45622d50f26073782e0c9,233.6317012262954
0xe9aed0a6ab0a4d73035ea946b1e9752de9542e13,233.58823124024897
0x3e2d416ea6c66d75f52e97ef42296ed4aa28ce94,233.54537153892167
0xe352dd7d9f55d00f8c6bce389d31623c425d50f5,233.33916001227698
0x2043ea324e71997175dd0c6f459fc3a5bf018355,233.26367293961414
0xd34a400aa523c4e7421694cf0cbc069d1c19843e,233.01764004983698
0x392ddcac8ca15f52384b5f96d917e14360df6b89,232.9577248082677
0x8f8120fddb7b372d40d518f93ec371455d375b7b,232.20264964169576
0x52b950ad9517ad191db64b4c40c6aca7ef0ccb09,231.6590747611137
0xeebfd0df17bb39183e92529ccb5eaf6613a4e702,231.55648240352747
0x5e28fc56757fe098c1260856ee37ed980ece77c2,231.49480072338497
0x670b681d8acca37d7e12c43f9d5114f4543e50ff,231.162335940437
0xa5641ca8a9f6e18486f0ba2290c9be82f2a80be3,231.16042438509186
0xd6eb9af2b8a37f5a7451e2a445cb93661a466a66,229.86774471099122
0x700b42a39f2161c8ff7de8f39b34670d96353c27,229.67014565834188
0x7a5ec6a6a5382d17a4f3489dfb01d6fb84f8ba97,229.66888
0x29a8dc0e5cbf5a091383e4e0e17a21435923841c,229.58701417361587
0xdfe3f100e06c07ec6ccfed749a01b97112109dc9,229.38842997200337
0x18c702739f088441ec1f1470b06eba77a284f728,229.12039938299998
0xbc8b1912c1a0bdb0773ecc31d2a34023a5938f4f,229.0949110208908
0x2aef4737369f72c2c23fa93675ca440f2c59aa05,229.00246295030144
0xd77bad6a59f186d1af188cf52f60be71fce4d8b6,228.9594006
0x3b7ca47ed9ca894448ffba8893896fd611bbcec0,228.89584847756464
0xd70d3bce285b856e3423ec2981ba026cea675133,228.41979272980734
0x57f1bb029038ac933af0f750e72da09e5b17ea2c,228.27998244844414
0xf8f6191561997010870056fc265d0f7ddaf105bf,228.27160546688702
0x39455b8e57eb3d766779006b29959109c9649021,228.03161309282243
0x3578ac8367200787c3175d0e6490e10b3e63355e,228.02136999828414
0x57fbbfe1124f5effe029e58285fe9f4ae81a01fd,227.64131841350846
0x74c3b1bc2607e1837230b2f4a7c980c9a2d5bbb6,227.50446417042974
0x934f27e9d9c0d8fc9a446ba7b4b850b16d145d6a,227.31721960604798
0xad8221671f93f275b22a9d69911b357533f5cda2,227.17223961330043
0x233bbf76a7d8da6275c70ea372f19de84dbcc167,226.99675088038123
0x07cd13c8dd03ba5d899c59176410b92c3f3b1570,226.19637353432836
0xede02e703da659dd65537a1460b908262f211d50,226.09945806454877
0xeee1b38286d23b0c22a475542aa18f2ef7cade82,226.03112267927023
0x9b8d2834ba1b3c31688e084ce9792baa0ca2e2f7,225.8278777140946
0xc3f279090a47e80990fe3a9c30d24cb117ef91a8,225.75756243243958
0xc78e744f0760cf2d26267cc5f71b24d43a91945e,225.51747018574775
0xb074e05b194f9531567c9f5d2becea5175e673c4,225.23555853115536
0x664ed31a9cb23eb6390c31cc16f2977e4165a9a1,225.1246727436158
0xfb88e086733ad5a50f9a89d1fa54c0875894a782,224.34029732362458
0x689d06f728a166cdb40075c956aba82663c7eea2,224.25630084338005
0x09e2aea777186c3bd2469b3fa852c792786e26b8,224.22735599555313
0xa8712f484374e12a6eafca66c15440e0440cf29e,223.626063453282
0x8a46861c5fd74de09705f6932a7888c7f545cc76,223.534801362948
0x3f162bf9cf4174f4ca3888bd5e642d7d58c96b68,222.79754391526842
0xe40922e33e967da66c005bc6428d3c7919ece9df,222.76873340493572
0x89cbb1409f10c1452a4d3eedcebeca7be17fc540,222.5448694565577
0x8c6a079189f5179eb4063fcb8900448c77536b2d,222.53807258703108
0x016c6b70c9eb0e43c9a9bfcee8604cf7193c8f27,222.51487755098168
0x12de8a435ff54f3e00951ef04119ff0e6a717bff,222.3326102949149
0xb4bd3e90f69cb6161009f71a336aa32c07689c15,221.87756308391513
0x9272ab2d57a1cfe044328f0a7f09766593b8cf26,221.75768808435234
0x0b945624ccd1cc261f0e81eb868fa49635a77d64,221.4457043851972
0x66ff91eb2fae71420cc4aac64a2587327d734b2b,221.1131776225564
0x0a16f1830d04197710e25e899d326528e85cd1a6,220.84303450890908
0x9e1f3cce4ffea0badc5e6e97036387a4371317ae,220.67711977188108
0x9e0de4b5d6100db1cfa98ec9068d1c63ade51fff,220.2462447958011
0xa8322f6d07707fb57bd111f6e98dc158b4186761,220.06217975731838
0x8f7159229af8cb5829528b4f30b200127a960920,219.9024011118466
0x891019b36f494ba897beb10ba9112f9ddafe7bce,219.8826303530659
0xf7f31661f7f17a269cb276f5d9135db1f1a74631,219.7355
0x501d8923e17a96daa1a5b28109b08fdb225353e9,219.26305161062322
0x70682c2642cf2416d7aaa9325d04b5f729812736,218.55210854636263
0xb3411af5c39af422d0adf0475066fdab3c784b49,218.2483855177445
0x3f1664ca992fc425779138e3a99e0b7e3fe2e695,218.05083363529155
0x18727c1118d002fdd351ff6f0bade718d8d017fa,217.486157057318
0x34a73ceaec99222b8b9d00853c6b71e1e4370ed4,217.40122194156785
0x318aabe59460abb662f1c2b1e8f03b7f348bbe35,217.2730939687429
0x2d1d379748e860224947b02ff2d765e22691afee,217.24749994825612
0x76be588b798dfd52b94840756d543c97c1794a08,217.20364127752123
0x5dcd852eb23433e96f43e1ec9d4d4954804433ff,217.05270786256972
0x279ca79d5fb2490721512c8ae4767e249d75f41b,216.97798285440444
0xd0f292fa6fe694892bcf52b55ca0f3e277be17c0,216.95681345395138
0xf152829a6eeca79c54d971198d9d0876a173f978,216.36065494472135
0xa9c1623ade357641722ca521a0cf559c71701cf6,216.27608265092
0x619888e0423693a2e05655225f13dd3795b9ca9d,216.1489789491619
0x2be8ee3b18b0c90000208cff0009d80eb700a0a0,216.06501392694776
0xab353b73aea6f9d07efa8103413a129da924415f,215.78541844416543
0x9cd0d20ca1db098d85b553a19d8816104f9878bf,215.72828368788
0xe52589e99af358046ace380445f64ac320659bc6,215.64575982933226
0xf58da1e2e58f003e9dd3fd8df65b9b01004d4303,215.45848267226683
0x0387e56b85e6dbac5586c74cfd089f03922cf3de,215.05659632998146
0x5ac13261c181a9c3938bfe1b649e65d10f98566b,214.99644879497544
0x1e943c7e036c81b18bd3c9e39b0f600c25e13ea2,214.7035649538497
0x9ac6f9f6d6181c46b553496793f55ed2ee744831,214.3558020139573
0xed6c2f053af48cba6cbc0958124671376f01a903,213.80130057389601
0x21280633e552ae8f7227c47d68eac68103efa79e,213.199054201536
0x6f6d3062a53aea5c16be1439bf8e4c5f2ab04ba7,212.98455955656425
0x7a378ad3913a7322d6d3c385bdc2035ce4ba6f42,212.428804
0x8c54aa2a32a779e6f6fbea568ad85a19e0109c26,212.24863912523202
0x07a6e955ba4345bae83ac2a6faa771fddd8a2011,211.39091672295697
0x1914122308ccb9ff67f3b587ca59d230c6abdc25,211.07849451444596
0x23d0b87ec5e4547825d8bfc676261e39811fb57e,210.9793226015659
0x0cc36866732b899882b4880625a04427e02b9a19,210.566385230274
0x30ad7c81f0de995808fc315dc2b488e2d049667a,210.49996963011634
0x4aea28f8a1fa9daf8754b45dda24d56a8c35f3ef,209.94912275267373
0xdc40cfe683f2bb04846995d625e5470d4d82e9e5,209.816675704596
0xc81ce69744574bc33566719f24e7091054b6331e,209.64326809899262
0xbff09a6e2205dc0f58a0b91e0909dc5b8017f73d,209.5489043808685
0x926381b8a1237585303051f376c74192e82b7a7e,209.4932297868487
0x0fe472dc5c1c50b77a93e7f886b542492c761785,209.488141835072
0x9042f4971dc890b599e4d90dca9dba0d582ffe6d,209.23800722402504
0xfc2753220f30aa2860b2a4b16647bc23a029d150,209.14513864715056
0x426c02d6ce5fde4ae7556e7345f8101f64807a7c,209.0329829401259
0xfae2832c131364adbb00ee5393a18e7f7470886f,208.76453889712107
0xfeae318f24456c4dbaf77a7dd01fd1c69055ffa6,208.61357103757595
0x859b2728e5bf86f18c7942ca9ce02217d33209c4,208.54041501263288
0x82b733d710d12b998b95783385320091f18e6f6e,208.51976376781062
0x32837a4133848a79081d238093dff2e6cd7dbd54,208.43307808525202
0x0afd65ec6b286d353c42268738d66bbf56ba9de5,208.36829460185086
0x7de4942a734f30a1f08510238e05337f34a155b2,208.29450190413203
0xb80b32ed34d3a6f77204b8884d47a41bd90f3259,208.045185
0x02a84e672cc40536ddfd07c7c226e9aa60b07492,208.00577575264157
0xdeeb50bd384124119529a579a01866a663319270,207.92538111701057
0xb2d392abb24e79baf51eec7e2a9955509a42663b,207.26599475187797
0xe8fc7efa5cfaff88cc948cebd6f99e4575ee32e3,206.62538518387893
0xe065e32ce25783eba5697c88a157af4af9308eb2,206.565994312601
0x9f1826112a079465a3f29da51415ea0d78df8957,206.09334288055135
0xb88d0e4bda742dd99456ffc7142c69444e3dd692,205.78034586967402
0xb74734c0fedfabe4dad2cfb63428dcbeaef57791,205.59553220440694
0xd782ef0e4ea9092ea2c66ffa400db3b3de138f64,205.5812352
0x286d21e0e6dec06416393147f8de0bfd267ccaf9,205.49192665153217
0x74f3710792b88bce2c80698efc8a7829ad37d777,205.24904144430826
0xfa8c3f98debf3d0a192e2edf9182352332def35c,204.89751384618768
0x2120de613149c9dc9452dd2314c8f30a6c04c6b5,204.7989530425175
0x0f95e6627923848a08232b5fca813c0fb86042b8,204.7169278959749
0x99ca38978867bb102c5245bd464961258ec08f30,204.58831260886197
0x83887500cf852cb4af33d74c148c9c7c35f91620,204.26634301143733
0x9a66e0df4c98168996e8e90d3740150b653f04f6,204.08382420126637
0x1bcd6b0e97b51d76fd1752111a1fe2b473f655ee,203.8919169614955
0xa742e66df3d832c1ec119a5f1a350294cef948f5,203.61186710755737
0xa108c844f504c636e6a0363755d8a5b9a5525f14,203.11867882481027
0xbffd9ff55685a3b6940c59dcdcc69b1737363be0,203.06893107724267
0x647b364ee561b8a00245d724309b9fa5c72fa65c,203.0570654135382
0x8fd587b5ea5abd65ad3439d9e58c63222866baa9,203.03490457185492
0xbf706e6852059638d547114659c66bad04463278,202.355837244794
0x8911fce375a8414b1b578be66ee691a8d2d4dbf7,201.94586528325877
0x99437520f0e402d7d7efbd0da06a5dd97afda767,201.7329037106726
0x54a0baf656fcdc383a7c129751742fecd4eee726,201.65501869065767
0x03e84671ba9a8b7392852d694c2e3da62ed3ad81,201.54567976507886
0x1a10ec1f8934fa55fa75c140c817491fdf448a5e,201.4584235898556
0x02af2f05d38bc0eb73baafd41a3db5d0ea244fc9,200.9904507009348
0x70cdb5259fb8b720252826a5081cf9ac5b025988,200.97719999999998
0xa77087f7e8cec0c1e66aca03c1a027e9bf6adb15,200.53647832910136
0x9da4acd7d87e7396901d92671173296bf9845c53,200.46753351332347
0xd9a91bb8c926d47c84a31ac7a4c34a38e038cf2e,200.45816352784152
0xbc844c2ecd719b8a9df3ede6a28c6bb06322b176,200.39322940582278
0x084ea72c9a42646ebcb24f08db4e689e9a12387b,200.34994126785486
0xa1fa67f57a1f19efd798b3e1bead0a8ce29a2230,200.31825512389142
0x8ccd68af5e35fe01c56ad40cd2ed27cbd7767fb1,199.93275036987785
0x68121877c24cedc726e7d2ce6c7926abc83cea90,199.63817122065683
0x292f82ffcc60fff402499ca3bb70759c6f2e1a04,199.5495060736155
0xaf1e75fd2b122332394290835cff0cd5e0d0f475,199.498849384234
0xee2075ccaceb41d54c513073a26f940328f7e0df,199.40171292389167
0x47f8ec92097388604fa31e39790c2e81d0b9d2b9,199.1471391428816
0xfa5d67f182fcd8796e82b72a4d270d820fce06a4,199.11838535793873
0x03a9eb61ff4a96729bb346f1f80ae18f77876dd4,198.73487291573826
0x495c5f08bd6214363b27e0326cb379e0cd035b64,198.61544227145131
0x6964583d59707d7882a30b5b5e00fa29e087ec74,198.41519136002356
0x8aba009a76063743e65f395fc826c5383aa1a317,197.83743865996695
0x75169f6e839bc3e27420430da1bcb404293972e5,197.595903
0x6f7fdd77c1666ae2a568046c99490dc6ff8c6899,197.47045169449808
0x0f82e57804d0b1f6fab2370a43dcfad3c7cb239c,197.42381114774727
0x8ec61652e0e1a538224c97137c2da6a9d400bf04,197.28037252018567
0x677d05b8bc5c691afd0dcb8ed81404c1ebe114d6,196.7117401803269
0x118b8e0c25debcd30a562c0dcca8a3f339e8104a,196.69555669760683
0x518bd36e575a29be62a4db5145d4fdd3b75d13a1,195.7370942468312
0xc2f71bbca8fc4b8f0646bfe49c2514913f51c328,195.7275449280178
0xf861b7230c9a26355fd66ce061e9b8cef33a3aa2,195.3361
0x743a3a614105e91e9a4ce56ce32add218ec7268c,195.15359492068657
0xc24010a357dfcbe6f2c6769814cd00f99d70e57f,195.09352044122573
0x4ada179bf96141b590ef5153ba4d9076a41bd1c8,195.076228590969
0x6ac18874c3df1243f76db1003a735bc788d0b834,195.04638053303998
0xd632d16f65a472a3b79b97e1968839a1db045ee4,195.02897292411708
0xe90ffa970bb6c7ddf37e196981a82b52a4398a4e,194.8911615237756
0x481e40128ac35ab3ea8d0a35a41793e493872236,194.7824115406923
0x54768b6d7a2a81b61f1529dfdd21eaae62b6edc5,194.77801439019257
0x4f8a0ec4a3c07ede712358bab2413dd881e1bc44,194.65528808830726
0x998bf04788c1c631c0e02bd1eed3d945308bf0a3,194.5722116279793
0x2751091e391d0e6eda64efbeb7a4baf6e05b36ef,194.1660168990364
0x5094c21f4cb99d0be48b4250cb619c2f57f593d7,193.90751167831337
0x4e26311405906586742de36ad7db4ca2b6dab842,193.71921567390177
0x504b48bb691ee8c7267d8033f10da7d91feb95e6,193.486329
0x3587669692f5292da79051cba8d05aa76c2d0c59,193.4448755380349
0xe19f577043ca647761ca497c293080f656464468,193.44238759895572
0xc4969ccfb7ea8c09c25beeca581e7a696090fd19,193.29471191769255
0x9abbc2d08978149d1adbc1e23ed29172df5a8ff4,193.03584758289864
0x9b6834a02b6706ed12c3ad3f0d669b9727e045c3,193.0247307021798
0x634b23ad1d37e63a81b1a851aa9b67c8c9278954,192.65634668671112
0xa5d4829c5e966b19edd5964c261f0bd66268d30c,192.3878947971475
0x7607a4aa2aa7af07755ca2955c123e877baed344,192.193361764232
0x1015eb17ff5ab7e058b505faf9971ccf8fff7685,192.12210684766777
0xbd6472b74134e8defbbf3e1f2f6fc895496fa674,192.07839035800555
0xc10f3293834fc22acb0efad2943ab7d066db2c21,191.95068667418124
0x2095c3f8bc16b2de1a39cf83972c86049f5da212,191.9179232866257
0xd0078d1d600c096174cd0fd697e4e4a7262de419,191.90908316340003
0xa9ba3400f233851b769695c526862f062f316acc,191.82166815633602
0xec27360ee23deda950ca0e1f7735051a113c5cf9,191.53465061630897
0x15f33fecd45006377dac0b70c022c70addd646fa,190.96642991687594
0xd18507167191183111af91d203e18c1c34f10041,190.84982287183843
0x5d260c6f98ebb7d8af3133c5d9b304b9b2f6c106,190.7561774027624
0xdcabec771fe43baba51abade002ecdc4a894c967,190.68523856668068
0xea2d0b3d7263812d98c142474ba7d309c84f0350,190.6073491524183
0x99d366d228cc8fdfcf28d9236cb59d010219fb39,190.37855679999996
0x31ddecad26552d338e53e17ea5e7888a7f7c4ddf,190.1592242774389
0xd871eca8b31dcef4d95d7aeacc7094778a1e009c,190.153733064032
0x1f656fc435c157b24fc6a8e59042aa6c30731bce,190.14901616395667
0x95b54c8da12bb23f7a5f6e26c38d04acc6f81820,190.13263606963238
0xf50c51d92aab9afdad0fb935b84aae2dc76ff64b,189.88072180738845
0x742f362875e0e042960d32100a332bd3b8a6f2da,189.82236
0x9b1fc7360a123060e14d962b24a3e2a76ac90bf2,189.70372918896334
0x5b465b510ab986f0233b9c3556e870f99dd96411,189.6261021946293
0x013a1bc8a8597ece80e42a7a8df706013e676566,189.43844532131433
0x5f6dca81917449886f918e5d1339170e9764b6ff,189.20148778788277
0x86ab6ebca31d1f500e95660aaeedd3199d6ba4c7,189.0131026231824
0x7c0df3b6b8498f4634c8b1b687e512971df74aae,188.964193604836
0x5c826b46260f00f90cdcd0c0f67027e343b1884b,188.5791562828086
0x81dd57114d376a271aadd3f622fb21079333de4d,188.2078062007239
0xb3a7a157b9993da1d173d98e69bb18c3b45ef01f,187.49591323903667
0xc3187af1cefbc4bb2e005ae31452ddc6e960c1f4,187.42793664185587
0x019f531eb0bd378a6983a0c5b09e672ee867ffc2,187.40694442791994
0xa30911e072a0c88d55b5d0a0984b66b0d04569d0,187.36090773985057
0x285e0fafa0202b80735ae0ee20ea9956cc9b3cc5,187.07718438912102
0x99b1db3318aa3040f336fb65c55400e164ddcd7f,186.920215020407
0xd421cf2a710be8bc53c2cb0bf04e86a155ed3c04,186.865305524022
0x1790fc2d2a0eba2db85dac01c31727a010a29ae8,186.80138402631454
0x822f98f12e2a0579b99e89514c13643ebaa58fdc,186.68502027068809
0x1e60920af78186be788de5276e6e93dfe916be44,186.66179994948195
0xa18da260a9c9e5b62d943b557a604e3a9e60ae73,186.655
0x44bdbc621752f0bc4043c67d2e6c4434b4ba63ec,186.4802386285282
0x61d06f153b5323c9f13c2d3fe63d917514ff1915,186.3747399760105
0x42497ea76a66caea529b818a48e20d2323a76f10,185.98918999436546
0x38bdb01e4a430732d0105b76e1b0173d55ae17d7,185.860931389216
0x3a9c04ccdeb329396319341b8e6fcccbbb8090f6,185.77952389212487
0x94b39ecae2c21ce786b4600b9ca3cabc8fd9ba6f,185.71986729268446
0xfaae527d5497d24f78f11097e45b90406567d81e,185.3842835553993
0xdd4a9130f130c436cd0f667d272cfe07a2ead8d9,185.31743322098498
0xf30d1fc5321998f43aac834037511bbf7fbdc23f,185.08899466092154
0x80c0b52a35f1ad5a14cc3a17e0a1982be142c936,185.0855535
0xd708e16ba5c629f1fd6542b38769307cdc25f9bd,184.62383996437367
0x7a1986b263be2e50a33a93a583afeb8eb884304b,184.4117999730088
0xd597924b16cc1904d808285bc9044fd51ceeead7,184.401466391784
0xa83aec24502d2c711add36936a6c9df4ae536a68,184.3042785131667
0x0cf9be88a6f13c6561a62043d53637f452ea7fc6,184.23404996366835
0xbf9b537c47441a56ecca20b574666fd1c64b6969,184.09033808007206
0x7b1d754ecfff175df846657ad4cdb122bbf8e645,183.55155923659643
0x4dd1a03794657e9850d74b3dea81d42addf78f80,183.49393760178964
0xdc3f6f4c00b55f56d5ef6293b762c6483af24a82,183.27080791044543
0xff8a82980e69043804d67917ff44f6394af23c43,183.23580865675112
0xbe55c87dff2a9f5c95cb5c07572c51fd91fe0732,183.1464335181999
0xb9d9bf49e1d61e8f9687706482df66ec42ddf361,182.86854708644438
0x448db6f905c3a354c916db96e1434b2c4f76f84d,182.45340165957276
0xa1e94f686a1baa4196852b67200a07e25a4814a8,182.32591759089297
0x9cfeff6e5bfd5969864245e0a587cbc0d2b9d71f,181.73419801783413
0x610a94f64d1d149623369e5bac9576065d23893b,181.67628890453963
0xa1c80115e0480ee2f019fb6bb04b68928c15c4ae,181.54612594855388
0xf5042e6ffac5a625d4e7848e0b01373d8eb9e222,181.29115348538699
0xe2906a449b5dbdce6b2ce1a695eae90c430887da,180.79093499074878
0xc3f1b908100f73a52235f139cdb8e9db8133d901,180.68253317688328
0x912909c375205ce1b56e5d4cb54c666241f30828,180.66115434197798
0x45f60bd9167416f6452b273e5574a929b895d5cb,180.57557186518383
0x253bcee109e56738fa2f5a7181b04162e8c7daad,180.4795153966186
0xdaec95fe6d0c93481574d0d78af230dba8609017,180.17757842101375
0x739a5f44f0377f78b8826f3a8f059ba145ee57cd,179.91890951471134
0xf1b6766dfe8a89a5af934a2df6985e7a992d507f,179.83917090100817
0xd025c8b65f97ced0457adcd3f296cf3d52a40e3e,179.77916995112992
0x0e174b697e1a0d766c866cb41510a9a8e7bf496d,179.75861567474422
0x7f2b2d6fae29947a39df41c0718fc5b88747e1f2,179.66317995720792
0xd69c758a6d3db80de2df1a16d5b9a36e403f07e9,179.64283277905662
0x6b2d37acca0e084308c672f110a9d0342ea10c00,179.36054618895844
0x520024d8096766ff67eff5f2e583a7d476c513f9,179.03263782976828
0x260c1c5e56b78fd4c41b3d28b77cdf2e2554b725,179.02721659632203
0x6d2f0fabb11ea0b1f4416711758e86e86fa7c154,178.998064228155
0x35a38f56d3a5a5f3966095dcd85794abf5c07787,178.9396561519527
0x64652315d86f5dfae30885fbd29d1da05b63add7,178.8467643987899
0x211b1762f25713eca2d996480ea8e2c269a76852,178.76597110145147
0xbe80dacb87b4c5c046dbfda871fec109915a6ebb,178.49194998155372
0x7458aff175841979bf5ad657bd97754a2dae3d6e,178.09285819697922
0xc49d0152fa5bd1a226c082923d2c59b6cb010d14,177.9101583762283
0x66c4285223e5949d154783dd14f73844ccbf85cf,177.325933222137
0x38fb5eb157c388406d80ce5277a0a7917145572c,177.26091587298984
0xa8f7ea0229dd1429a0fa8c62962216682921569e,177.03352337836918
0x8fa9203374e4974a85bcebf7a830a64d5b9c6149,176.8846999169222
0xe9ad1184cfe4d887ed910b88fb21445355b364b0,176.81700404575014
0xd2f0f0a314c4075c421b88607655feb34d31b3dc,176.59348882167288
0x5507aed415ae47bc88fa38fc4a7a8cb2593da323,175.9139544234528
0x7ddfdac9c4d315f4026d7746c8f89304c298f718,175.56158070251198
0xa3a806cf0ebf072834519c6b1c2fefb6c1e661c8,174.71887670918127
0x63c1a7269bf3df0731446cb55cf0e3acccedb0f8,174.5881385491617
0xccb26c02cc2949e3508d452b4278d1e83fc3980e,174.57955886648193
0x9e0f4648d2cc986196580184ed9459aba16262bf,174.57169786199998
0x83abecf7204d5afc1bea5df734f085f2535a9976,174.25207850807786
0x95a946309f5a309511f0ccf1ca0ff4a39c4131f7,173.89992652725002
0xf7d77b4b41ba455845f4ce9e18da8fd2ca7c9fd8,173.666294448437
0x85eaa57645d10fb980968df297ca534e6d72bdc0,173.53047611131535
0x242238e1eebf69b6bca5d2ef90d8c0a6ede03d3b,173.32733789240862
0xa8f1ef418c807b561240fabcaf97a3bb04170a36,172.955224632715
0x26281e982c4f61de3632de9060055923f580ba72,172.54327017693672
0x3aaab3742f8aa53aaff15727cb3ef8f4cc76b946,172.42911523277985
0x31fac3482510e9fe28a08a28606b5022819e95f4,172.31039787822633
0x17b3c19bd640a59e832ab73eccf716cb47419846,172.25306997770753
0x80fd21ff4a1ff7727fb81e098c5062ba47fe67af,172.171507132416
0x4f9356293dda89a31a924fe1f867825b3adda4d8,172.1551742008
0x0b71c658b5e783ed7c4cbf20acf7b96ffd609450,172.12899715944866
0xfd8ad0ffc52bed717e8b6d897c8d2d5db56cd22f,172.04502507994974
0x92d2563f8ee3afce46058a18330963f7690f22d5,171.87170634652375
0x387424be74acc8c08a596f62514a14ead947efd4,171.56310309413453
0x6171c82cc511c693cd74f1d570c1e21a6b50a984,171.560482947011
0xb9fa44b0911f6d777faab2fa9d8ef103f25ddf49,171.51700640008136
0x5237c9edbf5298d81bb07a70a99cbf7d003108e0,171.50083104329434
0xcbafec2ab307af669f134906fce1df29a2904f8e,171.37517060741425
0x23da3feecae09105df5447d22114f157b656e29c,170.68023148153938
0xfb64d7efa7e34858f7fea2dad3d473b92ce517ef,170.3065727680701
0xf4cfcf7297def33914db19f6d1d7c693fed12725,170.29817397552432
0x41de6be42f0cf8ee28235c155c57bf953631afbf,169.6144229666004
0xe451fb53f0b0727ac7eb030fd173a9419ae96163,169.26483878353054
0x71cff3300ec4f3841cd937db3d859ebff1c9755a,168.77682386033632
0x3150a1df54bdc7a81dcfa6aa755238325de80c55,168.75010613306355
0xb370a9d1139e556ed93861a5111e9486e48bf369,168.63839996745833
0x16f0da6bba50d456fb446a91dace61af70abbc86,168.44806693644776
0x684907adbee0d4fa9a909ba2292c3c79bf0d8d60,168.37722994268674
0x27571c6316f21d2eda03dbd2320b2e1718d5ee88,168.067868679105
0xa90ed9f7b79ad1d7a5d27bb3cb8dce539761b549,167.73912393147816
0xd6a3e935e3f224d7b39ee08fb5e46aeba8884b9a,167.21092233514923
0x31ac548e59565fdd78604a47e1571ef68c80e9f5,167.14573648614316
0x1d4bfe0b6749fd2fa0be9c4034439d21d9bb26bd,167.03739187823314
0x5b66d267a5c13626a6d68d78e1c7e31f1d52b5c2,166.54254535889487
0x01a66111527a55e5957d8db24e8090710b41505b,166.0354036989241
0x7714003d5fb5236c5257ead7a6f6c5b918d34e7d,165.87901314057507
0x4ebce28cbb166a94a2eaa177d15d3c7ff4f86974,165.3924945405
0x117439f6fdde9a09d28eb78759cd5c852a8653f0,165.06775073447756
0x70f87b031a78a78c00ab4c7ec58b03465393782f,164.63826674488823
0xc0359b47b4249c91cf038efc8c61ef2510400145,164.60838126164373
0xf6ec69dcc0422bfbc0216baa8aacd762b399823e,164.47827086963292
0x6e0c92355037f3776e40cf79a200dc2f92445ce9,164.3311525442232
0xb93cc05334093c6b3b8bfd29933bb8d5c031cabc,164.20882095194094
0x737001191e1e5f9c271bf539131e7519b9596894,164.01753098057165
0x0033ca9e1093852aa4c1e98692ff6ba7eb913514,163.754576035581
0x6c183cc87ed642423b044e1128c4bf11d92a65b5,163.450608280182
0xff0121a0204f06f4cc0bf5400719ecd2cdea94aa,163.168102316736
0x8e07141b88dd26c984cf7229ddb12fdcab6002df,162.6766772397337
0xb4fae93f4d3c43d333851288bfcfe8fb4ea36f93,162.6182985108143
0x43aa51ae81d91f7724e7e4b963b37f807e0fbdf5,162.1861911833526
0x2097892ad844caa3fb2dff0b3013fdb63b917753,162.1392536089781
0xf56c7de010d6fcd7065e5cb29bb284f20282c7e2,162.0679809385287
0x77203d774b1229d960bf16c483652b4563c5ee43,162.0163412583873
0xb8cd4bf049481be1471c74695bcd9242565964d0,161.8847519257
0xb32fcfff9616deec20dd44d664f490dee7fe2c7a,161.83190204654034
0x02976320ef83e1413a9307b34c463a19ab484b5e,161.78805306552871
0xeacc3fffa9de4ee86c56ca76b8f19d96d283f61a,161.5134689005358
0x1c0555ef980ce075820698032a29bfdf215fe65a,161.458436
0x6d7be3f6fdb98276e7f5cb9124b9187a73933eb9,160.8352554876055
0x3b37b1a6644949bc1ab02af240d958b16f2e4b63,160.8040199616998
0x7c489c1f5d8cd68de7598b9d8d1e2747e4212d3d,160.54115836943922
0xd33f5c98e08301896ea3cef7c15abcaf380d9f45,160.52982948711343
0xcb668a85c1519535485a0fcc04f245df9cb6091c,160.5200813824555
0xe48d90d69719caf0b1d4c7fe0dbd2754251c6309,160.39642386273772
0xb10c1840f562f0ac914da2bad3290833c75fdddf,160.37725103877347
0x20a87ac1e21e9fd291e83d535054eac303c0cf9f,160.37096702754312
0xd291328a6c202c5b18dcb24f279f69de1e065f70,159.90569967240046
0xbba38b5bdd5a04ab5a9f52db87e64efc299b6bd5,159.86788100732835
0xa8d0517ebcb1ecbb4745a4298d75e0592c463396,159.827374724491
0x538c4a9f7df487339c25c758529758fd1ae74a0e,159.74834407833276
0x8f30ba1f75ec27a014591789d117a1bb4703bff8,159.23976807639514
0x9a5d80865f2d2fe2063aa27caa0c26a1d2d8201b,159.11250941741875
0xf63a8514f28e27ea235413b5a1cd4a21ca17ae19,158.5448677012978
0x71dc127d545b7fb3c65d195ab8b0c922d7b8c81c,158.48801300551486
0xb630870a5f73fffa277697ea462f2116594b87d1,158.24829651776753
0x529f1a22dc48950c95cf51ed8635c4b272a595e8,158.1761306739317
0x6702df67009d5c76843e3985ffe28e07260eb726,157.86454653360954
0xaba18bf37fd8d00d0ce8458369ca82bf52332a2b,157.77068398998728
0x983c9a1bcf0eb980a232d1b17bffd6bbf68fe4ce,157.75449026805774
0x65a3209f9e962858b51edf3a54ad18af67e57962,157.7235121477677
0xb63aa1612057e659072bb761b433657b1419ffac,157.60474754244152
0xd3248cdafddd8dda92dc53df4ce99a5031b9e897,157.46623393426603
0xd5c5e3ca5f162165a6eff096156ec70f77f3a491,157.38255984372324
0x619ed4f52738f168f5a3a6750859e94fa266806f,156.88524648553408
0x0417b092d6c48487554ebd9283ac73e381458949,156.49365530910399
0x75fbda41e65161acd23a754776e9e521612d4900,156.49291645987668
0x1add24bef05d5a34c7dac3856b675ce9e97f6d92,156.38600229852022
0x19fb682283d087e086d0974c819ef284c9548cf1,156.354
0x0237d02ed3c8d5b71ae8ecd2c137cf5746aa3760,156.2842015583426
0xaacd21f512d0eb53c796286816154eec6ac6add6,156.222184876172
0x91b1b853c1426c4aa78cac984c6f6dd1e80b0c4f,156.19217941420237
0xadfb8ef7859604b9627927f38f930f2180138e3b,155.981582578224
0xc47ec9420233ec35f392378abe64331378a4a96d,155.935845313536
0x8d2322b89204d866a85836fae5f8fd98d49c73c5,155.9197644427786
0xc8d10d20059c8bf1e5113867ed8b5b2fa1fadf99,155.90322805280238
0xd7933e639d7fffca31ba9cf72fe497dad799db71,155.860013924112
0xf643d9b4826f616240b302a4cb3c073a7f30441b,155.66474346570484
0x46d450914e697891545d01cb142964191b48cc1d,155.65450173387293
0x94391eecd76d9cb35013d7f263b64921e31842c8,155.62279919576906
0x7a6afca7d92f457d8b01061c816f7d5babaa4a03,155.58918054478775
0x4cd6902869e2fb17dbd9e768dec0631d0c76fe0c,155.58775637821995
0x6700a111b7513fe99ed6aaad86be0e8557a51c52,155.54427120198403
0x0178425562597d4ab27edf5a59f1a0b01e9d3ad1,155.38884956322502
0x3d6755623439ed1b881685b4ae934114c48367de,155.34399995988835
0x1f8c1b7f5f826062da03fba69350dbebc4a76392,155.150462975904
0x8cb336f714513a654faa473f9ae28c308b6c8fc9,155.09427551099466
0x55f03db5ba087809662b782d4598b799ae663c3a,155.06811268985615
0x1871e14a06082e56831ad53d1f8403cfd93f46c7,154.99660916545565
0x4e5cbb6e2aca942252e8cda2ba911ced2bd99b07,154.46920262578644
0x696491fc2ad0a6b325e70dc08da52d2784f1a2b2,154.37924327892742
0x04f74a55365f244b425d834a977d17990eb1174c,153.66346721652988
0xbdc120fef90fb185a49ad8fa62c7bc0ed0516cc7,153.6498080334736
0xa023cca9de8486d867e8b2f7bfd133a96455f850,153.64820683783114
0xc5ea4840e124b2713088c2303d02f48fb2e01432,153.63439759243485
0x441e4665d8871fcc7c7183bc23f8d9123ca90057,153.62116690538744
0x3afec5673a547861877f4d722a594171595e561b,153.3414301777837
0x33333cb335626fb82671c1cbca95e7d20e73bb0b,153.30365883361532
0x21c2b87b02eb013570e1753dd22bb62f042e0902,153.240150193464
0x55b57549ae87d201894f9f1d97a4345830a124c5,153.20042210232995
0x3eac55ed4fb6189f81cac15e6deca87e1eadbf90,153.00678692430483
0xca10492b491f23fa29bd88475196fbf97f429811,152.89528294970606
0x6f322332d7a82ab2af76b675bee1be8eca7fb046,152.3841603510094
0xdd29c02892a18cd02d5ff7563f16685207f24898,152.28842522585495
0x4c0ccda465e92195561427be2915b7b784afea2c,152.1944200175178
0xa63d9a9b24269d53665159e42f00e92993e98e9b,152.1723926703381
0x895237327d35f5fa39e98929b127090a97b5d35e,152.04550413667872
0xc704b7d4cafc240f6f689a126cef4eb1f784b481,151.91716876448254
0xd8dbce31720b7898a1f4b221edcd28cdcbdfb298,151.85269847683387
0xa5f205506e6872e9d96deb2e7c09c1cff6346d19,151.7034657411727
0x53fcd1c2e6e1760828a85e28c043bfba454c9909,151.69391500587443
0xf85b841ef2736c614fbf7edb7d9fbae78a7a4fb2,151.540084815172
0x992c59d45dd67706d7aaa118beb331c203858417,151.255733688007
0x7f7d4590e6e961158fdd01c4fb96d10b01f07b4f,151.10012093077842
0x7adb368141248d6c50b614aee3b6a9ef9f8c20bd,150.93661292101334
0xe77f9daf52e2eec41a1ac70fcae81a99fe056f0b,150.86479124943526
0xd11cfcffc30110123f0edffdd214df4064c133d2,150.70903784171077
0x7d2b0d86b0494074172eda12b36e5e45b31c1b02,150.679709097912
0x6c60482df836d76f5f27905573f6a190355f1afd,150.66329335810772
0x87e172d73cc33f619b1d170e0506d5cbffd35074,150.63367096430366
0xea342a828376b1c4f3f06ea16172d3fad6578090,150.169635083988
0xc33dd4102d4b17b57c163dd227654e7f4c205281,149.84851820993148
0x5acedd11118c666eec9460574a44e5bf65c1eac7,149.82545495355924
0xf4e43a4a17d2820c7cf724e46844943931a47894,149.44551279526317
0xdf50fbde8180c8785842c8e316ebe06f542d3443,148.95424339126598
0x41763fe1c61628f3cfb67130c1ce19f94eeea984,148.5568698288367
0x309abed5901588f766ac73ce37e4c9d6e7a2fe28,148.5433147954119
0x8320f662221ef786e5ed1aa61cac480e8d7b12ac,148.47141418079886
0x774e6a31e144b171cde042e573dccdc78e730f92,148.12997275732747
0x7530f10fb1d50f597c1c16731b0ce4b0a57e58d6,148.1019897146383
0x7a6aed7bf3375b0840038a0bc8c6e1bdc5c2e7ba,147.688869656718
0x4d1ad4a9e61bc0e5529d64f38199ccfca56f5a42,147.68313885919798
0x7ed14335574fdb849cd00409b304ba3ecaa8b228,147.11712975575588
0x5573c0b54e1d0a3aa8b04e92fda6b5ae57e11cc8,147.0232186748773
0x02704ed8b5a8e817f354d59432e115e0d8053394,146.0990933738
0x888f9645b3ce29e92fc5bd79130009f0f64f2149,146.07955523073014
0xb11dc3036736449b285b4cbd3cf25e2a297eb757,145.90006899249425
0xe36d7f0298b71e3b85a4ed461579c8bbdff3499e,145.7368257861875
0xd521b36d772a4a993d5d904ba34ba3ad93c10955,145.30689708411035
0x7a306f66c5d2ff353dba096b208e5b279ad492ae,144.93721607084058
0xdbe04bc6bbb242347f50cb187e2e97a804022d2b,144.92852065781423
0x3e5fc63e53aef85bbb1a85fe7af2f32ee8f26472,144.86682309666213
0x418eb2f342d8189d480506ed814bcdf8cac52254,144.68820910305308
0x3bc810483e4e2344f0e114a57af13cedc44cf717,144.60741180741417
0xb4c850c8a21e20992ab41645881097b10e45f0ef,144.14929168145562
0x01153ec6ebe0c256895ca26bb569d41df48d1b27,143.8002191626
0x657650dd8f17f734230f1947bc6e6ea809203e07,143.59024366824713
0xb6d92f4efaefd1b24e869503732eb1fae96eb4d0,143.53184997169498
0xa15a5c25a9a826f07e549da58177f01e5015c780,143.2276237539916
0x4cd908230e578f77d6598a1875de216e46044ab4,142.71764537524803
0xf0d539955974b248d763d60c3663ef272dfc6971,142.10169877924264
0xa3dfbf2933ff3d96177bde4928d0f5840ee55600,142.094607291214
0x924d2a9080a4bb096e971060fe227ba8201c2b3c,142.08252014730104
0xeee56cb633f8f6318f297b4257a24d538750e832,141.7867824639083
0xdfa06602a8c2e1e182bd5c59babce1ab90961894,141.62967462561798
0x94a0ae2b443f9c0ca0fc6ae8a653a5c4e934b92e,141.46051047062969
0x1dd574f37b6a910aebcdbf97a6140f7a936c8983,140.64855006779277
0x87d9520761028cdd9dd5fcdbde70c40b5a36dc50,140.55718857757068
0x29610692b2777480442eb4399736bfeabdb46dce,140.54924391777828
0x4cd477e754651d081a5bb2795305140a0ab9690a,140.52885156089408
0x10960732d986a5adf31042bb3e50075d2b4701d6,140.33397656042104
0x7228a8a82488b8415f3d917efedc7cedf37d198d,140.1896716740265
0x8da41d45c183e63d5eb2ecacd30ed6dd4a640cc2,140.0528113566108
0xb5761dbce0b6dad590c46b6e95839d60f0b888e8,139.91735671233008
0x28c7f7004d324bbd85f0d82e3902552a25db7065,139.80515627936
0xddeeaa8e491e0026f72add24f7ccac37edb00e47,139.4679144618095
0xbb9a1c30e6338273495e0eb8d79a310f76a8587a,139.37977841022916
0xb1a19fafa68df18e63c73a1d14283887db051c71,139.33295182596
0xdf19389d0b2bee33230d73f07c8e0e2c4e78fb59,139.2313418620642
0x96c12209c1130fc16c432978c45f7f6b424ef18d,139.172137166191
0x991d67179900547b47a3f7a0cdd614bd15a8fc86,139.0037397099626
0x3526bbc3b46e0381dd66701b579a84119ead6a17,138.84934321756222
0x17bfb424b08906b83e42b36c0a295e85f92e59c5,138.80529444058664
0x85d7b2657d100c2c577daed2ffd708197ad06849,138.25537860817883
0xe6ebc7f1aee3ae243812a540ff8e7233e34b26d5,137.95972329385998
0xc07675642f4d1e474d22de2be42ed68aa27e9b1f,137.93082060706354
0x319f8d679bae9fcee5a1180d037484f5e4cec0fb,137.913707165168
0x3056d8ec61022edba530acf06c07eb3d18f1c385,137.63491889279607
0xe76026d27597d07d2a17682213b3e7ff93c45ec4,137.4745
0x2b99077727305d4d2170db0339f383a46ee38b8f,137.4745
0xeb9dc7087607be7d7c3ccbb4544347de1354720c,137.44418850891577
0x1720740c9f83a094fdb3abd046d65e03767d635b,137.10230212235078
0x1181d3a2cef96ea6206c02b1be31d3e6795489e3,137.05466531195293
0xd848f5a870b368d576798e3322d4f8af9731a74a,136.70244315682308
0x7423467aba9b8e8cfbdface40b5abb7bfc75a5b9,136.60437452686975
0x337f39bd6d52812f399a9ca01e046ad837765c6b,136.49043341856446
0xc618159d62e11173f01b465471d70fc237a77d90,136.33272055460392
0x5d8ae80611bc2e6e94c3d220913e1924f826bf42,136.20919757822168
0xb8e2a981f878e6be597e4a0c187e2757b1322760,136.07186576028457
0xf15fd4dc6a1d3c0aa8bbab46db6400f53a49f737,136.0618185800969
0x8d35050887177aa442b131def97f14fe8562f473,135.93463060687935
0xa05b0d1eacdf63e780987f5147bb9ecd3c4ec9e3,135.7809076544004
0x36dfc065ae98e97502127d03f727dec74db045ba,135.50517966076683
0x691c9c0b050c2c3d46dad37b1b4c3666f13ecfce,135.46538996113367
0x995c54d5f7a3e8351cb08e000d232e7d5b2ea211,135.4554909
0xb63c2f390803119a98ac63a371bcc657e366df0f,135.343691568341
0xcffb47d3b3f6855602122e0cfe5d2ab12de2961d,135.2463074099426
0x6ddc12ef2940137f89af63f05196a4c9d4883ee4,134.44532117347552
0xd30644d1ffe9139062de39341dc8c1d5a24487bf,134.36336536225255
0x3638303aee4020ea1cf3f2ce855aca0d5b7fcd12,134.33055701280702
0x12cc685eeb95d3fcdfae0a996e214e51fa6f7548,133.77259005827028
0x138b22f2db5364143bb0c067ae0c2d123f217b30,133.6140918824684
0x84c68d545fa136fa1b520ed6e67ab6a7cfc370c6,133.4427801404268
0x7f3033a0b2a8469d1e4b1f8611e1accd2b05817b,133.3878413758621
0x204251356ee7bed53b0f4d4f6e1523a34c5cbb31,133.31327009019944
0x41b65aaaba7c7a1f721b543d5d8d77dca1ecd11e,133.2665764309255
0x11a84801a6ba13cc28d6e7c8f432f838d2d477cd,133.23351222741914
0xc3601f3e1c26d1a47571c559348e4156786d1fec,132.94853388194224
0xd9f3a5a0e7499149538cdee8b804a5ac4f4944fc,132.75669099327675
0x38f44ebeca8cfbec93ae86aa6f00ccb55c2a4d22,131.86007668275403
0x0e0a0d928e31ca11c4a858b6d2b11924704f8e57,131.7700108186605
0x8f6fd5333e1058c639794769c5d35602df4e5059,131.56731535694848
0x457c407d4a306ff552ae7689b543c2f0af159a5c,131.44770254244557
0x31da9d270bc12bf9ddd991fb72728e5e351e2c77,131.4195632586143
0x3d91365b40f4d137ea22c07a217253d2fff9a67a,131.36219817168484
0x87ddf6aa184f23420a2a35fed68052b2c30e9db5,131.33087969805794
0xb9df6205c4664bd7be0471b8b8d2e743fe05eb33,131.29369221808474
0x8e6c1149615a745124c408edcb460ba228c0206f,130.71850611559725
0xc4c0dc12adcd2274c8c4a4337ff8a2c2e5c0f033,130.53227143285832
0xf7694c08b7fa71574188255e151c87a381f13220,130.26979999505542
0x30d7c134a9e7477dac13ded746c23c6e666f22b4,130.22780358176684
0xec5100ad159f660986e47afa0cda1081101b471d,130.1332354565067
0x05a99e6ca5d9ef2ad279abf285d15f51bc25f34d,129.53046115513885
0x58326bd896e75afa20fb8b58217017797667e0be,129.4830053973
0x0d0d65e7a7db277d3e0f5e1676325e75f3340455,129.45455570748732
0x206f78d6367be321e4a79fa4e0530b57f91909f6,129.08400514126936
0x0379e060c47602187a129fb49262eaf4ba3e7c92,128.980751536152
0x6c0226a2c439326f422a1d644c5bc1f8d836c436,128.94211847020267
0x8c6f95168cfa2019999c74a9b1977abee91d7b16,128.8696521235654
0x10d11d511019f85f977a553ec5a6a421d038efdb,128.77178743011092
0x888759cb22cedadf2cfb0049b03309d45aa380d9,128.7373629623932
0x4941aecb840c1b5f99ac001a2b7c288a585dced1,128.60515530006657
0xecbfe82e3bdf799a52d5273fd3926457fe397671,128.511788712993
0x0d47fedc9f84ceb8c95719bb6b684b50645cf2f0,128.50149970240003
0xa385634844c5da337f049407faed5b887981aa20,128.35280145141775
0x4dfbc9ef432421c40fd419e754ff8f6de6453fe2,128.34793869274836
0x3168f85b0af50db4dc4855074b66b9398fb203a9,128.2592855332746
0x0b78edd6fe0c63251bc59d6629f0575671f7bd14,127.82501450674289
0xf68c01198cddeafb9d2ea43368fc9fa509a339fa,127.72405190804695
0x530cedfa4286e67005c49490c7c93e3f6260e8a4,127.70308211518821
0x3445bd0f362a2ac93a376a97695421bc7eeb0030,127.69617035717525
0x465a126aa11759cdf4443fdc0a2fd2db7de26285,126.98400849509879
0x11277e7e710435acfda90dd6f457b3879c8e97f3,126.79822133049058
0x93d584b2bb21d04d6d038295bf7725364b6a44a4,126.53117579901276
0xcaf9bdb75d9ac6a122f0fbd514fff4bf7be3e4a5,126.48117159051966
0xa43c42e1cdca9cdf88dddd67b61d38a6d3d6f94a,126.27794641807523
0xe6d71bbaf7e25504bc5921fdcd8a977936305990,126.2002880989686
0x56fda7ceeebb9da7cd3798423dbd6aa3b8491b23,126.16249222820092
0xec7a6619c3b5c251ca6ac8ee3d126d66e9541050,125.73704925283201
0xb16e0c7d90fcdda93cb07f6f6fbb1933fd8baf10,125.5689831612934
0x78bdbaadd13ae853f77da1e024617122129e5458,125.28131207901494
0x8ccc2cfe3409c20fee1b145b8dc49ba1abec4bae,124.91714399700744
0xb65170d6d0ee11cab60f4e0932a28f4cc6d13a16,124.85584798247643
0x4b3cf93243ba93ad83f93fb8a6f3c79bcb570b32,124.75441639091788
0x18a5c094d811e1ef9116fa0bbc5cd23a70cfcddd,124.69770973651792
0x3de73c76fa78e31c502ac15d76401ee987af9a5e,124.61498444112397
0x24c9ff7cf1eae4e48d4ec3a61856906a8947f995,124.46447385254284
0x394634f4ff470a259701afe43dbf86f562099ea8,124.23284254175361
0x4759b2f14ccd4596bc48e3f2feecf3ca2d6bf3e9,124.16749774649067
0x8a4615a8a1ad94257567762c16007d02f76ede00,124.05679999175365
0x064829088502a934d5988dd904c113670ce73afb,123.99711488142097
0x25e3a428ad88122d59153b79add43b082fcb09c5,123.91991142709053
0x1546a6ced33d9fdddf7425def74faa34e6d30d17,123.88810916508689
0x90265987cdb51e0d3682060aea168766ae4043e9,123.85909409212482
0x42b8a4e8ed123fbec69b75fc6900b42cf10adaa7,123.85760814460752
0xea8c5f7a52aae2a045ba881b78b5813ef9c697be,123.85428516503393
0x966a9a67df0332518bf2e8a17e7e3cba57e9c346,123.8388168114019
0x48f0947bba60e6d6516f809f125789e2a5635b00,123.78977859838302
0x53a08416d5c426d39082cc411b82b5fc2e4eceb7,123.7886963281195
0x6140b987d6b51fd75b66c3b07733beb5167c42fc,123.69841297868037
0x845c0179060362f071ff5c7f1d2703617a480f3e,123.66561633556087
0xe1dd97a296890cfd969ff2a521644a218d6d7029,123.53211588758565
0x09ea3f75930d42d3f12b71d0adeac7ef02a82b51,123.30651565114547
0x20ce3b2438e93ff91e1765cb8a0888af01213a75,123.29558202800345
0xbe566c04a76a79a97642806c37fdb834a8276ce4,123.17949074043034
0xf02e894ed3ce1d9d0bb7bbabea293bd0a855c3a3,123.17800068817635
0xaf63237c23854d44075d7c78c9febf6a0fe0a9c1,123.1349593987619
0xada15f0f68f9e7d4230c97d942616f1db3f2a9c4,122.92874846502401
0x449e4059bb0c1473d13e0dd0b2c3b2aad43650ae,122.7753157917449
0x9b68cd7f9a2c1e2a2e12e6e830157bc2438109f8,122.6650299602953
0xcd9a5745d309709faf1918501dc7a17fc30b6a2f,122.66086762193135
0x6a12e8725bfb5bc211194413908916cd5e5fda5d,122.61741004202813
0xb722fd570d68d0c2de769a5d7c2fd11e7f1b0ef2,122.60913997798338
0xdf5096804705d135656b50b62f9ee13041253d97,122.59131724146823
0xc2edf4dbcda1603ca0aeb328e402c328d755e273,122.57102
0x08b30f89b3152e9815c79d8cf59ef8425693b08d,122.50200000000001
0x4385dacb8c34cc7014b2e363f0820be2fa8624d5,122.46172799173898
0xa5c9996d90abffb5bf52769b4b10d9d87077cbe4,122.04185318558149
0x62b4a6ea970288f103ba81d25be4fec46b5c3f3f,121.81191900930001
0x8180eb8d90023fd91b7254eb442bf3d09d0042de,121.2872646154304
0xc4bdfcc5bc34c4c5e013ec935b5d96ec18b194e7,121.22767438361714
0x7413c2d4aa7e3873976ab913b339c7db9e0f9f84,121.16253593914934
0xbadad6a233099162f6ecf84c9d21968090724c6e,121.1375
0x72523f9e9f170edfb003e3af48d72b37f2113584,121.1375
0x4f97b37c59fba33d92040507641dd86891b8d192,121.01645507287839
0x0691f5bd1e12f483acf2e32dc922bb82f1ee7d69,120.97199281470202
0x53ca721417e1612ea836a92b987676f08688821a,120.69328538342464
0xfab723c6e069d5567524da4f6ee8671fb77fae4c,120.37527282286882
0x09a69f355c13ba2b162e58a15d09258a77bb3482,120.29949822492364
0x56a2e28afd83317d8bd51e629382bb482f8f1769,119.66665078678612
0x27a9ff745cf1dd366d94267cb4ade2350588a187,119.49059187294962
0xc636f370f01f23112928e44db37d082d4396254f,119.32881598661143
0xfb61e07253b5174522ff7847a2926d0faf67acd8,119.31363274618141
0x9d5c945e1a2259dd55e5f1c27854de3705e81244,119.23203548604883
0xd8ea54cbde352c38a3e217b7289b010bc1e26785,118.97359
0xf75dd52a6357e52befc8b982c54a678239f1aa15,118.94063465471999
0x4f7de5ff91758439828cf8c84b84438723303d2d,118.91188400071199
0x353bb62ed786cdf7624bd4049859182f3c1e9e5d,118.89805373685405
0x06bfd8fb8df97cb0f16e0997e53d542b9ed20622,118.87790382459508
0x22bd1ad7d4981b979bb544d84de86432447d9050,118.87100264549399
0xb8d8033ec1297c9d11a8c0c6ae4b0f35efe0880e,118.78228900010018
0x4fd82623cdd5de597fcd4bca5890351eea7adff5,118.709789495025
0x93cc6a90aafd4a572735c056e97eaf6d1d7665fe,118.5470999921199
0xb1112d2b4e422347c7d41afa28a43e5e8fa8c517,118.51350477489397
0x89751f5258baf36b8a588169c041e0ac06f53175,118.09736487145919
0x585febd8beff60084856d61befbad109b4886915,118.09589680802695
0x71a3678573bc9f8a130be6ddaa23f64f5c0c54b6,118.07695515416845
0x8b6694119b5d4b8822f9d1ba31c05bcc17343378,117.99401013
0xc6f2c3e49f74a623c3a96a1163774d1485f382dd,117.7724077753963
0x5db653d2f4e1186b0ed92a2f1448052cefb6c603,117.48209462300699
0x205dafc62e189edb386745360d6cddc9411aa35d,117.37027868908424
0x86459a6ce2eea6f86f3618895370ab47e1737acf,117.15282303094172
0xfc431a41b8ccfcb9ec50bc1adc4f18cff2881ab8,117.09487711523808
0x3e386db445ebb088e2afdbb8951f8413d18d963f,116.876790545768
0xe9b831fb1e12c98d3a9670fcd75da1dc89627510,116.84520177537951
0xa27cbe256b05524d18d3f835464c2be1ee7bdfa2,116.665559677755
0xabb301b36c2c2297d29d526062b2be04119e726e,116.63895827078261
0xab3af80ccd28d7338508e74b8894ff2c534fca24,116.63640126212124
0xc303689e00629b9703744ed8c5438c660f3ecbe0,116.58348758128801
0x2380c1167352ae039d876bde939f9da89ae40a0a,116.28866464081523
0xed1d23a5771cbe33068e1ef4de4489b5ae52dada,116.26637544102078
0x2d8e1a081fce19738866039cf2f485a78fc59e21,116.25147654703979
0x943884405622c7ae4827ed8e25113c0c5c6c443a,116.13892996369214
0x5fa169953acdb73a15946d4454c0f0ac2a4bf100,115.88235526673371
0x28601e4f3a3c27de91d9adfa62c6ca31e75dc69d,115.712676069732
0x737fe10ba323e23cd32b5769f7f80640394608db,115.37170937644001
0xc149d5bbbf636006739754660efee3daa1335dfe,115.27355492784716
0x9263a956c4186d0527c317cedbea6f8925297db0,115.266384238195
0xa6c501dccd52988c839e3301a9d6761bb71524ec,115.18752807845587
0xfe0081829b47f4f0b19b4d57eaa44c59d6a8bfb1,115.15906298488792
0x873823930b78e1c1c3d9674b5cb107dd2d211bf0,115.04919590931199
0x01ee2ed94764e54b2b59534b4058e9a13387ca75,115.03191449958256
0xdd0cf265951256a0eb3a927f657959dea4827b6d,114.75250240955319
0x1a4cef055549cfa1bb483eb33bf9d02ee0b3e366,114.62936417898476
0x49a4baf36f96bc8d756108c2a7453b53c9e56dd1,114.33277631281376
0x598e7a017dace2534bc3f7496124c89425b1e165,114.23181239043525
0xc7ad70f89b6d49794da0107e5f1ed1e713438f2f,114.144819514803
0x77778afcc37256603d54e67143bb234b6f2fc7c0,114.0992956178622
0x8a9e6875a7be0a4a2c88a152206191728987ffd7,113.87872058482588
0x672ee5a4ab38e12e4bee2fc085e9663349fa624f,113.72048540810681
0xda09d624c62e0a0ca19fe7dbe541bfc80578cd42,113.66183267445503
0xde5f12b5029f6c73af4293e50d69cb9169df4df9,113.56832269763655
0x9cf7d8c3c81078751319e18d52f58e32719d3ea4,113.24911388652751
0x9e6d39b270e3d95ff5b6c32bb73aac02a1e2b84d,113.04046220870984
0x17ac1aec60139807c71170f1d8b0f5b6155dfedd,112.99635786882047
0xef8b89be259f038da04efed7be57f03d981ccb1f,112.73048631683608
0x2fe14ba1afadf1a749998dd0e91d14e5e304784d,112.6484858854791
0xf1f987bba178057d92feacb5ef40c606a1472ff7,112.38696419875274
0x67351e394d3f742dce7aae08c5de743f82ed0675,112.275015728092
0xd346efccf73caea62cdad175293886f26d1a3f34,112.20370491044966
0x99fe00026247953e792a7f02ada40714e8d20733,111.81346384001458
0x8df5b0506bb37309ac444f400ddffa0932c9c008,111.49397998847762
0xe59cd3b9a21304bcb369b6c16b8bd14f07d97776,111.45858194261392
0x5676a3e884ed64cb8e39e905f221872971803d2d,111.42027554456351
0x4d5f135691f13f7f5949ab3343ac7dc6bd7df80b,111.389867807085
0x1b934271e2759d74272471e98c8fc3289b591228,111.19636080039399
0x1f9b4a5ddd586f8471cda36262c52e5872a7d257,111.17525209014946
0x11f6fe26db48c5fa9f776407fbcb11f2e10256a8,111.09311072206863
0x7b09e90ea08b0ff922d9890959057136233d0f4c,111.02555458196574
0xa150643d92e06317fb499eaef4f6d89b7107452d,110.9785326909448
0xf24c91c031349adc1f70899ea26322ca569c5f69,110.97650837736904
0x3d4e63fffff1ef3101b5a778a8956fdaf4e3d52b,110.7049157700772
0xc604b09f909c62938d345dd4ccd3d218934d3b28,110.70295887168764
0xd4288a7d0a81033ccab0111ba8be50d9fc154c89,110.68668959650353
0x10b5c63a0a94ec3036238190bc88608a02e91e2c,110.56112818883335
0x533a344096d456ff0bdcf7df6338e4fa299c8e64,110.48468027362456
0x46af8ac1b82f73db6aacc1645d40c56191ab787b,110.45161245257158
0x9734be0bd088d54b041cbaefa40ae47c0fbac94b,110.43161557274968
0xa5a29b316a72b9e89b7253c44692836aa00640d9,110.389431516846
0xeeab1e74c85f0d98b7968e82dfc0821fcb0e5d6d,110.38675342618649
0x8f86fdfa70ef519900731d4772c1ecf5d17f765f,110.16701307467135
0x2fbe66944616105854850a66e6651c659771e6c7,110.14797131096788
0x3bddd3555aba2a52b744fe3f1d5f5632d72329aa,109.97959999999999
0xe7983f72926e641bc7d47d10742e6c09f90772b2,109.8879953899406
0x633397c54dacbfde12cc8b09222fc658f1c569b0,109.61218753672294
0x6a9a0d61f8267d1992b9d177e1b791c88345088a,109.41238301181244
0xe20cb9b8d7d748b72eff803da88930ec95826662,109.16223040043319
0xc535fdf830eae66f026443cb43ccc9abcc55e438,108.938700627536
0x20215cd3949edf87771c529ed41f5d8cce652f65,108.89849979436445
0x0cee03d39e1f4925f441afaeec15cac5fb377cd1,108.82243104826318
0x53bbdf4ea397d17a6f904dc882b3fb78a6875a66,108.69549658621499
0x2cb094fe3e170d5113789af48fa09c3dcb779dae,108.49396457002656
0x57c1fd86301c80291351b711c09bf6361bdbaca8,108.35138779649533
0xcf099e75c80a2a01cfd6d6448e4cdf59b7f5d7ec,108.26251182103132
0xb9df7eeff53fcf6cb93007eced2e282d8a51036d,108.25882221986853
0x611663a4ce1a160bfb4e0e06282fa068ee79dec0,108.14436313639968
0x750bb20608601e4c44acbe774fac8f37dab67c86,108.04907463147603
0xfc99373f1b39e3aeb847ba80b9c21fba572b3490,107.96184524952598
0x075c79300aba4128d4bd4bf73268a853035e4bb7,107.8521599540567
0x5fc354d3026d12c011d4bde23bd4eae75ac6e2cc,107.82208156238445
0xe5c34d9b34b0c0e60c06cda76cc00fdd01869dfe,107.75040900484
0x86bd450587f94792b5a3494ad93315411d940d8d,107.68852787167515
0xdb9f4fb18362e7043d763bf6a62e64d420c24c53,107.66839901686576
0xba69650773b966d969851f0cdcf9652e34ee4230,107.53287818959134
0xf3e1a02c07d611c449b658e132112fa7ced4a3f2,107.43796419327663
0x0c9e0a46d05e56acd3dba693da6f0876baab8555,107.13174506360653
0xbe402fad05fe9712c6082f30619487b4a3d32016,107.0055869551832
0xce2a8df6401db2f847fdc7b830a80d3ded3f76d6,106.96764633569776
0x89a081040e25df5862d69f861d5dab2c98da25e6,106.65702050217861
0x42533a4032ae99b341333edc96a951c5fd3a558f,106.6052179423628
0x66e3992623785d58195b6a9bd45b6657a64a3fab,106.57894486916581
0x30a523ae14b2d0793a57a8dc08cf0dbeff299925,105.68536840077572
0xcd7989894bc033581532d2cd88da5db0a4b12859,105.66580707269999
0xaac9ceb76646778c31389281d1d1caf8141b07bc,105.5162719195205
0x132074b4fc556a11e735b0cbfa45ad9407ccd708,105.24705543396503
0x380ecda24215b9570edfead0addffad48bef92d8,105.17477895045816
0x8412c7a58cc0b3c7a0f06946c6f2480f07c2c97d,105.16370973689509
0xf02553b9f908ab61f4c1fc0af9a488c76f8ecc85,105.0885320184
0xef9e3ae2f10e0467ac1ef814abd5bfb312495cd4,105.00234769648249
0x9b2662dc8b80b0fe79310ad316b943cb5bb15e8b,104.97912802473057
0x418aaab462ec11a02bc492dd68b90f8ef5316d77,104.97182104365953
0xbc13d7e79582b68130f580f31bc52214e36ad5ec,104.92654774266758
0xbebb01a0dd86f0a127cba8ec2c5d9f69c922b416,104.87858118333604
0x22a727a3e86bde89feb17f273687a32a3b78d412,104.81296791739614
0xa017de801d499f735bfcf00411eb74926ff5616d,104.48489393587239
0xaa373fedab5bde45b2c0f10fe954dd4c96cad899,104.42291550360162
0x73a19c186d19b08847d6f02350466c5a4826ce61,104.36394471336338
0xec9725d5cde58ab260f31c3cf86c72475642ff81,104.294701609369
0xfe12d6a3168be617e1f70519a5b4da37ea638d3d,104.2125126429282
0x2325e3f261cadb1c30cebf66c9f95f6fb016c0d4,103.90354121183309
0x84367a237f7ec3c79b1dca9c9843a728b4426b1a,103.87523990914067
0xa181a4496403491ac406f93593199c704c701976,103.845746693
0x41c1724ba21f37533ac96d44d7532993d6265abf,103.53265550764786
0x6a708d6c1ca66409ba7238efc35507cce9c17316,103.472754
0xefd05ed6d95a203d87399e52b2b384075ecc69ee,103.31780237037492
0x145b4124e81f7b91407abbe6f5f12e4d8822a324,103.30139149631327
0x7416f594c3d8ce5a9a5141fdb98c0a1df07d4029,103.25580218464002
0xf25927ab792a098642f76ed0824cdf2ec99b01c9,103.10673319517642
0xb115d6da5d550e738ccf11bffc8d822f4acfe567,102.85959557851521
0x030cba8a89a43a63af5670271a083d935255eb91,102.42746648681373
0xb43542e6b7c209f7da4b579792f67a1844546ce8,102.231090007242
0xe5baa48e79a47144e2b6b7dd9a6496721649ac4b,101.84559923455515
0x99e639915db68cc083be106e6f94ab18210ed8af,101.72747716732974
0xd408f1cfb083d4d0f149aee74024e1dbd6d3d771,101.66035366583878
0x9110aec7b41ba28b0852b06874a13212f48061bf,101.53804214376761
0x8d43dc18c76b2ed3366d7185ab1a9335be3ecf34,101.43247185815022
0x761d85988e1959f7e93d74972cd884a5382f925c,101.33224475272299
0x6aeb5a2974902717ee01d33b6f999edbc4ab4c7a,101.31797999693057
0xe35bfbf439d7c37e2df41bf1236ccf1dec0543fd,100.83020487345033
0xf706003a70ded2ce24f2a52bd1537217d95de945,100.56140705326297
0x325c44d660cd281121e2175728bf2b7813c081d3,100.00088777060776
0x2950e9821165b974e287a031017ac4b6002c0a02,99.7447269470435
0x2675e90a2903b9d2f8072fdcdcda396f2c53ba30,99.5791862114623
0xf69f5ab323896d1e79acaf1804ecf404aed80080,99.5305206319143
0x9d67fab5dec5b9a9e6319d42f6e8b6ed1ce4fe96,99.48869631768571
0x1dec83bcc6f98d4cac46159b97e1a19ce6aaffb8,99.44842001788199
0x5d0e02c29c6271692c25ee3c2c43a8979bddcef8,99.4107187001749
0x7e4f2843673a64674f1ab81d74242bfbe1a6e9cf,99.39568328802814
0xa8ef4df1577be1a1b4e884eb67aed494f39dc36d,98.81768336964011
0xfeea92041bcc1c00f5934663955a6825e1a297b0,98.74196056044545
0xfa2fdb0debcc19bc31c684a83a70027a164f7986,98.73171127596976
0xb9f88717b09ae8603d113d6bd6f9fba4ef1c1ecb,98.71841767128689
0x539fc0d3721cb039b33f844a929847b1737bbb17,98.70456097043449
0x3e43fd031957fde641243e2412d129ceee6a8871,98.54024977355843
0x2cc61da33bc68e541ed9e4bce07ad3fd3d37ff60,98.35668598147063
0x65b36082b34daeeed8a5245dea4d5de663812cc4,98.3131340363876
0xec2ee5bf216f4aa721914b23ec14eef20844fb54,98.3123248915337
0x7fbaa8ed1a5f8be20e4f3c15277fe8818f7c6e65,98.30030040540045
0x5caf8b18d2a77ea290670eb79601df6786e60005,98.29428062162717
0x7f00542812eaf39a815d756fe9b40af37a198183,98.12627995819977
0x955a4190d07c890129ba007b9ca2a5a661c331aa,98.02318723994748
0x278ac4bc6ae2dee65ca5531e1700569c8d645f2b,97.9900843213795
0x8debdc55ae250b4334f96dfdfe04e76652658c7a,97.58117999804023
0x8b17b70753d14b441e54355a1744b7f5286cefcd,97.5770290410756
0xb72a4b6ec9caeb96548a27cc3ffc6747e650c885,97.57651662445403
0x7ea95d7e6b72edc6621f200fd523426afc866b59,97.42116719898789
0xefd5061bbe13d853578d3347f0b9fc728c507534,97.41930846837442
0x87b01a1935cdd35588a2aff22ecba1a9ce7cebd2,97.36410919527648
0x81ef0c70fa76c8e7563cb26ee34a2e7f2a77c410,97.3336213811847
0xf8b3c39e348d9000e6f63b94d04304b9d66ef335,97.25716247321171
0x7bf8cd534d9d5013d32db8a36de630a4534a592d,97.04972606795224
0xd53d42d46775e26302ed52c280f145cc641f2dd1,96.98107880173986
0xbcfda8def564482068160a7b11981774c16c7735,96.90382692569948
0xbf9fa8a6ff6e20d6436a96149c28cfbf5545f73d,96.79212000000001
0xc5085190c75ab395d97a9c4637212887f9965ff1,96.57113937176834
0x70c0f6344bfd4fc8aafdd4a904f6c5880bf4acd1,96.0956508852169
0xa9e7de1facf211e1bc45596bb35be115c8148682,96.06416792323618
0xdbb69ea87507525fffbd1c4f1ad6f7d30a9a402e,95.9164411474497
0xb25194bec3517aad45e57fa190c799ce2bb611a4,95.87385478070857
0xd827c5ec50d07b9349d3ff98dd6acbc7a6394652,95.77344642248711
0x720f91ee249b84fb66a82d40736dcdaadc87bb36,95.5608163818163
0x206cbfd93f527678074acf10579a3e53c22a19ed,95.54858684952
0xa6d7ac896fbaab644abd84cd127cdfec95ed0d77,95.24985513642639
0x8a3ae63ff2781da29be0a75688da3959301320a0,95.23725143044301
0x53913eff83abb92e9677fd2060aff9cf8033bdd4,95.19801713222814
0xe31dbc4e38b6099b03ca617206d16b446f657901,95.169355346287
0xb5fa7ae2c43e7c9a6b393106eec89e60b225a858,94.87216775640637
0xb99709f6a4e0b10bd776cc15e08ba09d78375a68,94.82100496755464
0xdc6e8df5d9a3320b20e2f1a012ea2dc69938405f,94.79669668583064
0x9acb45b0bfb5daba2a94ab2d1942c1979d9155d6,94.5123457005005
0x07d04aaad8108ca86e0f1c792bf165f63a5fedde,94.49552115185688
0xbd512a7f127aa3fb60e8775ebae6bbc36a56fc1a,94.40035513335692
0x48a451b9ae34cbcf70b2f2c40cf1a81679588098,94.25015423381699
0x0619062b988576fe2d39b33ff23fb1a0330c0ac7,94.24488808926355
0x8206ad6034706d90172774e041212c3fbe2c2c11,94.06079261253723
0xe68ad813be8200e54dd7f232df343a3f8049ce68,93.95831088094154
0x284b0d8f4a6f5b43a20caed86bcb82ab033e06e1,93.8746091190772
0x8307e10aafea219113f0303b2272f4470f947227,93.7825860299621
0xefb3b8314eafff38f5984bd7d4cfe89d38678a3b,93.74924914393814
0xe0ab1c8db8f64eab9a6593eba2a1f84a7dc8f776,93.59119856218199
0xd2006a157bec633440fa7c3d4ed63b742c7ea243,93.5457030226031
0xd23c085f740bf3a9acc8bb3d986de5221ac17281,93.42501573607346
0x2f905b03a3b78fe636218c591f14a30ae21eee60,93.37419979958568
0x1afb66aa487baa4743b4eb82a95e6e1aa9246a32,93.34049006539102
0x1a207d9b40581e0f8b50f95e3cc0e2142b60773f,93.256906330868
0x7084e4c78fd92fc2e5e7344c9776191c7ba5d46a,93.19665863054286
0x82d23f844923e1680e1519af6ef158fd324206c8,93.16148405862117
0x2168477c2aa764e1d8f13aa70a878c95a05f03ea,92.99127806191945
0x02e3429d39c5d63d2cbb2b381b4c85bfd31f8b3f,92.90926744244885
0x6577f37b3e1257a0823ccc8199c5ef3d7971f719,92.8161689879113
0x7d19373dddc10abe3085ae5c8361dd0ec0d15e5a,92.50705647059695
0x507c7d56c69bedc528c3aa00b018656d20605663,92.50089288854916
0xeae72292d9f4e07e628f08aa64afaa9506b4642f,92.38631251951401
0xbdb05d7472c656f547d0ed0e0725b1affda3af37,92.36057050048464
0xabcbe30d8cd2815159c3902241e173a1c0011988,92.26995500032595
0x7f90a11261e428db4507b7142bc6203710b0831d,92.09654229848576
0xc925b89c4d8b5f77807dfbc11619906e04cb0acb,92.04879638824897
0x74f99fac96f2bd6c4cbf56bd3b84a6f9a7bdbe27,92.01285809060269
0x39935c1e356f613f446a1b9f67a28bbe89a02cb5,91.82673920980818
0x5f7f44c304d016fe8cad589aaadba366528f0ad0,91.59215217614
0x3647fd5ee6dc40682eeac0a79ddacfa7aa631114,91.39343262591494
0x39d0ec013b2996015581ffb0277d969bc1b17d70,91.09138678485678
0xd2b37ade14708bf18904047b1e31f8166d39612b,91.03394151115063
0xc5003f495a5072a81771ef8aa38c6302f45f0ace,91.00065019262776
0xcf171123a8f295d890a68f58d038324e4d024b14,90.9939860596777
0x105757d992c3107e42b93309ea4d15fcf1f0bad6,90.9898110558552
0xf0a1088219ad372e971e62adec376377ea875ad0,90.95543996125444
0x4b64f7c6f4aa8b8d9944530d8dbb9d4fd165c4c2,90.82975508
0x3f03774a94056642cf51c30f007670ea93904146,90.7747384451478
0xa47caceff117ae0a889b13a920e1e9cd2279bae0,90.767372449964
0xfa1b8f29d9505d18b22f823b82e7da886dfc8bdf,90.60429061202888
0xa261a13bc35173e60531cb8cfb7f66cc217beb7b,90.4885417946567
0x60fa657cec375e8208e23f50c4ec03167f7c6076,90.460113592854
0x797fd8d287b95077b658c0a6c55f8ec86f64ba42,90.4443485
0xf00601a421ba11fb8cf8b0bc59cba90c6f82fea3,90.434509611768
0x084dbb1ac1ff97737b1ef24ecef54062431f4da7,90.34797263713939
0xcae645be1a8428e886cdbe8762825b8a7d4a740d,90.14963028362457
0x9b3d00391c4d5cee1253095c5380e326f69fab8d,90.0980192208478
0xf041dd2f85c8d814ed9ba2acd0b2fb65b4bf9d0d,90.08929999401155
0x97f5e9c85d888d0cb5c1a90275a5586562bef9fb,90.08775998385083
0xe14cb8e17e82df18816edb5d66271d315031cf8b,90.0348737206953
0x96da1ab5b5aa6e3d648fc9e7af606cdb7d86eb7e,90.00488070117457
0x94f2527f95ba76e477afb4168bfd4727519d8032,89.84405062556007
0x626b88542495d2e341d285969f8678b99cd91da7,89.76490198740146
0xeb96642960fa853bbd99cc09d5f755fc830b0587,89.71757778750535
0xb93823650096d5ce1a6f1331c64b748fe991a01c,89.65433958881057
0xa81d8d9b053cbf08a48f4d1d38ada28455b894cc,89.4014441697778
0x3b9aa243ad2a17e65fa92ea91dc2580f3bb99a9e,89.371022623824
0x930b2c8ff1de619d4d6594da0ba03fdeda09a672,89.06775644457865
0x3fdfd009c028893d458247c1346078c6bb321a90,89.02923230938957
0x4ed1ae1e0d143acd1c3f96678ae15f1665108356,88.92771682485481
0x3e78f36357c85d3bde59c92fa67632f03e022eea,88.75545000000001
0xe75defbe46d28724a62e3a8100206364932e0901,88.40275003239859
0x61a7c177ddff3c6c3567746456413c987c4d4b1f,88.34505698662761
0x74c99f3f5331676f6aec2756e1f39b4fc029a83e,88.08832827087
0x2c01c1f97ebbcef364a1e8ffc9aca0b6fbe8aa3c,87.93481322448375
0x35b8945012c2560925c395f70f6bf63a209ce985,87.7776105921524
0xd3ca35355106cb8bc5fd7c534275509673319d83,87.48473099740562
0x3bfe8ee13720208e4d1be183dbebfd3d6cf52ac1,87.45126666688215
0x2aa35c5df463ed06b633b7e26124f85fdb82fda4,87.39396743381891
0xfd58eade18b473cefe6d6ea9438ae0e31e22c2b3,87.3452478934054
0xa5c98fcae1f33963ea61468eec995a9ee1b6b8af,87.33584053449441
0xdeaa392e975be8f5adeb8f5a8b5c8732da592625,87.27154961293382
0xe506a80a2d730bb73ddd62bec85f3ae3acc1402f,87.269246690905
0xd8b92c0005a00d6be42d25ce7312f7979b1ebe23,87.25340666394865
0x764510ab1d39cf300e7abe8f5b8977d18f290628,87.23797886317983
0x3dc0c5867e67dfbd9707be5c96d84418723d3b33,87.21718330963407
0x295470b35a09ab99985e97be02ce4c237670b765,87.1398275336073
0x643d48b8a27a0a60394331fa28b8765df16a6856,87.03575182508285
0x65f86c4f39225572f4032756330c58fb71f0393c,86.8607734745578
0xf3ce20e10057aedfc9080af537ceec53fb97b21b,86.7294015008
0x4f9e0fdca9c056ed0dc823f08e569ed316e50fe3,86.33120175179931
0xe1cf4fed090a8ecabd26a6bdee1492fdbaca39e6,86.13971352074326
0x277a8a6d8eaae4961b85fea99216aa107006c435,86.10732174306953
0x68029b52641419bbf45775c57cc104165e998a41,86.09776188742532
0x9366a09f26d41e6c2cc3c5e98e0f82330380f0ab,86.0802760545707
0xec5055067d60292ab2c514a1090bc8e014e4abaa,86.0591040935413
0xbb08de32d9f50b455600958d505c2f609807fa3c,85.96481167020863
0xd59c7ee3bd7f9acf17bfa5bad059ae2ec4eee8f6,85.96046075091371
0x81207bebcb0f230429f3b54afc5f60f6a547c25a,85.94317287542074
0xbf6d8e2c3913640bc688c8d4b6d38b3033e3c482,85.88121626610473
0x99730718902626ed2ccf7a340473d66cbf9c249f,85.86443169096636
0x9e0ec054e4f360f4aa1de3adb110fd61e31594cc,85.83791907207502
0x876a5ec69f78712e22298610bf0ba47cbf55b5c7,85.82313663965334
0x489cd5d19f14db0cee3e27571e4d65b0fd3b2fd5,85.72136897453701
0x96258bb42779bf300cf69c9b5bd2ba5245cb4bc4,85.67709132718801
0xada3b8781dd4137371c4b8d1da7e262e590346a1,85.62772388307387
0x06909fae7748d015083a472b1ecaef1203c19bde,85.623877573686
0x91da29105a15204cf81b7b541878622ce8166f93,85.33789334343726
0x2a6daba591a13255d00d362ae37356bc8b2fe27c,85.11887128534616
0xb484225007668cc41f57fa28bd2a7b92d7abeec4,84.9173774620249
0x96cf1ee7cda6d9297f193be22d350e59dd9d8111,84.81911835005288
0xee5bdf5f495e69d81b0b9bab173d661f057c294e,84.81239926087655
0x6acb4250ff8c65f0ba95b3001b920370740be940,84.72064999436843
0xdd005650ac6805457f4fa6ee1816813ce815e914,84.64705445482001
0x94082dc4313d9eea8b82c83a7a7c8f71c698df1c,84.60979534973045
0x01edd10dfb20373b226830d66ff8830b7cdb4b5b,84.56553727575401
0x034a5e97ba4c378236acfe69379aea126a8ebbc8,84.52966456087869
0x307327c78e9e3355360dabf65b2ff876dd749966,84.37210746110046
0x6143e64eab73441481c91ce5ec64459296d1a204,84.347146891584
0x85882211019e60fc0f220a21e343c097e74ed5b2,84.00334848528341
0xade2ace3a4e1dfb56b5cbd5ceced0f20bd1fd604,83.93506980315048
0x123fca7e8272a8e9c3bb7113c259abc4901e792b,83.82742002691542
0x2f9de1b1466a0685bbe716e5a2b259007beccd67,83.57238277444102
0xf36c9fc3c2abe4132019444aff914fc8dc9785a9,83.54050996499714
0xb65c3fa11ecf234d5c09e1d41d3acc7ff6f0ff76,83.53481375656699
0x21c5918ccb42d20a2368bdca8feda0399ebfd2f6,83.51706053880001
0xed7c79b80c1269d65c038e5dfe462681cdd4165f,83.48170599866309
0xcf3ac4497e40a4552c141715cf9c58c3621739ef,83.4492823350198
0x2007815bd299786a117dda62566d6dbaa416926c,83.3089983981086
0xe7fce6c57fedce45f5d4434111109965df2df54e,83.2643296988154
0x5aac0fa2c72b2d425538589495b199293a4aad1c,83.2116
0x8bbf016422f529b529a87321db431951170c79e4,82.89484568127735
0xc1b24a9ecf68c14ffe65263b1591c29dd341d09d,82.86346276059533
0xf86a418d0cbcb95a1286422b29aae22c7b7280e9,82.80624783218865
0x432d26bbb46e1672ccd15e756e4fcdb42f22187d,82.76662071664245
0x927a4aae0c92cdd84b3bb6a2034a299eccb27f7f,82.660142759675
0x548e802684dfac2b5c98a056337a646aad9ba5a0,82.56379999631075
0x4d4b79bd92588205c77a34a19a7ef4e8153814ee,82.5487104064984
0x8301a8a2e8d3152140b068782223b67a81971367,82.53315405653363
0x28af190df554e0f106898127d2362487c128fa48,82.48469999999999
0x6b9b22cd73f74fa5a55bf8c90ccbe1fccc277b48,82.37059771191873
0x8dd7bbb8b8533e5a364cb16abbe53368c375fd6f,82.21864931201942
0xf681101334c6bccd7bd007224c7f7b65a5861a85,82.0919113435537
0xfc0dd985f6de9c2322ebd97c3422b0857c4d78c7,82.0028963577701
0xe6352c2db43d45ae4c0a966f78102fd7e6f19efa,81.96442270800924
0x0e0092090e23c560fa2465a3f45ca5d11673c023,81.95581366238629
0xc716b1253853ce051514091b7ab1e706405fd231,81.83818023327377
0x557520519449baa1e2d4d4ad4ca0a23dc3fd6ec1,81.76354495001
0xe9373fcfa6e06dc6019016cd96b2d2d131042868,81.708845349018
0x9e79ccaacaaa5dbb6714eea8fdfd6496c9618f40,81.61280598099361
0x766c1134369a1c3203cf6f9e7440e57641d22621,81.49598210267159
0xb23256f709c9c1152e038bc5e4fc19fe40ee48de,81.47809999635926
0x0a6773c78f7b75748574b05912a794b739f360e1,81.46685493272136
0x75435392528dabfdf8cb03898eab22d8924579fb,81.36777821475147
0xb8f917f771669bba748f3c6c19c787b9f343479e,81.30368041025122
0x5cfed1185201150e21feccd14fd74a9043708b7b,81.16092588682714
0x6171d377706a38276b4a5a140445cbdbe083058e,80.97274010595005
0xe854bd8dcb8a757d6f51f5a2f400482960f6ba46,80.80620178656464
0x439224753ce005ee609267dbd5df8db5a8487c6d,80.38610083901152
0x83c8c1cb9bcc072d0736dc57992448257b85ebc9,80.30457884038603
0x8cd7dadc8e11c8706763e0de7332f5ea91e04e35,80.27166491256392
0x764cf42667d23b01760767955854c66a84c0e1f4,80.226031101391
0x8f2a37675567b73b14eeddd94dfd073ae3fe748b,80.22147956622658
0x3125bbd002deed80f7680fe29e91e4d9ccd76b74,80.1793165462008
0x62f20aff621344d162a00f23631b87fc556df58b,80.15075996585705
0xfe97b23c427f3483820aff4ea0dbd082c5bce494,80.14485425541251
0xbdca6bf49082a43d4650606fbfe3cd4d57f6a904,80.13066807164365
0xbbdf8c6f272a65fe0294ef775b463b43327190d9,79.98752384596604
0xfee81f665cea0a25a69159212f627d4139f4d01b,79.98170846167193
0x3328f7f4a1d1c57c35df56bbf0c9dcafca309c49,79.71029485016571
0x9d964ca5d5ec302d4dc56c5ac79f95b514546037,79.67153202200991
0xafefd2124eefb2eb634d3790d7ce0133c9732186,79.63847288557642
0xff933c57e8678132b9614e43d76afece0d2e0286,79.61654357138818
0xbaee727f5bf6c8b52b300c522eb8896081d077b5,79.59518292334607
0xb743f4654e41153193dff2dea44e281a4005b4c9,79.51415247436512
0xaebfcaefbe434e86d8e861f2353b70ace74928fe,79.5001954172227
0x87fe2e849845b99d15e81d3acab1d53a40c587e5,79.49606201131802
0xa957d394a656742b0ebe3e37f179de73018f6fa0,79.45597295006365
0x6e0ee66d5beb4ab986635f39ab49a142d031bc01,79.3919625947085
0xd615509464b0b55da297a6bcc86f306ae7d537fc,79.338335898512
0x9c04560df8dff626555317ccc2c336b9c24fda41,79.32389860663064
0xfeb6a9de89465da662ff16f85b5342b73bd0b455,79.319997488463
0x909b826d2a4b045cd9a08fa3e70271e8d96cc103,79.20954472745616
0x8103be1668d6d428445c732c5d57b4de14386674,78.80960584034293
0x22a890fc10a8874298c91e4613fab3ed1a7ca736,78.65402450246401
0xdf40dcf0f805552cf33d8561d48bfba1ffe542f9,78.59281810453335
0x7bfd59ad454eb6705d4976159072e008940966d7,78.55923407897798
0x2a6c340bcbb0a79d3deecd3bc5cbc2605ea9259f,78.5590091560723
0x60f0fc3d6a7dc3805813405c919efe33d72bf0d3,78.28292278440847
0x31e8227e0f771c4f21da5b2b56cde6bfd62bd338,78.21924181859005
0xcac301397564f1c9c990a2c911877c707528d40c,78.191548647442
0xcc761fe112bb1baba86104becc3251a108bc4ad6,78.18458054418302
0x9e4c98a6e67f2ad1ea41e37536e86a22bb445b4a,78.17719946329245
0x271aa3ceea42781b41f075dcacd9a9b3a2ef27f8,78.15729061886962
0xc295fb99814aee1a29a425734fcd131e8a9b687e,78.12168534727545
0x04625d9d26890c233236f808a21c3065b0aa419d,78.03487996675838
0x69a51d7da3fefeba7694a61801daaf038186391e,77.64487089251803
0x675265c124a3fc897db70c1b03a8a8b867098e44,77.60403699014672
0xf30f1c2bdc4bb4d266c410393b29e6a61c240407,77.55341650743601
0x73997e6b386e6808644c4696cf9df8e4ff502eaf,77.48383768264362
0x20c30dae3432cc4669eab83185d40c59990eb664,77.45275893339999
0x8652f2dab70c72230720a8086c0a765305af3a54,77.1720860354603
0xa5b3390842228d84d16738e8fcb89fa7afd5c8e2,77.015047808336
0x4a80683e4dad35581f3c528851b647c77191bf78,76.90223771294129
0x76a34157ee00af2f3c3a17f98da65d459d694c4d,76.69692727384002
0xf96af3581ff5cf2d007eafddb72557869367d273,76.60590460914162
0x66f473b96f0ae6e1cafe0113c1353ba43e381eda,76.51723885208087
0x966e205b7a6bec28b60b8f0aec7f40af497a44cb,76.5028382301771
0xa856139af24e63cc24d888728cd5eef574601374,76.34718144119
0x598499d34d53a974ee125763e837aea490b67c13,76.26734282686795
0x0000006c99ed26484b0751d2d84096629a8e1ba0,76.11400190366821
0xba78da1f178252ad04697c7a0317c515bc38aff1,75.85496369248987
0xd01459f1950c20261a7ea7469fcd176b4cac896a,75.82571113327741
0xd4dc9ec6d991fd653c93926c010354aae937096b,75.804780629936
0x01bd1d1f933692dfc64d1d64cc3ed1c24887edaa,75.79293751929652
0xbcdb9c58973b3d9b6b02282524dfc8ce63619696,75.67681331223349
0x7092a5d8ed974a6f4bd31850b9324041861b8e0a,75.57964749249523
0x23057d6b47921a9e255ff7fc7f10bd1afa7c450e,75.57806315081054
0xb8b84ce0cade916988bd129eafd7934ade5fa6a9,75.53440083421962
0x298b7c5e0770d151e4c5cf6cca4dae3a3ffc8e27,75.47849766873401
0xb2131206ec4c20714bb4e4f7085bc4aa6e3fa248,75.47083160435578
0x8c8f418a982414181d84e4603f6dd33d09c6ebc2,75.44981934678441
0x1e3869a496c2e594e530a219c6e4dd0f5d7f7e68,75.34313873408584
0x598d960eeee655b57c1c5c60f516cde001dc09f8,75.26449446464716
0x7b2880235a28742258c7b08f02536b212a7faf2b,75.17375996797718
0x53ae7aae3c60989a1430d3d165bf3d52cb2a23d8,75.13870011068585
0xf763ed658bb33a99720177e3611e081c6c23a3b3,75.09621163142727
0xf4eaf7df425eaa35397571cbcc431982f498409c,75.00778560791801
0x91b70d2bbb991e45febdbd960736ba8db26e9254,74.97762297727115
0xfb2f545a9ad62f38fe600e24f75ecd790d30a7ba,74.9389763528352
0x8e5dba19d115489f401a2e305fa068547af2c72e,74.93194626261284
0xe57280bf5fe314a99f4dac36d700ec901c069059,74.81074125476454
0xf94509bbc4d87ec33a7e16ca1a182614d961be5b,74.78808991477268
0xee6d78755e06c31ae7a5ea2b29b35c073dfc00a9,74.78552481254809
0x8f727365ace2cf9f5b98fb5c7ccfa6819192ade3,74.66432575123171
0x83ff2370a6bb5b454a62ecf58848a7fcae313f06,74.44117511094575
0x90b499212878bb4ffd28bd0f6793f9196c56871d,73.98791214377032
0x09dbd3cd6779e650ae2ae3823af5662f57f9d358,73.98494722598511
0x293257b771a43da650fcba80bc83249ada198449,73.93027657806
0xcb9b6a6c0e95fc96c0c9d42784e73c567e03ed46,73.78828428717
0x506ef5a525953b4ecd51a918e6cb99f83884b6cf,73.77083948507172
0x5b8fb733f1a427e68533db48b7210d1548ee1dcd,73.69031761971029
0xbd7da348408f115c72c599af201c33ca3caef083,73.67058102282974
0xd8b04b3f0649afc10ac5fa1c260f1199c26ae63f,73.61048411166084
0x2a539fddbc229f946760f8a9021eabf33592ac5a,73.57902344350056
0xbee04dcc3c1ab35ced97784ec7bf1f3fb1c3f53f,73.49894457584375
0xf381e19ff94d0950eb6e6ab3ca376281ed906474,73.20214491426627
0x9bf9d88b17ab660b6b15fdedae00771f2dd608ea,73.00746993907967
0x3fc47be8264e473dd2b3e80d144f9efffc18f438,72.941825443656
0x7c92062b18ffe1abd05a055faac655bba38cec84,72.92741514850151
0x43a540c6a4316bdd37b6f57383b7c4ba55497ecc,72.8026497208539
0xd316a812e5dc6c3469c38b69c7964a3e90074c35,72.78790464402016
0xc293a335a504eda741ed685d7391dabf6db9b849,72.766866765514
0xd6366e26e22b32afd98e3d7eb8aaedfa559f953f,72.75836667394816
0x41dc77aa3329e51665160e16f090ed2b203f2f63,72.7252811473928
0xe408fc0252282b4c77e579aab13849e724cabb7c,72.59844563449494
0x5d5e0d3d1417afea7830a36d9198445df6a368ae,72.5956647240887
0x56440b3323f07c6b4c6be8468618cda10a68ea42,72.45602869014215
0x7f438878071228319bd321b170ee16fc92fd6d12,72.44713280042362
0xde811bcdd6d48860a35360652770b03cf45964ab,72.30171681911645
0xbe5b92e9c3979128fe0ad941d944e72b4ba5a986,72.28994769449599
0x7f0ad87b99ba16e6e651120c2e230cf6928c3d15,72.2494213259
0xee80d462121ccd7afe47d18b0c3e4937c4040c90,72.19689535204876
0xdab040a387cb425357392a6693730e34a289770c,72.11958646677361
0x6e08177a0b7ab644732df3e459a85361129896d4,71.93670309559815
0x5121257494422f8f655f916cde128fa1422a52b9,71.83581636827175
0x8832734f35612b16edbf90562b241f3738656a71,71.5542104379799
0x5e8eba1a5bcd0c592680a399140008dbc20cd40a,71.46772271851013
0xa39a048801ead208cba7de2540fad15ce30923b7,71.24524749704558
0xb57a47a52f82224d4a108f0fda2be0bd55986d8e,71.24147370364301
0x36cd3e5c4614f5d1b52a3ff9de3b6f9236945c08,71.21955311877001
0xc000843880bc3ba056506befaa00ad1a7b996d02,71.18594997631094
0xe6868baa5a0421c489f8bef0ed6a2156ec2fb816,71.06481676912637
0x6b9750e3679538f52dca0e90a1392ab8c1a38fbe,70.91175698186535
0x88b12f105007c316715f9ff922e625e79126678c,70.88647999999999
0x933a132cd17620db2ce0263168afb618f92ad5d6,70.81842478959636
0x5d05d3bd24767b624e723a32b48db1987a01f247,70.79777820596054
0xdf0fc0ed61e6f7bad4f787dd56cc9aa25ed356bc,70.73454335606836
0x95694a2ea8164f673e415b7a5df5e550c4e6c52a,70.71236244358738
0xade1e39268d9f69fa71be616211f4403f05f3a24,70.70381068719088
0xfd3b149a2d3aad4df1997113f30164cdcf8e6f4a,70.68208750589118
0xbf4d701d67cfeeb69682101bfcd53b946c16e629,70.56577051611742
0x87ee225836e43072930ba528f4f791c72660d473,70.49417557836847
0xec91b1cd0cdf80068ab9f83fe4e61711266f0f30,70.36015091036148
0xe96bd08848f0abde321a7f5fcb5a6945fd892a05,70.21177086405683
0xd0c8992ff9c8ddd34e1f460ac460610ccba72488,70.19263088491138
0x2467bc23cd16023de91eded28f89593018a4bfe5,70.18729379328111
0xa3bc069ce794103e68974b5dc38074fb112eea71,70.18089349227458
0x82d8414ef3ffc34c7db19b198ba1f0709e83d2b8,70.17678720034
0x33a58355a3a23ebb9a7fb6cb65dd22a7674d3e33,70.176705015624
0xffbe8b77ab6990f4f422e519ca602c59a59da730,70.07575326373833
0x727df10be0e827e7eaf114fff18c7b5227248932,70.03959538638743
0xc59025d68a8fc46b7330f2eba9504759b5656d1d,70.02893809625566
0xc6732d953c874328e3d575549bade78c3f7d091a,70.00466635791744
0x0f0717b2addc89284a6e61151ffdf17cc5b418ed,69.99463271904382
0xe629f40752e4f77e6925febdce24efd2af46516a,69.933407189892
0x18dbbbc94f0517d8d7d620e85a7f505ff6ea19b2,69.8832678969325
0xa88008543efb1db18922e376db52cd7e2f73648c,69.87629859360001
0xf6514b5f37a23f3cd81bf0adff0606ef1f2878ca,69.80985611699208
0x4c8b28308b8630dd22ccdf3003f625e7570f01ea,69.65120436508322
0xa3d1141117fea3e867fc1595bb205137f549a069,69.46370228603121
0x72893ef073eab08c91bc395ed1d1f73b7f03c605,69.38853614050949
0x94871f39389b2ba1efcdc345f7a318218c43203c,69.05136558910507
0xd3e06b9428b1a07f1ab4fef480aef2d02371b225,69.03989177517293
0x4de1030bc0f1a7ce21aa6ea1b617dfc0d9a8c0d1,68.97335566473544
0x0c31f749e0ca4439ee33b21fb2315185ff687991,68.93501906371472
0xcec06fae4540e48442f89f233548537a60f61b29,68.77287059880133
0xe5cf31702a31daa8a873ddf608a2da7ac7e955cd,68.77155385462827
0x67d3974b46cae2e04b078466e7d5534a0c6715a9,68.76682102358382
0x0bc1a6edafa658e6501d2107d8f31d490752b94b,68.7508836894813
0x3203d789bfdb222bfdd629b8de7c5dc38e8241ec,68.7456253344
0x6d37402a5962606ec45459d3c0df301d76942f0b,68.73814418882434
0xda28ed907cc703101e20120b33bdb54a8f10b684,68.66885539119808
0x04fc84d0b2914005cd16fa377ae889d768b2e7ff,68.64753423422401
0xe312b8dd9c7a29ece6ca4ab1493271cd4323c4c2,68.56052883839385
0xc0917d9f473618029bea42dd61b05fcf0251be42,68.55112357873249
0x79db69ab1ed51261a9fdc3bf0e6db3fa48b8cc52,68.52223419889769
0x9421494b2f986b605ba6169e5f8f54c3935165da,68.42803549280696
0x460d507154b41f9f4134ff64057b7139675fa852,68.37698137260999
0x57623754abf3568687c04892a7a858adadbcde2d,68.34742177766816
0xa21345bce759543c0e17ae70e50350441c09a7f6,68.24449126250069
0xc98b3b8c7cc0d7d925d1a407347b845d9f001391,68.17138971877729
0x86f334b03d072677323465d757d7f023481b432c,68.10971463441382
0xae638fa12721ca810d447fb53be9a123f2744600,68.07669304999246
0xdf29cc5ff1fd66ba36f78fe46cbf2b601a108bbc,67.9769999929749
0x714b8443d0ada18ece1fce5702567e313bfa8f29,67.97644364436424
0xce0c59f1a8c836585dd53808a780d1b7b737b376,67.95726984910401
0x6a80a1c7eca7fe72ba21c226364f3e246c7025ca,67.9408305729429
0x7997ab8174278ee44e00f0fa467c4a3d744ed4be,67.85988029956768
0xd87c3e943a16e44afcbe0688a951cef093ccc1aa,67.81442669508705
0xd9a11dba676db79fe44b40f6fee16073d25e2e14,67.76684999999999
0x9bcabffcbee92cb7efc1690f30740e17e3236846,67.72615629529342
0x128d113992f7a2f7a913807956fd46b836c04e55,67.7045981030673
0x49beceab926b596db91512d4046131f01d3df9af,67.6296399930108
0x2b517e8a5b262f0f9ca3daafb49de6dff315f2ae,67.62048665886685
0x415f20b2ce8899b134c2e35651f60d4afcdfc61c,67.53511551852421
0xbed5420665125d8cbdfdaf88e65f894a39969ac0,67.36539520059833
0x2763a59b0f654cae0e34e883a66d4bf138c4ba0a,67.30923155865929
0xdd7bfb7814b2d308ae56d0673690b4d14d6ea4c5,67.24104898966563
0x8fb8707ef6b66e999ac09a5f96d6cccd250bcbad,67.22422904416794
0x88c095c8ba2c7a1353cf3d21e692c5d4d0f90793,67.11092005586312
0x69b58137de768e1403d373d839d84d2f39893269,67.0549997169969
0x2b0ee16991a1a9638fefe4b6d7df1da9a38cbc78,67.01161746459756
0xb2ae1be442e7487582fb3dff0349ce3bba33e291,66.88004176462445
0xe8edd9968245873176e30548147efdd13e0b22f4,66.87857118393296
0xee11e5054edcf65e1ab57d76950751662e8ab011,66.67001471969694
0x149907838b21f5fca8477cb2c1b31b8b930f330d,66.6557477665437
0xcc14da62e16f1f1a16ac014d5a6ed8d88af75976,66.64492770194278
0x494135b53664fb1bf1b4c1744025a346d9c75fc6,66.61770766190213
0x9d996bdd1f65c835ee92cd0b94e15d886ef14d63,66.59813598612365
0xc0a4b91fb032b5d653c2fff2bdb50b7bd92408cc,66.5635696903354
0xff03d5b2cae32a09ef00b5daec5d3149d2b1842b,66.56232709417064
0x8b3c43bd0c777586faf722de21bd383a431d036b,66.36442038337927
0x3452f04c8f64b6e443c31cab9fcd1807195510b2,66.11728463866478
0xcf96abd1af22003a295158115adfe35a74b1f96e,66.10023622050107
0x5f678c1a68e4c520986ed36fb8632499cccbb174,66.03584353611758
0xcf9061fb6eef2cfb7f2a837027c31fbc26a84d60,66.03117100065288
0x47831e6b047ec69831c6e5e987ae4f4df3361a02,65.95779157371635
0x9a8ec3b061b180cf8fa3ee295c379dc9262424b3,65.895635735552
0x8dd652e59a396b23fa9cfb6e42152395db9c0f31,65.818485867014
0xb361c17cbc95819d5de96a2857481c6e4ebd26fa,65.8024775625752
0x8544002a2ed18e484cdd60c2a409c2cbbd6567cf,65.7782625996508
0x8f75a47c5a8949aee8d3f01e59e6992564d011ca,65.75454575638169
0x3b588d1c980fa0c195fccf6722a01879c09877e7,65.75145783101355
0xe0e04e4ca274d57dd620cf3133236b15af65578f,65.68041207426646
0xfa9b682bd35922e414ed94f53a1af9c9934d8207,65.64890108169054
0xc6809beb41e093d06f5f7db4bb76a1b345cd7c1b,65.64057055981942
0x102c78a76a86d9246b2f1074dabbee63c1f66b01,65.39535123108
0x5bd7a0a0a7c6367404efde1ec66c996551b454da,65.38737931278116
0x927237e1498ff4df9772d839a4ea87c94595a111,65.25231393830802
0x47a3d72d61f4b5f964a5ae778aebd8d09a3428e8,65.20293571789662
0x1596b01f806b198092f58e55b2f7b4e7a9c6392b,65.0698271646061
0x8ffccfbf06e218a7c4f5118482cf87412e58e134,64.80680000000001
0x05ebfddb5bafa62d931fe8dd598bdeaa58a46dcb,64.79782372464207
0xd48f2d136cb1939ec6401bca6d4ec5c1518d4843,64.73222020884073
0x3c57e2d62b1bf6c2a003d51a0cd6defbf341d4b6,64.72179940010797
0x3806ebcc9809c594cd090ec52c953f025177c7c3,64.7180256113886
0x5f6bc7900b039837da3c2e857b443961f1ea6a82,64.66887379564857
0x7a0865a8279100aa0e886817b098efcc8d0db3a8,64.65307470770179
0x050e518584c56f73d95f661af5f0c72b78014738,64.62317177375078
0x93ccd4ede810ce4459e81eeccc5880581134b8f9,64.39294682325693
0x7b3ed3a3444144ff526554d5f4aa463d1759f51a,64.30936925553608
0x6cbf2320860d0de8d4b9993e2ec6f7fda6739e18,64.13093532502391
0x8ebc4c542277f0bb5e77d82a01153704db06c2e4,64.11150929804953
0x2ac4b2a9efee1ee698c1d9d9cb223a0c3438b119,64.09423345048677
0x3c4bb941481658f7e90c552848958cfa6958e35d,64.06989125527882
0xc12be246933086ffcdf94406a2d9371608056f27,63.983383273992
0xad2982fb72751d50e7a8bf151392f2780b0c3c84,63.912472055827706
0xe32081a135fcf8158525125e089dd86b9685424c,63.840893214137715
0x641ed0ec245c0e2d62ef5433fa821303005550e4,63.82316521988601
0xef9ac6348a04ac07c8cfb19fe19827f1c92d7512,63.77264604216346
0x726f3b67fe345fc05c5f943463aa12dee6d34451,63.717280945787515
0x6f849b27ad3afad85f8f41f271c0bfa24dfd73b4,63.542529058866904
0xe1ab0442520d5b8bcf09317ad7e0c5bad5824fcd,63.51046685982151
0xf95af23248f7362868c0f3bbffb91b8257203c98,63.4687736679426
0x8a524b49f9887694af37e872f9e5477a27088f6f,63.38106366969601
0xee14b7b56b9ce898412a6fbb1bac7ff19d8befd9,63.332355442903484
0x92b8989123f8940ffd22cc9dd272a09ebc21ad04,63.33209086719619
0x614f657b30d67ff7ea0ce321722b81c49e6d9a32,63.26507908613783
0x67e7897d2c11e6689822da1f0882e2fdc5086b99,63.16763640169383
0xafb754bbf6991bebf8fbf1f40516ea0e71f8ef31,62.98945421943269
0xf760fb901feff93cb1d78522ee675fca5f98bd34,62.873752981282756
0xe632ded5195e945a31f56d674aab0c0c9e7e812c,62.8417569295105
0xffd358b10f086dd8758adec2be21f3a35af33312,62.771330000000006
0x05bba74377b8883ded611d3baa68d22b1637322b,62.486714928768
0x31913b6e2d12e515ba9bde661f676d0911ce035b,62.243393728192416
0x0bddd19cec6b6e614b7b8bff380ce830d9b85ba6,62.117703858290504
0xbada801867bdc26b8f688fe9292e9fe17f51cb2b,62.10824423269938
0xea20645e6e57a4c92d57a1004cab27ceedacd9f4,62.06994825130968
0x5356511dcde88e38484b8cb8c5acf916b9945521,62.028005216253995
0x3f0b391eb18e1c33019f0b34ad3f81b7ed0e7b48,62.01979432272722
0x8bb23b133eec4f26c86bae193ffd48f0b325f790,61.971351096886
0x88395224c3709be9a700624bd9246459585c56b0,61.90583734214311
0xba09b8b9f0087753cbe58dcb3c8494daa19fee1e,61.89337745484599
0x5b02adac06a5d8d688c63e7b7b54965ff9247fd3,61.802503022679055
0xa5e130a63e9c1316f4c35bdf3a323619891f522f,61.687403696995574
0xa8ab9cc0f0eed39f00dc29cbc2c7958aaa61d4bc,61.6815416600073
0x2e18ca7452c0113e32fd66888db8651cb580b501,61.6146995158857
0xe72f726853ab33e966408b8693268e438584f860,61.59270863512988
0x4ba7f63a2041e205d738234c4b29f0b4db5ea4dc,61.57896372598768
0x722c54c0c34e7ce14d29d76073936d46a7b6e65f,61.500111814948
0x222c66b5df3a79f1f54bdc5eecdf57bf3cc52740,61.4950139824337
0x9e9f187da994a78728971afa427eac0aec3d6655,61.494676090364614
0xa9706ace71977353a47e5a4bf650fabf6cb2b342,61.40046881391473
0xc756e34d6a8739d0cac3a6b7d9b75167f3e0f37a,61.36670227868544
0xc9e8de00d65c30e979764ec7463e650599ec704f,61.31173580098784
0xd4905c9ab91d2d00240d42aa67c7a64ab56d06c8,61.26627961372289
0xcb59a25ecd9e02a43fa397a49014dafd283342fa,61.19191084345184
0xbb9bc92115a545d03a8cb754b0fbb1c79cdfc4b6,61.14362647228187
0x276e62c70e0b540262491199bc1206087f523af6,61.06267758374955
0x93c8e8a38d60e69bcbceffdc05bf5a3b8b10487b,61.05898638591089
0xf55aa3021a2f6acff7baed30d39f6538ab68cad3,61.02758934155314
0x5121f6d8954fc6086649b826026739881a8f80c2,60.8956021631356
0x35be231e1d352f5fec7749085f16cd0249f515b2,60.88675224734491
0xdfbacc55b964a03a3992c813e5ead8cce9b8caa0,60.78528270878997
0x63b700db80e6f2a71aec14ea0caa5887e5aa8ccf,60.76665854984057
0x58ccb8041ba336b55c59e14b7723886b92ee44f5,60.75628375174
0x5a77bdc4387951dec71c193e946c14bb378416f1,60.73017772385575
0xa70cc12b444b00910f888a9e3a2e527aa0026e43,60.66816844229102
0x414bd46cd1360d4e669aa581eda2bc13b908ad04,60.51382602027631
0x5d166273eec4095ba1a38a83f4532128bc7db8a1,60.199657173190765
0xfdc4afa94e92df92d88b1af279133be048c8720e,60.097378803260995
0x1231deb6f5749ef6ce6943a275a1d3e7486f4eae,60.086863795791004
0x4e356a412164a425b4b27f08ded5641a29cecc31,59.99113359947204
0x4e97f2c2696fb5b4ff7be61809babd301a1da412,59.967866754534995
0xa2567700005ee6c889f1006500b4d5b75b008ed9,59.96083532182695
0x90e87a714cd2099b1822cfbe1fb0aaec59f07c41,59.936546951202324
0xa05c1fb761ee2ee51690d1d0d73f44f4a7d1df70,59.89850218710494
0x5258e6673f009d6dd65ff22b8c7d6b4e897113de,59.790169304789266
0xaf95934aa68ad35537241645cc1b06dad4a45584,59.762808962336784
0x359a57043ea18eb637d183d7d83861043f3f2954,59.75118421857815
0xc798c1c85016d36b541396d84483a51b28f5ec97,59.642246200284156
0x84256b3e3ca76848835805bd28dd6d0ab8d128d9,59.239840999841995
0xb6627333ab7d1a85c5c554849bf3dcf5b2b8bb22,59.116835089962905
0x3d69df82c0e50bf42d680798cd2c9490a53c6a9d,59.054139364985794
0xae54d2d8caef4241c0632543897f4e57aa0cfb6b,59.00505345775465
0x607a9e7156fc2e119feb35d0f710cca2217ec49d,58.969297285690736
0xccf737c1d8b1ce92f383713db26744a3aad3aaf6,58.887560464412516
0x2fe691e4b656e67a1db63a060a22466c21afcf4f,58.88110399214773
0x44140d9c4d3bb7c44bfd1e93f772850254cb3730,58.833925319
0xb3f1e2d2a1a1ba9bcbcf0c1278ded541e305bd5a,58.702221093487
0x28cfde78dbcf017e0bc2c532621d96a5408cdc11,58.65113966944988
0xf99de4f893c973a83696bf8fcfd8c33612696085,58.62879296416172
0x6cca892667b10eebce01e9302348efadef51326c,58.443418805927266
0x739958f87a81a08f70d301cfc961edc02d11a1da,58.390510000000006
0x35e0d7c3716a49414481d3141187a1e97e458090,58.385779460304946
0x7b15b17969b58679a37ce62ee382fc6fd9ce6f5a,58.315869428119484
0xee31522fe4329befae92256c4dc576a23b21ca01,58.312890109054514
0xf79e6890d3b78b5e04ad405376c1064e3dab0d85,58.305475096316336
0xa9c6f4bddb9d52f2a74c1effe1abb969b7fa18f0,58.25490548069741
0x7cc34ea5d7103d01b76e0dccf1ddad9f376801e9,58.050744527972995
0xcf9b3c33bf17fdd3a307ed176f92927e96c3dedb,58.04180841271971
0xfff70daa0c6869197aa5c3f319e78a1d233fb92c,58.00029504215544
0x2258e15f01b11f34bcfac0bae74de1289c722a3e,57.975702803738216
0x849bb7e4df3d21a788cbf7f436535eeef6ac3d85,57.97098359056476
0x1f2c7a41a1d7fa589cf566a853c162b344b1b922,57.936183605193506
0x5f4eec7630bef12e19570ac3aa536123822fbdb9,57.92735531988505
0x366093faf5e791ece746eb0eee1575483778d3fb,57.91429645298641
0xcda764d787278742907e6a2893aabf3bd22787ba,57.91000543070473
0xfb66713f3174456ee2d2d09013c19afb8cac166d,57.894696910977984
0x6fda905f1ee1355cd0d0a008f735abe2c436389c,57.83693365269182
0x665daa5e280edd60b81c67d583ed85b9a5cc45a6,57.72714989341352
0x51c3fa6b2cfa75e5c8b16db95aa112630a66486c,57.72107081445552
0x71eb1788ef0c44c3e97d351aa86bb7c7d09d6cc3,57.71169866936147
0x715134a16acb73c86e81df5542e1cf759eeb6fc7,57.711095968064
0x7af01351f7d8f85acb6d9d1246bd43d18c87b545,57.60906322868569
0xaaef9693c5e5a185b88fe3fbba530641e01a1642,57.261724904320765
0xdaf4313c6f185170afed170666bd976b4b4e08d4,57.146393658919884
0xb2d8a3f34d14434551a482bad0262c0b81caedd6,57.132489859766
0xa8dea51f2063e236ef15efdb3746b760acf9cacd,56.997327935222664
0xfc50c5d70a2ee326f2a6e4db00478fe739f5b143,56.98519609462053
0xdd18be7305ec43518dd52dbbaf372d6f0a82ec66,56.918049107164336
0x34b611c1b42ffd2a905d1ca98fb7a4aae2168fcc,56.90888062040574
0x9f87387208370a94309f3433362823b60ed0769e,56.868857443389324
0xe4ccbd339be39f86866d431d4c95e0f0253e96ef,56.86556208947218
0x6091f065b4963326b088b8fc1ab793d160652821,56.8537575526937
0x1f764a4818f89060c39500cb9c67045157e3c7b9,56.72073692341392
0x6acdb45dde7515f3cff418a4b1b2c4e1c4db9f66,56.459408652960995
0xa5c6ffa8b9c63d0f25134ff3dc1c7a5c3fd0a036,56.45759228064625
0x73224b84b0ac48741267e7f5c587263812574e5d,56.422633196310066
0xba9e00f1705fa8f502951375c0eda51b0f537231,56.40284947017502
0x7c930c69d786b6087ed5c2d4e7525cafc0d39ae0,56.24255890835987
0x85b974074e153cebd2dce5ab2cc2235ae857603c,56.22969001886374
0x9eb591f9d63a4e4305b577516c760e9e3f368711,56.225635425465
0x5533e41b3d71823ee5bcfc22a472e83fcaaa5378,56.20755746676489
0x66437b96bcb28f95093eb44c5d5b837f5c45704c,56.15633367686769
0xfec2c21d408ee10400be0ba090bdbc3fa1292b29,56.152596710316956
0x0411511bb0cb7e935c1a41f4bd74d815daa82d13,56.04982094593912
0x76a9eef085014e8540221ace580dd5cd73f59f9e,56.03067982889247
0x34bc4e6b6997af1cf66e7899849bd3e288827890,56.02386868880742
0xd330aca317747e32ab829a3c35b914704e9ebd0f,56.0090661983971
0xe7689b2c21242e07870aaa0ffee1ec11833d5e24,55.9845258327001
0x258d9a32e892aa98844a28af0e98cbcb9e108066,55.93057551625823
0x17bdccee0a22eaf33ce2847d47a071cf74c67ec9,55.92855076974658
0x2ad95483ac838e2884563ad278e933fba96bc242,55.926335873754944
0x65632a05cd3e57f3745d2e127b27e2b94dbe0c40,55.85849880799206
0xda3a20aad0c34fa742bd9813d45bbf67c787ae0b,55.82167282374757
0xc602e187320b4d85e34583bb49318e27851dfa60,55.82088607594936
0x767055e2a9f15783b1ec5ef134a89acf3165332f,55.80559105362441
0x87eea46106a48fb515a7200b5d1c2be3a12ece66,55.75532728233048
0x04536e2c62daa818393d4d7ac0a50d5ed6f19fc4,55.486992323639996
0x104beea66ecf3c48fddb01f919d7bc4de509ff01,55.40611336032388
0xae907684fe23edb2a04061839e536f4181904a70,55.39652432006392
0xa79eec6c4f48637a8f7b8e1e0fc4eb56423c0b48,55.35808409344699
0x186f908d80040bbb2b2f0b86ba69b98c89c6c6ba,55.354052289641565
0x9d5bbfd4efab2305f6e8dfe5837e12430d2219c8,55.32957976174945
0xeb755a102355edd2acfb6caf87fb8b2f511ee99a,55.290695370980764
0x4bac287e2162cf6b83bc4f1374f16399b2342425,55.27839094897711
0x5a4995579fae7c8e3899eb592a30271ffccd6726,55.268529363038965
0x2075b9e14157ebf4ff6646a1688d637a50da4347,55.2154684955038
0xb6dd77e864a05cd9d214900d6c4fc77b86c50a98,55.17350703484153
0x13728b21778dc675895fed2e22ce6780aac5ce2e,55.10451511438263
0x9ebb79b1759eaa95ad9c132c3a394e2dd792120d,55.08194713740123
0xc21831336e4940c5a6e640fb40f0e86735dca02c,55.016487904285796
0x72aeb2f7b676eddd39107517267f87efb9f193c8,54.989799999999995
0x0de0fa91b6dbab8c8503aaa2d1dfa91a192cb149,54.933614032
0x7f457d1ddc0d2c6eb7b9c4b5c01795b4585f32ed,54.87237794809364
0xf21941b830bd7308234815900bd8456f9e217eb3,54.73398408366338
0x21dee38170f1e1f26baff2c30c0fc8f8362b6961,54.695459990195275
0xcce9ca3bc646d5191fe648114595d0c9fb8709f1,54.63769157589442
0xb94de0c67dab61375a50662bb18e0b5074400951,54.63632301515814
0xf0bd7404934f959bcaa5bdb554bc4e54bf4b8ae2,54.597462985785214
0x09066ee5f87fb1dd3502eb7be06804470e6cf8ba,54.5859505492396
0xe421bf41cf918bc99652067ace52dee0f703c7e7,54.47395332193782
0x8a92f897edd4d6de46a803aab0d9e4112fe59c86,54.39889062860478
0x2c582c1256d961a889877d73fff52f7301138c5a,54.08568433826533
0x7889ac17212953ca5a98a6e4aaeabc783c612973,54.07571829056248
0x2080253339e9573ed96ebf91654be44926a7389a,54.0430449394571
0x530822f2b4b63c89575f30ab4430e9d360afb478,53.94185281666684
0x29e05b93c2074592727cdc954b202e58c1a6b059,53.89685004008896
0xc2963865fc947be4de733dd30e1d55d435eddee5,53.86206498493698
0x942de4c4332a2a41b2ca56672d7bc311881e9a0f,53.825822040142
0xd71609d73f0f9c34ba64abe13a7016c5104a9f9f,53.762921476927886
0x4729abab7f9dbb25d24e042b8095be217f67ab82,53.72162129661806
0x2fd80c8bd0658fde4bb63c9fc7f6e575db44a09d,53.67778113834
0xacb1fb0211986e1404712794638a4c5445cbb813,53.67180354143926
0x87148ff5dcef8638308bd567e821d9a737e9df62,53.598010427556076
0x29b0aa11de97f6d5a3293d980990e820bda5fbab,53.58375141885087
0xdd8546c1c8674e07c072de2c56e135564d869dd0,53.520063183091
0xac10f17627cd6bc22719ceebf1fc524c9cfdc255,53.50176001166155
0xe213012a73550bfca9928d54f3609e4a3c1961b5,53.478240394592284
0x7f818be19b2f29aa124be0c63320959929978d78,53.44682208164258
0x7e9a225f4d518176328a6938ee4e99cd2c776316,53.435800128186
0xe589c3853593e4b798d6deec04386281a07bfe14,53.409784806005256
0xad421c71662d3968f9a34e17084292c92a105ef9,53.38213065652499
0x1d8c15f11189ccd00d4191f803505bade00048e2,53.181922671123154
0xd4867b9412559acaf1af5f5c8b057c0debeb8a62,53.13359288552735
0xc5c7508851d67b4e3ae7c5c59df3bfeb0974e34b,53.03525569303933
0xd08186370b4f5af5b26e5d7b073d073cffe763cf,53.001437739674635
0x252c9fc139273b4c046eb067dab7f70b9632dedb,52.95408044644958
0x3960a6515299cfbd188012553f77df5708ae1bb8,52.900556622348994
0x01532c12b4734e2297d6ad3a21a91dd531a98dea,52.8694387305145
0x341752675be328711961bb4a72eed016df1c292d,52.722637934719394
0x6725d829fd512fdddc4bc078573d464b4289cdb8,52.68016251467128
0xad5c2e9b749cff0daeaeab2a1efbe12d2843677a,52.6564406930579
0x942d9e12bc440fe9c374e67dfb0328fb1fbfcd3d,52.637374794720984
0x41a200a1c79166868dbbf38fea7005172cc23cdb,52.617720357402064
0x8ec67007b15c259afbcd39b3d11bacfa5da39fa1,52.416162442518726
0x84f48be1977aece609b1db355fe1380ad8660b59,52.19049874587649
0xbf28642108985af03228562d4b054f707985a5f9,52.16429567509493
0x6ae6d8264a533de49dad16bee09761ea97b559cd,52.163020950121314
0xe0bafd00da5a439bc08cc73629496f9eeea12da0,51.946436133891254
0x3afe5a7b5f3546a0f2662f24d1d24e108820ec17,51.81608114903826
0xa051673c16035d4a37d1f4ee4c0f9eed55d91ccb,51.79990652033779
0x6865d0203467389be9944e3552bf32ffe74209dd,51.541575233612136
0xf8e3a936948ecd879df13dbdbd616188606c38ee,51.53912056634065
0xa3d13e4de33dfeba8729288815a522f92155cd36,51.53367205240535
0x3ac9d06994fd0859882c2104f0d6c9dc41c69318,51.484897812086906
0xf7814086f8115ce8bd5be74cc86fa1e5e905efcf,51.44907298780333
0x7cfab3bca3e8c7e4483fafb1917403fcb74451aa,51.34707036132597
0x48a2a57c260826494a89c4211ac3cbbd041641d7,51.33475256933017
0xc1aef16c5581e5d4e6db93fe3e1d2054f1354cfd,51.24583358391478
0x28028cb848361930d2dc1f502439050a6ee5e4c2,51.2360718136581
0xd6d8fefe43bb6bed4c058a7323dd1eec0e46ac01,51.21443309956173
0x837ab08c3bb1a2599f4e6c99a3012ae7eb17ab5f,51.12265149059457
0x4020a68f1f7047cc180662866de7e78a8bbeeb36,50.608095963506415
0xb488868992ffac78618409321614d7787b9fb1ca,50.44868588557481
0x1fddf803fab50935dc5103e706143323dc9b0635,50.413609364922664
0x3c8e1997d9f93c989d4d7660b6ca52c451ad7554,50.40563101119094
0xe4948f51bf96d5029b9c8842943ce1f6783f4baa,50.370005270592415
0xfb60172e6f7c0fc621b7db9b5ec3a5955be491ca,50.35496841484207
0xc06a8a2fb6711c31ec34c325ea8971493c3deacf,50.31357475451302
0xf86e2bfed9232b072501fbe9a61853b0ca98dfa4,50.2279224261031
0x4051e7ac2df5fc28f30f503327aea20ffb96d6c4,50.13383757663001
0xfdcd66361fab14961b3043f53d013b81e4dcd5cf,50.1053843220209
0x6958648b60a778e161c85d54d9290501fdfad0d1,50.0848451380505
0x06a416f0213cee5e4a252d0dd7641a238bbc4ac3,50.06819999482569
0xb6c56d38733d7679fbd3213048f47d234774ca28,50.03249859001122
0x5103992b7dbc3601f078d1c6181766a375f17cfc,49.95313000695946
0x252f5c4ef3f3f1698c188893792267d6f5869c38,49.946203155061916
0x6777748904b95593ec4bf515ce9d74d2e8b30209,49.90739995981068
0x959c545474de224b7188da7072d33e10ffbacf08,49.86590181236382
0xb961e90b10608cff90a76557a2e02e007fe2b062,49.81739367693933
0x3e7c70a1916f1d66f042e12ea2d2c82f5054f356,49.812084889160936
0x465e22e30ce69ec81c2defa2c71d510875b31891,49.62917499312038
0x9510b851226e20e0c1f6814437bd24a717374eb2,49.594374866740225
0xe4c5f06e8dffa7fda3768d4d83c02b0233b71d81,49.56967538337878
0x52b80e2de63c1b93bf0804e18a243797364f3f27,49.5647597227424
0xca8572edab7654d9ba42bb7c9e08b498f82b576d,49.47918870314973
0x1c2ad915cd67284cdbc04507b11980797cf51b22,49.452046333901
0x7fc75e4eff3c558ef3c4de983c9ec970c007f77e,49.22063226856759
0x8aff7b733030886a7254d1447a96bbb00754ebeb,49.053914831115755
0x7c36dcd40a9fa3f3c6a8c6d871b6d080cb0945e8,49.01559997912014
0x26de1ebca7c23630eec8fce98173cb5014d94d44,48.94150154383023
0xa3c30f667b9f026521823acda8f5a114b96adc09,48.915541590193
0xdc14ce7dcee4729bcc0aa725484580f5e8e157f8,48.86422848957727
0xc4e7263dd870a29f1cfe438d1a7db48547b16888,48.79331948429269
0x884c4a677ead28d5a2731b42647433df420109d2,48.73726666526624
0x3487503fa3bdc73e11bdaec38c4ca286160591d9,48.73062541221826
0x749a6ae45cfafaf798e17dc78729118f3a0d27ec,48.72639311433207
0xa83326d20b7003bcecf1f4684a2fbb56161e2a8e,48.646046341920545
0xe08390c7dd6c3bb794830fa9da18a7bcab1ffecf,48.64067416937444
0xf860657613aad832b37962ea99caee76adbf9ef0,48.56691405962891
0x90fed54925a16e8366643ea53a91d229904e3cf4,48.54023158383782
0x2d12648d2608de1112953ddbc7562d1aad0cd67c,48.45917478991304
0x20b71392201dd46be64fd08eab9d1643e2fab747,48.350672333403054
0x804ef70dce092d7e4b501fd81fae06674dbe46ad,48.34488428850822
0xecf33d9bc9b4fc16af427008be43775b7c46c116,48.34014216277647
0x95296dc910eb9d0d26b060b66a07da87807593fb,48.277508200774
0x3dda7b60a6f7736c5fa65052113ae7546fd4aae5,48.23985763324728
0x5ba61c0a8c4dcccc200cd0ccc40a5725a426d002,48.17383876691666
0x35bfd50f39e08c6fe789826adfde6620f0d2dc3b,48.1456807272
0xc5e864f863fe258f2ff73d82c6167c7d2f55e21d,48.13358685203677
0x90d6bfb9de6257fbbf083d01ad929519ea85916d,48.1165374354956
0xf686e9083cba1d76df16134c936fcee1cef518c6,47.83789596906147
0x1e6039bd950f81c008ce2aea9783a491ff6dfc09,47.7864399950615
0x47bb09bcd196ad678b98b795abf6694ab75cd299,47.76509481163942
0xc8d73d01a52ed6e212475c404ef900f1c831913e,47.75681246014456
0x20966ee6cb91ba6024cf178d0ac959770a2e45d5,47.54117130211166
0x19c10e1f20df3a8c2ac93a62d7fba719fa777026,47.52899680008084
0xf4e119ab183de666ec99539c2652ce4035ae53d3,47.48841995131629
0x7c8c2a00d06cff82976fcf9d96783a4298d1435f,47.42494672592758
0xafbe7e4f3dfc888f1658afb519bc2436e8b6414a,47.41165360446016
0x46fff8a2f03eeb26eb8c2cf175d006eda0195e14,47.384993850094546
0x4ed2d9a5fb62efe43d1213c60a32655b573b0a1e,47.37199752928806
0xe264b9b82ef50eb2a2527f1189726055249e0086,47.30610302302029
0x805739e1d415f9d4653e0868f2c641369e552754,47.29117125192524
0xe22d7b23a8639831c2e9cd7bae4f0e1d95eb94bf,47.27598527564168
0x4b227f86627042f3cc261aabee6f264d17a00cfd,47.1875777654238
0xeadc9d5e9f6f7721ec8c47dd6973c5e752220899,47.15577302120326
0x1f195908f2ee7a6fc15d33b30c82298f568e805c,47.124484127734
0x207cd876ca75c08be6ec025f3dd6f97a07c9f4dc,47.111117731455984
0xc60604a8e104940cf28f4fd9af8abb06dc50b812,46.99179425035662
0x8f2a6b5779c4f7f277223b807516c99c2c892b82,46.94153621704837
0x277cc04697b28f45ca36b0dbc1338b840687f0e7,46.876611302734
0x6bbb0289dfda178555dd1ce4aaa8f1bdbfb1bcde,46.852249537617716
0xbbf933c1af0e9798615099a37a17cafc6da87732,46.76468918521112
0xce77f28cae6d426d20503e3c3dde477332a9317a,46.736372290964646
0x9259abc1fe10f82e467425d000d7c16bf01ae8ee,46.57138522624956
0x2431e27c17c8e6140d2748c131a612fc2943f0fb,46.561103620372045
0xe37735de82d735d75074b099ba36430977ad22c8,46.46358899035013
0x90375ae13cd3d79f7145d07c7e064467ff6dbc21,46.29587158419091
0x93125c66f2e791d385d4bdfb1148b50cca1fa844,46.153057196789995
0xcb5240232f638808fb8c10a3462b2d5f700a9396,46.145491467894495
0x06f1fb50e8289b17061eda3f0530a5fe73c28c76,46.06550914676407
0x3b78aa116ec93b1d8ec8782c4bcef5da53bbfcfa,46.048302464463575
0xb3cb6f9d3dd33734cf072d35353a1f50215d6685,46.025688177233825
0x1cd3d776bc931017c3624ffaf13240d72e134cec,46.014383237907836
0x020f7d099ea918f1d5f483d036a95683cf2657d1,45.98720476125566
0x32d50cc332c68ef4160ffd02f7b02c30c85bb36b,45.91841020491531
0x01f9be56ac624455e69b939e91b4e0e4ba8201af,45.890547313033
0x75201f00b3eb570b4bfced04408fbc1cbfdb77ce,45.8874761099379
0xaa7f26194bbfa0e6219743a2664fb1f41953268f,45.81851355870213
0x79aa18a3c2a64115cfd28f89ba025093620fc779,45.78022999594492
0xc43f0c4924e094971516532ee98ca4df0c9d3574,45.7775199186446
0x5beda737d27115d914abb5e6bf23871ebe8aa8cb,45.73094012527865
0x53105437195172ec1a65416cab9487ec109d23c6,45.68628934069097
0x79c4d19171e95dc6d9dcc5bcadad2af3f56cbe00,45.59838937101158
0xf6ad222cb70176f9e7397a6641ad14cfcab8b7ef,45.441302
0xc007e090572425050a559feab6a98611903c3add,45.39909583823935
0x9dfd6695af94718f07808fb2ceeaa1095164d622,45.39171639466239
0xaee82c838d844eac4a77ea96041cdd090f191097,45.26793062720232
0xb665341bd4475d8375a364228407a9724ec48752,45.25624398782706
0xe9cdc98dae6ab776e1a3cfe50772d4b8303fff05,45.23440198789727
0xd32550b0ca87b24530e36890bb2c6da6e267fce2,45.230089809024534
0xfe0c0da86a1768f9721ff4ccba984e5daa21e395,45.19600174971297
0x770cbfff3c47134a878d513921ac59a1fd24e514,45.141358561285
0x04c32d6b3b33fa0b4b33cbaaf04604565303067e,45.12114584460091
0x7f046b794d602a3fb5bf097b6928c50bcbc4407c,45.110350935975
0xd8a28287d36996c61ad43eff5e231fd3d960b2ef,45.01510440516195
0x957216df1b851c421341b331d31b0f713ef60392,44.92935756540179
0x93f768b3daa607370280cb0f69375adca14e5fd5,44.91879253464948
0x9a33c38a4cccc23810c20432a51ff879a0ffec39,44.91391859703381
0xb05eaaf34c9aa43377aab1fe91464034e9ce0715,44.796539239178024
0xa91c74ca3f2eda848c4209be35a3863024e0fbef,44.73071388077275
0xef9820b8e422b9d30df8e514839ef6c0966c13a8,44.62419558985516
0xccb6ce80b3150367cca3e5e27e1ec0701b326e89,44.60453825243847
0xcdadf5870c5f339828cd433bb6071a10491bd45c,44.57836268548641
0x1408badde097deae93787dd11e64161adbb7d513,44.49426418540581
0x94f70a2bc0f2af5270f3f980286c372b7f4e0d02,44.42781500354241
0xe372684ce7c892e5527767f012a3bbaf3c8d5d66,44.36263469066653
0x5fa4370164a2fabeef159b893299d59ff5dc1e6d,44.10210485998744
0x69fb9f0e05bbdcd9f2c74be70e40d0da537f2089,44.081150407452
0xe324cd5be6f2d1a98251c6aa808f3d774bc21823,44.07348298424817
0xbaed635e814105fcf0baf535235f208e5a2aadc2,43.88519996903442
0x412b66d0303808ea125cfac85a1be4d91228e238,43.80042384970661
0xf55d7a3fea090e6c54ce6010bfc36755c97b42ed,43.780730196295984
0xd65a7971551c93a0e97e2f7eccba0f453262bc30,43.76065117429426
0xa58cdb65f39ad3879b3122b84b7bdde77222372f,43.744358787388
0xfd0a40bc83c5fae4203dec7e5929b446b07d1c76,43.72366410184807
0xe6bdd6464e5e98f19eb3a6180969ca64b29011c5,43.65055279783781
0xf9c56b8b471cb4d9aa1e3331e3a5691a7498294d,43.615956080344134
0xf4007696d233a4676f4cda58877eb2b881df4745,43.60085133872268
0xbae73f184e3b095719ee436f9753be8430cbe4bd,43.58531263840225
0x9e7ce10b538a82b35718eecc57948d594e419d4e,43.45079209149334
0x8f47d59f6e3f77c2764d5cc99147be5622f00cd3,43.4286892153766
0xdacbddd6bf2f73f2ae73c2a75f1798fb680cdbbc,43.38786561037186
0xe867d934e2283b5318d07af77be3077d74618991,43.24438898627201
0xffbf2944e1cdd1b9f7ef6b5ff9a3d10584e2cb3a,43.219379511781206
0x1bcf855445335f72841cdecaed71f5901a807a7f,43.20222754336773
0x1a60987e8e3d45f71409e408ea830a608efd6904,43.2003
0x230353ce280b320ef01134eddc92e67c8fd513e5,43.194957615092484
0x8454326e091a32bb004779128c2466e4874e0144,43.08390291484705
0x71cfbaa89edc0ace180052229319a415d734f338,42.70246021410643
0xb803c271b6c94d71a759173ed580a23de939db20,42.65919279259636
0x1f7f745774445ce64526fb377f71e2346850d8b5,42.64463998183406
0x6c39585fdf7c6d24b94d728984c5a9c5fa70edd2,42.63693837877078
0xbc49efc824ac0467ebb9f80c08c42163cc2278e5,42.56600143547936
0x5d17d9e63afae0a9f0b39679b9349291c80f0612,42.481414003904185
0xba87dc891945dbb3caeeaf822de208d7ea89b298,42.40424928415952
0x8948261a4992b6465ac389a4cd36ac23902d6ddb,42.2546289373559
0x415f346f87c8e1f52751ac0e6096d71e46ccd6a9,42.24440711319056
0x04dd76803f247b611d4f470fc6cd206a9d02f869,42.220593480800005
0x6bee0f0dea573ec04a77ff3547691f2edccf2a7c,42.151833605294094
0xd57260eb8ea207ad3df78918cdd0dd7af9defa61,41.96836466355819
0x03654ea0e96dd16cd5f5d6001821c51f8fc67bdc,41.964469113277886
0xe3e686fc3f379fed3e0fd5e3425fbee3e6e24d1a,41.95610236341336
0x6c6078c9b6071918959612ef7c7b76f3b502e7db,41.797157402328004
0xd77131b4fc1bfa47d83c3f7dd1716e2c3dc46813,41.58603435071474
0x6182510557c1b4fc063d05aa9799e38535516eba,41.584302212701616
0x5a6ac787337a03314e8fcb9bf044798bb456c4ec,41.55593939516865
0x6fb5cb1984ef86f46b8eef5d993d2bfefbc23995,41.412350417953206
0x7246eee9aff38450cef87270d6172dd0e4e24958,41.406117363770264
0x4667119efd7a6defc73bc698e0e72e429b14aa4d,41.40261076221248
0x9ccd6ae424f18da1d978731cd7a49f718614620c,41.39055024371959
0x38c0e310345d54e8068d236f0923bb5480ba1188,41.35230694419375
0x00aa1c57e894c4010fe44cb840ae56432d7ea1d1,41.305578202485734
0x72ea6ca0d47b337f1ea44314d9d90e2a897edaf5,41.257510232841895
0xdab81982305527e0d56cbbba34dae20ed2377c1b,41.176454423059205
0x652b932c877acd15b51aee91c5db81916cb830c8,41.14554188882437
0x7ca51456b20697a0e5be65e5aeb65dfe90f21150,41.11300100820776
0x1b59e5e90b1d1d97b82e712d9fdc84ed69c83ae7,40.99934016201277
0x28199ebacec690d9a703ec112fe1cd5348af760a,40.885608886004995
0xe124534566486fe1c10f4bcc623f76e21c5f3d52,40.87588226177181
0x77371501ce0960230b917d94326184d759679b52,40.86191639833076
0x83ca334510c31aa6eb606e4a7c179987c2d922a2,40.859019112208
0x3b1dc224a9dcc5221ed9bc6abc8c2250efa3d08b,40.78715298549831
0x7c7c33b4e714da1493b96f61c96e9bc0d1177041,40.75831361867668
0x3b7ef679966b8527dc4cadda87d962e9ebdf81b5,40.6395075998015
0xdc43e671428b4e7b7848ea92cd8691ac1b80903c,40.570861342449554
0x6d8ebb0fc1ff3125de15af842d8a9736656c0b06,40.52158477376461
0x7edbb37de522d000fef76c93b8f16b308057410d,40.515517006690885
0xc40688963fa9abf16d6119192b1493a733fd25b4,40.423020334871204
0x70c53dd0458f0f0996c4aa6ca82feeaf87e857ef,40.34115166010853
0x6890cea9bd587c60d23cf08c714c8cbad2269ff3,40.315821075439445
0x0b7e349620bf1ba56d791b6e0b25b8a8d744b2c6,40.1833889834636
0x4caf9b05eb61a81d10cd5e731700d02f164b74d3,40.0963432706846
0x99344e043f6977017f07ddb43e8578c6ec8dba4f,39.81167382745251
0x3f4734841f3fa0edb4f73f0ff13ca31d008d87b7,39.72491716664242
0xc968dea82bf63d02bcd5d0b9e51b2693ea5ba58e,39.570450410381994
0x0e5a312950ddb7b198af867f50d8b959316813e6,39.51366599799399
0x8c7733efdb42277977a0027368e75d6ab1f8ece4,39.48084464194
0x2a015980f843923dece20a83ee275e98840f10b8,39.192616540268446
0x42d4c8bbddd188a22f5d933f985b2fb519293232,39.09567307763858
0x6ed0c010a3b8170505dabd62f265664c82789d1b,39.00769095503652
0xdd48463d9062e70df321238a5eea24fe986acfb9,38.84084263907972
0x1be74b31d7c59a2d1c07e89748b6589a8dd882a4,38.653331770959646
0x11c98ac94aa2da3f03dff58e2faf49991cf30fd6,38.47729750448077
0xc5bbe611a5a0ee224abf7ad959c11aad3b875957,38.34495998366566
0x6631f1ed993f7cae5d4f1c9d6f9d129b37a9f040,38.17118513895101
0x8ce5796ef6b0c5918025bcf4f9ca908201b030b3,38.099330772736
0x5debcd8b540685309657bdff88dca748c01d3072,38.05675542976
0x065ff88d5cf1963dae5c1644f3f07550a2cb82dc,37.99972799241
0x5e0ae56d922203aa40438dd4d910040f3cec3f83,37.98594169396517
0x10f30cd7bb3a625b30353d5db58a6d19d894f008,37.78464063130502
0xda86ddb3654702bac606940f5b2113cd3504a3a2,37.6754366542419
0x9d33d26cb4c334a951fa5b3d4eb3480d76dd1883,37.5764818154966
0x6f36d399ca1863b6ef49daa34e28c423c4cc2c58,37.558800066444796
0xe0728d56058b675a41eac0ca8a4bc7e860f6e601,37.451838950602294
0x2611381143937faa5093f680857dba27c40e26ce,37.379879984076766
0xdfa70d5cc8844fc2d7a0de4fde13865db746ac79,37.291964385671996
0xec694c829cc192667cdaa6c7639ef362f3cbf575,37.192397748096326
0x7183edfd60386671073483b89f854f0f3f9bf82f,37.15894500201134
0xd18d5ecd196f4a641fb5f61cdf2c4769b28d0ff0,37.110753844147766
0xb38c979367cbadbe23026e9dda66ec6cbe926ff7,37.10113908584664
0x5a63016c0ed813fe2b2a6449c69a01522994e527,36.92661898912853
0x2d6d040194c64793b0082917aaea1ede68a2bc1e,36.890699962180754
0x1f76b4a7160e0f0486c5fa8a2b53dda190d47678,36.59191318800493
0x02e3dd634593c683816d86779ed9a19533611749,36.58916017764
0x52aff874262d7a9aaa8e0c7a834b3e6cfc6867a1,36.422250715028
0x6d6148a5d0beb32940d6b3076ac9bb6cc10256c5,36.35865151630088
0x136687d213be9014edcb1c5190086b548a93cd04,36.30630222170329
0x3ed5566606105e04cd43123802af60e6c4ed9c8a,36.07784280237922
0xc8109f2e75de1d53e26099ef18c2f6ccd335bdde,35.959909310205816
0x0d3c56b87261ebbe6e045d2a379928063135825d,35.92251199044861
0x3dc65b5e76c3b7fd3adfc45183dc6ab42e773f0a,35.5839241117912
0x9d22c2fc1fac784c41cbe68c60349c8a3824087e,35.44414741777138
0x592a8ed81cfed67baedc7a1a370c9ed577dae4a0,35.26110890328054
0x876e8637c5875c83eeff10612b0449c70e598b71,35.23062664307047
0x0cd09044befde117ba81933aa74a61ae4cb11ad4,35.13923663331343
0xd083be58e565a75ae203f040391c833a7e5b9705,34.902525700212365
0x68a5dbed25091662f02ccfa3429cf7c012657aa4,34.85011789460642
0x465f2a131bf85269fb871c8e2e09062e871a302e,34.83368554624666
0x27ba8d02ea3c66ab4ecdb6bb1b00aba134e39131,34.803424106597795
0xab01976f028dc95d4cc2cedeee551e99ec4f7349,34.743951
0x159353ba7dbd4505413316609f5f9b192546682e,34.68513053464551
0xc9fbad29a5626c835192f8f985a8924e865baadc,34.396087209981765
0xc3d7a5dd6fd5284344f056ba0be8110c7f171eee,34.38650083771128
0x9415d96586ed252ea1f25b12a48d1ec066917b88,34.30885865088
0x36d1394c777728cf7c755d75224b89606895ec79,34.29506512554387
0x84ab278a8140a8a9759de17895a8da8d756618f3,34.221769803382145
0xe154505e6854b2f126a16effcf18ac5d7b2267f6,34.11893920147946
0x17b8076d8525ae0edcc77ff9a50b4e4adf34c166,34.10691471580363
0x38fe43095ccf3039fc21c819ba9de8c512738d3c,34.102940000000004
0x1a6085c4ccb6748ad6fb22f37b7340bc622d1116,34.036779817810846
0x66ad25b5aa3543cb7f4566851fe26da6abab205e,33.93648946554499
0x65e46fa1aea0cd5a1f914cbe95fe15d558ef1819,33.92466294536538
0xc9dfee554839cf942ea0046f5b439a07ed20ced4,33.836192904205085
0x42f3986eab5084a779fc7e7a6b092d715f569794,33.76446820990055
0x5b02ef4ade56a884d51a1a6bd291271962ec6ede,33.758969992361855
0x6a3eb6fe80270e761aab614c48f776066e7d6ad1,33.67248714377707
0x2715f5e01d3184a5840cdad415e46e0f2e197f0e,33.654739465984
0x84383fb05f610222430f69727aa638f8fdbf5cc1,33.572398649760075
0xb23a286efadad4000750b01f34b46bd557ec80f5,33.5536309046207
0xd482154063d7e96ca55b63338ac580c8ed8338b8,33.5124735939
0x7ebe7e5da76b1ccd8a057e5425c49bbb2a423ac2,33.40264318086009
0x61e0318c8d5a855d63d989b02d859aae5020b308,33.38019507247029
0x4b31a0032375f37496fdbf6be85572b9cb7a8961,33.36454369052209
0xfb311329db290276b800cf03a1b01e15add70a32,33.30980354659414
0xa947a05792148bb3ef478bad8d15b74d2058446a,33.233737701768
0xe5e8458c944df87c5bb8a607fe50ca135632b866,33.2062943292
0xc125a436fd2ee08b0c326a4acbb4465e6f4461aa,33.005040542658
0x544bd38c20a08db40deb6cf51be37b28d300af85,32.90983884553901
0x335b3de66b741d6fed79c0bffb14c928635d3bc3,32.865097689871135
0x9b094ee2bf9dabfabca213d1b8c3ff017003f4a8,32.834581177918515
0xc9cb53b48a2f3a9e75982685644c1870f1405ccb,32.75793970335635
0x6edc5e29bec30b5b0666a1b838e82f6a6ea26a0b,32.71995194021514
0xe3dd2c504cfe4cc609262552e9f113430a943944,32.617609761349755
0x3343d8fd46ba0469db160a82386a826214cefcb6,32.4986017053113
0xe559d90faa21baff76ba0343cbd35c04ea4fedcd,32.43911803179875
0xe3c8c71218fd4d9715596de23789fe17fb85c623,32.43700598971599
0xbd74192af1afc6413ced025189e6f18b5cdb9c7e,32.270030774507084
0x14980b0b11fb548945acaba2c66a77cdf3470d27,32.146064170583244
0x06a6d91b8f6d25be314ef0e31ad9c4aa13e1e513,32.057968433390734
0x8d7a93e896784a64c17a11f29067bd5416df7d60,32.026450848427
0x74c6fc49d31f8fed7e004a7dbe1166c41cefd05e,31.925339941765458
0x303c6c251884e6d0fa40f38f08f5af86827ea586,31.923443519571975
0xc149ebc76142b337b2cd5ffa3b27af9812cd9952,31.8850772416
0x0018fb451a46ae397b8569936bc5bb5ff03cfd18,31.863259676156897
0x6deb633e4441b8879aff48caa6e021e919ddbb0c,31.824717517279996
0x617fb48044e51a8a2a4524cd57bdf3e46ebc063b,31.770675030675065
0xa79689039a9f936db532ac5b123202b48f4ceb6b,31.679752254403
0x8350746911645a44c012b2756f4da951c4c2b259,31.65644895931962
0x8b74335622f668b7de8dbec02e3b56c6d4b527ec,31.58110859441329
0xd06f8e36fe4b5362d4c26200d0313d31c5060857,31.56406475319205
0xf118c8f569bcdeff8ddc5a4c6232ceb447487e1c,31.495584249407827
0x9e82ad7fb4a5a5b32441a269eecfde5b973b8837,31.415863752874788
0x8da66b6e90cac30db0dce239086cfdb2dbf66a30,31.354026514431187
0x720d0d53128df2da7499c34e76d193c3c9c45a57,31.189457386372656
0x8fa8eb8a257967e6105e2db4fec6474a62a2922d,30.988290330781144
0xdc6b3fddec081a716f8a252157fb9c3085d746bc,30.960585131031554
0x9d6e11af8577c375825f7c5c738267a9d5f03d31,30.92931419346
0x3007576e9dd6eb76bdefb271a1f33323ab986882,30.911843034390856
0x5b48d2d574a5420a56715a8b8a6599f12937ef22,30.780329835772143
0x61526cf34fa3019564196572490af6c5e3c0a140,30.726533025837956
0xf69bd64210ace3abb2f7e6b14a5f39f05f5132df,30.723159996824908
0x14fae8f9ccb788ae7ff60e359197e955c4cbdde3,30.711511756264414
0x8e4c56e78e8888cebf85e30f13c9a1b3a67889d6,30.52508427883599
0x9e82bba3b098ea7b520339bb52ca847a5dd7a444,30.097599996889553
0xdebb639b7bdc0c234e4dc54d1755b3a9516e17fb,30.091511553347654
0x55738f74697267ead8069f2c37c368e579766b89,30.026474148388896
0x99e60e05569c296be89ac96b2b4069cee38ba524,29.918775108741226
0x80c1eb3e7e8417e9c01f97834cdc20663710677c,29.895149766939312
0x63926c38882c2e41929de56233dbca79c8213c5c,29.662712460576
0xe984b6e98bd9d2585c4740c8b16979e9d420bc43,29.611674488857197
0xbcc492df37bd4ec651d46d72230e340c9ec1950c,29.586144594567998
0x65b290501c44e274b9ab01c2f8158b17528016ae,29.585083622433235
0xa46753455e13b9669bf8f4efbe80980cec8da29e,29.562621857050264
0x5069c5fbed5757642023e55458ae363b1cbf0616,29.53749235293389
0xc6b75aace893e832d52f744631ee394842174d0e,29.42922347735094
0x02c6260ce42ea5cd055911ed0d4857ecd4583740,29.374793509836422
0xf65a4906530d34332f9db205bfbec47f8a0f6c56,29.250429873246237
0xe46935ae80e05cdebd4a4008b6ccaa36d2845370,29.051105169612413
0x67dddc4df5646aed2872766634e1c7ba3ecaefb4,29.017527426144
0xad38b501a6eafe55f26e6016e9ca28b9199518e3,28.989710614328814
0xd3b74df9608a1eec1f8afda1b224ab3d8d7ec5f8,28.9716049612421
0x126d07698e9a30c207be54446a18fc43eb66bcda,28.9716049612421
0xf7cdcd73f95ed21e49afe578c37b22abe09403d1,28.92796895925977
0x2afeaf811fe57b72cb496e841113b020a5cf0d60,28.901263303336272
0x8dade81d4d13427be028ff74f25cde092518d89f,28.790235926508394
0xe22e2dfb63d620dd5fb4b883354d0cd14bdc2e37,28.78327157861875
0x8e97d0923e3367c402b4bd22a1c95cdb310df3c6,28.78194139883735
0xb36ab9ee2d9a24c677555b37ccd6cd532f1e5546,28.664698941312118
0xf0592c557b79a1d399ddd11b0f68edcd4825c258,28.658018856772067
0x4313c378cc91ea583c91387b9216e2c03096b27f,28.464905209634995
0xc270a81bea4917170c9ffbdbd57410c078178435,28.375715140368
0x0ec490ec338d8c04551d81a6f7e3acba282aad6f,28.357040983194
0xb721e6e1cab16c30c852836c4891d66fe2d9f7a8,28.294405094688
0xc49668033b22f94b719554aecab72048cbd04a74,27.936944000577462
0x3086363c5fdb173482b509d309f9e6c93a7eabb0,27.91561163053967
0xf2f5f087fc434c96f1bb469be2529d12440087bd,27.896303950752
0x37cf81d0d7cad1e37edf47215594012f54a9271a,27.89561231343467
0x5522c339d35a6c3e5f328c8746bdf88f599dab83,27.711482348789662
0xbdf774069f57b2a6e1a53ed97a9fe6f03be4f71e,27.614032397516162
0xe827be281ceb419e5618f5f0b893f587e889a1db,27.486894164202994
0xb84bd5b0a44e147daa14fcedb6cdd2b2fa93cf62,27.4712
0x942f3e8f94620bcf8ffef3e57651494c2e9aabc5,27.440521854701096
0xd1516ab7f9b5ebeb2c0678b1c550a7273a801201,27.178983526675218
0x89d724518a2a2a2d94ba216bd8b8fcbd3d8b78ab,26.988570426655926
0x07d976eb932182bc9dae71f1bde9c3b3e698ac9d,26.889107016034128
0x6d1a4f26d8afe40068ed0b4e06fa0bcf38a73753,26.87987471150576
0xef3c16317f9907ef9181c99247cd6d9458550a4d,26.87975998854965
0xb79fafff7f28a8e4ef2c7d43d0aa7c479f83c22d,26.798393969189192
0x5f5fe123cb724c97e0a1b5c9b3400b38ab9c757f,26.774568080996
0x63146624fac3d081f1367770fde65bc699c683c0,26.762214972668843
0x4597401da292bd4f482f028a8a7533c54762b15d,26.68364306964081
0xf26a4a528b8d12d9aa4813b4648388087498e02a,26.669213966650005
0xfdb2a4f80b97d2ddc57fa4561daf696fbad94f19,26.664930743696
0xdaef650cb6bdc02fb4a59c620323a7a0fd3b6337,26.518714911084384
0x6a20bc9a739a7aba86405a68916d2a10621e7d11,26.479820101878005
0x75a136d9e1a0011d01cd6a56d06c24660fb83306,26.4175
0xfec54d0679eb51749c93df5223a6443f108392c5,26.386018001867807
0xe37a8288a6bdce6fcfdedd47f9cf9bd17b321dc4,26.375038419586488
0xab05bba01d58caf99be3c0fd5e50df27d1da971c,26.34185788492857
0x2aff746452af1f38c74b59fe36962fc327d514c7,26.288800000000002
0x0be4c5bb8811f2dc2d245ac56ba0dbd8c76adede,26.229400000000002
0x9fbcc67c747863069c7fc194aa6d4696f3407dbf,26.107279485177198
0x3aa6ba6035caea853e0e4ec8d271c9ebf1246e26,26.078268320003453
0x8d7c7ca0fac95af24bc54097a267bd1a5e9dc32f,26.063029864106745
0xdde8e3f94034d0317a60544977d59a24aad94b79,26.051256000000002
0xf95a17c096d8e07d7af2d0de8251a54809d0fda2,26.051256000000002
0x49be9a42bc852f430cc86809b4c408876e056ca9,26.051256000000002
0x32f0e6557c0fa9be06f49e12be82dc96c1114fb1,26.051256000000002
0xb806bb6e3d33a2f95c0101bb26075b6f4861e153,26.051256000000002
0xba4e1ed8cd961b0a8926ed02079a1469c68f07fa,26.0152717723
0x534604b71cd969ae04025a1bc65ce1426e576bad,25.98122017588087
0x88c5bb055a2ce0970970c8bfe8d585c6c6a86608,25.954320139624798
0xde6e27b34e23a329e11d4a773c42cec43b2c2df4,25.870779997326377
0x823b31e1c91522dcaa756d17502907df28a8b7d7,25.799731356594133
0xe0aa3b74fa8f0428ece7b10814d525f57361562c,25.633644031979998
0x122e55503a0b2e5cd528effa44d0b2fea300f24b,25.574792954013002
0xe2aa53e47892479e690c966e02dfe08a9f633bfa,25.543289695164887
0x903458acc77111c5f6a68507ee5879c935ff37dc,25.46528851681112
0x6d74cdb6cf250dc3dc66015b2ff300b6e586c826,25.408987278273237
0x3b72462ea1aa4143e85b568502c91e22d7eaa2a8,25.3996059608611
0xf3279a15f5361285100474db389f7d78848bb8d1,25.247417520200454
0x7f7d686b05ce0b9b7b7b0b4d56207ace4b13a87a,25.231492988994063
0x07192a339506a4293719e88420da60c392628891,25.20453542072241
0x19f4125ee95344be1bdf51a17dda71bdf71a189a,25.162269002974735
0x77bb3fc8ab54247425be6b832a297e022db9c23e,25.1502
0xa340cb9d802ff9ac6e18c990c3ea713ae15f2490,24.940772988318972
0x209bac208179fca5785a9aaf0a961089da9017b4,24.863952140000002
0x04e44788be3e9becfb0d4a2940c50f1076b47337,24.681112683507706
0x6c4c7f46d9d4ef6bc5c9e155f011ad19fc4ef321,24.640728730191057
0x7668b2ea8490955f68f5c33e77fe150066c94fb9,24.504742993912995
0x7cebafc6fd780c266c25329138b56bfe251c8f86,24.479775178156153
0x6663bbd987a51d07b29b28afe9e0ddd558ac8f30,24.466616390404997
0x88b8e40572280b175db169069c8d0c1627fc581b,24.432309398499335
0x017bded2b983fffaf963c7ca4736a3f63a2886ab,24.4122226595633
0x304ac5cd9cdeb7d542aa125664c998a8323c978c,24.3855540206
0xd5f2d9c548e73bfb681b59dbdba0b6eb65c4d39f,24.372759430551636
0x806268b1198e8f947ae15be6c346688d52276c87,24.33744729593673
0x60c791aedb256c67ec2e3aa419afa3f409d0614c,24.298553679391993
0xdfe2b010ca3e95438f4442752655d6f99d2dadea,24.203209154546894
0x6abae9431a4a4fbbdd68559184d5848846a5c107,24.146200399651665
0x7fb523671e6d53231e8bc5b84e42eb9a7e2a5c5a,24.119352754167945
0xe7b373fd8b5d2121d8e11c60a8e7a86fba8c85ee,24.09870853882
0xccc42cf5d6a2f3ed8f948541455950ed6ce14707,23.904179285928
0x40f18c90b85b8bb3201d2f0f61aad410a4e0b7d8,23.88243479903215
0xe4e368cc5f45c09c3451f0731bc942a830ae2f90,23.876292272971497
0xb99c23a9a444ebeb0ce4a67f27dab8d4826b1108,23.857360493808606
0xdbd4499309da329f284050d9f103386e8001b652,23.740045200816002
0x67a078764eb820ae8eb6fe3715303b522cde9019,23.708246600013997
0x57329d952b7abde11770794ae08cf932079716a9,23.703679555551595
0xfaa511b46ac6a8e3bdb5d58e8e84b22d59c7b042,23.68383844557655
0x9e775d37388d3d63610004ee9e38dcdbf2e0dedd,23.608504134498094
0x72821cd12473b1fb1e44cb105af2a65dd3b74e7d,23.568659061510086
0x103a061a439cc7fe943e705b54aa25004feae741,23.483226806219598
0x27a8c8345d9969a81fcc7c5c13eeba4df6072065,23.367284035461516
0xdcad075335bf55302773f0b5540ad0f4de1e17a6,23.33851569363378
0xa033d7f47d9099a2f390c115dfe470b8e49cc472,23.314624603032
0x0e046fff908b3c1ee2c5268b2ed405fe5c6a097b,23.214730817920586
0x5159bfb5439bf4d1263d265be0512092c843d092,23.114736725590372
0x8a37aa6713415aae508a3d69b89ba5c4c1a3e626,23.0986
0x87ade669de2a7cfc193112b7d885f5203a27635a,22.862839976561695
0xf8ec9ca83c00a6a3c6b99dc35b1a7f1a83cd54ac,22.617516536874
0x01ad029736cc74a257873d308143b4d2f539f21f,22.545327555266404
0xcca2351fd8d25ea841a8899dd2b8ebced8536b02,22.505979976927538
0x90ab423c3f3f6a4bbe5e572c8df6f16264356ed8,22.49688455335052
0x642cb5f3f1bd91c4e0b4bffc9f65e1d0878bd3eb,22.473880044505055
0x05b5dba037afa4bbafaca15bf9f6bfaaad183fe6,22.436156607713
0x35ed2369d60ac0e9d9e6fd3c79a3c7165a99a8fd,22.336052606736
0xdce93ed9ae7c53143e19cf799d156b72d1cc2777,22.30207435379835
0xf04016a5a6a3e471fd9c4a33df2a8384e53c0b94,22.055359281559493
0x251b8cdac362bebbf5ce90c29f3deea6bc4d7931,22.022385456018306
0x4efc9e2e3e77732ce2f9612b8f050082c01688bd,21.982799483826685
0xe42318ea3b998e8355a3da364eb9d48ec725eb45,21.940362350386096
0x20e808a79d514abf05f8c310c004f600a01e05ff,21.90557864860177
0x3568527b552812a92af76126331395410a076251,21.894669977554233
0xb921a4988eb70a2ffeca0176de2de90b7ff72f73,21.891928836216376
0x2eb8f5708f238b0a2588f044ade8dea7221639ab,21.87171161857236
0x55822996c641aa13653d2372fada3daaa0f25714,21.843167877315313
0x35c878542c083dcb6220f74b2bb4405a5f7683ac,21.655063907085772
0x981ac1cbe5f98a10770c586a2774078ad51b74eb,21.51687673349237
0x5000ca74e755ef7b6e0a14474a3480abfe4932fd,21.382157716822455
0xbf5c23faa0bad0c15667361c1a303d1cd1df7c41,21.328006013618847
0xc5fa164247d2f8d68804139457146efbde8370f6,21.292977661867166
0x87f006e8356ea8214896a41b829b72169f1723d9,21.238421099294
0x874f903003dec4639e22cbebff6e8295c80842a7,21.18815578730145
0xc6fbd546a505262f59b711cc4530c4711c364fab,21.18349239429932
0xe3581abfa0684ccd7bcafc963a8e8acb4f7d607b,21.14104863171
0xf93f3f406caa62b884f2982cbd58a522761e77c0,21.121448400000002
0x179d55c933f6ddc3d1ed503eed1c1135508f0377,21.076121516552
0x7eef62ad1a17c802d1a97052e473030e3b9d1a68,21.05770436918394
0xba61c23c8a3ef8ca3ff3e8a2370abee96c3bc2d9,21.018591917991003
0x5d6119b8a6ee091f0104b18d3792c47aed2cbad6,20.916453846055983
0xc8ae27289f61225cbef93b596a7dba88282fed90,20.89616733190117
0xc07f855e98405a295c26cd1c6615013ffa7af715,20.773834054036524
0xa02af252a53c72b97a3c9c022ed147d5db7084cc,20.45741290389824
0x3018d34cc315379b91de3c1c5dab1acbcbe839b2,20.451766013519556
0xdb67b57c9c705a9a1c2f9c12760c6020b10ae306,20.450002470930617
0xc71d86003ce8ecac933d60cf723bd25314cbb80f,20.388138811737
0x7682e175684b7c6990cc587de2eaf213c0ea724b,20.358615406636982
0x2278012e61c0fb38dae1579bd41a87a59a5954c2,20.323380310286982
0xcb0d2861a2aa32a0f4521dccb78c5d33dac8fa93,20.152019506560002
0xe01aaeb51514065a9b37a1accbc7b032e27f09e0,20.11642099
0xf2ff5db1d3ab61be954e3ce4338fd896f5c7b0b3,20.102882575775237
0xd191391627ce8b324f79981a4f0ad71a84a10ab5,19.99098124399843
0xeafe159502eb380bf805dedbe2e6c4e0b7dea28b,19.919582474181475
0x533783cda7241420100de4a2a739c7b88ab88f96,19.91335640921823
0xab1ca34aae3fa3a30a65e5f6d41ed81e3c658e54,19.860653008211997
0xd17351869efe6cd11861ae9eac87119a891d9ac3,19.841940389246606
0xa3aee4c87c5ce20208902e290a2bbd151bd314a8,19.76504206530138
0x3131c952a9a164073a76853a814252e87ffd8a7a,19.700698729291
0x507d84fe072fe62a5f2e1f917be8cc58bdc53ef8,19.677677379686614
0x4590f5da2284f7b1c76a1e46bcb3abe5c61e2bf7,19.65352686267208
0x72899ba5ac7e311a61c4a44166a2615a6dfd0b33,19.371581595852444
0x5b15876d5f2f2ad792ce5eaea9bfc4b61dd4f434,19.32714020413756
0xa406269da828cbf490f4fa4f5b4d2a9ac505d7cf,19.277493391467324
0x44b1198f4742d05902a07c4ecaa97b2b9fa8954b,19.24536884698651
0xeaac91b4b28b97236605b1d40178d83c273dbe80,19.238283666052855
0x5720eb958685deeeb5aa0b34f677861ce3a8c7f5,19.182165838956003
0x167c26a6e71140f5e21f73b214561912712f49cd,19.07882056379849
0xcc1f5710a66fb85c7fcc005c2344dd55521683ac,19.04274927602421
0x399f600c9667ee748d31821b2df0c004b3432dc9,18.99060036636745
0x052aa48a6446c52ec1b9c0f9151f1e317f2e48e3,18.989556552181167
0xdaeb2866cba252dc565263e5c499da764a17c8c8,18.979
0xf960d5d584e81edd940e4f176a4bc7c9cb5bb892,18.971310399082892
0xfeea374a5a010d2f0f6736f23b6f73eb5159ff4a,18.900678367717187
0xc4fdcfaa5cd383e54e014f638d9dd79092c03db9,18.77177255986704
0x99c58992057347622bdeeb5aaada7837e2755f88,18.711657189869744
0x58025c79662e81f1ee72bce632511faf4e6aee01,18.574108590229486
0x4b7e3dccc8c5e9a4e9ad37682409b353acc6081f,18.432259314053113
0xe289781e61f005ac516548bf895ffe9ffd8943ff,18.32117
0x7127360f23817afd725658060ad432d63e7bf02c,18.32117
0x201c81762ffb7df43e5f7e1ac7452c006b0da7ce,18.10183649510458
0x33cf642627459c6d3968cacab29b95b0f4067e09,18.002875844862338
0x9fa4a28a31147fe40dd0ac516576f31a3a7b4548,17.999867247801003
0x68e78497a7b0db7718ccc833c164a18d8e626816,17.80653635450829
0x3f773a15cb4c90b4a90475de2ccdcb7da8ff87d0,17.75773114249725
0x736c03d33fc6c1aeb05e61b694e59688a810cba4,17.70304333341587
0x69c92a23b1f8952616ddc80ec9884f89547738c1,17.640130895165953
0x60103e3fc947705357573407bb00fbd1272c991b,17.625074593990913
0x90e9f1ada55716023256633a3345c6a986d0a201,17.61251282057
0xe6e386c6d5a7370375fa95085bbb689eef755fba,17.49330253574767
0x87ef521000b100545d92ea17fce25e60b5d428a8,17.457119968156725
0xf1ac68fff3aebc741b7c15acaaf41277a3fc16e9,17.44805994029421
0x13d1ca8936a37e85417e17c216b9339fc79709b3,17.382962959838725
0x659f24f7f4728b8ecbcb7f161cc2a1ccba2d906d,17.356218696793167
0x61e9c341ab9f5a2b9813dbadb1cd77025ba9a67a,17.30324198540127
0x64a6bc2656c4ce5f3ee27ef74dae6e5bdd30e0c4,17.267650432072806
0xa98dfaf402629cd9e0ddcf35e3278de47b20afdc,17.23969499573588
0xf9f7ee120e4ce2b4500611952df8c7470af09816,17.097143569693
0x5df2c8927f67e236c0b9e5fb2862916894fb78ad,17.094605411940996
0x8bdc9253a04f3afd73bba7d1e2870eb36eca1b6c,16.98076341265636
0x63bfea618c17db3e79be553da55d73db0dc715af,16.90686600327274
0x0b2f06729d9ea7fb8c3f9986e336af4ae3f92bd3,16.757295061642353
0xd719345fe7030aeae8e2e9eb0e00e299f3a1ce15,16.75110685965685
0x1cae18c2e6a002ccc72b44911f9325fba7a7f0bb,16.73822799661407
0xf106c19086bedf385faa751db384061a2c4f2ea3,16.65612628664632
0x151f7c3fb28bc6f858d67a5e298b7b4f57592b54,16.570658023548063
0x259c48176ace58494fb7c2a4b6fbe049db7228be,16.517048838322907
0xf8d3c9d3abfe31f7255d4ace13736985f1643802,16.43782744246892
0x23d352d1095fae3cd51c67beea6966b79a223b3c,16.41508648956
0x5a13e6314d9674da32888f4ce450cd8719f9b296,16.289327533527896
0x68f34cdcd22c88fa78eb19bc09e518c470724f3e,16.170962369829898
0x08fda8d67fd6fbe1a6173809cbd79b7cb9a468da,16.145669872924984
0x6f5b8e95e896083d1f5b24d68c086ebdf7089496,16.100172067767364
0x2959501164a828050a4a219c210f661b081f9c70,16.021331645885
0x76354295f57fbe6ba4f65f4cde1cf65587f4a096,16.00232881883351
0x0880bba85465e42ace22fd625fd35c42056ce14e,15.977340953495665
0x4d1eff861316396dd1915f69b49f4c2d7b11590d,15.953094002324562
0xc78b4d8153a1246ea0d73e9a86ecdab8b60e7618,15.952961327599999
0xdc959485b444de27276594f766d620c258336da0,15.914662612000328
0xdd000787b245483d26ba624ad59e789ced4b6e77,15.836153613216998
0x8061d4cc848e6efa44ebb29ddee5295599b2fc3d,15.819683739904244
0x18984b9350934eac9a2931ae03428f9c7c5ccc4a,15.817891317924746
0x649d5b0e8ea7a04bbfa0bc18c2a9e9330afac02c,15.734948544919392
0x9ba28241d375a549b6df168cc4fe6ce7122cb9c1,15.727281223416
0x8ea45f0bf608d553a4d8837ebdd5b2c7d0eba772,15.669559948075001
0xf9b4ae62798b6f78bede0022b3496cc2d8b904cb,15.615656153943998
0x01b7ec2e1371bf68b5033ccb7cb18f57ca127fd6,15.559569415835378
0x0c97f1912c3e830be0fac6d5d714a19d9345b210,15.49483553696
0x9fcf8f5bd54db123470c96620441ca5c342a8bd4,15.445622317056001
0x2376bb615cd9ae6da137e82f75ff6e9676e64ba6,15.398534493658
0xf78b0e1dfeb045589a0a44d1b3735c9157a76a60,15.392083568337704
0xbcd709eae589d8cc21e8e5a81eb3f23d21a28ae1,15.341113802823845
0x405582f41e0427fbb5f8b5db56a26b8c1982eedc,15.32845
0x7baa6923ee2f8231d12c87a90f33f5cb7cb043cb,15.15250049929068
0x1c26b50378f12f56a79765bb7cd7beb7da837ae5,15.084218114953572
0x4379e757a5b7d5515ab2096e0d80bf589386eefb,15.013646655138805
0xdf9c99bf301e4c512c4a6643e3fde550d8d14344,14.994517403516943
0xe30d1f4a314b900b5b1aa1e1817bdf7d04b6d777,14.96429522704348
0xa854f216bc196fe658b1f9d6dbd492ff7c37be52,14.95558894036892
0x4ef95d1879150ba9716e990e44d995c439297869,14.888778776060981
0xd6cbe8714890eaa7c1aeacf537ed7771ddacb3b5,14.785597687021918
0xd5016ca87d4c28744148c2cb5fdbd9886f944bf4,14.658660792175722
0xe238ea38540688f4c4f46f8353fc31f78d7579d0,14.6405
0x43f433102b5a7581cbe56b949ab879050550925d,14.588876432818925
0x88bbf05d41c499758aa10ba330cb3d330a908754,14.498049756018068
0xada2be001b9b249b09e4cd3b279555dd9f79e819,14.44642294173419
0x6e711c797d6d8e6c1276ee08e832d99d6505d5ac,14.429506017249366
0x79cbbb8200ac8452d9b7d21841fa7e2648c9583d,14.41145230923885
0xb6399fbc7670f0232ff9558bc56229fd80e23c33,14.303664308052003
0xccc51391431b488d617f51e2007cc7c1908f3717,14.287561912025549
0xba007df8930643764780c2ce6ee49c3f0e3dba24,14.282696331517577
0x7bf12772b31633e7645e2a7657da99136c74ba50,14.221679321469702
0x713afa49478f1a33c3194ff65dbf3c8058406670,14.097609516659112
0xd29602d13de93f0cf92adfb744adba5cb322923d,14.064159994008891
0x99776f50b4dee3699ecdcb388f0a6bf50706667a,14.06117599054322
0xd279f1351d2828d559bc7a6b82c322c4d5665bed,14.02774351985012
0x75a3dea5e6352c34683a66ebea0c4d25d32d49de,14.00467219472914
0x11c19403dc2d1aaf8f0721ed365e920ff95cbaf3,13.909018076019713
0x18f517f036a7a6f42a7d3507b61763f5ce962ffa,13.868306362163581
0x782bc0ba081a8e1a1fb575878c0a96acb3063243,13.808730837765584
0x3f75d00e6911373033afe3667fcb65c911b6761c,13.7354657525051
0x1385fc1fe0418ea0b4fcf7adc61fc7535ab7f80d,13.70831806936096
0x4bd475cf2a29500801dc0f508d2bcb8c4f7fb2bc,13.675674542459998
0x27dcc9c35397765220271d9953655387c8d2db2b,13.670125242683419
0xf7c01dd003cca80704811a4c0fce3e4ec4aec57b,13.662858560989044
0x7212fb4efc7c1d5eb56dea974becb3079c805c6b,13.586374251784001
0xc3d7b4b83ad9a24c92ae9f8be3ca326608011169,13.534730301977493
0xc102ae04cf25555c17e21ca8bef416b7f9491598,13.508115586919432
0x9d208125f129fc90f6222754a325881febaf0fa8,13.487897716344001
0x20decf9d5d448cf9b51d047781b2b38530672566,13.451818916084815
0x88ff79eb2bc5850f27315415da8685282c7610f9,13.41982554772734
0xcd7f9340ead56611a7996b6838c16f527cf81b21,13.279231745210124
0xb39892a76135b6b8b05b122cff6c03c016e0a736,13.252675894781108
0x3b318e8985e5c535c1d932ca8f67249ccae864c7,13.236348627937002
0x3aecd462f58f51853af902621b0062c72ac0fb13,13.182086507503426
0x8081daa61dc0fb980ad6bb61f51461877ec8dc7a,13.17595003762646
0x428e7748fc3504474db7ad22dd6e755069460dce,13.082582265635
0x6d6b0c1d79eb72ff28b8b5e3ecd35bbe2cbe7d78,12.990865387940993
0xc2af782675a21033ee754e3e232326646fcd1057,12.970697868113474
0x230be54ddcf4ae74e6f4ed1a7896be11af10f28a,12.946833292386023
0xe73ad09925201f21b607ccada9a371c12a2f49c3,12.935191877831759
0x24d26d4300de25b526812f92dc311ce6ef454499,12.884712688848001
0x4441eb3076f828d5176f4fe74d7c775542dae106,12.883221231922315
0x343351c0f70742a2f997ef01fb3004624b4a94a4,12.799355292582582
0x924348098d0e4af9ce18b0791574c0016ac1447b,12.754104737325
0xcec826cfec14fc522cf9a23d30a08ccaa4598ed4,12.516881792688
0xda26ad91c13b76610e25774b31e3527354da7852,12.489548109699
0x833ba7ed3d18b5ec72e2a2e3e7e279fc466d628b,12.37240146516
0x410a714f89b317924d2072441dc5a06a903dc4b9,12.365778268416655
0x24131830cafc7fbc524e022d4f238271062b85e1,12.347275251650734
0xa32f55f0710e882ec5f928785653c3988e0710f6,12.33259594
0xcb80d665905f39f128ce1c279ebefb7f1528e437,12.293559928027234
0x6f63af7790cc1485fc46ee36dd5647ff3adc49a4,12.183097099497516
0x457dd4757144fd1f345701a36773ef785711cb1d,12.158283322677999
0x54f8c1d3c59388afe30dc78c785147f3f1233a88,12.119436235638164
0xeb7a16bc831ca1dc20365597381f8289f99b09b6,12.068672852109131
0x4f7e93bc9d440e6a0ed2233fb461df1ea24b466a,12.033576060000001
0x95a29e8cdf21ac12dc457c028f9acc53f06b28fd,12.032011887136
0x52bb71c28701256cf80a88411fcdd0372974de4d,11.987834520698513
0x96673eb8b1b299338cecc54ead08a5c34bc1cc4a,11.891615494176
0xb319887931a5a1bb379deb45c2586430b166f21b,11.818545469134712
0x24b0da02a6df204af9f9c129792b29c79518b47e,11.789523015324013
0x2abb787d458c297ef2849e3b26d88271d42671dc,11.655247611789001
0x33f6e97ea6f5dfa6691176b33ad5677e08fb6b38,11.64864754760658
0xe27ff61795e61cd156cd305be1fce40fde390544,11.557755647841375
0xc50ef7861153c51d383d9a7d48e6c9467fb90c38,11.463719602424591
0xe7df85cf0962cf187c7de27b3ace96c75b5eb7ad,11.421407753863901
0x98df8624a5a1936abe6fa3f73b1c439bf840ef98,11.406445157099323
0x01b94ac1abf25c132bced6918513f1822d0dc52f,11.388008705325
0x5bed065ecee481f77eea07a07e934f144f94cde6,11.33704030759624
0xce9cdb8cac8a0c8bab3f99edfeddc644bf723f9c,11.300130617605982
0xa0282d63e431aac9194f164b19cfe0a59f744e0f,11.28930154643337
0xb66c84d0d208f2fe593374d1447fdfb146b2d99d,11.281301293075497
0xd836f8482f49f95705355fa017c6ea38eb86b075,11.260454006212996
0xf5106125261d4ed42df24c12d66e38ec6ba8238b,11.196237939089144
0x9479be97c23d3cc0cdd7f990a7b153d885ebeb80,11.171892977330238
0x64c2f792038f1fb55da1a9a22749971eac94463e,11.160430634353
0x40769f269bac144394e7fa37eaba7d0328f90cd2,11.15828477112615
0x987b0ddfb7b21a5c01743cab27f4d6e93e4ee60f,11.067722378342731
0xf3259208b7c1dffd5f02c621befe8438a2ece5ed,11.00842226067742
0xad9a09dd820d321ae9f308ad8d51e24b56830f88,10.917319436219984
0xac08a1ff3cde43373fb339685afab0321c81cea8,10.863637649751036
0xddb9929172e44c5902fa5d6f038e78c09d7ea0bd,10.797767583454956
0x8e427a754b13fa1a165db583120daf7c3abe4019,10.752551542444
0xc7f25e2fcc474816effd9be316f2e51ccef90ceb,10.739510957749179
0x5aa13ad13a45e828daf1d70efe27599af6ff9bdb,10.677261681996312
0x2476e13c3da1e0daf898a0b0d204226f2b857c2b,10.665608390512274
0xb0cc75ed5aabb0acce7cbf0302531bb260d259c4,10.619152441774999
0x80b9b153640db8fc9243c41fb91b3bdfcdcac2a0,10.478575911810845
0xd1a59e7226ae0da47b33eb8e40730e8d64ae4101,10.436961743341742
0x177d3978ffd4a354e5fcdd5e397f5c10ec0a3473,10.435359560483226
0xb2d9338c6cfb60e15929251de60a75ff7037203a,10.323686459867602
0xc2fe79c010401784d2896f60350bc6150487b43f,10.304270078255907
0xd4437f7b4d8117ac706b9cea9798426ef5c7fed3,10.128476306223998
0xc3ccd83e2fdef39a0811c36f52b121fa394436ce,10.038720827214235
0xd2c3289184a69ff68362d57094db8956c1ecc9fb,9.961451383587393
0x896d652afec3f34bce61d29450d57c68879efd1c,9.88271014523934
0xb55f57e28c9c8521b5d594fae1daa54fc0935f55,9.807205658980108
0x750d99c08e4c350210eece68df6a0de4477f8d5c,9.771278118620463
0x31238bbfd5e77d3160d5828476972881c188401b,9.70116
0x047286aebffc46ab65773e23cbfd7d599db5c2c8,9.54170809041465
0xe0533126c4013e2f5bcf44a2c84a396219be2d9d,9.507573827278964
0x9db10c305c671153662119d453c4d2c123725566,9.480575185874999
0xd8c8a2b125527bf97c8e4845b25de7e964468f77,9.44527966721215
0x3da3d428cb0eaaa2a419683e11d6fbb1a9178bf5,9.431954051717199
0xfcf9f1278b8cc951e53e5c33dff80a0c7d485541,9.42083558263932
0x8d695abdb93dd5337641066fefa3b36548de4408,9.315910541112002
0xb4ac4820931c1c8bad1afcee6533413a3ca399ca,9.263997950049042
0x043e8c29b40621a4a965362adcfb189ef0f303ab,9.25291278566714
0x3be2e6a87c7dbce2ce4ddaee2c81a18b5fefd731,9.247216450423998
0xfe9ca6716aeb5d1ff6197a31da32c7a1683813b2,9.224915692829999
0xb0fd554b06aeba5b1218b5e870a86002393dc80f,9.191077296407999
0xf6940209bf6db07f7f764671ee2739d1412c309e,9.095024832275822
0xd4c29179bcf2a835d404dabbbe71880010e50ce0,9.094726099726278
0x82bd0e16516f828a0616038002e152aa6f27aedc,9.074680055377366
0xe898fcd56d1a2d9182dfee7b92c162cbb14b01ad,9.074156876113001
0x2c72e4c8f2601f71769de5bbf7ca252be910e7a6,9.032875583144
0x06b79cc72559cd08ee47fc1eb2e5168535e27964,9.021715795465377
0x83c779bd0be355092d37f9e8201a096ffe0789f3,9.0007581724561
0x7c368a9931a80d5c3d29a445bc06333fefe6a627,8.995426853535612
0x482e2e09d60141797d78bacbce7044603d62c06b,8.99121928374942
0x29eeef4862d369e0de7573d57162c77b777f2004,8.880214915804455
0x5003fdfc747a0acf06266c54fe7285abbca14f25,8.7955629540947
0x6b45fe085e8b1be346c3ad8f6e2463ed8574b8ff,8.660773609599067
0x78dd1bce5dd5dad50a82ffe3da9f88328fd5b0ea,8.636915999866
0x9323161faf56dd09cb32ace72c20dbd96b96d386,8.612760283052886
0x27d0985051df5911b41225214b1255b709dfbfc6,8.448657584809977
0xd7c1581a8796b81c8adeaa155a6db41cc194dc27,8.319109121708214
0xbcf7e981bd2225a33d43fdbfd9d939652ab12503,8.3112729222
0x7db01e83d7b443afb27a6a5e16c3b955d6772af0,8.287594903707033
0x0d444a8a3c4be3abf3b8c0ec8c7a1d0a8a1adcbd,8.284453752217999
0x92ddd530746516f0d18cd81b865674db39b4521d,8.281361900070829
0x63d364fdabe9d768b979249f0969f20956e0a324,8.269711277022372
0x159116a1a7d766a113aff562d458766dc665842e,8.232705720735458
0xb496561cb6a3c648d6de1faeadc54f8e0c05936a,8.187507381555093
0x96da3b8edea72329c791d9baf5521909791df560,8.019315127117581
0x7651d41ba5864feaeac639e47421a283b5639a5b,7.901914092988379
0x3c6b03a92a1a595a51eb7aa48b24073234060b19,7.739358054934927
0xf462a49decfeeddcce48d6fa609f6290d620e91b,7.738919054280773
0xd2536a869df26aa9c8a42a9d104403662ccfa7f7,7.610049113269081
0x26cf5a42d3697a7a12aa62c93a3327f266bc3674,7.601945855659691
0xb8035a50529f3ebfd6976bd69f973a6612bf6439,7.490421035176001
0x3a50efb9a94d1559e183cc7df39fea9e00892009,7.485124756096429
0x41ea466ac8d05c419d4b7b6af423ba318a88315d,7.46850572949912
0xd738e6a2ef2846a643dc68092ad0fd7f5a8eb6f8,7.460490259754018
0x4edc6e446a551ed9b5a9c490fcb3bfde04eacb1e,7.264509118540925
0x99432ab2d34ac1929b87fd700005fcd9a0711966,7.2477047383924855
0x22aef64d3a2822f48106f71f391d34a85a6d0520,7.078203999999992
0x1325ea15777b472ca172f7ecb950effb2d17796e,7.068233799287314
0xf19bdb2bdc1b0d49c01e2d8689f8e324678de53e,7.067728783311739
0x079e4a135490f648c93e4be6b82e8a0883f9bb69,7.05213
0xb8acf6ccc809b2cafd6478d99d66eca29bd3bb22,6.976136349408769
0xa7876a5825ada3d53917cc0b1c31a140fc28cd8e,6.94775550546
0x25dacf99a6caba974f648f53647a311b5e0f1b92,6.880861228906687
0xea5549bf20d69d75297950ccd156d6376a3994a2,6.879950891865247
0x8dabe078c0b946497b00fca45a32d015473bd763,6.8541600398262785
0xc423872da26b900986534bc19056dc550f56c90a,6.835409126976037
0x2e959b8596a8e59eeeaba8e8061f473bbd8da8e8,6.765138073971
0x1340cf66e742228d1787ed1e7a86906fb82199b5,6.746196008409
0x8784c62a525bfea736abc952ccf2bf293201f199,6.743161815574999
0x19cfe4a63f7b74c846ee9dcc42a6cd6c04c8974f,6.626079672453876
0x5cf235c56418109fb7f0aacca1b75a0a38047ca9,6.53619718212115
0xb90d7b6173e932fbfce820ce80ee82eabc6ccfa1,6.505846713225
0x16ab3e7ef361cea31022ee10fa488c3d373a3ee8,6.467799852291151
0xca932f1dbdeb009cf41088d8e46d194b98cd15b7,6.459799999999868
0x15483ab0d7351509ff5236c617004903e67a386d,6.457958573106659
0xd5761bdc54024a6a45c36112a35ff63481e9b23f,6.454743738569636
0xb54ce26f2e30f64c5b684b141311ce138ab5e00e,6.441766155531018
0xabb2223f54499b9ff2807c8d556da65b555c30e7,6.428783527197337
0xbafb4dae031a2f7f27216d24061f5655b738aa44,6.384616053098123
0x05b5d3e63b965a05e6a9dcc9a348cb9421e31d82,6.3782725342211
0xb0a179c3b73136e679f2e6e644fd0bc5bf688ee9,6.3676425008022814
0x17474e83216942d6d7bce129ef5957c94194c716,6.348357688051999
0x7879cefe10baa879dc352e73d89410d7c0457ac1,6.3138000000000005
0x52f6b5b9dd16a0c39d9d23c29f7486fff0147bdc,6.308164806944
0xc50169583459c95845c9d53b8f098142a153269f,6.29805760464
0xa43e08849656a67f376bce56d4be24a324cb8476,6.272573853177025
0x01949723055a451229c7ba3a817937c966748f76,6.072090250789389
0x4a93a3bb71966dffde24b979945871e28f82236e,6.041690427076117
0xf7d0eea8bec6ac4e2f4b8bfd549413e9ebed7458,6.039545491506551
0x54bd913f4ea7359a2eedc8f5995e3e528a3d58d2,5.863124129911797
0xcb6d86a8e8e073ccdc31326bf6ba07025eda8d1f,5.838264690295815
0xa7d1e14738881455f0adb3e295ac783b4efb2333,5.776626006429657
0x4450426638521a4eafc1181e5c1ca68ea0c8334f,5.682468413725999
0x05cc2486a3752335332197bc3d657f326c301030,5.636117137032
0xd614cd584ad3ec30bdec89096eec1fb102a72ada,5.523097472374634
0x2d2104906e109cee827b64238fa5ba604621b5a0,5.521701105019011
0xd050430dd432876cf5622ff60c4dc106b64fa753,5.501377568941663
0x8caae406d05f3d010665cf5fc2ecc6e6831268be,5.461276207016768
0x9b96128a3f770faf7a882af4b0156e6976fed3d0,5.425201630475318
0xf49b99b87623d022c871fd4485adba9809533280,5.382678301449846
0xebe9cfd978f0db637d920e4ed4ae10282d9aba17,5.324079072438001
0x9b792438b06fa50bf3eeb838d601c811abb6ef98,5.242524773769531
0xf00444f855a9eed2f99125fb82bc8612e865d6de,5.114594835707999
0xe8aab3e172424d1976d5b671622fe465d805eb1f,5.114359976370183
0x8524dd8ce31d5fcbfb1b2115a57414bcced633ea,5.06671234212353
0xa097ae8ecf16c7f0877b99fbc6dee768c363f261,5.06503
0x31db8339a14b6fa42a093f6297b9df235d8cc53f,4.996451946589229
0x7aea467e10e2871cd82f620cc1d51b3e284840c1,4.947057868689858
0x2337cc649ade0661f14d5b07491933f0c00dd380,4.905015860129691
0xb088cadd26bb9bfccb37c6b2cf23efccf6c197ca,4.89052
0x8da560a30ab95ec3f59cba4a2e96bfb5d83ca34d,4.850294386072454
0x4acf6aca6777ff67f9f30d169ebd77e0993cffe8,4.802213764190731
0xbfca56f69e183858c21d2d85f825cc4b842f5548,4.785209527618
0x1531f46fc6f187447146e4f5a35e1aa31323e340,4.767014334885284
0xd692c4329b9ac26db1a19763af745fe0ce7d3053,4.7220537410451975
0x5984031f61b5d996ecb944c1705d8e4daeefd2a6,4.689697162219
0xcd45d7c582775eb9416519a47e042397549476e7,4.678789354955211
0x8cb5032caf8e802d8db0d2eae544e11809a0f2c0,4.536137328415935
0xffe91de50e87b19a622b15adfc9a8589c9532b8c,4.492861911094159
0x8f287dda4514a4a5e0f9b24a83fee9c389202cc2,4.490251129682867
0x5b079617caf49b9133788166752eeb632e43cbb5,4.449603236727483
0x82340c353c7a4f79f24a6c36f5bcdbf64af08266,4.406460023551907
0xb2909cbf3c0aa6d8bf342a10765da9b611e2155c,4.33915721395799
0xd906292e025bf8239e03203e0e5204b781822b4c,4.284748832645422
0xe08635b49fca37f327d4570533cef302432221cc,4.247389481838759
0xa9adb0e34cacaa680e5779fd90f3a95d0e420c88,4.202420403581621
0xb5697ab09923e1f762c60b973b9ac7e48a89ec45,4.19918965665
0x858832a6bd3285aea6bbc5e523d4e921bee7db03,4.1759917734080005
0x3ae709f7c35a82157d9396ffe7a84aef52c2511e,4.161254049202212
0x153f0a809951b2d9eb402e7768cd7761e8c5185e,4.153582531728
0x0f6181dac823852eace23d7b8acf927a31a786a1,4.088461734247504
0xf5dc18fe9a548e3fd64ddbcc22450780cda0c523,4.054136792376
0x3b7d0fb67c907c93a5876a3502679d9c0414ced3,4.047154079405562
0xde398182b7281a9803d257794e47c9e8d65074bf,4.0131000000000006
0x2e66efd9a72e57e1b1f2b002711cf7c756f40565,3.948749999999995
0xfa16b43c8b0a9b6fc4b06be9abfcb44d1f4262a0,3.927497166357533
0x7231404787fe3493a1102ae4f3e415a27f5e9dcb,3.8168806035745106
0x568bf86e8f0cadadfbf35baecac552faa2a98435,3.812945237156488
0x66422dcdb1dbd99085b97ad8a42b945e168993b5,3.8060684649535905
0x7a2c4275f4b05c0269143acd04832df9d24e2823,3.7504363059997545
0x9c4032de39f564367fdeb6e7807179c7e6df0d8e,3.7253535833925127
0x6b80eb3633901b0c5e5a4516eb8ebb9b14452b4a,3.7082733258148415
0x37d6ddb9346ce1732bf5935e9d6c03046ebcaeaa,3.69220787377
0xa3cd8c120026d44effdc017dfa2895619885ef10,3.669188391451843
0xca3dcf91628f7f5e9cfe0f666b34b830a98748a8,3.634957893856185
0x8285a54aeb4cf7fcbc24ac77004cb2f2bf0e8685,3.6051924105544937
0xce4aee04110a3f19e7eb06a013667af4647f1265,3.5983839585060973
0x34ba7e89d1949f7e9f0785a51757b6170c0b5f94,3.5252538595100007
0xc2fbe64a4dddc2893660692b55c6e0f1fd2126d0,3.3915540658407153
0xaa2a5cce5c82f3a7cf2380097305ef5d0631cfa3,3.313328491434507
0xe787a114be8d3b04184c50eed8c3b1350fe210bf,3.296162115011767
0x1eb0d72ceee479e5b7457e4896762a0b97f4d57b,3.2503477499999893
0xd1ede4862697fa88e8948fd83317e4d7888910f5,3.222288985285852
0x95b3869f2389f7a00abd126fbd08323e01401d77,3.1217010530044647
0x1102023475216f84ff04d819a938c3711b0f3812,3.087357663382222
0x5481a8e21eaccc041aec8d35d906d9bf22878f8d,3.082051822632467
0x79c570aaa0de86d66f140c2f5ddc94d6342c01c6,3.069287496234181
0xdd5c39fac0969a44a5bd12a71feb7c041a6ef605,3.0661409751499997
0x611805ce4071c096f5b44557b45685802d8a46fe,3.0285959690698774
0xfe308fe2eb938f772807aec2e87fc762d47c40e0,3.019127718605233
0x0143b80d682d2b6fb8945f47b7d199841ab8184c,2.965689223292
0x16602d691c2b85da1c05e8c17e46df50e128fd9f,2.9603749572985043
0x3f3eebf7955cbd806f79f34136557c9049ec2217,2.939473727652
0xbf9201eebcf853267830eeb84df8120ddfee9e59,2.86850554269291
0x97e1081c5decb27606dbcdea9d8e615757ab11c4,2.856155610296636
0xf935f557e06a7d040dea4691f90c9a755301818b,2.8006809479310615
0xfc5aaf26fdd2dad81f3a95324aa4634500b8344c,2.7666937356
0x9423df9c91d0f9f1b9cf9c70bcad74a2fde3a1f6,2.7425537834089044
0xb1562400feaa849c363127bb847693cca05c1080,2.741704336409226
0xd48645e2a42237772b39277d2d4c9d6fab434bdb,2.738279972034786
0xa04d13f092f68f603a193832222898b0d9f52c71,2.7090014058362204
0xd663ff1bf72164330599a00d526eaa8fad03169c,2.6702500000000002
0x175ba7eed4cfe1d161d488c50492dc77550f58ca,2.5629487292003823
0xa8f5f8deafdf9cec276c474574047f0dda81c012,2.558657697553277
0x02eb135eba0d5b36c2cf0bb9190c36927c5eed6d,2.5521544015174227
0x745572555b068dd197c0d662017d7c7b65559de1,2.4957429651661216
0x5d2302527d787852717416cf2c905539baf3fa58,2.437863041034753
0xfc3e79d4564df444bc741be4b7962e7353065b1e,2.430975243462482
0x3f153545fa22cddad697156bffe34dac7bc5021a,2.382325768230722
0xb4b8a18df6cb8b271a945510431dfa67c11925a4,2.353424339544097
0x8ede33963c079bbc5098720533b7a2a712e06687,2.3455354728404467
0xd7df74aeb48071b78977252b3c8d03eb30f3dc0e,2.2700184811585986
0xad7ec98fbde64e82c88d21498900b10bd0ffe75c,2.2609858453171476
0x3c7bcaf39cc579e3a978cb371d00a13f5ab7e4da,2.243478924189153
0xfa127d9a1154610eedbab7323b64363089f9989e,2.216294608539884
0x18d9c0de8e3afa65cc84ecf98fa7c2b9cbdc11b2,2.20785502896
0xeebe713a15caaa4a437ef30cd3d6f868a041bbc0,2.170977020261
0xbc67ddd1b1be5c00c103b7ef458d9597e6232954,1.9934740888740272
0xb1d4a2cfd23211b2cd5cdee626ff4ca2068e3805,1.9424511257733812
0x0de604c6c950dbe17de955087a3b3bfb5aeaf267,1.9410230977020346
0xd81f0497def1666d95dbee04bdfb3986604d6db1,1.9363058377964286
0x91c82fab398a228ab5af09d178176676c1f3395c,1.9102159671381722
0x04ad3a3913d81d0520b4b1362070d19c46aa3018,1.8592667715261584
0xc548016a337f0df094a899ec9cd474485ba6ee58,1.8234749107390409
0xc639880d610caf150afc5aabe23f3e28c0d655c5,1.808944509668431
0xe497932ae2ce0ab9e0527a351b61c9f3022767fb,1.723997356192
0xde26d72fcf376a8a98560c8d57b1465715037851,1.6856398486758366
0x59066d4d746747064b8aa27691f5e262d11128fa,1.655613777328
0xb4b22331a1f6bb656249cdb576bde21a66b94179,1.6333294762630002
0x342c722ac1ff1a22acb7be01b844277c0346c3bf,1.629545080336
0xebb4941822fe7d94bb5e28e9fb57cf20235908e3,1.590695954727095
0xc15b70d3c9c9d97aebc6c022852ea798cb1340c3,1.5760170000000002
0x5f6c431ac417f0f430b84a666a563fabe681da94,1.5704939063430001
0xf29910d8b837f26dd385b2337870943a77db8d3d,1.5626047233641212
0xec23ed26b9bbdb1accf015aed96cfd2500695cfb,1.55422494066
0xb5c52eaa70c5b369857f6f6d88903259090fd1bc,1.4974620986794036
0x99357d326f28fe2dbfab3c81aca78d9562d93d3c,1.4892622091261714
0x044aaa70f19853f44398636e1f2389acbd7f1a59,1.44086073703236
0x2457069c3f7ad8f27449da1dc4cf13988db45145,1.426001142789
0x79f95126747c4a457ae86c654187ebbf04bf66dd,1.4042843922
0x89e6cf4be801adde7333c741e3e3ecdcbe98752b,1.3956555704293492
0x153d3a12c886448478dd2b348f601c0249a89ed6,1.3568512566999018
0x204cc5996600908c6882620d675b7f2083a3f33a,1.343006968
0xbf92f3b391d7d5382591e5bc64d4308be621685e,1.3194042370939998
0x2728f33662c9451a5bf8902829b73f50aefba823,1.318152664347543
0x61d1bed11d0bc5af52b96ca623b507ddd85dccc1,1.309249365519142
0xcee6016854cd0cc5b98e10234d8cbd95e9050679,1.2836476857207069
0xdb6c3a9acb3366b67d7d56addbd95f1aa3577be7,1.277894613768
0xe9c83eb99b3646bbc95ffe7aeee0ba2306e1b852,1.1851325467000002
0x0205984f283fd616cfcdf659dd66ba1d5f8c4804,1.1494038076839026
0x432f174351e96b09e1518df50118bb5b85ee01cf,1.0777086671332992
0xb635a35082616699dc6b93df891c8dd94d33c103,1.0735438773592763
0xf243cfdf99dfcffd361c1a5a3248ec93a5cea2b6,1.036627052832
0x668b262c1f38a2ec4faac479d23f65f0371d8421,1.0255781124111125
0x637a902b96af15a78b64c51d36581b56c1406430,1.0254491417644631
0xadeb1bad51230a62ad3736cc56dd929355e9f5b3,1.0201305005421626
0x8982390fe1c4f6a46f612732516b451efd00a9a0,0.9963393472528385
0x5d8bc727f96164d0964d2c4c2e79dec58f252840,0.9659388839101203
0x59f7499291ff509eb811716205669427e83f39d0,0.9353662811547439
0x935239fb9ab50a18321c051af96b5bec80f755a5,0.856436343552
0x8c5171dc452a842371b38b007c08c61e87181269,0.7652491392863621
0x89795714227a99a1b0cc6dddcdde4bcbb3e987b5,0.7011998403019293
0xeb9f550974036b7866980e1f4946facbccdc5773,0.6972717731514679
0xc707802e3071e8dfc90d6b0f60dbc0cb2fc77fc0,0.6435817633209785
0xa0ca10e4627f31c473a2d7a012ea81ac8d8fd949,0.6425215332502121
0x34f1481efdeef62af90e45e75c42543517467922,0.6416587755489995
0x5208f67c7c298939f62bdc79e1a3f5ec6080b414,0.6244361701595585
0x652e1fab508ce0f5cfa4860e808d687fe2330dcf,0.5867106377260001
0x884e5c3e2d9396ca22ee2ec472164e2d794718a9,0.5815438899574097
0x23ec0ecbba24efeba0ceb78a3b1b95fb28789c9a,0.5778715168332972
0x3d3ee86a2127f4d20b1c533e2c1abd8040da1dd9,0.5739514574200001
0x3a601790248d3f8f476f002c5a019a3ee489ec58,0.5730284962927852
0x1b1c28a89caac877c63d0adac173a0b55921ab65,0.4774213625669026
0xd80efb96ce5a97349cc76607961cdef6b201349d,0.45527794355791723
0xf144196c10cc1f700961609e52b4ef4561e143bd,0.45326226779212897
0x4c7e62fbb86b204f7c6dc1f582ddd889182d5cf5,0.4174683057401338
0xf2ee4b328c276576176cb742e3de19dddb2b493f,0.40608190076183903
0x5e7280df3e9ca3244dfc5aba43378e26cd89a792,0.3861797320027629
0x97659c0cd91fe549ff60227f15a9a6a8bd674625,0.34572911155483577
0x9014db7461f9cd147c8558767a59bcfa9c1e4801,0.33547635
0xdf8bd317703894e93b7e4b616628e12e0bdeb8f4,0.3331756881533157
0x0bc22b3cda38abd5f6583bbabea128c14f978c7c,0.31101392160499997
0x253c06b22d4b67b675ea7d2fd48422e62c394d7e,0.3088199681017381
0x447653aba7695456d2a48db5919ad74f4179051b,0.307002064905498
0xa7d3748b4b5339ff15b259da88716c118ddbf1ff,0.29798283000000003
0xf437755db95c7007b4b894dbd4f29216b05f2dab,0.28836600726996164
0xcbcc3cbad991ec59204be2963b4a87951e4d292b,0.27628897903970223
0x62bf5e17653ca5cb7a45c43ca4b8634f940d10b6,0.27537476215234497
0xdd74745e13b7de6edc7ae5aa39ddf074b9b10ec4,0.266770803146
0xb13f991f52780f6b9c94afd68df486fc44ca04d3,0.2628728076095507
0x27f82c89b5380da1a39a8f4f2b56145256a98d34,0.2624759029567658
0x43cc880be6e3de3e634a857a317d897a9618c436,0.25977663480913554
0x8973be4402bf0a39448f419c2d64bd3591dd2299,0.24982952106
0x716cc4c2f46050100c3b72655dbffc273dcb93c8,0.24679310532119494
0x7d99706073fb040e095cd01e115838770f9aaef6,0.22943946868275839
0x25a878e0469a85e114217fccde82b5ed1e9ec54c,0.126136385072
0xd056de1794ffa0527a87171a7bc34cbd5fccce76,0.12051124924007356
0x935bfb495e33f74d2e9735df1da66ace442ede48,0.10384064251499868
0x5ac6e23e67c9dc7bdadb190f34dc4fd4b103d9a2,0.09590583287925965
0xf9f934403ace836834a2b1c22c753690d61fb6a4,0.08182608269877245
0x4a74747ccfb344bbdb9d2363dc2ab58b563590b4,0.06247550426429821
0x3e1de7a4453a5558888c978f2975b7bac9c7f6f7,0.052147843556
0x2a4da9be7a78573b12385ea91c8b7b07a98336ed,0.03659441784200626
0x60adcbbe611bdd370712b62e74a8a3c471a71dad,0.029627780091772752
0x73b20b0a6677c175ebaa09d3e1e76f98e46b4c72,0.027120187273088237
0x259473e38b2fe68a6b7eaddb180f9d068852aaaf,0.0267376889619225
0xd9aecbf2ba0a76eaf2a53ba319655304101f4cd5,0.023206519199999998
0x8b67eb44784a9158a47b0f655f854697460f2303,0.01835965
0x31f6f120ce70933c754972c4f0f358ec0c5049d0,0.018112116473399997
0xa03154bfb9a750b944b5f8de7a744a34ac6dd16d,0.010761321576746846
0x241640d4ca1c7032197a898196f6b933cf99e929,0.008665764021398405
0xc822dadd7f955aea22ad390615f204ec157c8661,0.007804294827744952
0x304975356abffdb8779b87c6de733965fa86ee37,0.006972097985846029
0x584651eb767628de2479851384c359d8f0f384a3,0.006709866031999449
0xbf09c206efe7006cb5dd2c7e6c7a3eb06fb08283,0.003980421567085246
0xbb2eddd751cb46d5ec19c8304f92606c8896f61b,0.003064504216915149
0x8287c431f547b313d5bfdaf2fc8b738cff65358f,0.0023685885651039745
0x781ca5a921e85b72413986c1a44e144e384790b8,0.00224781972
0xf0d5604d8afc3ea0757378e35c72e9bbafae84d1,0.0022321582891057707
0x2a0d53f423a131cba724ae6a6352b59cc8d5a764,0.001987962168
0xdf4a9e4d3374373902fb197fe0652a0508f5499d,0.000992448384
0xd7d053fa5a8c63bf92d62d72e2c7b085e9ffea8b,0.0009488996581527423
0x436837a701a8f7bef3641c6945a1b77c441b1852,0.00056583844
0xcb9bac06bad15ad72e2f8761756d7e5cf48f8458,0.0005563413839999999
0x765cf80a09a4ccd452b85f3e87d6a1b9017373b9,0.0004257564999999999
0xb3445d5413abf63df1112a4a517de2602f249785,0.00021967555426701115
0xc3a03b77c9fe02b123b749b1e9b62e22c4746a12,0.00014890596832665599
0x23447f6f9df083875b09ab4a8333a439a7b4b5ee,0.00013775683783778304
0xf723bcd271ab5c504fc46a82f51117b4bc02acee,4.7041368999999995e-05
0xaa3fc032e4ca501d26cf8e32e536a8354498aa88,1.1892366384419e-05
0xa3a7b436fb927f6a9849d64a94fa0ee2028f8247,9.44026364030166e-06
0x8d5189e6b73a1da3c2ce5c68eea4380534b50bab,3.90751867652046e-06
0xd6001881c9cb7760d6359728e6e3bbc76dc80296,2.392699588899e-06
0x3cc34a0a5c452056909a93e4b2ac17b03e010666,8.2701596254928e-07
0x500b2df6e6f5619c0f56040c7a668cb611bd07ed,7.585509127678401e-07
0x4ef867a98c4d7b116c2f26bf7906087ceeafd622,2.7629416918985e-07
0xca3774bcbe951c3a738ffa1bae4abc2a0420987b,2.4915810990339045e-08
0x914b4613c07db9e4239992cdcea3e5a9936fd5a0,0
0x8ffdc8c69e1c1afdbd4d37e9df98eba3e3aca92d,0
0x3c2a37b1131da9941a577e7155ee393a5a6d7667,
0xb17015d33c97a2caca73be2a8669076a333fd43d,
0x5777d121fc2b2b67fe277af366cf894d6928927d,
0x1e90b67149e688dfb95fd73acacd8adefd16d88d,
0xa80dadac6129cf1b99f767deef6a6114ad4648cf,
0x8fd5245d0ea6bb9ff77f9137bb00194b09b9b474,
0xc9325d3fd181bd4db0f9329287d69f626f040e80,
0xdac866a3796f85cb84a914d98faec052e3b5596d,
0x34bdd94dec6e556e75d977df6bccd6d88c1b4b56,
0x78d4e81fc84a1ce367e90936e49a74a9052137e8,
0xfc9e667282f042ce72c53af3fece5d4dae114a65,
0xca2e972f081764c30ae5f012a29d5277eef33838,
0x4226045035fdcd1e96db61dd7aaee9825d426a60,
0x238cea79270590aff83dd27d506a6a8b445ee8eb,
0x50bf20318ce9100ac4374ab4bed5fe4b1f8cc6b3,
0xbf8448db42e9bd5c4d99863a3faf0cea5082c28a,
0x84b33840d8b6aecec69dc5737b56d38111f4dfc2,
0x205eca9671aa698aa7c0d0af1cf6a2633b53b0c7,
0x2f4654e08b42b867da14a56720c4457fea07f195,
0x6838a1e5ae735c5c747044758254883c9f0f8a6a,
0xbdc4766210146049edb80072a6f814bc15d1bb74,
0x8fb8e9921922d2ffb529a95d28a0d06d275d7a59,
0x613e4049817b33bf8bd84cfffa4818915e5a3b7c,
0x54252a8124ef08a4db8edb530c0a153c33406c53,
0xc1e26c063b75d6ff333739b48f762e75e5c53560,
0x2ac351a595ad8a986da3ff885643b7fa50a4f4fc,
0x95e3547d5a326092661f16ec06e6fc5681c8d33c,
0x2df7f6afd1e7d6cb0655d9666a880d907eadd794,
0x7352717e9293a61d37340b75bd368836caa1920a,
0xf3fabea58ae88c34a5d5bb118a13607688c46caf,
0xd5c9bdb55c9b11d0c1e0145934efa6dc8b7b8094,
0x91daf18c3ce519f60edfbdff7cd0624d5cc67a60,
0xa1bde985fe385037673f779d8cb78d386cb8161a,
0x5e58bd5f28b5316baf1ff7044b73c71fa85fe296,
0x66ce52eb204f872b5d02b33ef677b32adf78228f,
0x92741be6adcb2722681925afce9af0a7306ce90f,
0x93204f6774d6fb00550b9df68a304f69132ac64a,
0xfa9449636d15420933c06380ad8fb9c55e2c3f6c,
0x526cd4f72f2cc54d6a02a7fefc84753a826a5737,
0xe4a9bfe5d0f52f013575e0857b71be232dc7ce57,
0x468795e031c173942c9387aed0a302e26bdd0460,
0xe66ce2041ba58fac0c745c498a923d6aeb720a9b,
0x4188ca59c5dcb1c2c00ef37941dcbf6be0679b52,
0x284a4ac1abce228552999167a9dd95eb5fdee922,
0x8c05830a9549a3bfe85f18fe2453fe3162445a8d,
0xed8b0afb912363a22941f26aeb3fadc5d79aa390,
0x6f4404dbdda735814cd4b15fea66dea763de844f,
0x4a382e0fb2abc4bc087d2f7953a4689ecbb96374,
0x66e4d6e0e2c9ada7557b5a15c44d020f4bf86c04,
0x9172a1abb81021ef1fe0ea6d60d25e8a9f77e190,
0xdfde79f36d2a76a1e096504d241c7d82c5cd22fe,
0x94dd8c11ee24655e20deeff0e04f359e5289dd47,
0x9eb467ebf34912451227bbfe3288524aadd02198,
0xba821a95453474d322e2716903dae26c659368e6,
0xdcb9a5f08df2aa0d30974099d50543b8a567779d,
0xbf9cfc4387b9909756012c03d39ad95dd87f699a,
0xb57cfe32dbf5227d9c9a03ef3d2e9e53cb4524b0,
0x3d2823307ddd7e21334ac3d09c5dd73263d81074,
0xe1de07566ceb19d2e45b60b491776ab74c9b8d7a,
0x74048b0c0625acbdfea7c36026020d75cb295da4,
0x8aeaad8c8fdc012cdd03e5b6b41bedf27217b7a3,
0x6eddab7a9d289389246205847e2725ab4a5e23e0,
0x31d0b79f69e1b08f703f9d7055d1135c523e63d6,
0xe2d463552aa3aa54c1a9b835d413f7b8f4d920c3,
0x214cad3f7fbbe66919968fa3a1b16e84cfcd457f,
0x37475bb74babf393e1b77320ba0b26837e00e152,
0xf5de7dc21138e4bb9f2e3fd6e8f4cd76a7ff016b,
0x90e7a93e0a6514cb0c84fc7acc1cb5c0793352d2,
0x38082885314fb4686cc91003ddad2070d9388660,
0xed9704a1154a45d76da98590a5684ab6ffc5b957,
0xe5eec7c76033a6fc9546b799e7dc93f071b45fc6,
0xe0240c02223677ae8cd956940ef4d6072061366c,
0x4b743fda1996e21f84a6cc66bbbd3e665fcc2279,
0x882784c5807d5e2e4950ae2327ca5d9b56a1015a,
0xc905b6c4c7211dbf74a81ff2ef5567ccb7d4ec25,
0xf1969d7816b38a991d2a323440ac07d4b88b2d68,
0x4e4a4c4c46d3488ff35ff05a0233785a30f03ec4,
0x24bf0318deb6d974b134cb875b5a06ec691c20ad,
0xc5e3decce54fc9e42fca8b6b850c6fa0489d7831,
0x07078e87f4ae425000d139dd19e871525e790611,
0x29b6e7806fa9c180a069f94a5c3302afbbf698d3,
0xb1549513ff77be9603da67970c216d65f98ebef8,
0x5cb48477cba7e4d8104ac5856dfd2ea16da4d036,
0x4c11b04f4f8a28573531bd0ed071079444703a2a,
0xdd949d1fe117744a38319c7b7dcc045d630bcc8d,
0x454bd6d9cb1a33dd74ad07048659cf280dd315a4,
0xb9e7cdf8bb40acc6f6c0cca93fab488a22d8af15,
0x6fcee8a45384aec61fdee3fbdd871a338d8ea44c,
0xdf4d3c4e8a253f1826052426590733d084f0294f,
0xc8fa85920a4cb22d8c6d15e0125f5c76f27a3a73,
0x09052d68fb18c5f9944fbb74544111b74dda6c97,
0x39aa9fa48fac66aeb4a2fbff0a91aa072c6bb4bd,
0xbc5f1d2a0c411aadfb95557365abfdd4633ea882,
0x3068afe9af52f4509edae820d928392505f2264a,
0x88a4895db0e8bdd47e75709e23655ca2a1e19f4f,
0x6473c18de05292bcca1b10193c304432ed6e0202,
0xee1f9b91aea19fed512e30f35530acd3b75233c3,
0x5756ef15c084116730176968f9759fb5cc7947e8,
0x4d72ed6b85161f4c393f3920a0486c9de7f76851,
0xb51b8a4163b79acdc4deb992a9feb9f865d707ce,
0x5841c48044231db2e2dbd2ae5f1b19b7a65cf01f,
0x5f538e4a8d8c833aa9e7a926a99a3b415bb029ef,
0xbe8bc29765e11894f803906ee1055a344fdf2511,
0xebe4cb1f00e84e4eff385868f109ec8573db0f77,
0x5618e47a76befca3981ea9d067dd27e0520cc247,
0x3e0f286c2949ea2885c3c7a9e03f7d1ad20f9e7f,
0x04fb90ec59dbb111d1af293d9812c3a57f92fa55,
0x364bd0300df1dd8dfbf80377f692f88ec2c06755,
0x67c85c81042164d70fd2c4b35b779896d79ac643,
0x4550eab47f4d4321320e1442ecf17c5ee791399b,
0x53bda50b6e064ef9f733e956e637da1245ccacf9,
0x44ff94b1daa3ebcb19d9ff0c71656f42d07a3bc9,
0xbb014c905c72f94e8b8af9950c24fb6b44a64ca1,
0xfc5bdabbe93a05b939ef5744a4bb0dd7e5bf9a81,
0x74667a9c90bb67c67b84653e6ed465bcace63440,
0x156a32a559fbad855a29f40c399405b9a23cb2a3,
0x8c4874fb2fe6887cc3b29485983b3e2d9ab4bd32,
