cumulative_pct_bots,cumulative_pct_volume
0.0,0.0
0.010257462303826032,25.09090274857891
0.020514924607652064,42.01723424253249
0.0307723869114781,55.37419411037489
0.04102984921530413,65.6963825418796
0.051287311519130165,69.25587748871423
0.0615447738229562,71.34333759944758
0.07180223612678223,73.20153150204224
0.08205969843060826,74.67972623046225
0.0923171607344343,75.8125817389956
0.10257462303826033,76.8111201691415
0.11283208534208636,77.75414438850594
0.1230895476459124,78.68163352322097
0.13334700994973844,79.53880770397879
0.14360447225356446,80.37124457276097
0.1538619345573905,81.14538398367517
0.16411939686121652,81.91602235901605
0.17437685916504256,82.67311317628328
0.1846343214688686,83.38197235561802
0.19489178377269462,83.99129999573901
0.20514924607652066,84.58729726341878
0.21540670838034673,85.17309833925624
0.22566417068417272,85.75776790060205
0.2359216329879988,86.29709190789085
0.2461790952918248,86.82487855415314
0.25643655759565087,87.32362046741055
0.2666940198994769,87.82090751801593
0.2769514822033029,88.30540404390902
0.2872089445071289,88.7277251740028
0.297466406810955,89.13039400428653
0.307723869114781,89.52777240447864
0.31798133141860707,89.92394014144483
0.32823879372243303,90.31928727867698
0.3384962560262591,90.65930759316831
0.3487537183300851,90.99032587529058
0.3590111806339112,91.31791224248353
0.3692686429377372,91.64434276442168
0.37952610524156327,91.96425015659901
0.38978356754538923,92.27801656274423
0.4000410298492153,92.56690690318041
0.4102984921530413,92.80924633421421
0.42055595445686733,93.03527705000394
0.43081341676069346,93.25967749804829
0.44107087906451947,93.48091040344126
0.45132834136834543,93.68480236430128
0.46158580367217145,93.88114211603768
0.4718432659759976,94.07148062654383
0.4821007282798236,94.25400238057581
0.4923581905836496,94.43385665495663
0.5026156528874756,94.60136733693675
0.5128731151913017,94.76228300531365
0.5231305774951277,94.91740370888871
0.5333880397989538,95.07084787722907
0.5436455021027797,95.21900451251028
0.5539029644066058,95.36290164118168
0.5641604267104319,95.50654632131254
0.5744178890142578,95.64796681124285
0.5846753513180839,95.78471081779132
0.59493281362191,95.92113481596795
0.6051902759257359,96.04734514409246
0.615447738229562,96.16712333287087
0.625705200533388,96.27746866678098
0.6359626628372141,96.38629217284395
0.6462201251410401,96.48647242263621
0.6564775874448661,96.58661527658822
0.6667350497486922,96.68629854167885
0.6769925120525182,96.78307762429189
0.6872499743563443,96.87659092950086
0.6975074366601702,96.96497654891238
0.7077648989639963,97.05244502026645
0.7180223612678224,97.13985205154718
0.7282798235716483,97.22356747013669
0.7385372858754744,97.29932744193451
0.7487947481793005,97.36608539544295
0.7590522104831265,97.43055361840656
0.7693096727869525,97.49324236480258
0.7795671350907785,97.55424273326922
0.7898245973946045,97.61439109951993
0.8000820596984306,97.67122039106538
0.8103395220022567,97.72617200810086
0.8205969843060826,97.78035227556677
0.8308544466099087,97.83442684036697
0.8411119089137347,97.88664485105232
0.8513693712175607,97.93860100737217
0.8616268335213869,97.99044157614036
0.8718842958252128,98.03791913492842
0.8821417581290389,98.08523104065547
0.892399220432865,98.13198760719118
0.9026566827366909,98.17773999302261
0.912914145040517,98.21888689600348
0.9231716073443429,98.25831749818462
0.9334290696481691,98.29615157692592
0.9436865319519951,98.33381343656308
0.9539439942558211,98.37040885443514
0.9642014565596472,98.4069234908609
0.9744589188634732,98.4432782116052
0.9847163811672992,98.47804326995094
0.9949738434711253,98.51219838559935
1.0052313057749511,98.54629146808291
1.0154887680787772,98.58004966767342
1.0257462303826035,98.6126014257992
1.0360036926864293,98.64481001618846
1.0462611549902554,98.67633590610306
1.0565186172940815,98.70784890796706
1.0667760795979075,98.73819018490825
1.0770335419017336,98.76796411341714
1.0872910042055595,98.7971965657418
1.0975484665093855,98.82596338667422
1.1078059288132116,98.85137634532055
1.1180633911170377,98.87615526237165
1.1283208534208637,98.90055945701458
1.1385783157246898,98.92335008706982
1.1488357780285157,98.94599145838492
1.1590932403323417,98.96665397786715
1.1693507026361678,98.98674622080456
1.1796081649399939,99.00621560589002
1.18986562724382,99.02538310219059
1.2001230895476458,99.04444437860077
1.2103805518514719,99.06336462186458
1.220638014155298,99.0821611744081
1.230895476459124,99.10024250557143
1.24115293876295,99.11817615606154
1.251410401066776,99.13607049115508
1.261667863370602,99.15372014807294
1.2719253256744283,99.17092791318579
1.2821827879782541,99.18782189829213
1.2924402502820802,99.20456280178855
1.3026977125859063,99.22005981145801
1.3129551748897321,99.23527754718128
1.3232126371935584,99.25000052533395
1.3334700994973845,99.26441165601983
1.3437275618012103,99.27849950746278
1.3539850241050364,99.29150991086748
1.3642424864088625,99.30434955497836
1.3744999487126885,99.31702409050146
1.3847574110165146,99.32954629155596
1.3950148733203405,99.34204140557775
1.4052723356241665,99.35441043368513
1.4155297979279926,99.36647848169586
1.4257872602318187,99.37827922163524
1.4360447225356447,99.39000049359696
1.4463021848394706,99.40118945946593
1.4565596471432967,99.41229397681306
1.4668171094471227,99.42291760714507
1.4770745717509488,99.4331902269535
1.4873320340547749,99.44304668563738
1.497589496358601,99.45276799654917
1.5078469586624268,99.4622272689837
1.518104420966253,99.47154597942719
1.528361883270079,99.48002235704202
1.538619345573905,99.48823506290641
1.548876807877731,99.49643589808129
1.559134270181557,99.50435122200236
1.569391732485383,99.51221012627755
1.579649194789209,99.51934505753107
1.5899066570930351,99.52634884257525
1.6001641193968612,99.53333845142089
1.6104215817006873,99.53998650869073
1.6206790440045133,99.54662304906535
1.6309365063083392,99.55310869643618
1.6411939686121653,99.55956014452897
1.6514514309159913,99.56586645447521
1.6617088932198174,99.5720533850671
1.6719663555236437,99.5779756851943
1.6822238178274693,99.5836622369
1.6924812801312954,99.5890453387725
1.7027387424351215,99.59441270887598
1.7129962047389475,99.59971778926258
1.7232536670427738,99.60476770995513
1.7335111293465995,99.60971121303011
1.7437685916504255,99.6146300490059
1.7540260539542516,99.61944166651541
1.7642835162580779,99.62419808390607
1.774540978561904,99.62894943167313
1.78479844086573,99.63368462377366
1.7950559031695557,99.63835444770817
1.8053133654733817,99.6430037247149
1.815570827777208,99.64738409313394
1.825828290081034,99.65170931434852
1.8360857523848602,99.65590544757524
1.8463432146886858,99.65996704850264
1.856600676992512,99.66402112023448
1.8668581392963381,99.66799453092938
1.8771156016001642,99.67164962134657
1.8873730639039903,99.6752449513409
1.8976305262078164,99.67874629906154
1.9078879885116422,99.68222687702722
1.9181454508154683,99.68567047603175
1.9284029131192943,99.68907414691121
1.9386603754231204,99.69245171093024
1.9489178377269465,99.69566388176503
1.9591753000307723,99.69887487993249
1.9694327623345984,99.70190272611816
1.9796902246384245,99.70481006651195
1.9899476869422505,99.7076499457951
2.0002051492460766,99.71045362128675
2.0104626115499022,99.7132127580567
2.0207200738537283,99.71596757764353
2.0309775361575544,99.71866569567358
2.041234998461381,99.7213559577404
2.051492460765207,99.72398607466349
2.061749923069033,99.7266009873995
2.0720073853728587,99.7291970020127
2.0822648476766847,99.73176885915093
2.092522309980511,99.73429037925762
2.102779772284337,99.73677569409143
2.113037234588163,99.73918398807594
2.1232946968919886,99.74151701195728
2.133552159195815,99.7437738066933
2.143809621499641,99.74593601202942
2.1540670838034672,99.74809816333592
2.1643245461072933,99.75020065094384
2.174582008411119,99.752287365555
2.184839470714945,99.75428644649139
2.195096933018771,99.75626812586668
2.205354395322597,99.75819279896385
2.215611857626423,99.76010560236969
2.2258693199302493,99.76196391626556
2.2361267822340753,99.76381077444408
2.2463842445379014,99.76562910360632
2.2566417068417275,99.76743178058874
2.2668991691455536,99.76919781506507
2.2771566314493796,99.77088959099201
2.2874140937532053,99.77256615500882
2.2976715560570313,99.77421051017514
2.3079290183608574,99.77584759097276
2.3181864806646835,99.77748300316716
2.3284439429685095,99.77911355224003
2.3387014052723356,99.78065110655015
2.3489588675761617,99.78218437960393
2.3592163298799878,99.78371461214806
2.369473792183814,99.7852382614122
2.37973125448764,99.78674380899363
2.389988716791466,99.78823505070042
2.4002461790952916,99.78971746104057
2.4105036413991177,99.79119391777056
2.4207611037029437,99.79264957720248
2.43101856600677,99.79409716447094
2.441276028310596,99.7955396588636
2.451533490614422,99.79697912559669
2.461790952918248,99.79838378018863
2.472048415222074,99.79976395054567
2.4823058775259,99.80113687410426
2.492563339829726,99.80249320064286
2.502820802133552,99.80383850369986
2.513078264437378,99.80518306305451
2.523335726741204,99.80652609867658
2.53359318904503,99.80786812295706
2.5438506513488566,99.80919872900206
2.5541081136526826,99.81052797033787
2.5643655759565083,99.81183657041073
2.5746230382603343,99.81314488085617
2.5848805005641604,99.81444506286724
2.5951379628679865,99.81574121230199
2.6053954251718126,99.81701747942951
2.615652887475638,99.818292265566
2.6259103497794642,99.81955358551897
2.6361678120832908,99.82078973333518
2.646425274387117,99.82201883874444
2.656682736690943,99.82321716380066
2.666940198994769,99.8244054444862
2.6771976612985946,99.82558483806525
2.6874551236024207,99.82675748462417
2.6977125859062467,99.82790765436096
2.707970048210073,99.82903863639154
2.718227510513899,99.83016155121138
2.728484972817725,99.83127309763789
2.738742435121551,99.83234972561002
2.748999897425377,99.83341141208888
2.759257359729203,99.83444349288388
2.7695148220330292,99.83546737691987
2.779772284336855,99.83648939029128
2.790029746640681,99.83750756271888
2.800287208944507,99.83851495794146
2.810544671248333,99.83952019221275
2.820802133552159,99.84051827880481
2.831059595855985,99.84151617215664
2.8413170581598113,99.84251293071648
2.8515745204636374,99.8435028930939
2.8618319827674634,99.84447346132328
2.8720894450712895,99.84543003909776
2.8823469073751156,99.84638435831292
2.892604369678941,99.8473161617084
2.9028618319827673,99.84822450649673
2.9131192942865933,99.84911884107784
2.9233767565904194,99.85001120361018
2.9336342188942455,99.85090060725955
2.9438916811980715,99.85177829341688
2.9541491435018976,99.85262864912023
2.9644066058057237,99.85347782520233
2.9746640681095498,99.85431027273137
2.984921530413376,99.85514263966027
2.995178992717202,99.85597232860974
3.0054364550210275,99.85679097134587
3.0156939173248536,99.85760580349829
3.0259513796286797,99.85841369258628
3.036208841932506,99.85921752095706
3.0464663042363322,99.8599969194832
3.056723766540158,99.86077346921346
3.066981228843984,99.86153864489773
3.07723869114781,99.86229153650088
3.087496153451636,99.86303643262781
3.097753615755462,99.86378087291037
3.108011078059288,99.86452211897429
3.118268540363114,99.8652321890357
3.1285260026669404,99.86593137255552
3.138783464970766,99.86661587608423
3.149040927274592,99.86727740287657
3.159298389578418,99.86793727070729
3.169555851882244,99.86859610665668
3.1798133141860703,99.86925191998523
3.1900707764898963,99.869904697281
3.2003282387937224,99.87055211613148
3.2105857010975485,99.87119539953844
3.2208431634013746,99.87182718615671
3.2311006257052006,99.87245812186555
3.2413580880090267,99.87308215405353
3.2516155503128523,99.8737050499224
3.2618730126166784,99.87432039310663
3.2721304749205045,99.87493037798274
3.2823879372243305,99.8755274442375
3.2926453995281566,99.87611884834226
3.3029028618319827,99.8767059628071
3.3131603241358087,99.87728863702485
3.323417786439635,99.87786764475419
3.333675248743461,99.87844277213097
3.3439327110472874,99.87900761145765
3.3541901733511135,99.87957198296765
3.3644476356549387,99.88013325101801
3.3747050979587647,99.8806898859764
3.384962560262591,99.88123797252926
3.395220022566417,99.88178323502021
3.405477484870243,99.88231956599923
3.415734947174069,99.88285546644985
3.425992409477895,99.88337644343358
3.4362498717817216,99.88389626357583
3.4465073340855477,99.88441575370881
3.4567647963893737,99.88492879733187
3.467022258693199,99.88543604948595
3.477279720997025,99.88594308306452
3.487537183300851,99.88644704813389
3.497794645604677,99.88694425768396
3.508052107908503,99.88744038217509
3.5183095702123293,99.88793493852005
3.5285670325161558,99.88842722293818
3.538824494819982,99.88891480709829
3.549081957123808,99.88940042759302
3.559339419427634,99.88988593863681
3.56959688173146,99.89037012181704
3.5798543440352852,99.8908530659615
3.5901118063391113,99.89133583793863
3.6003692686429374,99.8918166042658
3.6106267309467635,99.89229179596694
3.62088419325059,99.89274400981493
3.631141655554416,99.89319554744637
3.641399117858242,99.89364402289873
3.651656580162068,99.89407199912542
3.6619140424658942,99.89449699851907
3.6721715047697203,99.89492159534898
3.6824289670735464,99.89533863109116
3.6926864293773716,99.8957552556206
3.7029438916811976,99.89616817929843
3.713201353985024,99.89657769183331
3.7234588162888502,99.89698460188039
3.7337162785926763,99.89738541542957
3.7439737408965024,99.89778121588218
3.7542312032003284,99.89817652274895
3.7644886655041545,99.89856011223164
3.7747461278079806,99.89894085658398
3.7850035901118066,99.8993213729847
3.7952610524156327,99.89969900581318
3.8055185147194583,99.90007432322146
3.8157759770232844,99.90044940994882
3.8260334393271105,99.9008139566627
3.8362909016309366,99.90117633702835
3.8465483639347626,99.90153583457025
3.8568058262385887,99.90188879346348
3.8670632885424148,99.9022408597771
3.877320750846241,99.90258825686126
3.887578213150067,99.90293357387094
3.897835675453893,99.90327207045266
3.9080931377577186,99.9036101027225
3.9183506000615447,99.90394732133959
3.9286080623653707,99.90428281632082
3.938865524669197,99.90461325745821
3.949122986973023,99.90494326297241
3.959380449276849,99.90526978093557
3.969637911580675,99.90559002349363
3.979895373884501,99.90590776719334
3.990152836188327,99.90622442222818
4.000410298492153,99.90654047004853
4.01066776079598,99.90685600868645
4.0209252230998045,99.90716922748383
4.031182685403631,99.90747831840088
4.041440147707457,99.9077818337488
4.051697610011283,99.90808499521849
4.061955072315109,99.90838695326768
4.072212534618935,99.90868732626286
4.082469996922762,99.90898258473166
4.092727459226587,99.90926374983582
4.102984921530414,99.9095443772646
4.11324238383424,99.90982346234918
4.123499846138066,99.91010204941453
4.133757308441891,99.91038000329627
4.144014770745717,99.91065795149696
4.154272233049543,99.91093149662635
4.1645296953533695,99.911201880326
4.174787157657196,99.91147063647591
4.185044619961022,99.91173289344563
4.195302082264848,99.91199365316716
4.205559544568674,99.91225284613812
4.2158170068725,99.91251011340387
4.226074469176326,99.91276712659999
4.2363319314801515,99.91302066083202
4.246589393783977,99.91327003982452
4.256846856087804,99.9135191810484
4.26710431839163,99.9137658781369
4.277361780695456,99.91401011980811
4.287619242999282,99.91425411942302
4.297876705303108,99.91449740191766
4.3081341676069345,99.91473890099756
4.31839162991076,99.91497973137456
4.328649092214587,99.91522034509222
4.338906554518412,99.9154578196193
4.349164016822238,99.91569440475891
4.359421479126064,99.91593007792831
4.36967894142989,99.91616434759113
4.3799364037337165,99.91639743048916
4.390193866037542,99.91662999174696
4.400451328341369,99.91686122766149
4.410708790645194,99.91709083204289
4.420966252949021,99.91731937301216
4.431223715252846,99.91754658906143
4.441481177556673,99.91777339821398
4.451738639860499,99.91799820624459
4.461996102164324,99.91822220238838
4.472253564468151,99.91844583382019
4.482511026771976,99.91866940878657
4.492768489075803,99.91888908990484
4.5030259513796285,99.91910702105461
4.513283413683455,99.91932408959552
4.523540875987281,99.91953916418656
4.533798338291107,99.91975390318383
4.544055800594933,99.91996735654031
4.554313262898759,99.9201799699256
4.564570725202585,99.92039209237242
4.5748281875064105,99.92060417234026
4.585085649810237,99.92081584535106
4.595343112114063,99.92102534741475
4.605600574417889,99.92123370044179
4.615858036721715,99.92144181543698
4.626115499025541,99.92164944746679
4.636372961329367,99.92185700897637
4.6466304236331935,99.92205913549309
4.656887885937019,99.92226059811465
4.667145348240846,99.92246154923369
4.677402810544671,99.92266128731832
4.687660272848497,99.92286054481755
4.697917735152323,99.92305966821803
4.708175197456149,99.92325761485411
4.7184326597599755,99.92345538976491
4.728690122063801,99.923653147285
4.738947584367628,99.92385011939513
4.749205046671453,99.92404700715917
4.75946250897528,99.92424384174275
4.769719971279105,99.92444007160678
4.779977433582932,99.9246359620822
4.7902348958867575,99.92483162378544
4.800492358190583,99.9250256649468
4.81074982049441,99.92521822154168
4.821007282798235,99.9254104335494
4.831264745102062,99.92560109661125
4.8415222074058875,99.92579152797512
4.851779669709714,99.92598094596684
4.86203713201354,99.9261674373635
4.872294594317366,99.92635233556638
4.882552056621192,99.9265344171262
4.892809518925018,99.9267161248367
4.903066981228844,99.9268972109616
4.9133244435326695,99.92707712315125
4.923581905836496,99.92725645033266
4.933839368140322,99.92743559138304
4.944096830444148,99.92761417910899
4.954354292747974,99.92779256702654
4.9646117550518,99.927970421934
4.974869217355627,99.92814827386447
4.985126679659452,99.92832581668821
4.995384141963279,99.92850246201898
5.005641604267104,99.92867835194592
5.01589906657093,99.92885325804467
5.026156528874756,99.92902699796774
5.036413991178582,99.92920048050009
5.046671453482408,99.92937260071697
5.0569289157862345,99.92954401310861
5.06718637809006,99.92971522582992
5.077443840393887,99.92988582385192
5.087701302697713,99.93005607623648
5.097958765001539,99.93022581380421
5.108216227305365,99.93039471572646
5.11847368960919,99.93056319419536
5.1287311519130165,99.93073092202486
5.138988614216842,99.9308984287934
5.149246076520669,99.93106526699155
5.159503538824495,99.93123152175407
5.169761001128321,99.93139770953182
5.180018463432147,99.93156344646921
5.190275925735973,99.93172903867926
5.2005333880397995,99.93189412108298
5.210790850343625,99.93205904485971
5.221048312647452,99.93222336251432
5.231305774951276,99.93238646147358
5.241563237255103,99.93254855777602
5.2518206995589285,99.93271064108701
5.262078161862755,99.9328720318224
5.2723356241665815,99.93303332079407
5.282593086470407,99.933193636195
5.292850548774234,99.93335346066826
5.303108011078059,99.93351228700038
5.313365473381886,99.93367022479467
5.323622935685711,99.9338278027951
5.333880397989538,99.93398504663679
5.344137860293364,99.93414151802233
5.354395322597189,99.9342960433689
5.364652784901016,99.93444908935417
5.374910247204841,99.93460170903721
5.385167709508668,99.93475393318398
5.3954251718124935,99.93490511855117
5.40568263411632,99.93505615764329
5.415940096420146,99.93520685081769
5.426197558723972,99.93535673866563
5.436455021027798,99.93550641023545
5.446712483331623,99.9356557283965
5.45696994563545,99.935804862769
5.4672274079392755,99.93595388925527
5.477484870243102,99.93610281181292
5.487742332546928,99.93625051825835
5.497999794850754,99.93639808934466
5.50825725715458,99.93654531506742
5.518514719458406,99.93669001249539
5.528772181762232,99.93683254424674
5.5390296440660585,99.93697486534877
5.549287106369884,99.9371169607378
5.55954456867371,99.93725812739284
5.569802030977536,99.93739908600269
5.580059493281362,99.93753976486883
5.590316955585188,99.93768022287132
5.600574417889014,99.93782018034013
5.6108318801928405,99.93796011893775
5.621089342496666,99.9380988875731
5.631346804800493,99.938237503994
5.641604267104318,99.93837602921204
5.651861729408145,99.93851201199283
5.66211919171197,99.93864748384168
5.672376654015796,99.93878284094116
5.682634116319623,99.93891803952057
5.692891578623448,99.93905229944622
5.703149040927275,99.93918415803317
5.7134065032311,99.93931537456075
5.723663965534927,99.93944651298224
5.7339214278387525,99.9395776482268
5.744178890142579,99.93970822861498
5.754436352446405,99.93983880323536
5.764693814750231,99.9399680692152
5.774951277054057,99.94009710588777
5.785208739357882,99.94022589445373
5.795466201661709,99.94035462323448
5.8057236639655345,99.94048284655065
5.815981126269361,99.94060967988155
5.826238588573187,99.94073590553623
5.836496050877013,99.94086196515309
5.846753513180839,99.94098789218255
5.857010975484665,99.9411136848753
5.867268437788491,99.94123933318963
5.8775259000923175,99.9413648395844
5.887783362396143,99.94148964145796
5.898040824699969,99.94161436185391
5.908298287003795,99.94173891852957
5.918555749307621,99.94186286429256
5.928813211611447,99.94198675219471
5.939070673915273,99.94211060772705
5.9493281362190995,99.94223431519913
5.959585598522925,99.94235783853065
5.969843060826752,99.94248012848824
5.980100523130578,99.94260227863656
5.990357985434404,99.94272435848686
6.000615447738229,99.94284637432342
6.010872910042055,99.94296808922223
6.0211303723458816,99.94308952154981
6.031387834649707,99.9432109127468
6.041645296953534,99.94333226454279
6.051902759257359,99.94345351695726
6.062160221561186,99.94357376037104
6.072417683865012,99.94369375251352
6.082675146168838,99.94381343642166
6.0929326084726645,99.94393116479459
6.10319007077649,99.9440484729605
6.113447533080316,99.94416561454736
6.123704995384141,99.94428221963706
6.133962457687968,99.94439861316687
6.1442199199917935,99.9445149747228
6.15447738229562,99.94463071469767
6.1647348445994465,99.94474615027926
6.174992306903272,99.94485995265751
6.185249769207099,99.94497370476883
6.195507231510924,99.94508609113838
6.205764693814751,99.94519815755244
6.216022156118576,99.94531019870514
6.226279618422402,99.94542064877457
6.236537080726228,99.9455310114476
6.246794543030054,99.94564109859611
6.257052005333881,99.94575097124759
6.267309467637706,99.94586066501967
6.277566929941532,99.94596984813504
6.2878243922453585,99.9460783074824
6.298081854549184,99.9461867141594
6.308339316853011,99.94629456008384
6.318596779156836,99.94640222112804
6.328854241460663,99.94650987143412
6.339111703764488,99.94661744025566
6.349369166068315,99.94672492876138
6.3596266283721405,99.94683199948594
6.369884090675967,99.9469386752396
6.380141552979793,99.94704492238866
6.390399015283618,99.94715101686889
6.400656477587445,99.94725484360458
6.4109139398912705,99.94735810877326
6.421171402195097,99.94746103827208
6.431428864498923,99.94756290160916
6.441686326802749,99.94766360275595
6.451943789106575,99.94776424817043
6.462201251410401,99.94786453636519
6.472458713714227,99.94796450827643
6.482716176018053,99.94806395036964
6.492973638321879,99.94816330202887
6.503231100625705,99.94826260445558
6.513488562929531,99.9483617205717
6.523746025233357,99.94846074306251
6.534003487537183,99.94855964538625
6.544260949841009,99.94865720149514
6.554518412144835,99.94875458570918
6.564775874448661,99.94885134505813
6.575033336752488,99.94894809533356
6.585290799056313,99.94904445076823
6.59554826136014,99.94914033966592
6.605805723663965,99.94923617906639
6.616063185967791,99.94933123782144
6.6263206482716175,99.94942628258033
6.636578110575443,99.94952109727858
6.64683557287927,99.9496157170914
6.657093035183095,99.94970908571734
6.667350497486922,99.94980230953848
6.677607959790747,99.94989548421222
6.687865422094575,99.94998859792433
6.6981228843983995,99.95008128095603
6.708380346702227,99.95017394514466
6.718637809006052,99.95026647645744
6.728895271309877,99.95035890123378
6.739152733613704,99.95045104663707
6.749410195917529,99.95054247604314
6.759667658221356,99.95063367803087
6.769925120525182,99.9507246130403
6.780182582829008,99.95081502474686
6.790440045132834,99.95090533674245
6.800697507436661,99.95099409249141
6.810954969740486,99.95108283632442
6.8212124320443115,99.95117145067181
6.831469894348138,99.95126002935496
6.841727356651964,99.95134804682522
6.85198481895579,99.95143605145877
6.862242281259616,99.95152398727286
6.872499743563443,99.95161169743456
6.882757205867268,99.95169928979418
6.893014668171095,99.95178572272543
6.90327213047492,99.95187196990386
6.9135295927787475,99.95195732850047
6.923787055082572,99.9520417617141
6.934044517386398,99.95212618464944
6.944301979690224,99.95221055955517
6.95455944199405,99.95229436968854
6.9648169042978765,99.95237786501528
6.975074366601702,99.952461312288
6.9853318289055295,99.95254430509564
6.995589291209354,99.95262712640906
7.005846753513182,99.9527095602657
7.016104215817006,99.95279197674833
7.026361678120834,99.95287369813555
7.0366191404246585,99.95295474225638
7.046876602728484,99.95303566783828
7.0571340650323116,99.95311635228174
7.067391527336136,99.95319631239009
7.077648989639964,99.95327569146679
7.087906451943788,99.95335466903661
7.098163914247616,99.95343341488292
7.108421376551441,99.95351193783296
7.118678838855268,99.95359028800658
7.128936301159093,99.95366838989177
7.13919376346292,99.95374646076282
7.149451225766745,99.95382447076764
7.1597086880705705,99.95390202764187
7.169966150374398,99.95397957183008
7.180223612678223,99.95405689519926
7.19048107498205,99.95413421202093
7.200738537285875,99.95421109985696
7.210995999589702,99.9542879056964
7.221253461893527,99.95436470905467
7.231510924197354,99.9544410884314
7.24176838650118,99.9545173102888
7.2520258488050064,99.95459326136262
7.262283311108832,99.95466880143043
7.272540773412657,99.95474415407915
7.282798235716484,99.95481916721816
7.293055698020309,99.95489416490369
7.303313160324136,99.95496908553051
7.313570622627961,99.9550439510192
7.3238280849317885,99.95511877635255
7.334085547235613,99.95519350423174
7.344343009539441,99.95526817865252
7.354600471843266,99.9553427231678
7.364857934147093,99.95541700091705
7.375115396450918,99.95549075261701
7.385372858754743,99.9555640454084
7.3956303210585705,99.95563728936666
7.405887783362395,99.95571015494629
7.416145245666223,99.95578278613985
7.426402707970048,99.95585518021522
7.436660170273875,99.95592739842752
7.4469176325777005,99.95599956757412
7.457175094881527,99.95607165083207
7.467432557185353,99.95614364248078
7.477690019489179,99.95621555313454
7.487947481793005,99.95628712801069
7.4982049440968295,99.95635840392212
7.508462406400657,99.95642966035109
7.518719868704482,99.95650084265253
7.528977331008309,99.95657198727207
7.539234793312135,99.95664301890295
7.549492255615961,99.95671383086709
7.559749717919787,99.9567843533111
7.570007180223613,99.95685465732753
7.580264642527439,99.95692482435359
7.590522104831265,99.9569948876993
7.600779567135091,99.95706482816047
7.611037029438917,99.95713466894284
7.621294491742743,99.95720443664246
7.631551954046569,99.95727390535099
7.641809416350395,99.95734324579853
7.652066878654221,99.95741241557847
7.6623243409580475,99.95748118315004
7.672581803261873,99.95754982226387
7.6828392655657,99.95761827420282
7.693096727869525,99.95768668241908
7.70335419017335,99.95775488456708
7.713611652477177,99.9578229376106
7.723869114781003,99.95789089154104
7.7341265770848295,99.95795851750769
7.744384039388655,99.9580261162912
7.754641501692482,99.95809335177347
7.764898963996307,99.95816054446153
7.775156426300134,99.95822704052536
7.785413888603959,99.95829342021894
7.795671350907786,99.95835972226273
7.805928813211612,99.95842576105885
7.816186275515437,99.9584915742868
7.826443737819264,99.95855719482586
7.836701200123089,99.95862267035692
7.846958662426916,99.95868790314796
7.8572161247307415,99.95875302451023
7.867473587034568,99.95881814363989
7.877731049338394,99.95888281401831
7.88798851164222,99.95894728131144
7.898245973946046,99.95901171414931
7.908503436249872,99.95907598771745
7.918760898553698,99.9591402094948
7.9290183608575235,99.95920430721637
7.93927582316135,99.95926836344864
7.949533285465176,99.95933209489222
7.959790747769002,99.95939559491099
7.970048210072828,99.959458945522
7.980305672376654,99.95952210991703
7.99056313468048,99.9595851685864
8.000820596984306,99.95964792135945
8.011078059288131,99.95971056827217
8.02133552159196,99.9597728975705
8.031592983895784,99.95983492940391
8.041850446199609,99.95989681729375
8.052107908503437,99.95995864511922
8.062365370807262,99.96002046281745
8.072622833111089,99.960082033014
8.082880295414913,99.96014343868532
8.093137757718742,99.96020482145465
8.103395220022566,99.96026620312747
8.113652682326393,99.96032758125412
8.123910144630218,99.96038885827295
8.134167606934046,99.9604498483729
8.14442506923787,99.96051081841443
8.154682531541695,99.96057129874437
8.164939993845524,99.96063168501519
8.175197456149348,99.9606919537041
8.185454918453175,99.96075210297408
8.195712380757,99.96081216942758
8.205969843060828,99.96087183907518
8.216227305364653,99.96093134348182
8.22648476766848,99.9609906489648
8.236742229972304,99.96104991327495
8.246999692276132,99.9611091700633
8.257257154579957,99.96116826026757
8.267514616883782,99.96122701503957
8.27777207918761,99.96128549026095
8.288029541491435,99.96134352736638
8.298287003795261,99.96140148021118
8.308544466099086,99.96145942336015
8.318801928402914,99.96151735439666
8.329059390706739,99.96157525774186
8.339316853010565,99.96163312460791
8.349574315314392,99.96169095793861
8.359831777618218,99.96174876015398
8.370089239922043,99.96180652787896
8.380346702225868,99.96186391875993
8.390604164529696,99.96192113585269
8.400861626833521,99.961978265476
8.411119089137348,99.96203538866502
8.421376551441174,99.96209232859368
8.431634013745,99.96214923179659
8.441891476048825,99.96220590111886
8.452148938352652,99.96226249122228
8.462406400656478,99.9623189633835
8.472663862960303,99.96237534008216
8.48292132526413,99.96243143374461
8.493178787567954,99.96248747179362
8.503436249871783,99.96254329111085
8.513693712175607,99.96259904175837
8.523951174479434,99.96265462547103
8.53420863678326,99.96271020286314
8.544466099087087,99.96276570891918
8.554723561390912,99.9628211580427
8.564981023694738,99.96287660306032
8.575238485998565,99.96293204423725
8.58549594830239,99.96298739104822
8.595753410606216,99.96304248094164
8.60601087291004,99.96309731074733
8.616268335213869,99.9631521235205
8.626525797517694,99.96320683840956
8.63678325982152,99.96326136838938
8.647040722125347,99.96331565089407
8.657298184429173,99.96336966967827
8.667555646732998,99.96342344276444
8.677813109036824,99.96347714715446
8.688070571340651,99.96353070274546
8.698328033644476,99.96358409629313
8.708585495948302,99.96363748365657
8.718842958252129,99.96369050367444
8.729100420555955,99.96374352288105
8.73935788285978,99.96379647980127
8.749615345163607,99.96384924809664
8.759872807467433,99.9639019940872
8.77013026977126,99.96395461635504
8.780387732075084,99.96400711850234
8.79064519437891,99.96405961453678
8.800902656682737,99.96411178047343
8.811160118986562,99.96416379515671
8.821417581290389,99.9642158096024
8.831675043594215,99.9642673616024
8.841932505898042,99.96431880467205
8.852189968201866,99.9643702359347
8.862447430505693,99.96442156917095
8.87270489280952,99.96447285664792
8.882962355113346,99.96452411086779
8.89321981741717,99.96457536286988
8.903477279720997,99.96462661350937
8.913734742024824,99.96467770849621
8.923992204328648,99.96472879639514
8.934249666632475,99.96477986266575
8.944507128936301,99.96483086055996
8.954764591240128,99.96488160693279
8.965022053543953,99.96493211600425
8.97527951584778,99.96498254638507
8.985536978151606,99.9650328968143
8.995794440455432,99.96508323760996
9.006051902759257,99.96513332886298
9.016309365063083,99.96518328195985
9.02656682736691,99.96523296879937
9.036824289670735,99.96528262672297
9.047081751974561,99.96533225562769
9.057339214278388,99.96538182017719
9.067596676582214,99.96543127771757
9.077854138886039,99.96548055284835
9.088111601189865,99.96552974184438
9.098369063493692,99.96557890489257
9.108626525797519,99.96562798237188
9.118883988101343,99.96567703554862
9.12914145040517,99.96572607221495
9.139398912708996,99.96577495697402
9.149656375012821,99.96582381754985
9.159913837316648,99.96587264138303
9.170171299620474,99.96592136504823
9.1804287619243,99.96597008159303
9.190686224228125,99.96601875721703
9.200943686531952,99.96606735993576
9.211201148835778,99.96611585362791
9.221458611139605,99.96616428511649
9.23171607344343,99.96621266527247
9.241973535747256,99.9662609114558
9.252230998051083,99.96630912604344
9.262488460354907,99.96635698589783
9.272745922658734,99.96640465559862
9.28300338496256,99.96645225012922
9.293260847266387,99.9664998384062
9.303518309570212,99.9665472730285
9.313775771874038,99.9665946640733
9.324033234177865,99.96664194099435
9.334290696481691,99.9666891873434
9.344548158785516,99.96673606210143
9.354805621089342,99.96678269233753
9.365063083393169,99.96682926651923
9.375320545696994,99.9668757594995
9.38557800800082,99.96692224707516
9.395835470304647,99.96696866830209
9.406092932608473,99.96701498460627
9.416350394912298,99.96706092035674
9.426607857216124,99.9671068452875
9.436865319519951,99.96715269742845
9.447122781823778,99.96719831764452
9.457380244127602,99.96724392878001
9.467637706431429,99.96728941853728
9.477895168735255,99.96733474498444
9.48815263103908,99.96738004777278
9.498410093342907,99.96742531001252
9.508667555646733,99.96747055470361
9.51892501795056,99.96751576409024
9.529182480254384,99.96756078245836
9.53943994255821,99.96760564269206
9.549697404862037,99.9676505021783
9.559954867165864,99.96769534278512
9.570212329469689,99.9677401195811
9.580469791773515,99.96778488588133
9.590727254077342,99.96782960769681
9.600984716381166,99.96787422073663
9.611242178684993,99.96791865578105
9.62149964098882,99.96796302649982
9.631757103292646,99.96800738752415
9.64201456559647,99.96805167591343
9.652272027900297,99.96809576972068
9.662529490204124,99.96813981878793
9.67278695250795,99.96818378550687
9.683044414811775,99.96822764529142
9.693301877115601,99.9682714388252
9.703559339419428,99.96831522534802
9.713816801723253,99.9683590097476
9.72407426402708,99.96840270049783
9.734331726330906,99.96844625831713
9.744589188634732,99.96848979345137
9.754846650938557,99.96853326790831
9.765104113242383,99.9685767199438
9.77536157554621,99.9686200725721
9.785619037850037,99.96866341462469
9.795876500153861,99.96870666568567
9.806133962457688,99.96874990635087
9.816391424761514,99.96879313417566
9.826648887065339,99.9688363578263
9.836906349369166,99.9688795249856
9.847163811672992,99.9689225790856
9.857421273976819,99.96896558866173
9.867678736280643,99.96900859745355
9.877936198584472,99.96905160245723
9.888193660888296,99.9690945084713
9.898451123192123,99.9691372769651
9.908708585495948,99.96918002068796
9.918966047799774,99.96922266162002
9.9292235101036,99.96926528549534
9.939480972407425,99.96930787548752
9.949738434711254,99.96935041090472
9.959995897015078,99.9693928804986
9.970253359318905,99.96943531879788
9.98051082162273,99.9694776836864
9.990768283926558,99.96952004367427
10.001025746230383,99.96956235642483
10.011283208534207,99.96960445412691
10.021540670838034,99.96964655059759
10.03179813314186,99.96968860849672
10.042055595445687,99.96973047042759
10.052313057749512,99.96977231770249
10.06257052005334,99.96981401783678
10.072827982357165,99.96985558692101
10.083085444660991,99.96989714281206
10.093342906964816,99.96993844646808
10.103600369268644,99.96997972759118
10.113857831572469,99.9700209288758
10.124115293876294,99.97006203545297
10.13437275618012,99.97010291854562
10.144630218483947,99.97014368430024
10.154887680787773,99.97018441377725
10.165145143091598,99.97022510392318
10.175402605395426,99.9702655735644
10.185660067699251,99.97030570124463
10.195917530003078,99.97034561135946
10.206174992306902,99.97038530080906
10.21643245461073,99.97042494979537
10.226689916914555,99.97046447674153
10.23694737921838,99.97050395268403
10.247204841522208,99.97054305325513
10.257462303826033,99.97058214304141
10.26771976612986,99.97062113286117
10.277977228433684,99.9706601126654
10.288234690737513,99.97069903750423
10.298492153041337,99.97073789883592
10.308749615345164,99.97077662030485
10.31900707764899,99.9708151941766
10.329264539952817,99.97085372562267
10.339522002256642,99.97089221238049
10.349779464560466,99.97093068593766
10.360036926864295,99.97096907854339
10.37029438916812,99.97100743901764
10.380551851471946,99.97104573851809
10.39080931377577,99.97108392555269
10.401066776079599,99.9711220795664
10.411324238383424,99.9711602206109
10.42158170068725,99.97119814708472
10.431839162991077,99.97123602817474
10.442096625294903,99.97127362136008
10.452354087598728,99.97131107692714
10.462611549902553,99.9713484306431
10.472869012206381,99.97138577751572
10.483126474510206,99.97142308864399
10.493383936814032,99.97146036500291
10.503641399117857,99.97149762812894
10.513898861421685,99.9715348307918
10.52415632372551,99.9715719725498
10.534413786029337,99.97160906442708
10.544671248333163,99.97164614154013
10.55492871063699,99.97168312737017
10.565186172940814,99.9717201011297
10.575443635244639,99.97175705088547
10.585701097548467,99.97179385349139
10.595958559852292,99.97183060436328
10.606216022156119,99.9718671814771
10.616473484459945,99.97190371454802
10.626730946763772,99.97194006089651
10.636988409067596,99.97197634526854
10.647245871371423,99.97201246590272
10.65750333367525,99.97204856644466
10.667760795979076,99.97208463976355
10.6780182582829,99.97212064176767
10.688275720586727,99.97215658752974
10.698533182890554,99.97219252186999
10.708790645194378,99.97222845543655
10.719048107498205,99.97226431273013
10.729305569802031,99.97230005876811
10.739563032105858,99.97233566471174
10.749820494409683,99.97237122896196
10.76007795671351,99.972406636978
10.770335419017336,99.97244199921754
10.780592881321162,99.97247729888014
10.790850343624987,99.97251243832471
10.801107805928813,99.97254754984529
10.81136526823264,99.97258264753307
10.821622730536465,99.97261768735927
10.831880192840291,99.97265267321927
10.842137655144118,99.97268765342608
10.852395117447944,99.97272248371516
10.862652579751769,99.97275722039244
10.872910042055596,99.97279195551529
10.883167504359422,99.97282647581088
10.893424966663247,99.97286097601118
10.903682428967073,99.9728954289555
10.9139398912709,99.97292984622578
10.924197353574726,99.9729642566139
10.934454815878551,99.9729985857745
10.944712278182378,99.97303286288852
10.954969740486204,99.97306692176929
10.96522720279003,99.97310097626467
10.975484665093855,99.97313502036789
10.985742127397682,99.9731689007267
10.995999589701508,99.9732027200302
11.006257052005333,99.97323642902207
11.01651451430916,99.9732700942144
11.026771976612986,99.97330375780464
11.037029438916813,99.97333733535379
11.047286901220637,99.97337080925648
11.057544363524464,99.9734042290595
11.06780182582829,99.97343760420434
11.078059288132117,99.97347082129049
11.088316750435942,99.97350393232483
11.098574212739768,99.97353695951273
11.108831675043595,99.97356985870557
11.11908913734742,99.97360270816343
11.129346599651246,99.97363554174149
11.139604061955072,99.97366829901549
11.149861524258899,99.9737010443911
11.160118986562724,99.97373375424121
11.17037644886655,99.97376641058656
11.180633911170377,99.97379905770998
11.190891373474203,99.97383167041733
11.201148835778028,99.97386425552301
11.211406298081855,99.97389679413999
11.221663760385681,99.97392921208326
11.231921222689506,99.97396154706632
11.242178684993332,99.97399382975973
11.252436147297159,99.97402610483246
11.262693609600985,99.97405837911057
11.27295107190481,99.97409065018242
11.283208534208637,99.974122803781
11.293465996512463,99.9741549361499
11.30372345881629,99.97418703200537
11.313980921120114,99.97421911618227
11.32423838342394,99.97425116591641
11.334495845727767,99.97428319215143
11.344753308031592,99.97431520616047
11.355010770335419,99.97434718709553
11.365268232639245,99.97437907819129
11.375525694943072,99.97441095984068
11.385783157246896,99.9744428240237
11.396040619550723,99.9744746251951
11.40629808185455,99.97450642134035
11.416555544158376,99.97453815049094
11.4268130064622,99.97456986491646
11.437070468766027,99.97460155714305
11.447327931069854,99.97463323720733
11.457585393373678,99.97466487699728
11.467842855677505,99.97469643036891
11.478100317981331,99.9747279171364
11.488357780285158,99.97475936406931
11.498615242588983,99.9747907827974
11.50887270489281,99.97482217385883
11.519130167196636,99.97485353649957
11.529387629500462,99.97488488836008
11.539645091804287,99.97491621790235
11.549902554108114,99.97494752221564
11.56016001641194,99.97497882285693
11.570417478715765,99.9750100624098
11.580674941019591,99.97504127311767
11.590932403323418,99.9750723615149
11.601189865627244,99.97510338865114
11.611447327931069,99.9751344128143
11.621704790234896,99.97516540533921
11.631962252538722,99.97519637354428
11.642219714842549,99.97522727069206
11.652477177146373,99.97525816119027
11.6627346394502,99.97528900487501
11.672992101754026,99.97531978049042
11.683249564057851,99.9753505502605
11.693507026361678,99.97538129672391
11.703764488665504,99.97541189781974
11.71402195096933,99.97544245191008
11.724279413273155,99.97547300001277
11.734536875576982,99.97550351989581
11.744794337880808,99.97553401100467
11.755051800184635,99.97556447134566
11.76530926248846,99.97559491541811
11.775566724792286,99.97562530349514
11.785824187096113,99.97565566502237
11.796081649399937,99.97568599803301
11.806339111703764,99.97571632752302
11.81659657400759,99.97574659652628
11.826854036311417,99.9757767758912
11.837111498615242,99.97580692861216
11.84736896091907,99.97583692248745
11.857626423222895,99.97586683939186
11.867883885526721,99.97589674544969
11.878141347830546,99.97592664749146
11.888398810134372,99.97595642979294
11.898656272438199,99.9759860642169
11.908913734742024,99.97601565154186
11.91917119704585,99.97604521538615
11.929428659349677,99.97607475523242
11.939686121653503,99.97610427666643
11.949943583957328,99.9761337433857
11.960201046261156,99.97616317475986
11.970458508564981,99.9761925919755
11.980715970868808,99.97622199202378
11.990973433172632,99.97625116773806
12.001230895476459,99.97628029650369
12.011488357780285,99.97630935992983
12.02174582008411,99.97633833698211
12.032003282387937,99.97636728627141
12.042260744691763,99.97639616865673
12.05251820699559,99.97642502273305
12.062775669299414,99.97645385805984
12.073033131603243,99.97648260245526
12.083290593907067,99.9765113400936
12.093548056210894,99.97654007656827
12.103805518514719,99.97656880366502
12.114062980818545,99.9765973358261
12.124320443122372,99.97662582906499
12.134577905426196,99.97665428198094
12.144835367730025,99.976682731726
12.15509283003385,99.97671114681216
12.165350292337676,99.97673947700214
12.1756077546415,99.97676780224994
12.185865216945329,99.97679602211143
12.196122679249154,99.97682420114855
12.20638014155298,99.97685230183728
12.216637603856807,99.97688037030589
12.226895066160631,99.97690837911128
12.237152528464458,99.97693634402984
12.247409990768283,99.97696430441906
12.257667453072111,99.9769922243611
12.267924915375936,99.97702012001133
12.278182377679762,99.97704799422216
12.288439839983587,99.97707579724936
12.298697302287415,99.97710357367083
12.30895476459124,99.97713132273203
12.319212226895067,99.97715899702807
12.329469689198893,99.97718654376803
12.339727151502718,99.97721398855366
12.349984613806544,99.97724142287848
12.360242076110369,99.97726878386662
12.370499538414197,99.97729613187177
12.380757000718022,99.97732346838792
12.391014463021849,99.97735079125655
12.401271925325673,99.97737811366441
12.411529387629502,99.97740539229561
12.421786849933326,99.977432661986
12.432044312237151,99.97745991420473
12.44230177454098,99.97748716138715
12.452559236844804,99.9775143790954
12.46281669914863,99.97754158196554
12.473074161452455,99.97756868888546
12.483331623756284,99.97759578280663
12.493589086060108,99.97762270143366
12.503846548363933,99.97764959401789
12.514104010667761,99.97767639471384
12.524361472971588,99.97770314283862
12.534618935275413,99.97772986211221
12.544876397579237,99.97775657031909
12.555133859883064,99.97778326253155
12.565391322186892,99.97780990286867
12.575648784490717,99.97783650817495
12.585906246794544,99.97786307241124
12.596163709098368,99.97788960631357
12.606421171402197,99.97791610823016
12.616678633706021,99.9779425575295
12.626936096009848,99.97796896777051
12.637193558313673,99.9779953452147
12.6474510206175,99.97802169253605
12.657708482921326,99.97804798278325
12.667965945225152,99.97807426420691
12.678223407528977,99.97810054485625
12.688480869832802,99.97812679677492
12.69873833213663,99.97815304829051
12.708995794440456,99.97817926233495
12.719253256744281,99.9782054714139
12.729510719048106,99.97823166013683
12.739768181351934,99.97825776480843
12.75002564365576,99.97828386307876
12.760283105959585,99.9783098736657
12.77054056826341,99.97833588407748
12.780798030567237,99.97836188693609
12.791055492871065,99.9783878470046
12.80131295517489,99.97841380556258
12.811570417478716,99.97843968477449
12.821827879782541,99.97846549381555
12.83208534208637,99.97849128377379
12.842342804390194,99.97851699561681
12.85260026669402,99.97854266248048
12.862857728997845,99.97856830165267
12.87311519130167,99.97859392524354
12.883372653605498,99.97861951280237
12.893630115909325,99.9786450740232
12.90388757821315,99.97867060266245
12.914145040516974,99.97869603045318
12.924402502820802,99.97872144453349
12.934659965124629,99.97874682335663
12.944917427428454,99.97877219922246
12.95517488973228,99.97879756369998
12.965432352036107,99.97882290749111
12.975689814339933,99.97884822218559
12.985947276643758,99.97887351378026
12.996204738947585,99.9788988005695
13.00646220125141,99.97892405532322
13.016719663555238,99.97894921175254
13.026977125859062,99.97897435567845
13.037234588162889,99.97899948899172
13.047492050466714,99.97902460731218
13.057749512770542,99.97904965580447
13.068006975074367,99.97907455203773
13.078264437378193,99.9790993591513
13.088521899682018,99.97912414187428
13.098779361985843,99.97914889911328
13.10903682428967,99.97917361148058
13.119294286593497,99.97919830295446
13.129551748897322,99.97922298819547
13.139809211201147,99.97924766265578
13.150066673504975,99.97927230738769
13.160324135808802,99.9792969363149
13.170581598112626,99.97932155133843
13.180839060416453,99.9793461532567
13.19109652272028,99.97937072522703
13.201353985024106,99.9793952894743
13.21161144732793,99.979419852573
13.221868909631757,99.9794444130528
13.232126371935582,99.97946896516657
13.24238383423941,99.97949345621048
13.252641296543235,99.97951788845734
13.262898758847061,99.97954227350999
13.273156221150886,99.97956660685335
13.283413683454715,99.9795908850997
13.29367114575854,99.97961511465994
13.303928608062366,99.97963933993084
13.31418607036619,99.97966354068053
13.324443532670017,99.9796877289507
13.334700994973844,99.9797118944816
13.34495845727767,99.97973603680875
13.355215919581495,99.97976010757941
13.365473381885321,99.97978417431239
13.37573084418915,99.97980823793822
13.385988306492974,99.97983229920976
13.396245768796799,99.97985631066541
13.406503231100626,99.97988030763494
13.416760693404454,99.9799042927164
13.427018155708279,99.9799282624861
13.437275618012103,99.97995219245522
13.44753308031593,99.97997610507507
13.457790542619755,99.97999992176041
13.468048004923583,99.98002364192315
13.478305467227408,99.98004735493132
13.488562929531234,99.98007105920647
13.498820391835059,99.98009472955998
13.509077854138887,99.98011836789048
13.519335316442712,99.98014185160706
13.529592778746538,99.98016530772733
13.539850241050363,99.98018875462448
13.55010770335419,99.980212141644
13.560365165658016,99.9802355210849
13.570622627961843,99.98025878177421
13.580880090265667,99.98028195288379
13.591137552569494,99.98030511095313
13.601395014873322,99.98032825275867
13.611652477177147,99.98035136313726
13.621909939480972,99.98037440086199
13.632167401784798,99.98039742056571
13.642424864088623,99.98042043733871
13.652682326392451,99.98044341627502
13.662939788696276,99.98046638968103
13.673197251000103,99.9804893599381
13.683454713303927,99.98051231350719
13.693712175607756,99.9805352575575
13.70396963791158,99.98055814157519
13.714227100215407,99.9805810203181
13.724484562519232,99.98060388417736
13.73474202482306,99.98062674591723
13.744999487126886,99.98064957152546
13.755256949430711,99.98067237353986
13.765514411734536,99.9806951710268
13.775771874038362,99.98071794451351
13.78602933634219,99.9807407175705
13.796286798646015,99.98076342610344
13.80654426094984,99.98078605420956
13.816801723253667,99.98080866306947
13.827059185557495,99.98083126640891
13.83731664786132,99.98085385976728
13.847574110165144,99.98087643446534
13.857831572468971,99.9808989987207
13.868089034772796,99.98092152814745
13.878346497076624,99.98094400668792
13.888603959380449,99.98096645407661
13.898861421684275,99.98098886522486
13.9091188839881,99.98101123785095
13.919376346291928,99.9810334574515
13.929633808595753,99.98105566205724
13.93989127089958,99.98107786423856
13.950148733203404,99.98110006548669
13.960406195507232,99.98112225184241
13.970663657811059,99.98114439144268
13.980921120114884,99.98116651827469
13.991178582418708,99.98118858750463
14.001436044722535,99.98121065412555
14.011693507026363,99.9812327196296
14.021950969330188,99.9812547740497
14.032208431634013,99.98127668032242
14.04246589393784,99.98129856272126
14.052723356241668,99.9813204440702
14.062980818545492,99.98134232358123
14.073238280849317,99.98136414107887
14.083495743153144,99.98138588813501
14.093753205456968,99.98140763019386
14.104010667760797,99.98142936826174
14.114268130064623,99.98145106584428
14.124525592368448,99.9814727315109
14.134783054672273,99.98149438580597
14.1450405169761,99.98151600875555
14.155297979279927,99.98153749274523
14.165555441583752,99.98155896126548
14.175812903887577,99.98158042643576
14.186070366191405,99.9816018910761
14.196327828495232,99.98162333453234
14.206585290799056,99.98164470583761
14.216842753102881,99.98166601265787
14.227100215406708,99.98168712182557
14.237357677710536,99.98170817849666
14.24761514001436,99.98172920230066
14.257872602318185,99.98175020781915
14.268130064622012,99.98177120826908
14.27838752692584,99.98179219838407
14.288644989229665,99.9818131826996
14.29890245153349,99.9818341196385
14.309159913837316,99.98185505278104
14.319417376141141,99.98187596909763
14.32967483844497,99.98189687403548
14.339932300748796,99.98191772648617
14.35018976305262,99.9819384335154
14.360447225356445,99.98195906913078
14.370704687660274,99.98197967505764
14.3809621499641,99.98200026393394
14.391219612267925,99.98202085205773
14.40147707457175,99.98204138541283
14.411734536875576,99.9820618597444
14.421991999179404,99.98208223342317
14.432249461483229,99.98210258228764
14.442506923787054,99.98212291960277
14.45276438609088,99.98214323978884
14.463021848394709,99.98216354230547
14.473279310698533,99.98218382532971
14.48353677300236,99.98220408614337
14.493794235306185,99.98222433933778
14.504051697610013,99.98224456388692
14.514309159913838,99.98226478706438
14.524566622217664,99.9822850065385
14.534824084521489,99.98230521573238
14.545081546825314,99.98232539001546
14.555339009129142,99.98234555730741
14.565596471432968,99.98236571369924
14.575853933736793,99.98238585466028
14.586111396040618,99.98240598157095
14.596368858344446,99.98242601700963
14.606626320648273,99.98244604972425
14.616883782952097,99.98246608027306
14.627141245255922,99.9824860587523
14.637398707559749,99.9825060103977
14.647656169863577,99.9825258530255
14.657913632167402,99.98254569273593
14.668171094471226,99.98256545522428
14.678428556775053,99.98258515559229
14.688686019078881,99.98260480300962
14.698943481382706,99.98262441176654
14.709200943686533,99.98264397156684
14.719458405990357,99.98266351600031
14.729715868294186,99.98268305313267
14.73997333059801,99.98270252956503
14.750230792901837,99.98272199493978
14.760488255205662,99.9827414575002
14.770745717509486,99.98276087407581
14.781003179813315,99.98278029002863
14.791260642117141,99.98279970278031
14.801518104420966,99.98281909468872
14.81177556672479,99.98283843986722
14.822033029028619,99.98285771975816
14.832290491332445,99.98287697234626
14.84254795363627,99.98289619750246
14.852805415940097,99.98291541616446
14.863062878243921,99.98293462452364
14.87332034054775,99.98295370410483
14.883577802851574,99.98297273910369
14.893835265155401,99.98299173817863
14.904092727459226,99.98301072909199
14.914350189763054,99.98302971924757
14.924607652066879,99.98304870536136
14.934865114370705,99.98306765156374
14.94512257667453,99.9830865129663
14.955380038978358,99.9831053241647
14.965637501282183,99.98312411968186
14.97589496358601,99.9831428118826
14.986152425889834,99.98316150111867
14.996409888193659,99.98318016170312
15.006667350497487,99.98319877104255
15.016924812801314,99.98321736008717
15.027182275105138,99.98323593954692
15.037439737408963,99.98325446981003
15.047697199712792,99.983272925622
15.057954662016618,99.98329136839375
15.068212124320443,99.98330980592652
15.07846958662427,99.98332816738134
15.088727048928094,99.98334640941992
15.098984511231922,99.98336461922011
15.109241973535747,99.98338280352974
15.119499435839574,99.98340096177792
15.129756898143398,99.98341911554512
15.140014360447227,99.98343726413415
15.150271822751051,99.98345540216876
15.160529285054878,99.9834734697753
15.170786747358703,99.98349152088176
15.18104420966253,99.98350955729009
15.191301671966356,99.98352758407643
15.201559134270182,99.98354561053083
15.211816596574007,99.98356359383168
15.222074058877833,99.98358152961366
15.23233152118166,99.98359944633218
15.242588983485486,99.98361736277963
15.252846445789311,99.98363519978693
15.263103908093138,99.98365299698189
15.273361370396966,99.9836707938401
15.28361883270079,99.98368854533291
15.293876295004615,99.98370627808639
15.304133757308442,99.98372400447109
15.314391219612267,99.98374172979373
15.324648681916095,99.98375945042173
15.33490614421992,99.98377714721902
15.345163606523746,99.98379484084117
15.355421068827571,99.98381247232275
15.3656785311314,99.98383008949482
15.375935993435224,99.98384769135848
15.38619345573905,99.98386523687724
15.396450918042875,99.9838826408999
15.4067083803467,99.98390001093746
15.416965842650528,99.98391734832992
15.427223304954355,99.98393465282852
15.43748076725818,99.98395195310182
15.447738229562006,99.98396920219001
15.457995691865833,99.9839864120381
15.468253154169659,99.98400361784915
15.478510616473484,99.98402078018303
15.48876807877731,99.9840379106872
15.499025541081139,99.98405501280708
15.509283003384963,99.98407208862085
15.519540465688788,99.98408909362846
15.529797927992615,99.98410607585832
15.54005539029644,99.98412305104686
15.550312852600268,99.98414002218018
15.560570314904092,99.98415698548689
15.570827777207919,99.98417394756007
15.581085239511744,99.98419087850976
15.591342701815572,99.98420779059079
15.601600164119397,99.9842246715939
15.611857626423223,99.98424155196346
15.622115088727048,99.98425842176721
15.632372551030874,99.98427526250852
15.642630013334703,99.98429209789175
15.652887475638527,99.98430891911065
15.663144937942352,99.98432572387024
15.673402400246179,99.9843425132994
15.683659862550007,99.98435929601837
15.693917324853832,99.98437604200458
15.704174787157656,99.98439277543217
15.714432249461483,99.9844094990337
15.724689711765311,99.98442620608266
15.734947174069136,99.98444288947998
15.74520463637296,99.9844595724081
15.755462098676787,99.98447624021175
15.765719560980612,99.98449289768783
15.77597702328444,99.98450955297255
15.786234485588265,99.98452619940265
15.796491947892092,99.98454283438451
15.806749410195916,99.98455946657033
15.817006872499745,99.98457608218673
15.82726433480357,99.98459260030299
15.837521797107396,99.98460910371966
15.84777925941122,99.98462556978276
15.858036721715047,99.98464203355569
15.868294184018875,99.98465847701823
15.8785516463227,99.98467485540762
15.888809108626525,99.9846912203288
15.899066570930351,99.98470757516206
15.90932403323418,99.98472389370441
15.919581495538004,99.98474020593228
15.92983895784183,99.98475650453732
15.940096420145656,99.98477277008824
15.950353882449484,99.98478901849268
15.960611344753309,99.98480525295273
15.970868807057133,99.98482144150422
15.98112626936096,99.98483753980324
15.991383731664785,99.98485363437072
16.001641193968613,99.98486972855073
16.01189865627244,99.98488579097729
16.022156118576262,99.98490181366166
16.03241358088009,99.98491780395167
16.04267104318392,99.98493378750747
16.052928505487742,99.98494976890672
16.06318596779157,99.9849657132576
16.073443430095395,99.9849816311125
16.083700892399218,99.98499754304656
16.093958354703048,99.98501342284122
16.104215817006875,99.98502929326968
16.114473279310698,99.98504514704733
16.124730741614524,99.98506098942521
16.13498820391835,99.98507681534758
16.145245666222177,99.98509262149618
16.155503128526004,99.98510839925416
16.165760590829827,99.98512416761723
16.176018053133653,99.98513993444898
16.186275515437483,99.98515569099868
16.196532977741306,99.98517144325815
16.206790440045133,99.98518719202835
16.21704790234896,99.98520292586244
16.227305364652786,99.98521865143371
16.237562826956612,99.98523434378619
16.247820289260435,99.98525003429766
16.25807775156426,99.9852657177043
16.26833521386809,99.98528132204174
16.278592676171915,99.98529689010783
16.28885013847574,99.98531243848609
16.299107600779568,99.98532797908011
16.30936506308339,99.98534344445781
16.31962252538722,99.985358902463
16.329879987691047,99.985374355403
16.34013744999487,99.98538980316087
16.350394912298697,99.98540522428263
16.360652374602523,99.98542064141174
16.37090983690635,99.98543604745822
16.381167299210176,99.98545141067935
16.391424761514,99.98546676611227
16.401682223817826,99.98548211399186
16.411939686121656,99.98549745645965
16.42219714842548,99.9855127405982
16.432454610729305,99.98552799199084
16.44271207303313,99.98554324289317
16.45296953533696,99.98555845396105
16.463226997640785,99.98557365923168
16.473484459944608,99.98558884757706
16.483741922248434,99.98560400521922
16.493999384552264,99.98561914656219
16.504256846856087,99.98563428394885
16.514514309159914,99.98564940480044
16.52477177146374,99.98566448443809
16.535029233767563,99.98567955585823
16.545286696071393,99.985694597044
16.55554415837522,99.9857095686571
16.565801620679043,99.9857244973482
16.57605908298287,99.9857394177469
16.586316545286696,99.98575432925904
16.596574007590522,99.98576924035622
16.60683146989435,99.98578414742892
16.617088932198172,99.98579902542983
16.627346394502,99.98581387898344
16.63760385680583,99.9858286799487
16.64786131910965,99.98584347091347
16.658118781413478,99.98585823930604
16.668376243717304,99.98587299919897
16.67863370602113,99.98588774751582
16.688891168324957,99.9859024939225
16.699148630628784,99.9859172021331
16.709406092932607,99.98593188192734
16.719663555236437,99.9859465594804
16.72992101754026,99.98596122307933
16.740178479844086,99.98597583925387
16.750435942147913,99.98599044870832
16.760693404451736,99.98600505072764
16.770950866755566,99.98601962307028
16.781208329059393,99.98603417732659
16.791465791363215,99.98604870759871
16.801723253667042,99.98606321142877
16.81198071597087,99.98607770205545
16.822238178274695,99.9860921289349
16.83249564057852,99.98610655516124
16.842753102882348,99.98612097389507
16.85301056518617,99.98613539034355
16.86326802749,99.98614979340927
16.873525489793824,99.98616416712505
16.88378295209765,99.9861785309014
16.894040414401477,99.98619287368274
16.904297876705304,99.98620720303163
16.91455533900913,99.98622152423317
16.924812801312957,99.98623583986718
16.93507026361678,99.98625013646377
16.945327725920606,99.98626442484176
16.955585188224433,99.98627865583381
16.96584265052826,99.98629286742637
16.976100112832086,99.98630707476904
16.98635757513591,99.98632125136771
16.99661503743974,99.98633542556453
17.006872499743565,99.98634959068224
17.017129962047388,99.98636373329478
17.027387424351215,99.9863778588721
17.03764488665504,99.98639195456377
17.047902348958868,99.98640604875274
17.058159811262694,99.98642011503541
17.06841727356652,99.98643416854863
17.078674735870344,99.98644820327878
17.088932198174174,99.9864622219254
17.099189660477997,99.98647618874183
17.109447122781823,99.98649015245448
17.11970458508565,99.98650411113267
17.129962047389476,99.98651806496723
17.140219509693303,99.98653200461081
17.15047697199713,99.98654593606194
17.160734434300952,99.98655986573881
17.17099189660478,99.98657378242014
17.181249358908605,99.98658764661909
17.191506821212432,99.9866015050145
17.20176428351626,99.98661531784332
17.21202174582008,99.98662911637885
17.22227920812391,99.98664288942993
17.232536670427738,99.98665664656778
17.24279413273156,99.98667040244513
17.253051595035387,99.98668415148411
17.263309057339214,99.98669786119268
17.27356651964304,99.98671155374107
17.283823981946867,99.98672519953891
17.294081444250693,99.9867388238569
17.304338906554516,99.98675236611936
17.314596368858346,99.98676588235983
17.32485383116217,99.98677939612031
17.335111293465996,99.98679290624733
17.345368755769822,99.98680639901954
17.35562621807365,99.9868198762799
17.365883680377475,99.98683332612171
17.376141142681302,99.98684677284425
17.386398604985125,99.98686021873361
17.39665606728895,99.98687366435907
17.406913529592778,99.98688709417458
17.417170991896604,99.98690051056018
17.42742845420043,99.98691391340611
17.437685916504257,99.98692728244527
17.447943378808084,99.98694064744001
17.45820084111191,99.98695399595019
17.468458303415733,99.98696734190351
17.47871576571956,99.98698068510416
17.48897322802339,99.98699402507135
17.499230690327213,99.98700733658065
17.50948815263104,99.98702064508687
17.519745614934866,99.98703394515988
17.53000307723869,99.9870472346187
17.54026053954252,99.98706052356853
17.550518001846342,99.98707381177422
17.56077546415017,99.98708709284897
17.571032926453995,99.9871003662547
17.58129038875782,99.98711363005489
17.591547851061648,99.98712686870552
17.601805313365475,99.98714009881425
17.612062775669298,99.98715331477061
17.622320237973124,99.98716651637768
17.632577700276954,99.98717971453739
17.642835162580777,99.9871928555258
17.653092624884604,99.98720599446001
17.66335008718843,99.98721912853946
17.673607549492257,99.98723225361921
17.683865011796083,99.98724534648251
17.694122474099906,99.98725843797199
17.704379936403733,99.98727151765515
17.71463739870756,99.98728459393327
17.724894861011386,99.98729763509188
17.735152323315212,99.98731064925971
17.74540978561904,99.98732363569172
17.75566724792286,99.98733662078916
17.76592471022669,99.98734958162916
17.776182172530515,99.98736250701612
17.78643963483434,99.98737539726446
17.796697097138168,99.98738825303468
17.806954559441994,99.98740106845777
17.81721202174582,99.98741384115647
17.827469484049647,99.98742659944556
17.83772694635347,99.98743933118583
17.847984408657297,99.98745205003999
17.858241870961127,99.98746475863906
17.86849933326495,99.98747745931117
17.878756795568776,99.98749013977873
17.889014257872603,99.98750279519592
17.89927172017643,99.98751541117396
17.909529182480256,99.98752802222567
17.91978664478408,99.98754059807673
17.930044107087905,99.98755315431299
17.940301569391732,99.98756569939783
17.95055903169556,99.9875782381939
17.960816493999385,99.98759077255471
17.97107395630321,99.98760327789864
17.981331418607034,99.9876157538126
17.991588880910864,99.98762820372382
18.001846343214687,99.98764064969976
18.012103805518514,99.98765307136556
18.02236126782234,99.98766546008456
18.032618730126167,99.98767784512513
18.042876192429993,99.98769021795164
18.05313365473382,99.98770256800351
18.063391117037643,99.98771491502676
18.07364857934147,99.98772717493772
18.0839060416453,99.9877394137027
18.094163503949122,99.98775160770357
18.10442096625295,99.98776378890581
18.114678428556775,99.98777595654609
18.124935890860602,99.98778811791404
18.13519335316443,99.987800263
18.14545081546825,99.98781239885498
18.155708277772078,99.98782453193267
18.165965740075904,99.98783666416713
18.17622320237973,99.98784878757534
18.186480664683558,99.98786087991647
18.196738126987384,99.98787296909327
18.206995589291207,99.98788505714515
18.217253051595037,99.98789713356659
18.227510513898864,99.98790920111827
18.237767976202687,99.98792125625961
18.248025438506513,99.98793330955266
18.25828290081034,99.98794535272198
18.268540363114166,99.98795739488556
18.278797825417993,99.98796938617042
18.289055287721816,99.98798137111571
18.299312750025642,99.98799333633144
18.309570212329472,99.98800530099741
18.319827674633295,99.98801722905003
18.33008513693712,99.98802915540092
18.340342599240948,99.98804098267084
18.350600061544775,99.98805278725784
18.3608575238486,99.9880645846908
18.371114986152428,99.98807638006315
18.38137244845625,99.98808817075225
18.391629910760077,99.98809994652275
18.401887373063904,99.98811172078528
18.41214483536773,99.98812347703621
18.422402297671557,99.98813521032088
18.43265975997538,99.98814693284353
18.44291722227921,99.98815860714387
18.453174684583036,99.98817027482805
18.46343214688686,99.98818193614466
18.473689609190686,99.98819358375773
18.483947071494512,99.988205226203
18.49420453379834,99.98821686546651
18.504461996102165,99.98822849754833
18.514719458405988,99.98824012874582
18.524976920709815,99.98825175520075
18.535234383013645,99.98826336108834
18.545491845317468,99.98827494414333
18.555749307621294,99.98828650190161
18.56600676992512,99.98829803785002
18.576264232228947,99.9883095508777
18.586521694532774,99.98832102742612
18.5967791568366,99.988332482176
18.607036619140423,99.9883439167275
18.61729408144425,99.98835533824106
18.627551543748076,99.98836675300045
18.637809006051903,99.98837813887972
18.64806646835573,99.98838951436052
18.658323930659552,99.98840085307181
18.668581392963382,99.98841218885886
18.67883885526721,99.98842352458307
18.689096317571032,99.98843485632653
18.69935377987486,99.98844617684135
18.709611242178685,99.98845749243495
18.71986870448251,99.98846880633523
18.730126166786338,99.98848011783082
18.74038362909016,99.98849142384857
18.750641091393987,99.98850272419698
18.760898553697817,99.98851401369213
18.77115601600164,99.98852529976469
18.781413478305467,99.98853655615571
18.791670940609293,99.9885477891269
18.80192840291312,99.98855897653583
18.812185865216946,99.98857015915314
18.822443327520773,99.98858132801594
18.832700789824596,99.98859246176927
18.842958252128422,99.9886035861001
18.85321571443225,99.9886147066777
18.863473176736075,99.98862581773167
18.873730639039902,99.98863692722882
18.883988101343725,99.98864800401005
18.894245563647555,99.98865906511631
18.90450302595138,99.98867011849129
18.914760488255205,99.9886811521543
18.92501795055903,99.98869217050523
18.935275412862858,99.98870318884072
18.945532875166684,99.98871420113525
18.95579033747051,99.98872521075202
18.966047799774337,99.98873621496124
18.97630526207816,99.98874720723488
18.98656272438199,99.98875818059
18.996820186685813,99.98876912213092
19.00707764898964,99.98878005101636
19.017335111293466,99.98879094976034
19.027592573597293,99.98880184234842
19.03785003590112,99.98881271238488
19.048107498204946,99.98882357342698
19.05836496050877,99.98883442304204
19.068622422812595,99.98884527053062
19.07887988511642,99.98885611127055
19.089137347420248,99.98886694749812
19.099394809724075,99.98887778333797
19.1096522720279,99.98888861704812
19.119909734331728,99.9888994477247
19.130167196635554,99.98891027228083
19.140424658939377,99.98892109642858
19.150682121243204,99.98893188171171
19.16093958354703,99.98894266217097
19.171197045850857,99.9889534412731
19.181454508154683,99.98896421637055
19.19171197045851,99.98897498421557
19.201969432762333,99.98898571568803
19.212226895066163,99.98899640811312
19.222484357369986,99.98900709379448
19.232741819673812,99.98901777419637
19.24299928197764,99.98902845416497
19.25325674428146,99.98903913321753
19.263514206585292,99.98904980596865
19.27377166888912,99.98906045847971
19.28402913119294,99.98907109156944
19.294286593496768,99.98908170069721
19.304544055800594,99.98909229552405
19.31480151810442,99.98910286890217
19.325058980408247,99.98911343725345
19.335316442712074,99.98912400412105
19.3455739050159,99.98913456418276
19.355831367319727,99.98914510391899
19.36608882962355,99.9891556321287
19.376346291927376,99.98916615887975
19.386603754231203,99.98917667753418
19.39686121653503,99.98918717790077
19.407118678838856,99.98919764924742
19.417376141142682,99.98920810846198
19.427633603446505,99.98921856682608
19.437891065750335,99.9892289898475
19.44814852805416,99.98923941185788
19.458405990357985,99.9892498242918
19.46866345266181,99.98926023412477
19.478920914965634,99.98927062722919
19.489178377269464,99.98928100864445
19.49943583957329,99.98929138701573
19.509693301877114,99.9893017642171
19.51995076418094,99.98931211595516
19.530208226484767,99.98932245887899
19.540465688788593,99.98933276394001
19.55072315109242,99.98934304037029
19.560980613396246,99.98935331119256
19.571238075700073,99.9893635684517
19.5814955380039,99.98937381076931
19.591753000307722,99.98938403597074
19.60201046261155,99.98939422354918
19.612267924915376,99.98940440867769
19.622525387219202,99.98941458985857
19.63278284952303,99.98942475775223
19.643040311826855,99.98943489763661
19.653297774130678,99.98944502818482
19.663555236434508,99.98945514623188
19.67381269873833,99.98946524941957
19.684070161042158,99.9894753482981
19.694327623345984,99.98948539978805
19.70458508564981,99.98949544930116
19.714842547953637,99.98950549020647
19.725100010257464,99.9895155292455
19.735357472561287,99.98952555344825
19.745614934865113,99.98953557037825
19.755872397168943,99.98954558050892
19.766129859472766,99.9895555855361
19.776387321776593,99.98956556629702
19.78664478408042,99.98957553894982
19.796902246384246,99.98958550373641
19.807159708688072,99.98959546711833
19.817417170991895,99.98960542795679
19.82767463329572,99.98961538758303
19.837932095599548,99.98962534707874
19.848189557903375,99.98963529910509
19.8584470202072,99.98964522005681
19.868704482511028,99.9896551405103
19.87896194481485,99.98966504584503
19.88921940711868,99.98967494046397
19.899476869422507,99.98968481008829
19.90973433172633,99.98969467095846
19.919991794030157,99.98970452824663
19.930249256333983,99.98971437899375
19.94050671863781,99.98972422814147
19.950764180941636,99.98973406936177
19.96102164324546,99.98974388040997
19.971279105549286,99.98975368134117
19.981536567853116,99.9897634735878
19.99179403015694,99.98977326136149
20.002051492460765,99.98978303900189
20.012308954764592,99.98979279008795
20.022566417068415,99.98980251439008
20.032823879372245,99.98981222328628
20.043081341676068,99.98982191103578
20.053338803979894,99.98983158805252
20.06359626628372,99.98984126068103
20.073853728587547,99.98985093024423
20.084111190891374,99.9898605995379
20.0943686531952,99.98987026685975
20.104626115499023,99.98987992263628
20.114883577802853,99.98988955209684
20.12514104010668,99.9898991580529
20.135398502410503,99.98990871805887
20.14565596471433,99.98991827140804
20.155913427018156,99.98992782475143
20.166170889321982,99.98993735619034
20.17642835162581,99.98994687275001
20.186685813929632,99.98995636874761
20.19694327623346,99.98996585794117
20.20720073853729,99.98997532122019
20.21745820084111,99.98998477798735
20.227715663144938,99.98999422642316
20.237973125448764,99.99000367428968
20.248230587752587,99.99001310581033
20.258488050056418,99.99002253317603
20.26874551236024,99.99003190131671
20.279002974664067,99.99004124893592
20.289260436967893,99.99005059015175
20.29951789927172,99.99005991250445
20.309775361575547,99.99006923443565
20.320032823879373,99.99007855160919
20.330290286183196,99.99008786659428
20.340547748487026,99.99009717365162
20.350805210790853,99.99010644910726
20.361062673094676,99.99011571279108
20.371320135398502,99.99012497464757
20.38157759770233,99.99013423069326
20.391835060006155,99.99014348147355
20.40209252230998,99.99015273073125
20.412349984613805,99.99016196997499
20.42260744691763,99.99017119947786
20.43286490922146,99.99018041449361
20.443122371525284,99.99018962740801
20.45337983382911,99.99019883431657
20.463637296132937,99.99020803935282
20.47389475843676,99.99021723952994
20.48415222074059,99.99022642900377
20.494409683044417,99.99023560814135
20.50466714534824,99.99024477336607
20.514924607652066,99.99025392058759
20.525182069955893,99.99026306164549
20.53543953225972,99.99027220270091
20.545696994563546,99.99028132708062
20.55595445686737,99.99029044807224
20.5662119191712,99.99029956836908
20.576469381475025,99.99030867055863
20.586726843778848,99.99031775344397
20.596984306082675,99.99032682750119
20.6072417683865,99.99033590010046
20.617499230690328,99.99034496697622
20.627756692994154,99.99035402900702
20.63801415529798,99.9903630594108
20.648271617601804,99.99037208142994
20.658529079905634,99.99038110291941
20.668786542209457,99.99039011948143
20.679044004513283,99.9903991071492
20.68930146681711,99.99040808387333
20.699558929120933,99.99041705344438
20.709816391424763,99.99042599814942
20.72007385372859,99.9904349283773
20.730331316032412,99.99044385820123
20.74058877833624,99.99045274994529
20.750846240640065,99.99046163504009
20.761103702943892,99.99047051134299
20.77136116524772,99.99047938714858
20.78161862755154,99.99048824957832
20.79187608985537,99.99049710583428
20.802133552159198,99.99050593154047
20.81239101446302,99.99051474868604
20.822648476766847,99.99052356271768
20.832905939070674,99.99053237424525
20.8431634013745,99.99054118408026
20.853420863678327,99.99054999043724
20.863678325982153,99.99055877861316
20.873935788285976,99.99056755206827
20.884193250589806,99.99057632290183
20.89445071289363,99.9905850854264
20.904708175197456,99.99059384160203
20.914965637501282,99.99060259268184
20.925223099805105,99.99061133645331
20.935480562108935,99.99062007353037
20.945738024412762,99.99062880725948
20.955995486716585,99.99063753988338
20.96625294902041,99.99064625839245
20.976510411324238,99.99065497212749
20.986767873628065,99.99066368238222
20.99702533593189,99.99067239194324
21.007282798235714,99.99068109002259
21.01754026053954,99.9906897542819
21.02779772284337,99.99069841656727
21.038055185147194,99.99070705714682
21.04831264745102,99.9907156925329
21.058570109754847,99.99072432660674
21.068827572058673,99.99073293614576
21.0790850343625,99.99074153985401
21.089342496666326,99.99075014076692
21.09959995897015,99.99075870880723
21.10985742127398,99.99076727541959
21.120114883577802,99.99077583694593
21.13037234588163,99.99078438241843
21.140629808185455,99.99079292419522
21.150887270489278,99.99080146593167
21.161144732793108,99.9908099846583
21.171402195096935,99.99081849027539
21.181659657400758,99.99082699040454
21.191917119704584,99.99083548133045
21.20217458200841,99.99084395949157
21.212432044312237,99.99085241615663
21.222689506616064,99.99086086974751
21.23294696891989,99.99086931741088
21.243204431223713,99.99087775501427
21.253461893527543,99.99088617882862
21.263719355831366,99.99089459976427
21.273976818135193,99.99090300504477
21.28423428043902,99.99091139056546
21.294491742742846,99.99091977255938
21.304749205046672,99.9909281465717
21.3150066673505,99.9909365184272
21.32526412965432,99.99094489008728
21.335521591958152,99.99095320512646
21.345779054261975,99.99096151451383
21.3560365165658,99.99096982340849
21.366293978869628,99.99097812935362
21.376551441173454,99.99098642218124
21.38680890347728,99.99099470213501
21.397066365781107,99.99100296338864
21.40732382808493,99.99101122424102
21.417581290388757,99.99101946655922
21.427838752692587,99.99102770697318
21.43809621499641,99.9910359446696
21.448353677300236,99.99104417779591
21.458611139604063,99.99105239384731
21.468868601907886,99.9910605911094
21.479126064211716,99.99106878665587
21.48938352651554,99.99107698209397
21.499640988819365,99.99108514900702
21.509898451123192,99.9910933033336
21.52015591342702,99.99110145518374
21.530413375730845,99.9911096070056
21.54067083803467,99.99111775875294
21.550928300338494,99.99112590938233
21.561185762642324,99.99113405400409
21.571443224946147,99.99114219771971
21.581700687249974,99.99115031111732
21.5919581495538,99.9911584234492
21.602215611857627,99.9911665353902
21.612473074161453,99.99117463348135
21.62273053646528,99.99118272476998
21.632987998769103,99.99119081603338
21.64324546107293,99.99119889879559
21.65350292337676,99.99120696736802
21.663760385680582,99.99121502916599
21.67401784798441,99.99122307288184
21.684275310288236,99.99123111615586
21.69453277259206,99.9912391541431
21.70479023489589,99.9912471798913
21.71504769719971,99.99125517502014
21.725305159503538,99.99126316779558
21.735562621807365,99.99127115849956
21.74582008411119,99.99127914816842
21.756077546415018,99.99128711939237
21.766335008718844,99.99129507494425
21.776592471022667,99.9913030292789
21.786849933326494,99.99131097208367
21.79710739563032,99.99131890333459
21.807364857934147,99.99132681255122
21.817622320237973,99.99133471918866
21.8278797825418,99.99134261493218
21.838137244845626,99.99135049253383
21.848394707149453,99.99135837006224
21.858652169453276,99.99136624711522
21.868909631757102,99.99137410688087
21.879167094060932,99.99138196524322
21.889424556364755,99.99138978857182
21.89968201866858,99.99139760656138
21.909939480972408,99.99140542434688
21.92019694327623,99.99141323651872
21.93045440558006,99.99142104347068
21.940711867883884,99.99142884920143
21.95096933018771,99.99143663299651
21.961226792491537,99.99144440218952
21.971484254795364,99.99145217054922
21.98174171709919,99.99145993248261
21.991999179403017,99.99146769071326
22.00225664170684,99.99147544056899
22.012514104010666,99.99148314073564
22.022771566314496,99.99149083777053
22.03302902861832,99.99149853095575
22.043286490922146,99.99150622015382
22.053543953225972,99.99151390241326
22.0638014155298,99.99152158467004
22.074058877833625,99.99152926455695
22.08431634013745,99.99153693907364
22.094573802441275,99.99154461353464
22.104831264745105,99.99155228349989
22.115088727048928,99.9915599514284
22.125346189352754,99.99156760667948
22.13560365165658,99.99157522901871
22.145861113960404,99.99158284659624
22.156118576264234,99.99159046371987
22.16637603856806,99.99159806742598
22.176633500871883,99.99160567004701
22.18689096317571,99.9916132723374
22.197148425479536,99.99162085358468
22.207405887783363,99.99162842315545
22.21766335008719,99.99163598712302
22.227920812391012,99.9916435421288
22.23817827469484,99.99165108473811
22.24843573699867,99.99165862677692
22.258693199302492,99.9916661684231
22.26895066160632,99.99167370302719
22.279208123910145,99.99168123687521
22.28946558621397,99.9916887620488
22.299723048517798,99.99169628441729
22.30998051082162,99.991703803208
22.320237973125447,99.99171131784144
22.330495435429278,99.99171883175731
22.3407528977331,99.99172634468466
22.351010360036927,99.9917338515145
22.361267822340753,99.99174135762135
22.371525284644576,99.99174885611977
22.381782746948407,99.99175634275626
22.392040209252233,99.99176382284885
22.402297671556056,99.99177130163307
22.412555133859883,99.99177876021406
22.42281259616371,99.99178621862538
22.433070058467536,99.99179366712164
22.443327520771362,99.9918010953896
22.453584983075185,99.99180852180191
22.46384244537901,99.99181594545587
22.47409990768284,99.99182334415828
22.484357369986665,99.99183073778661
22.49461483229049,99.99183812948512
22.504872294594318,99.99184551861737
22.515129756898144,99.99185290108939
22.52538721920197,99.99186028102494
22.535644681505794,99.99186765262148
22.54590214380962,99.99187501542646
22.556159606113447,99.99188237638573
22.566417068417273,99.99188972568749
22.5766745307211,99.9918970645048
22.586931993024926,99.99190438649488
22.59718945532875,99.99191170496313
22.60744691763258,99.99191900532789
22.617704379936406,99.99192629508423
22.62796184224023,99.99193358203516
22.638219304544055,99.99194086855546
22.64847676684788,99.99194815187653
22.658734229151708,99.9919554213949
22.668991691455535,99.99196268001216
22.679249153759358,99.99196993702296
22.689506616063184,99.99197719093867
22.699764078367014,99.99198444472941
22.710021540670837,99.99199169185873
22.720279002974664,99.99199892532057
22.73053646527849,99.99200615857163
22.740793927582317,99.99201338537408
22.751051389886143,99.99202060204965
22.76130885218997,99.9920278182454
22.771566314493793,99.99203503205128
22.78182377679762,99.99204224206198
22.792081239101446,99.99204944324994
22.802338701405272,99.99205664129248
22.8125961637091,99.99206383427952
22.822853626012922,99.99207101472969
22.833111088316752,99.9920781813036
22.84336855062058,99.99208534739348
22.8536260129244,99.9920925125365
22.863883475228228,99.99209967655895
22.874140937532054,99.99210682915574
22.88439839983588,99.99211396582139
22.894655862139707,99.99212109923945
22.904913324443534,99.99212822081162
22.915170786747357,99.99213533917516
22.925428249051187,99.99214245028479
22.93568571135501,99.99214955896737
22.945943173658836,99.99215666685483
22.956200635962663,99.99216377047033
22.96645809826649,99.99217085197294
22.976715560570316,99.99217793186011
22.986973022874142,99.99218500589433
22.997230485177965,99.99219207829188
23.007487947481792,99.99219914851888
23.01774540978562,99.99220621850174
23.028002872089445,99.99221327739599
23.03826033439327,99.99222032767568
23.048517796697094,99.99222729548245
23.058775259000925,99.99223425645918
23.06903272130475,99.99224121571032
23.079290183608574,99.99224816292055
23.0895476459124,99.99225510587539
23.099805108216227,99.99226203722046
23.110062570520054,99.99226896257947
23.12032003282388,99.9922758788362
23.130577495127707,99.99228278821143
23.14083495743153,99.99228969353751
23.15109241973536,99.99229659711114
23.161349882039183,99.99230349412338
23.17160734434301,99.99231038422573
23.181864806646836,99.9923172679655
23.192122268950662,99.99232415128958
23.20237973125449,99.99233103395744
23.212637193558315,99.99233791620428
23.222894655862138,99.99234476768723
23.233152118165965,99.99235161764408
23.24340958046979,99.99235846431262
23.253667042773618,99.99236530906418
23.263924505077444,99.9923721519299
23.274181967381267,99.99237898925021
23.284439429685097,99.99238582312398
23.294696891988924,99.99239263534965
23.304954354292747,99.99239944568565
23.315211816596573,99.99240623084422
23.3254692789004,99.99241300484644
23.335726741204226,99.99241977725762
23.345984203508053,99.9924265447395
23.35624166581188,99.99243330326067
23.366499128115702,99.9924400529545
23.376756590419532,99.99244679809617
23.387014052723355,99.99245353058292
23.39727151502718,99.9924602608923
23.40752897733101,99.99246698282315
23.417786439634835,99.99247370007231
23.42804390193866,99.99248040821654
23.438301364242488,99.99248711594257
23.44855882654631,99.99249382268138
23.458816288850137,99.99250050259529
23.469073751153964,99.99250718160216
23.47933121345779,99.99251385998265
23.489588675761617,99.99252053693462
23.499846138065443,99.99252720504514
23.51010360036927,99.99253386847475
23.520361062673096,99.9925405291572
23.53061852497692,99.99254717891813
23.540875987280746,99.9925538190014
23.551133449584572,99.99256045679779
23.5613909118884,99.9925670897517
23.571648374192225,99.99257371668845
23.581905836496052,99.9925803171682
23.592163298799875,99.9925869092382
23.602420761103705,99.99259349700733
23.612678223407528,99.99260008406627
23.622935685711354,99.99260666819917
23.63319314801518,99.9926132515027
23.643450610319007,99.99261982149437
23.653708072622834,99.99262639065161
23.66396553492666,99.99263295311131
23.674222997230483,99.99263950932172
23.68448045953431,99.99264606431122
23.69473792183814,99.99265261889292
23.704995384141963,99.99265916345134
23.71525284644579,99.99266569089022
23.725510308749616,99.99267220863986
23.735767771053442,99.99267871850334
23.74602523335727,99.99268522553001
23.756282695661092,99.99269171817623
23.76654015796492,99.99269820435256
23.776797620268745,99.99270468877106
23.78705508257257,99.9927111722664
23.797312544876398,99.99271765276862
23.807570007180225,99.99272412859047
23.817827469484047,99.99273059756135
23.828084931787878,99.99273706602217
23.8383423940917,99.99274352392366
23.848599856395527,99.99274996895852
23.858857318699354,99.99275640383762
23.86911478100318,99.99276283639739
23.879372243307007,99.99276926712282
23.889629705610833,99.99277567817671
23.899887167914656,99.99278208210013
23.910144630218483,99.99278845656758
23.920402092522313,99.99279481903314
23.930659554826136,99.99280117777724
23.940917017129962,99.99280753378187
23.95117447943379,99.99281387928654
23.961431941737615,99.9928202186284
23.97168940404144,99.99282655549182
23.981946866345265,99.99283289029607
23.99220432864909,99.9928392149032
24.002461790952918,99.99284553760847
24.012719253256744,99.9928518584696
24.02297671556057,99.99285817171076
24.033234177864397,99.99286447954168
24.04349164016822,99.99287077929766
24.05374910247205,99.9928770734058
24.064006564775873,99.9928833668261
24.0742640270797,99.9928896456019
24.084521489383526,99.99289590678899
24.094778951687353,99.99290216489342
24.10503641399118,99.99290840363702
24.115293876295006,99.992914620764
24.12555133859883,99.99292081507664
24.135808800902655,99.99292700781699
24.146066263206485,99.99293319376662
24.15632372551031,99.99293937648474
24.166581187814135,99.9929455524501
24.17683865011796,99.99295172807908
24.187096112421788,99.99295789479032
24.197353574725614,99.99296405444053
24.207611037029437,99.99297020720485
24.217868499333264,99.99297634473436
24.22812596163709,99.99298248070532
24.238383423940917,99.99298860808291
24.248640886244743,99.9929947292122
24.25889834854857,99.99300084267745
24.269155810852393,99.99300695577197
24.279413273156223,99.99301306767416
24.28967073546005,99.99301917373751
24.299928197763872,99.99302526561024
24.3101856600677,99.99303134703773
24.320443122371525,99.99303742630066
24.330700584675352,99.99304349325125
24.34095804697918,99.99304953887487
24.351215509283,99.99305558373672
24.361472971586828,99.99306162086121
24.371730433890658,99.99306765308837
24.38198789619448,99.99307368430243
24.392245358498307,99.99307971243826
24.402502820802134,99.99308573924797
24.41276028310596,99.99309176435038
24.423017745409787,99.99309778906881
24.433275207713613,99.99310380573336
24.443532670017436,99.99310981807167
24.453790132321263,99.99311582861327
24.46404759462509,99.99312183588586
24.474305056928916,99.99312783981435
24.484562519232743,99.99313384225499
24.494819981536565,99.99313983615468
24.505077443840396,99.993145829567
24.515334906144222,99.99315182080561
24.525592368448045,99.99315780741884
24.53584983075187,99.99316379309043
24.546107293055698,99.99316977864775
24.556364755359525,99.993175746496
24.56662221766335,99.99318171288519
24.576879679967174,99.99318767818204
24.587137142271,99.99319364310362
24.59739460457483,99.99319960716875
24.607652066878654,99.99320557062978
24.61790952918248,99.99321153043257
24.628166991486307,99.99321748209623
24.638424453790133,99.99322342619983
24.64868191609396,99.9932293616015
24.658939378397786,99.99323529654983
24.66919684070161,99.99324122961426
24.679454303005436,99.99324715909353
24.689711765309262,99.99325308680868
24.69996922761309,99.99325899336918
24.710226689916915,99.99326489965719
24.720484152220738,99.99327079892653
24.730741614524568,99.99327667776312
24.740999076828395,99.9932825565237
24.751256539132218,99.99328842469261
24.761514001436044,99.9932942899982
24.77177146373987,99.99330015445351
24.782028926043697,99.99330601132414
24.792286388347524,99.99331186330788
24.802543850651347,99.99331770863216
24.812801312955173,99.99332354714201
24.823058775259003,99.99332938497042
24.833316237562826,99.99333522121722
24.843573699866653,99.99334105116806
24.85383116217048,99.9933468511157
24.864088624474302,99.99335264887293
24.874346086778132,99.99335844464215
24.88460354908196,99.99336423575122
24.894861011385782,99.99337002576047
24.90511847368961,99.9933758154188
24.915375935993435,99.99338160475037
24.92563339829726,99.99338737958897
24.935890860601088,99.99339314690926
24.94614832290491,99.9933989133719
24.95640578520874,99.99340467527466
24.966663247512567,99.99341043713186
24.97692070981639,99.99341618951411
24.987178172120217,99.993421941801
24.997435634424043,99.99342768980492
25.007693096727866,99.99343343432045
25.017950559031693,99.99343917268327
25.028208021335523,99.99344489860299
25.03846548363935,99.99345061627179
25.048722945943176,99.9934563337751
25.058980408247,99.99346204044214
25.069237870550825,99.9934677389143
25.079495332854652,99.99347343089052
25.089752795158475,99.99347911964465
25.1000102574623,99.99348480829335
25.110267719766128,99.99349049593332
25.120525182069958,99.99349618120125
25.130782644373785,99.99350185945413
25.141040106677607,99.99350752520336
25.151297568981434,99.99351318570913
25.16155503128526,99.99351883816084
25.171812493589087,99.99352448346013
25.18206995589291,99.99353012235359
25.192327418196736,99.99353575224565
25.202584880500563,99.99354137990963
25.212842342804393,99.99354700117146
25.22309980510822,99.99355261173109
25.233357267412043,99.9935582156589
25.24361472971587,99.99356381637037
25.253872192019696,99.99356940714465
25.26412965432352,99.99357499265997
25.274387116627345,99.99358057470637
25.28464457893117,99.99358614745164
25.294902041235,99.99359171764198
25.305159503538828,99.9935972804525
25.31541696584265,99.99360284100098
25.325674428146478,99.99360839626755
25.335931890450304,99.99361393273172
25.346189352754127,99.9936194627883
25.356446815057954,99.99362499059893
25.36670427736178,99.99363049222669
25.376961739665603,99.99363599260323
25.387219201969437,99.99364149185968
25.39747666427326,99.99364698580507
25.407734126577086,99.99365247861256
25.417991588880913,99.99365795280205
25.428249051184736,99.99366342199872
25.438506513488562,99.99366889071541
25.44876397579239,99.99367435268745
25.45902143809621,99.99367980911123
25.469278900400038,99.99368526116666
25.47953636270387,99.99369071300043
25.489793825007695,99.99369616007698
25.50005128731152,99.99370160501364
25.510308749615344,99.99370704425243
25.52056621191917,99.99371248037026
25.530823674222997,99.99371790956097
25.54108113652682,99.99372333635715
25.551338598830647,99.99372876146462
25.561596061134473,99.99373417228462
25.571853523438303,99.99373957434528
25.58211098574213,99.99374497174878
25.592368448045953,99.99375036831987
25.60262591034978,99.99375576161039
25.612883372653606,99.99376115427128
25.623140834957432,99.99376654508735
25.633398297261255,99.99377192683522
25.643655759565082,99.9937773036836
25.65391322186891,99.9937826799225
25.66417068417274,99.99378804720389
25.674428146476565,99.99379340628077
25.684685608780388,99.99379875604694
25.694943071084214,99.99380410543426
25.70520053338804,99.9938094543159
25.715457995691864,99.99381479960388
25.72571545799569,99.99382014364592
25.735972920299517,99.99382547942332
25.74623038260334,99.99383080378655
25.756487844907173,99.99383612714814
25.766745307210996,99.99384144324327
25.777002769514823,99.99384675340886
25.78726023181865,99.99385206110485
25.797517694122472,99.99385736800409
25.8077751564263,99.99386265469566
25.818032618730125,99.99386793384615
25.82829008103395,99.99387320443383
25.838547543337782,99.99387846907042
25.848805005641605,99.99388372212424
25.85906246794543,99.99388897424097
25.869319930249258,99.99389421069799
25.87957739255308,99.99389944657347
25.889834854856907,99.99390467894865
25.900092317160734,99.99390990755703
25.91034977946456,99.9939151264374
25.920607241768383,99.99392034463271
25.930864704072214,99.99392555340893
25.94112216637604,99.99393076101352
25.951379628679867,99.99393596635777
25.961637090983693,99.99394117135718
25.971894553287516,99.99394637496938
25.982152015591343,99.99395157555563
25.99240947789517,99.99395677552052
26.002666940198992,99.99396197168333
26.01292440250282,99.99396716321193
26.02318186480665,99.99397234947605
26.033439327110475,99.99397753524151
26.0436967894143,99.99398270191574
26.053954251718125,99.99398786395841
26.06421171402195,99.99399302347018
26.074469176325778,99.99399818091207
26.0847266386296,99.99400332608802
26.094984100933427,99.99400845939789
26.105241563237254,99.99401358146731
26.115499025541084,99.99401870004715
26.12575648784491,99.99402380942048
26.136013950148733,99.99402891548415
26.14627141245256,99.99403401983656
26.156528874756386,99.99403911220999
26.16678633706021,99.99404420384697
26.177043799364036,99.99404929399695
26.187301261667862,99.99405438400156
26.197558723971685,99.99405946358173
26.20781618627552,99.9940645381272
26.21807364857934,99.99406960025837
26.22833111088317,99.99407466020706
26.238588573186995,99.99407971485819
26.248846035490818,99.99408476338645
26.259103497794644,99.99408980959551
26.26936096009847,99.99409485487709
26.279618422402294,99.99409989307296
26.289875884706127,99.9941049290077
26.30013334700995,99.9941099453597
26.310390809313777,99.99411495898289
26.320648271617603,99.99411996881771
26.330905733921426,99.99412497244604
26.341163196225253,99.99412997426053
26.35142065852908,99.99413497496255
26.361678120832906,99.9941399694981
26.37193558313673,99.9941449624922
26.38219304544056,99.99414995529973
26.392450507744385,99.99415493245822
26.402707970048212,99.99415989922556
26.41296543235204,99.9941648650357
26.42322289465586,99.99416982023064
26.433480356959688,99.99417477231106
26.443737819263514,99.99417972371994
26.453995281567337,99.99418467487452
26.464252743871164,99.99418962231383
26.474510206174994,99.99419456927656
26.48476766847882,99.99419951435279
26.495025130782647,99.99420445321522
26.50528259308647,99.9942093875432
26.515540055390296,99.9942143153953
26.525797517694123,99.99421923842422
26.536054979997946,99.99422415859162
26.546312442301772,99.99422907684217
26.5565699046056,99.9942339918356
26.56682736690943,99.9942389021423
26.577084829213256,99.99424379911618
26.58734229151708,99.99424869268252
26.597599753820905,99.99425357509573
26.60785721612473,99.99425845137526
26.618114678428554,99.99426330749321
26.62837214073238,99.99426816253806
26.638629603036208,99.99427300928001
26.648887065340034,99.99427783941535
26.659144527643864,99.9942826642954
26.669401989947687,99.99428748759928
26.679659452251514,99.99429231045966
26.68991691455534,99.99429713331398
26.700174376859167,99.99430195430526
26.71043183916299,99.99430677439597
26.720689301466816,99.99431158674234
26.730946763770643,99.99431639483639
26.741204226074466,99.9943211996236
26.7514616883783,99.99432600206303
26.761719150682122,99.99433078468908
26.77197661298595,99.99433556678582
26.782234075289775,99.99434033923612
26.792491537593598,99.99434510582907
26.802748999897425,99.9943498577936
26.81300646220125,99.99435460054366
26.823263924505074,99.99435933831444
26.833521386808908,99.99436407569078
26.84377884911273,99.99436880571002
26.854036311416557,99.99437353435788
26.864293773720384,99.99437824736475
26.874551236024207,99.99438295795261
26.884808698328033,99.99438766793828
26.89506616063186,99.99439237679988
26.905323622935683,99.99439708454506
26.91558108523951,99.99440178492718
26.92583854754334,99.99440648039129
26.936096009847166,99.99441117510428
26.946353472150992,99.99441586535708
26.956610934454815,99.99442055196158
26.966868396758642,99.99442523779997
26.97712585906247,99.9944299221427
26.98738332136629,99.99443460595725
26.997640783670118,99.99443928822545
27.007898245973944,99.9944439689906
27.018155708277774,99.9944486450969
27.0284131705816,99.99445331962833
27.038670632885424,99.99445799073676
27.04892809518925,99.994462658174
27.059185557493077,99.99446732490978
27.0694430197969,99.99447198282854
27.079700482100726,99.99447663593901
27.089957944404553,99.99448128812544
27.10021540670838,99.99448593089595
27.11047286901221,99.99449057046698
27.120730331316032,99.99449520982832
27.13098779361986,99.99449984896596
27.141245255923685,99.99450448795332
27.151502718227512,99.99450912441112
27.161760180531335,99.99451375842426
27.17201764283516,99.99451838012617
27.182275105138988,99.99452300079292
27.19253256744281,99.99452761912364
27.202790029746645,99.99453223506659
27.213047492050467,99.9945368507896
27.223304954354294,99.99454146585217
27.23356241665812,99.99454607796785
27.243819878961943,99.99455068269913
27.25407734126577,99.99455528098459
27.264334803569596,99.99455987418455
27.27459226587342,99.99456446392195
27.284849728177246,99.99456905282261
27.295107190481076,99.99457364148469
27.305364652784903,99.99457822998053
27.31562211508873,99.99458281754175
27.325879577392552,99.99458740112863
27.33613703969638,99.99459198328734
27.346394502000205,99.99459656281793
27.356651964304028,99.99460114166038
27.366909426607855,99.99460571343978
27.377166888911685,99.99461028428695
27.38742435121551,99.99461484993213
27.397681813519338,99.99461940870746
27.40793927582316,99.99462396564842
27.418196738126987,99.99462852135403
27.428454200430814,99.99463307177314
27.43871166273464,99.99463762084963
27.448969125038463,99.99464216835904
27.45922658734229,99.99464669778357
27.46948404964612,99.99465122495687
27.479741511949946,99.99465574830656
27.489998974253773,99.99466026748533
27.500256436557596,99.99466478659899
27.510513898861422,99.99466928733126
27.52077136116525,99.99467378340017
27.53102882346907,99.99467827641217
27.541286285772898,99.99468276563618
27.551543748076725,99.99468724593339
27.561801210380555,99.99469172459953
27.57205867268438,99.99469620165006
27.582316134988204,99.99470067842627
27.59257359729203,99.99470514172761
27.602831059595857,99.99470960455405
27.61308852189968,99.99471406708251
27.623345984203507,99.99471852811621
27.633603446507333,99.99472298200229
27.643860908811156,99.99472742236523
27.65411837111499,99.99473185339104
27.664375833418813,99.994736282454
27.67463329572264,99.99474069917862
27.684890758026466,99.99474511337793
27.69514822033029,99.99474952419064
27.705405682634115,99.99475393434373
27.715663144937942,99.99475834288751
27.725920607241765,99.99476274689111
27.73617806954559,99.99476714613942
27.74643553184942,99.99477154367533
27.756692994153248,99.99477593978277
27.766950456457074,99.9947803325728
27.777207918760897,99.99478472395684
27.787465381064724,99.9947891132724
27.79772284336855,99.99479350071637
27.807980305672373,99.99479788730864
27.8182377679762,99.99480226848915
27.82849523028003,99.99480663922779
27.838752692583856,99.99481100895848
27.849010154887683,99.99481537497175
27.859267617191506,99.99481973979518
27.869525079495332,99.99482410418423
27.87978254179916,99.99482846563694
27.890040004102985,99.99483281962004
27.90029746640681,99.99483717013125
27.910554928710635,99.9948415119651
27.920812391014465,99.99484584873962
27.93106985331829,99.99485017741222
27.941327315622118,99.99485450533503
27.95158477792594,99.99485883188666
27.961842240229767,99.99486315543
27.972099702533594,99.99486747707803
27.982357164837417,99.99487179089212
27.992614627141243,99.99487610444409
28.00287208944507,99.99488041504716
28.0131295517489,99.994884723286
28.023387014052727,99.99488902882393
28.03364447635655,99.99489333201343
28.043901938660376,99.99489763386433
28.054159400964203,99.99490193359014
28.064416863268026,99.99490622569813
28.074674325571852,99.99491051491498
28.08493178787568,99.99491480047202
28.0951892501795,99.99491908581662
28.105446712483335,99.99492336141536
28.115704174787158,99.99492763224282
28.125961637090985,99.99493190269109
28.13621909939481,99.99493617263472
28.146476561698634,99.99494043198202
28.15673402400246,99.99494469034504
28.166991486306287,99.99494894692774
28.177248948610114,99.99495319641046
28.187506410913937,99.99495743557348
28.197763873217767,99.99496167052725
28.208021335521593,99.99496590325305
28.21827879782542,99.9949701358418
28.228536260129246,99.9949743670319
28.23879372243307,99.9949785949312
28.249051184736896,99.99498281556886
28.259308647040722,99.99498703033225
28.269566109344545,99.99499124066783
28.27982357164837,99.99499543515623
28.2900810339522,99.99499962771678
28.30033849625603,99.99500381073145
28.310595958559855,99.99500799125882
28.320853420863678,99.99501216938445
28.331110883167504,99.99501634398986
28.34136834547133,99.99502051856399
28.351625807775154,99.9950246910939
28.36188327007898,99.99502886262303
28.37214073238281,99.9950330268635
28.382398194686637,99.995037185365
28.392655656990463,99.99504133237994
28.402913119294286,99.99504546885748
28.413170581598113,99.9950496017839
28.42342804390194,99.99505373347341
28.433685506205762,99.99505786487688
28.44394296850959,99.99506199080274
28.454200430813415,99.99506611090989
28.464457893117245,99.99507022976253
28.474715355421072,99.99507434739957
28.484972817724895,99.9950784620833
28.49523028002872,99.99508257130996
28.505487742332548,99.99508667584983
28.51574520463637,99.99509076791917
28.526002666940197,99.99509485985718
28.536260129244024,99.99509895157534
28.546517591547847,99.99510303917987
28.55677505385168,99.99510712388198
28.567032516155503,99.99511120854633
28.57728997845933,99.99511529232248
28.587547440763156,99.99511937581167
28.59780490306698,99.99512345857701
28.608062365370806,99.99512753701046
28.618319827674632,99.9951316142203
28.62857728997846,99.99513568688846
28.638834752282282,99.99513975864647
28.649092214586112,99.99514382985693
28.65934967688994,99.99514790002549
28.669607139193765,99.99515196870804
28.67986460149759,99.99515603217091
28.690122063801414,99.99516009391782
28.70037952610524,99.9951641445105
28.710636988409068,99.99516819412935
28.72089445071289,99.99517223418115
28.731151913016717,99.99517627229886
28.741409375320547,99.99518030569311
28.751666837624374,99.99518433527825
28.7619242999282,99.99518834503968
28.772181762232023,99.99519234665723
28.78243922453585,99.99519634445704
28.792696686839676,99.9952003385196
28.8029541491435,99.99520432411757
28.813211611447326,99.99520830794802
28.823469073751152,99.99521228359566
28.833726536054982,99.99521625922102
28.84398399835881,99.9952202300205
28.85424146066263,99.9952241990092
28.864498922966458,99.99522816130583
28.874756385270285,99.99523211820953
28.885013847574108,99.99523606955393
28.895271309877934,99.99524001848879
28.90552877218176,99.9952439662798
28.91578623448559,99.99524790743467
28.926043696789417,99.99525184401614
28.93630115909324,99.99525577527339
28.946558621397067,99.99525970429379
28.956816083700893,99.9952636261998
28.96707354600472,99.99526754398858
28.977331008308543,99.99527146172385
28.98758847061237,99.99527537930871
28.997845932916196,99.9952792949745
29.008103395220026,99.99528321062886
29.018360857523852,99.9952871230877
29.028618319827675,99.99529103503545
29.038875782131502,99.99529494665714
29.04913324443533,99.99529885702752
29.05939070673915,99.9953027603999
29.069648169042978,99.99530665863128
29.079905631346804,99.99531055499372
29.090163093650627,99.99531444953055
29.10042055595446,99.99531834231836
29.110678018258284,99.99532223419548
29.12093548056211,99.99532612351403
29.131192942865937,99.99533001103245
29.14145040516976,99.99533389709437
29.151707867473586,99.995337781297
29.161965329777413,99.99534166357749
29.172222792081236,99.99534554296281
29.182480254385062,99.99534941857219
29.192737716688892,99.99535329307228
29.20299517899272,99.99535715831881
29.213252641296545,99.99536101411132
29.22351010360037,99.99536486453829
29.233767565904195,99.99536871451187
29.24402502820802,99.99537256287742
29.254282490511844,99.99537640990498
29.26453995281567,99.99538025204502
29.274797415119497,99.99538409336844
29.285054877423327,99.99538793445649
29.295312339727154,99.99539177276387
29.305569802030977,99.99539560046698
29.315827264334803,99.99539942582753
29.32608472663863,99.9954032451195
29.336342188942453,99.99540706421303
29.34659965124628,99.995410881065
29.356857113550106,99.99541469602565
29.367114575853936,99.9954185091541
29.377372038157763,99.99542231870079
29.387629500461586,99.99542612705012
29.397886962765412,99.99542992590588
29.40814442506924,99.99543372422245
29.418401887373065,99.99543751692755
29.428659349676888,99.99544130707862
29.438916811980715,99.99544509242048
29.44917427428454,99.99544887698345
29.45943173658837,99.99545265656
29.469689198892198,99.99545643601436
29.47994666119602,99.99546021130135
29.490204123499847,99.99546398486984
29.500461585803674,99.995467758416
29.510719048107497,99.99547153158193
29.520976510411323,99.99547530424306
29.53123397271515,99.99547907541564
29.541491435018973,99.99548284632844
29.551748897322806,99.9954866045311
29.56200635962663,99.99549036011712
29.572263821930456,99.99549411344553
29.582521284234282,99.99549786593647
29.592778746538105,99.99550161512732
29.60303620884193,99.99550536385293
29.613293671145758,99.99550911206757
29.62355113344958,99.99551285971768
29.633808595753408,99.99551660633296
29.644066058057238,99.99552034863144
29.654323520361064,99.99552408598517
29.66458098266489,99.99552782310718
29.674838444968714,99.99553155831423
29.68509590727254,99.99553529324169
29.695353369576367,99.99553902740747
29.705610831880193,99.99554275929113
29.715868294184016,99.99554649015869
29.726125756487843,99.99555021999045
29.736383218791673,99.99555394964243
29.7466406810955,99.99555767738035
29.756898143399326,99.99556140465128
29.76715560570315,99.99556513018662
29.777413068006975,99.99556884559988
29.787670530310802,99.99557255806045
29.797927992614625,99.99557626742079
29.80818545491845,99.99557997278416
29.818442917222278,99.9955836763893
29.828700379526108,99.99558737500433
29.838957841829934,99.99559106993678
29.849215304133757,99.99559475912756
29.859472766437584,99.99559844772735
29.86973022874141,99.99560213631776
29.879987691045233,99.99560582420622
29.89024515334906,99.99560950881673
29.900502615652886,99.99561318714487
29.910760077956716,99.99561686517875
29.921017540260543,99.99562054148177
29.931275002564366,99.99562421547013
29.941532464868192,99.99562788862046
29.95178992717202,99.995631556658
29.962047389475842,99.99563521597031
29.97230485177967,99.99563887480906
29.982562314083495,99.99564252922694
29.992819776387318,99.99564618319215
30.00307723869115,99.99564983625923
30.013334700994974,99.99565348587744
30.0235921632988,99.99565712995093
30.033849625602627,99.99566077042063
30.04410708790645,99.99566440876735
30.054364550210277,99.9956680417258
30.064622012514103,99.9956716727772
30.074879474817926,99.99567530332878
30.085136937121753,99.99567893081989
30.095394399425583,99.99568255427201
30.10565186172941,99.99568617655893
30.115909324033236,99.99568979207717
30.12616678633706,99.9956934059048
30.136424248640886,99.99569701669631
30.146681710944712,99.99570062328341
30.15693917324854,99.99570422911836
30.16719663555236,99.99570783227958
30.177454097856188,99.99571143009493
30.187711560160018,99.9957150277951
30.197969022463845,99.99571862519578
30.20822648476767,99.99572222238365
30.218483947071494,99.99572581913868
30.22874140937532,99.99572941452843
30.238998871679147,99.995733009209
30.24925633398297,99.99573660036617
30.259513796286797,99.99574018021416
30.269771258590623,99.9957437499063
30.280028720894453,99.99574731766965
30.29028618319828,99.99575088443308
30.300543645502103,99.99575444879981
30.31080110780593,99.99575800914108
30.321058570109756,99.99576156882931
30.33131603241358,99.99576512763068
30.341573494717405,99.99576868612195
30.35183095702123,99.99577224449379
30.36208841932506,99.995775802216
30.37234588162889,99.99577935740706
30.38260334393271,99.99578290951442
30.392860806236538,99.99578645664032
30.403118268540364,99.99579000233567
30.413375730844187,99.9957935439862
30.423633193148014,99.99579707991224
30.43389065545184,99.99580061202067
30.444148117755667,99.99580414102152
30.454405580059497,99.99580766854987
30.46466304236332,99.99581119363998
30.474920504667146,99.99581471294083
30.485177966970973,99.99581823211126
30.4954354292748,99.9958217500159
30.505692891578622,99.9958252639253
30.51595035388245,99.99582877654454
30.526207816186275,99.99583228715495
30.5364652784901,99.9958357961338
30.546722740793932,99.99583929638337
30.556980203097755,99.99584279166473
30.56723766540158,99.99584628146552
30.577495127705408,99.99584976146629
30.58775259000923,99.99585324092519
30.598010052313057,99.99585671149138
30.608267514616884,99.99586017841902
30.618524976920707,99.99586364256312
30.628782439224533,99.99586710377079
30.639039901528363,99.9958705640892
30.64929736383219,99.99587401998612
30.659554826136016,99.99587747410857
30.66981228843984,99.9958809278513
30.680069750743666,99.99588438031735
30.690327213047492,99.99588781499058
30.700584675351315,99.9958912449022
30.710842137655142,99.99589466363518
30.72109959995897,99.99589807797959
30.7313570622628,99.99590149007487
30.741614524566625,99.9959048966365
30.751871986870448,99.99590830066994
30.762129449174274,99.99591170121934
30.7723869114781,99.99591509260304
30.782644373781924,99.99591847937084
30.79290183608575,99.99592186430839
30.803159298389577,99.9959252472999
30.8134167606934,99.99592862941401
30.823674222997234,99.99593201122305
30.833931685301057,99.99593538968077
30.844189147604883,99.99593876389677
30.85444660990871,99.99594213788711
30.864704072212533,99.99594550976143
30.87496153451636,99.9959488802436
30.885218996820186,99.99595224761383
30.895476459124012,99.99595561361292
30.905733921427842,99.99595897685704
30.915991383731665,99.99596233700471
30.92624884603549,99.99596569595934
30.936506308339318,99.99596905413665
30.946763770643145,99.99597240181015
30.957021232946968,99.99597574843813
30.967278695250794,99.99597909103555
30.97753615755462,99.99598242986369
30.987793619858444,99.99598576686908
30.998051082162277,99.99598910121546
31.0083085444661,99.99599243504554
31.018566006769927,99.99599576742379
31.028823469073753,99.99599909830374
31.039080931377576,99.99600242780072
31.049338393681403,99.99600575275574
31.05959585598523,99.99600907317804
31.069853318289052,99.9960123830147
31.08011078059288,99.996015691272
31.09036824289671,99.9960189970533
31.100625705200535,99.99602229981237
31.110883167504362,99.9960255989354
31.121140629808185,99.99602889641255
31.13139809211201,99.99603219220539
31.141655554415838,99.99603548535141
31.15191301671966,99.99603877678229
31.162170479023487,99.99604206768224
31.172427941327314,99.99604535238042
31.182685403631144,99.99604863078582
31.19294286593497,99.99605190766148
31.203200328238793,99.99605518203137
31.21345779054262,99.99605845441576
31.223715252846446,99.9960617245223
31.233972715150273,99.99606499024685
31.244230177454096,99.99606825262336
31.254487639757922,99.99607150829439
31.26474510206175,99.99607476212736
31.27500256436558,99.99607801368857
31.285260026669405,99.99608126455061
31.29551748897323,99.9960845140288
31.305774951277055,99.99608776139488
31.31603241358088,99.9960910077758
31.326289875884704,99.99609424933155
31.33654733818853,99.99609748568565
31.346804800492357,99.99610072118897
31.35706226279618,99.99610395273693
31.367319725100014,99.99610718110236
31.377577187403837,99.99611040688218
31.387834649707663,99.99611362992923
31.39809211201149,99.996116847496
31.408349574315313,99.99612005512158
31.41860703661914,99.99612324954327
31.428864498922966,99.99612644325839
31.43912196122679,99.99612963599412
31.449379423530623,99.99613282860157
31.459636885834446,99.99613601941306
31.469894348138272,99.99613920852032
31.4801518104421,99.99614239407992
31.49040927274592,99.99614557870676
31.500666735049748,99.99614876243416
31.510924197353575,99.99615194063301
31.521181659657397,99.99615511845158
31.531439121961224,99.99615829511548
31.541696584265054,99.99616147123045
31.55195404656888,99.99616464653293
31.562211508872707,99.99616782180392
31.57246897117653,99.99617099403591
31.582726433480357,99.99617416556744
31.592983895784183,99.99617733702706
31.603241358088006,99.99618050438856
31.613498820391833,99.99618367040667
31.62375628269566,99.99618683564545
31.63401374499949,99.99618999710934
31.644271207303316,99.99619315791122
31.65452866960714,99.99619631711518
31.664786131910965,99.99619947508307
31.67504359421479,99.99620262844276
31.685301056518618,99.99620578062476
31.69555851882244,99.99620893127322
31.705815981126268,99.9962120813037
31.716073443430094,99.99621523114331
31.726330905733924,99.99621838001309
31.73658836803775,99.99622152849909
31.746845830341574,99.99622467514295
31.7571032926454,99.99622782111692
31.767360754949227,99.9962309499573
31.77761821725305,99.99623407073884
31.787875679556876,99.99623718980696
31.798133141860703,99.99624030868145
31.808390604164526,99.996243424471
31.81864806646836,99.99624653356632
31.828905528772182,99.99624963684226
31.83916299107601,99.99625273525321
31.849420453379835,99.996255832207
31.85967791568366,99.99625892896343
31.869935377987485,99.99626201929827
31.88019284029131,99.9962651075322
31.890450302595134,99.9962681956146
31.900707764898968,99.99627127588717
31.91096522720279,99.99627435541836
31.921222689506617,99.99627743463003
31.931480151810444,99.99628051372511
31.941737614114267,99.99628359076375
31.951995076418093,99.99628665977558
31.96225253872192,99.99628972252745
31.972510001025746,99.99629278438591
31.98276746332957,99.99629584400918
31.9930249256334,99.99629890123848
32.003282387937226,99.99630195684897
32.01353985024105,99.9963050078083
32.02379731254488,99.9963080578362
32.034054774848705,99.99631110444398
32.044312237152525,99.99631415064967
32.05456969945635,99.9963171952231
32.06482716176018,99.99632023914346
32.075084624064004,99.99632328169092
32.08534208636784,99.99632632396792
32.09559954867166,99.99632936252027
32.105857010975484,99.996332397374
32.11611447327931,99.99633542595583
32.12637193558314,99.99633845385276
32.13662939788696,99.99634148174165
32.14688686019079,99.99634450860101
32.15714432249462,99.99634753479188
32.167401784798436,99.99635055766221
32.17765924710227,99.99635357729373
32.187916709406096,99.99635658875583
32.19817417170992,99.99635959569383
32.20843163401375,99.99636259770517
32.21868909631757,99.99636559528865
32.228946558621395,99.99636859042903
32.23920402092522,99.99637158547648
32.24946148322905,99.99637457711434
32.259718945532875,99.996377567829
32.2699764078367,99.99638055368253
32.28023387014053,99.99638353821328
32.290491332444354,99.99638652170887
32.30074879474818,99.99638949680619
32.31100625705201,99.99639246940461
32.321263719355834,99.99639544079261
32.33152118165965,99.99639841009655
32.34177864396348,99.9964013792824
32.352036106267306,99.99640434641283
32.36229356857114,99.996407312619
32.372551030874966,99.99641027641798
32.382808493178786,99.99641323879267
32.39306595548261,99.99641620112627
32.40332341778644,99.99641916285492
32.413580880090265,99.9964221212841
32.42383834239409,99.9964250774282
32.43409580469792,99.99642803265088
32.444353267001745,99.9964309738765
32.45461072930557,99.99643391156113
32.4648681916094,99.99643684480473
32.475125653913224,99.99643977270955
32.48538311621705,99.99644269587276
32.49564057852087,99.99644561604268
32.5058980408247,99.9964485347847
32.51615550312852,99.99645145007315
32.52641296543235,99.99645436412096
32.53667042773618,99.99645727556532
32.54692789004,99.99646018589381
32.55718535234383,99.99646309190112
32.567442814647656,99.99646599625784
32.57770027695148,99.99646889894439
32.58795773925531,99.99647179799052
32.598215201559135,99.99647469302455
32.60847266386296,99.99647758732404
32.61873012616678,99.99648047868112
32.628987588470615,99.99648336945829
32.63924505077444,99.99648625681377
32.64950251307827,99.99648914416807
32.659759975382094,99.99649202851113
32.670017437685914,99.99649491272851
32.68027489998974,99.99649779560244
32.69053236229357,99.99650067837099
32.70078982459739,99.99650356087598
32.71104728690122,99.99650644158919
32.721304749205046,99.99650932038733
32.73156221150887,99.99651219868478
32.7418196738127,99.9965150763735
32.752077136116526,99.9965179532311
32.76233459842035,99.99652083003959
32.77259206072418,99.99652370670371
32.782849523028,99.99652658334985
32.793106985331825,99.9965294591108
32.80336444763565,99.99653233366134
32.813621909939485,99.99653520442574
32.82387937224331,99.99653807108365
32.83413683454713,99.99654093763861
32.84439429685096,99.99654380197317
32.854651759154784,99.99654666259208
32.86490922145861,99.99654951944754
32.87516668376244,99.99655236596287
32.88542414606626,99.9965552119703
32.89568160837008,99.99655805639306
32.90593907067392,99.99656090057059
32.91619653297774,99.9965637442091
32.92645399528157,99.99656658709287
32.936711457585396,99.99656942949122
32.946968919889215,99.99657226937977
32.95722638219304,99.99657510783133
32.96748384449687,99.99657794526641
32.977741306800695,99.996580780218
32.98799876910453,99.99658361324076
32.99825623140835,99.99658644458911
33.008513693712175,99.99658927001653
33.018771156016,99.99659209442771
33.02902861831983,99.99659491664524
33.039286080623654,99.99659773357033
33.04954354292748,99.99660054948288
33.05980100523131,99.99660336258171
33.07005846753513,99.99660617119282
33.08031592983896,99.99660897727809
33.09057339214279,99.99661178149498
33.10083085444661,99.9966145853564
33.11108831675044,99.99661738483677
33.12134577905426,99.99662018283881
33.131603241358086,99.99662297843425
33.14186070366191,99.99662577181758
33.15211816596574,99.99662856447694
33.162375628269565,99.99663135642353
33.17263309057339,99.9966341463809
33.18289055287722,99.99663692826579
33.193148015181045,99.99663969975342
33.20340547748487,99.9966424692582
33.2136629397887,99.99664523500846
33.223920402092524,99.99664799914949
33.234177864396344,99.99665076118774
33.24443532670017,99.99665352173416
33.254692789004,99.9966562740142
33.26495025130783,99.99665902560636
33.27520771361166,99.9966617742941
33.285465175915476,99.99666452256426
33.2957226382193,99.99666726626812
33.30598010052313,99.9966700091092
33.316237562826956,99.99667274612654
33.32649502513078,99.9966754827478
33.33675248743461,99.99667821930852
33.347009949738435,99.99668095272717
33.35726741204226,99.99668368562789
33.36752487434609,99.99668641730973
33.377782336649915,99.99668914552431
33.38803979895374,99.9966918712315
33.39829726125757,99.9966945949989
33.40855472356139,99.9966973181205
33.418812185865214,99.99670004119045
33.42906964816904,99.99670276007107
33.439327110472874,99.99670547773817
33.4495845727767,99.99670819405564
33.45984203508052,99.99671090765678
33.470099497384346,99.9967136196207
33.48035695968817,99.9967163242536
33.490614421992,99.99671902815264
33.500871884295826,99.9967217302135
33.51112934659965,99.99672442979274
33.52138680890347,99.99672712935013
33.531644271207306,99.99672982731258
33.54190173351113,99.9967325229593
33.55215919581496,99.99673521041174
33.562416658118785,99.99673789777374
33.572674120422604,99.996740585078
33.58293158272643,99.99674327195613
33.59318904503026,99.99674593997638
33.603446507334084,99.99674860614796
33.61370396963791,99.99675127151355
33.62396143194174,99.99675393398829
33.63421889424556,99.99675659626456
33.64447635654939,99.99675925837943
33.65473381885322,99.99676192036108
33.66499128115704,99.99676458102483
33.67524874346087,99.99676723877738
33.685506205764696,99.99676989200357
33.695763668068516,99.99677254364721
33.70602113037234,99.99677519238566
33.716278592676176,99.99677783993003
33.72653605498,99.99678048567822
33.73679351728383,99.99678312845852
33.74705097958765,99.99678577076078
33.757308441891475,99.99678840949542
33.7675659041953,99.99679104069877
33.77782336649913,99.99679367137573
33.788080828802954,99.99679630139083
33.79833829110678,99.99679891916597
33.80859575341061,99.99680153454054
33.818853215714434,99.99680414795198
33.82911067801826,99.99680675572817
33.83936814032209,99.99680935924415
33.84962560262591,99.9968119622683
33.85988306492973,99.99681455967595
33.87014052723356,99.99681715690467
33.880397989537386,99.99681975400648
33.89065545184121,99.99682235024251
33.900912914145046,99.99682494411095
33.911170376448865,99.99682753781131
33.92142783875269,99.99683013119373
33.93168530105652,99.99683272434854
33.941942763360345,99.99683531145179
33.95220022566417,99.99683789779928
33.962457687968,99.99684048144955
33.97271515027182,99.99684306474232
33.98297261257565,99.99684564572819
33.99323007487948,99.99684822215363
34.003487537183304,99.99685079373462
34.01374499948713,99.99685336522212
34.02400246179095,99.99685593650307
34.034259924094776,99.9968585070727
34.0445173863986,99.99686107326569
34.05477484870243,99.99686363887508
34.065032311006256,99.9968662008212
34.07528977331008,99.99686875968425
34.08554723561391,99.99687131247386
34.095804697917735,99.99687386491428
34.10606216022156,99.99687641612907
34.11631962252539,99.9968789664402
34.126577084829215,99.99688151262013
34.13683454713304,99.99688405830196
34.14709200943686,99.9968866037226
34.15734947174069,99.99688914511026
34.16760693404452,99.99689168350302
34.17786439634835,99.99689421797856
34.188121858652174,99.9968967520815
34.19837932095599,99.99689928121892
34.20863678325982,99.99690181016558
34.21889424556365,99.99690433725857
34.22915170786747,99.996906864097
34.2394091701713,99.9969093885496
34.249666632475126,99.99691191235625
34.25992409477895,99.99691443593106
34.27018155708278,99.99691695936893
34.280439019386606,99.99691947095187
34.29069648169043,99.99692198187154
34.30095394399426,99.99692449170607
34.31121140629808,99.99692700012056
34.321468868601904,99.996929506907
34.33172633090573,99.99693201155284
34.34198379320956,99.99693451468744
34.35224125551339,99.9969370171978
34.36249871781721,99.99693951866249
34.37275618012104,99.99694201868819
34.383013642424864,99.99694451831078
34.39327110472869,99.99694701402156
34.40352856703252,99.99694950911801
34.41378602933634,99.99695200288943
34.42404349164016,99.99695449547639
34.43430095394399,99.99695698804938
34.44455841624782,99.9969594756339
34.45481587855165,99.99696196080977
34.465073340855476,99.99696444570448
34.475330803159295,99.99696693048679
34.48558826546312,99.9969694137966
34.49584572776695,99.99697189556129
34.506103190070775,99.99697437481035
34.5163606523746,99.99697685365389
34.52661811467843,99.99697933068383
34.536875576982254,99.99698180030853
34.54713303928608,99.99698426862554
34.55739050158991,99.99698673428806
34.567647963893734,99.99698919979684
34.57790542619756,99.99699166232853
34.58816288850139,99.99699412173611
34.598420350805206,99.99699657861431
34.60867781310903,99.99699903463907
34.618935275412866,99.99700148948475
34.62919273771669,99.99700394337778
34.63945020002052,99.99700639452062
34.64970766232434,99.99700884541703
34.659965124628165,99.99701129540098
34.67022258693199,99.99701374405223
34.68048004923582,99.9970161900348
34.690737511539645,99.99701863541193
34.70099497384347,99.99702107593674
34.7112524361473,99.99702351525104
34.721509898451124,99.99702595413497
34.73176736075495,99.99702839280124
34.74202482305878,99.99703082824047
34.752282285362604,99.9970332630024
34.76253974766642,99.99703569643934
34.77279720997025,99.9970381270905
34.783054672274076,99.99704055713006
34.7933121345779,99.99704298657025
34.80356959688174,99.99704541426087
34.813827059185556,99.99704783924278
34.82408452148938,99.99705025666582
34.83434198379321,99.99705266822237
34.844599446097035,99.9970550760551
34.85485690840086,99.99705747947496
34.86511437070469,99.997059876147
34.875371833008515,99.99706227153627
34.885629295312334,99.99706466684496
34.89588675761617,99.99706705630439
34.906144219919994,99.99706944575352
34.91640168222382,99.99707183432976
34.92665914452765,99.99707422021598
34.93691660683147,99.9970766055315
34.94717406913529,99.99707899040018
34.95743153143912,99.99708137422607
34.96768899374295,99.99708375729344
34.97794645604678,99.99708613919796
34.9882039183506,99.9970885189303
34.998461380654426,99.99709089467362
35.00871884295825,99.99709326774526
35.01897630526208,99.99709563933963
35.029233767565906,99.99709800753762
35.03949122986973,99.99710037421417
35.04974869217355,99.99710273786782
35.06000615447738,99.99710510140382
35.07026361678121,99.99710746194586
35.08052107908504,99.9971098192659
35.090778541388865,99.99711217623121
35.101036003692684,99.99711453218715
35.11129346599651,99.99711688734986
35.12155092830034,99.9971192409133
35.131808390604164,99.9971215922649
35.14206585290799,99.99712393292447
35.15232331521182,99.99712626389592
35.16258077751564,99.99712859231028
35.17283823981947,99.99713091881188
35.183095702123296,99.99713324463366
35.19335316442712,99.99713556907884
35.20361062673095,99.99713789164856
35.213868089034776,99.99714021275935
35.224125551338595,99.99714253384282
35.23438301364242,99.99714485467767
35.24464047594625,99.99714717386928
35.25489793825008,99.99714949179582
35.26515540055391,99.99715180864594
35.27541286285773,99.99715412334902
35.285670325161554,99.99715643762495
35.29592778746538,99.99715875159659
35.30618524976921,99.99716105890388
35.316442712073034,99.99716335720123
35.32670017437686,99.99716565032043
35.33695763668068,99.99716794302832
35.34721509898451,99.99717023535645
35.35747256128834,99.9971725272708
35.367730023592166,99.99717481710256
35.37798748589599,99.99717710545595
35.38824494819981,99.99717939197656
35.39850241050364,99.99718167582704
35.408759872807465,99.99718395902222
35.41901733511129,99.99718624202588
35.42927479741512,99.9971885238949
35.439532259718945,99.99719079357463
35.44978972202277,99.99719306311839
35.4600471843266,99.99719533144128
35.470304646630424,99.99719759884398
35.48056210893425,99.99719986478605
35.49081957123808,99.99720212896499
35.5010770335419,99.99720438977691
35.51133449584572,99.99720665024553
35.52159195814956,99.99720890992336
35.53184942045338,99.99721116522545
35.54210688275721,99.99721341833053
35.55236434506103,99.9972156704818
35.562621807364856,99.99721792168002
35.57287926966868,99.99722017186521
35.58313673197251,99.99722242157573
35.593394194276335,99.99722467125062
35.60365165658016,99.99722691882269
35.61390911888399,99.99722916212271
35.624166581187815,99.99723140348102
35.63442404349164,99.99723364299949
35.64468150579547,99.99723588059653
35.654938968099295,99.99723811588943
35.66519643040312,99.99724035006054
35.67545389270694,99.99724258420196
35.68571135501077,99.99724481779292
35.69596881731459,99.99724705131673
35.70622627961843,99.99724928342778
35.716483741922254,99.99725151257891
35.72674120422607,99.99725374020579
35.7369986665299,99.99725596617344
35.747256128833726,99.99725818877491
35.75751359113755,99.99726040550178
35.76777105344138,99.99726262149932
35.778028515745206,99.99726482800982
35.788285978049025,99.99726703255783
35.79854344035286,99.99726923461351
35.808800902656685,99.99727143505139
35.81905836496051,99.99727363431164
35.82931582726434,99.99727583016012
35.83957328956816,99.99727802379543
35.849830751871984,99.99728021635838
35.86008821417581,99.9972824080767
35.87034567647964,99.99728459929108
35.880603138783464,99.99728678949117
35.89086060108729,99.9972889773974
35.90111806339112,99.99729116358091
35.91137552569494,99.99729334960202
35.92163298799877,99.99729553489472
35.931890450302596,99.99729771832267
35.94214791260642,99.9972999000881
35.95240537491024,99.9973020814617
35.96266283721407,99.99730426116825
35.9729202995179,99.99730644034697
35.98317776182173,99.9973086185536
35.993435224125555,99.99731079387729
36.003692686429375,99.99731296887882
36.0139501487332,99.99731514207308
36.02420761103703,99.9973173135127
36.034465073340854,99.99731948470904
36.04472253564468,99.99732165255753
36.05497999794851,99.99732381948665
36.065237460252334,99.99732598559582
36.07549492255616,99.99732815045343
36.08575238485999,99.99733031317494
36.09600984716381,99.99733247489962
36.10626730946764,99.99733463658865
36.116524771771466,99.99733679754615
36.126782234075286,99.99733895552183
36.13703969637911,99.99734111319299
36.14729715868294,99.99734327026074
36.15755462098677,99.99734542653661
36.1678120832906,99.99734758185286
36.17806954559442,99.9973497359682
36.188327007898245,99.9973518891305
36.19858447020207,99.99735404138794
36.2088419325059,99.99735619321267
36.219099394809724,99.9973583417487
36.22935685711355,99.997360485543
36.23961431941737,99.99736262846258
36.249871781721204,99.99736477080971
36.26012924402503,99.9973669130425
36.27038670632886,99.9973690539817
36.28064416863268,99.99737119345431
36.2909016309365,99.99737333219527
36.30115909324033,99.99737547032733
36.311416555544156,99.99737760594772
36.32167401784798,99.99737974099071
36.33193148015181,99.99738187501956
36.342188942455635,99.99738400752639
36.35244640475946,99.99738613893638
36.36270386706329,99.99738826024718
36.372961329367115,99.99739037758064
36.38321879167094,99.99739249459897
36.39347625397477,99.99739460895415
36.403733716278595,99.99739672027826
36.413991178582414,99.99739883081898
36.42424864088624,99.99740093938674
36.434506103190074,99.99740304744294
36.4447635654939,99.99740515290209
36.45502102779773,99.99740725413272
36.46527849010155,99.99740935489754
36.47553595240537,99.99741145066994
36.4857934147092,99.99741354548324
36.496050877013026,99.99741563915951
36.50630833931685,99.99741772949548
36.51656580162068,99.99741981469327
36.526823263924506,99.99742189853279
36.53708072622833,99.99742398107867
36.54733818853216,99.99742606319867
36.557595650835985,99.99742814476886
36.56785311313981,99.9974302234561
36.57811057544363,99.99743230199226
36.58836803774746,99.997434378596
36.598625500051284,99.99743645476153
36.60888296235512,99.99743852849605
36.619140424658944,99.99744060077097
36.629397886962764,99.99744266464945
36.63965534926659,99.99744472679696
36.64991281157042,99.99744678860144
36.66017027387424,99.99744885025346
36.67042773617807,99.99745091028441
36.680685198481896,99.99745296898186
36.69094266078572,99.99745502556794
36.70120012308955,99.99745708156807
36.711457585393376,99.99745913735484
36.7217150476972,99.99746119013507
36.73197251000103,99.99746324240924
36.742229972304855,99.99746528778527
36.752487434608675,99.99746733258638
36.7627448969125,99.99746937698437
36.77300235921633,99.997471420224
36.783259821520154,99.99747346127613
36.79351728382399,99.99747550052545
36.80377474612781,99.9974775374605
36.814032208431634,99.99747957305881
36.82428967073546,99.99748160218044
36.83454713303929,99.99748362739348
36.84480459534311,99.99748565250094
36.85506205764694,99.99748767538233
36.86531951995076,99.99748969703568
36.875576982254586,99.99749171849153
36.88583444455842,99.99749373978625
36.896091906862246,99.99749575775716
36.90634936916607,99.99749777498454
36.91660683146989,99.99749979189761
36.92686429377372,99.99750180775528
36.937121756077545,99.99750382274065
36.94737921838137,99.99750583726217
36.9576366806852,99.99750784803089
36.967894142989024,99.99750985832976
36.97815160529285,99.99751186823876
36.98840906759668,99.9975138773195
36.998666529900504,99.99751588608933
37.00892399220433,99.9975178941985
37.01918145450816,99.99751990155958
37.029438916811976,99.99752190642825
37.0396963791158,99.99752391026074
37.04995384141963,99.99752591342518
37.06021130372346,99.9975279104044
37.07046876602729,99.9975299069945
37.08072622833111,99.99753190174921
37.090983690634935,99.99753389539201
37.10124115293876,99.99753588868724
37.11149861524259,99.99753788058541
37.121756077546415,99.99753987089565
37.13201353985024,99.99754186094539
37.14227100215407,99.9975438503901
37.152528464457895,99.99754583968483
37.16278592676172,99.99754782711936
37.17304338906555,99.99754981364784
37.183300851369374,99.99755179615107
37.1935583136732,99.99755377713693
37.20381577597702,99.99755575552473
37.21407323828085,99.99755773329063
37.22433070058467,99.99755971073694
37.2345881628885,99.9975616876171
37.24484562519233,99.99756366429766
37.25510308749615,99.99756564052923
37.26536054979998,99.99756761520217
37.275618012103806,99.99756958546205
37.28587547440763,99.99757155448987
37.29613293671146,99.99757352056942
37.306390399015285,99.99757548349126
37.316647861319105,99.99757744532326
37.32690532362293,99.99757940531951
37.337162785926765,99.9975813643536
37.34742024823059,99.99758332194901
37.35767771053442,99.99758527894218
37.36793517283824,99.99758723508691
37.378192635142064,99.9975891868038
37.38845009744589,99.9975911378398
37.39870755974972,99.99759308869024
37.40896502205354,99.99759503674694
37.41922248435737,99.99759698427742
37.429479946661196,99.99759892836377
37.43973740896502,99.99760087164077
37.44999487126885,99.99760281097113
37.460252333572676,99.99760475029763
37.4705097958765,99.99760668890742
37.48076725818032,99.99760862691498
37.49102472048415,99.99761056387739
37.501282182787975,99.99761250078258
37.51153964509181,99.99761443727795
37.521797107395635,99.99761637198968
37.532054569699454,99.99761830608767
37.54231203200328,99.99762023849833
37.55256949430711,99.99762216959294
37.562826956610934,99.99762409757867
37.57308441891476,99.99762602378237
37.58334188121859,99.99762794629642
37.59359934352241,99.99762986684043
37.60385680582624,99.99763178612162
37.614114268130066,99.99763370208122
37.62437173043389,99.99763561788357
37.63462919273772,99.99763753318032
37.644886655041546,99.99763944610997
37.655144117345365,99.99764135615993
37.66540157964919,99.99764326398537
37.67565904195302,99.99764517108802
37.685916504256845,99.99764707782043
37.69617396656068,99.99764898260338
37.7064314288645,99.99765088663978
37.716688891168324,99.99765279017424
37.72694635347215,99.99765469219324
37.73720381577598,99.99765659086816
37.747461278079804,99.99765848920713
37.75771874038363,99.99766038706807
37.76797620268745,99.99766228469008
37.778233664991276,99.99766417911283
37.78849112729511,99.99766606880544
37.79874858959894,99.99766795792272
37.80900605190276,99.99766984600397
37.81926351420658,99.99767173085394
37.82952097651041,99.99767361408857
37.839778438814236,99.9976754970712
37.85003590111806,99.99767737965749
37.86029336342189,99.9976792616679
37.870550825725715,99.99768114071364
37.88080828802954,99.99768301902365
37.89106575033337,99.99768489575213
37.901323212637195,99.99768676922037
37.91158067494102,99.99768864210029
37.92183813724485,99.99769051356
37.932095599548674,99.99769238410087
37.942353061852494,99.99769425159083
37.95261052415632,99.99769611866698
37.96286798646015,99.9976979846511
37.97312544876398,99.99769984984451
37.98338291106781,99.99770171482103
37.993640373371626,99.9977035780186
38.00389783567545,99.99770544116122
38.01415529797928,99.99770730380841
38.024412760283106,99.99770916477082
38.03467022258693,99.9977110249168
38.04492768489076,99.99771288423108
38.055185147194585,99.99771473967057
38.06544260949841,99.99771659074781
38.07570007180224,99.99771844164754
38.085957534106065,99.99772028831919
38.09621499640989,99.99772213453224
38.10647245871371,99.99772397915149
38.11672992101754,99.99772582368294
38.126987383321364,99.99772766544453
38.13724484562519,99.9977295067627
38.147502307929024,99.9977313477311
38.15775977023284,99.99773318831362
38.16801723253667,99.99773502599612
38.178274694840496,99.99773686326688
38.18853215714432,99.99773870031173
38.19878961944815,99.99774053640616
38.209047081751976,99.99774237212137
38.2193045440558,99.99774420665071
38.22956200635962,99.99774604099709
38.239819468663455,99.99774787497905
38.25007693096728,99.997749707683
38.26033439327111,99.99775153849839
38.270591855574935,99.99775336866358
38.280849317878754,99.99775519812871
38.29110678018258,99.99775702585778
38.30136424248641,99.99775884952035
38.311621704790234,99.99776067263329
38.32187916709406,99.99776249470153
38.33213662939789,99.99776431449398
38.34239409170171,99.99776613247246
38.35265155400554,99.99776795023386
38.36290901630937,99.9977697670337
38.37316647861319,99.99777158232484
38.38342394091702,99.9977733970285
38.39368140322084,99.99777520875308
38.403938865524665,99.9977770204652
38.41419632782849,99.99777883183185
38.424453790132326,99.99778064256792
38.43471125243615,99.99778245089192
38.44496871473997,99.99778425337425
38.4552261770438,99.99778605576702
38.465483639347624,99.99778785781125
38.47574110165145,99.99778965575359
38.48599856395528,99.99779145337784
38.496256026259104,99.99779324905263
38.50651348856292,99.99779504422301
38.51677095086676,99.99779683925698
38.527028413170584,99.9977986341984
38.53728587547441,99.99780042899867
38.54754333777824,99.99780222261643
38.557800800082056,99.99780401540328
38.56805826238588,99.99780580799288
38.57831572468971,99.99780759874281
38.588573186993536,99.99780938943523
38.59883064929737,99.99781117828289
38.60908811160119,99.99781296709672
38.619345573905015,99.99781475387805
38.62960303620884,99.99781653944201
38.63986049851267,99.99781832479016
38.650117960816495,99.9978201067939
38.66037542312032,99.99782188771195
38.67063288542415,99.9978236676612
38.68089034772797,99.99782544708442
38.6911478100318,99.99782722604664
38.70140527233563,99.99782900335616
38.711662734639454,99.9978307793788
38.72192019694328,99.99783255532186
38.7321776592471,99.9978343310601
38.742435121550926,99.99783610668784
38.75269258385475,99.9978378815592
38.76295004615858,99.99783965471683
38.773207508462406,99.99784142783301
38.78346497076623,99.99784320070975
38.79372243307006,99.997844970356
38.803979895373885,99.99784673835362
38.81423735767771,99.99784850480745
38.82449481998154,99.99785027092605
38.834752282285365,99.9978520354972
38.845009744589184,99.9978537986648
38.85526720689301,99.99785556167564
38.86552466919684,99.9978573246254
38.87578213150067,99.99785908662116
38.8860395938045,99.9978608484253
38.89629705610832,99.99786260997578
38.90655451841214,99.9978643704196
38.91681198071597,99.99786613031819
38.927069443019796,99.99786788864195
38.93732690532362,99.99786964291435
38.94758436762745,99.99787139523211
38.95784182993127,99.99787314746882
38.9680992922351,99.9978748944512
38.97835675453893,99.99787664128702
38.988614216842755,99.99787838793705
38.99887167914658,99.99788013337948
39.0091291414504,99.99788187828855
39.01938660375423,99.99788362248543
39.029644066058054,99.99788536560888
39.03990152836188,99.99788710693812
39.050158990665714,99.99788883908217
39.060416452969534,99.99789057003527
39.07067391527336,99.9978923009523
39.08093137757719,99.99789402364317
39.09118883988101,99.99789574296894
39.10144630218484,99.9978974609806
39.11170376448867,99.99789917859509
39.12196122679249,99.99790089501452
39.13221868909631,99.99790260985841
39.142476151400146,99.99790432452228
39.15273361370397,99.99790603655855
39.1629910760078,99.99790774510296
39.173248538311626,99.99790945235502
39.183506000615445,99.99791115750106
39.19376346291927,99.99791286012328
39.2040209252231,99.99791456137626
39.214278387526925,99.99791626161701
39.22453584983075,99.99791796090389
39.23479331213458,99.99791966001351
39.245050774438404,99.99792135512409
39.25530823674223,99.99792305022967
39.26556569904606,99.99792474449926
39.275823161349884,99.99792643873369
39.28608062365371,99.99792813193714
39.29633808595753,99.99792982508008
39.306595548261356,99.99793151767223
39.31685301056518,99.99793320774532
39.327110472869016,99.99793489712961
39.33736793517284,99.9979365860982
39.34762539747666,99.99793827463105
39.35788285978049,99.99793996228792
39.368140322084315,99.99794164375054
39.37839778438814,99.99794332327241
39.38865524669197,99.99794500174112
39.398912708995795,99.99794667759421
39.40917017129962,99.99794835161978
39.41942763360345,99.99795002482456
39.429685095907274,99.99795169722017
39.4399425582111,99.9979533684027
39.45020002051493,99.9979550372241
39.460457482818754,99.99795670587505
39.47071494512257,99.99795837428613
39.4809724074264,99.9979600422216
39.491229869730226,99.99796170983103
39.50148733203405,99.9979633772075
39.511744794337886,99.99796504350824
39.522002256641706,99.99796670832485
39.53225971894553,99.99796837251164
39.54251718124936,99.99797003658738
39.552774643553185,99.9979716950819
39.56303210585701,99.99797335021752
39.57328956816084,99.99797500521565
39.58354703046466,99.99797665939128
39.59380449276849,99.99797831300626
39.60406195507232,99.99797996611416
39.614319417376144,99.99798161864601
39.62457687967997,99.99798327053927
39.63483434198379,99.99798492024152
39.64509180428762,99.9979865699285
39.65534926659144,99.99798821497644
39.66560672889527,99.99798985844477
39.675864191199096,99.9979914972061
39.68612165350292,99.99799313529894
39.69637911580675,99.99799477315513
39.706636578110576,99.99799641008187
39.7168940404144,99.9979980465556
39.72715150271823,99.9979996783676
39.737408965022055,99.99800130980084
39.74766642732588,99.99800294096147
39.7579238896297,99.99800457189359
39.76818135193353,99.99800620237612
39.77843881423736,99.99800783021604
39.78869627654119,99.99800945797739
39.798953738845015,99.99801108518152
39.809211201148834,99.99801271196763
39.81946866345266,99.99801433871912
39.82972612575649,99.99801596505729
39.83998358806031,99.99801759007313
39.85024105036414,99.99801921506757
39.86049851266797,99.99802083828357
39.87075597497179,99.99802246077356
39.88101343727562,99.99802408291536
39.891270899579446,99.99802570076044
39.90152836188327,99.99802731829678
39.9117858241871,99.99802893333269
39.92204328649092,99.99803054571045
39.932300748794745,99.99803215701746
39.94255821109857,99.9980337658145
39.9528156734024,99.99803537456361
39.96307313570623,99.99803698306134
39.97333059801005,99.99803858974533
39.98358806031388,99.99804019603017
39.993845522617704,99.99804180031626
40.00410298492153,99.99804340435439
40.01436044722536,99.99804500654082
40.024617909529184,99.99804660844474
40.034875371833,99.99804820629342
40.04513283413683,99.998049803641
40.05539029644066,99.99805139973084
40.06564775874449,99.99805299484869
40.075905221048316,99.99805458964758
40.086162683352136,99.99805618318335
40.09642014565596,99.99805777588729
40.10667760795979,99.99805936790706
40.116935070263615,99.99806095815029
40.12719253256744,99.9980625470904
40.13744999487127,99.99806413595131
40.147707457175095,99.99806572379676
40.15796491947892,99.9980673106318
40.16822238178275,99.99806889571543
40.178479844086574,99.99807047784877
40.1887373063904,99.99807205944919
40.19899476869423,99.99807363958747
40.20925223099805,99.9980752197217
40.21950969330187,99.99807679571765
40.22976715560571,99.99807837017602
40.24002461790953,99.99807994427165
40.25028208021336,99.99808151717322
40.26053954251718,99.99808308781577
40.270797004821006,99.99808465774363
40.28105446712483,99.99808622694813
40.29131192942866,99.9980877939559
40.301569391732485,99.99808935996316
40.31182685403631,99.9980909238377
40.32208431634014,99.9980924871734
40.332341778643965,99.9980940485528
40.34259924094779,99.99809560766616
40.35285670325162,99.99809716523863
40.363114165555444,99.99809872280905
40.373371627859264,99.99810027957808
40.38362909016309,99.99810183539553
40.39388655246692,99.99810338930605
40.40414401477074,99.99810494298458
40.41440147707458,99.99810649614153
40.424658939378396,99.9981080480011
40.43491640168222,99.9981095990859
40.44517386398605,99.99811114851637
40.455431326289876,99.99811269791259
40.4656887885937,99.99811424660247
40.47594625089753,99.99811579465818
40.48620371320135,99.99811734267757
40.496461175505175,99.99811888940752
40.50671863780901,99.99812043473673
40.516976100112835,99.9981219794275
40.52723356241666,99.99812352297694
40.53749102472048,99.99812506495456
40.54774848702431,99.99812660602848
40.558005949328134,99.99812814569786
40.56826341163196,99.99812968287367
40.57852087393579,99.99813121746229
40.58877833623961,99.99813274918225
40.59903579854344,99.99813428078272
40.60929326084727,99.99813581209696
40.61955072315109,99.99813734314678
40.62980818545492,99.99813887381549
40.640065647758746,99.99814040256626
40.65032311006257,99.99814193079098
40.66058057236639,99.99814345849578
40.67083803467022,99.99814498480481
40.68109549697405,99.99814651104948
40.69135295927788,99.99814803692455
40.701610421581705,99.9981495626597
40.711867883885525,99.99815108619167
40.72212534618935,99.9981526094694
40.73238280849318,99.99815413272674
40.742640270797004,99.99815565586059
40.75289773310083,99.99815717816458
40.76315519540466,99.99815870046334
40.773412657708484,99.9981602223516
40.78367012001231,99.9981617441964
40.79392758231614,99.99816326567301
40.80418504461996,99.99816478684916
40.81444250692379,99.99816630719899
40.82469996922761,99.99816782719519
40.834957431531436,99.99816934616976
40.84521489383526,99.99817086353251
40.85547235613909,99.99817238060788
40.86572981844292,99.99817389622066
40.87598728074674,99.99817541151708
40.88624474305057,99.99817692602278
40.896502205354395,99.99817843659604
40.90675966765822,99.99817994286119
40.91701712996205,99.99818144763604
40.927274592265874,99.99818295180687
40.9375320545697,99.998184455495
40.94778951687352,99.99818595637102
40.958046979177354,99.9981874554719
40.96830444148118,99.9981889520702
40.97856190378501,99.99819044670349
40.98881936608883,99.99819193977369
40.99907682839265,99.99819343152288
41.00933429069648,99.99819491991852
41.019591753000306,99.99819640574084
41.02984921530413,99.99819789155629
41.04010667760796,99.99819937706626
41.050364139911785,99.99820086076082
41.06062160221561,99.99820234384431
41.07087906451944,99.9982038265576
41.081136526823265,99.99820530850842
41.09139398912709,99.99820678984432
41.10165145143092,99.99820827054529
41.11190891373474,99.9982097502644
41.122166376038564,99.99821122964865
41.1324238383424,99.99821270875792
41.142681300646224,99.99821418611151
41.15293876295005,99.99821566318788
41.16319622525387,99.99821714015317
41.173453687557696,99.99821861668386
41.18371114986152,99.99822009281192
41.19396861216535,99.99822156790812
41.204226074469176,99.998223042071
41.214483536773,99.99822451334764
41.22474099907683,99.99822598359404
41.234998461380655,99.99822745313026
41.24525592368448,99.99822892233298
41.25551338598831,99.99823039025809
41.265770848292135,99.99823185577397
41.27602831059596,99.99823332117647
41.28628577289978,99.99823478419266
41.29654323520361,99.99823624646292
41.306800697507434,99.99823770782882
41.31705815981127,99.99823916876133
41.327315622115094,99.99824062646569
41.33757308441891,99.99824208409743
41.34783054672274,99.99824354024497
41.35808800902657,99.99824499591932
41.36834547133039,99.99824645130559
41.37860293363422,99.99824790563959
41.388860395938046,99.99824935811691
41.399117858241866,99.9982508083736
41.4093753205457,99.99825225783013
41.419632782849526,99.99825370589178
41.42989024515335,99.99825515180446
41.44014770745718,99.99825659735794
41.450405169761,99.9982580419283
41.460662632064825,99.99825948332234
41.47092009436865,99.99826092229944
41.48117755667248,99.99826236122405
41.491435018976304,99.99826379980954
41.50169248128013,99.99826523801697
41.51194994358396,99.99826667504833
41.522207405887784,99.99826811162457
41.53246486819161,99.99826954752585
41.54272233049544,99.99827098323506
41.55297979279926,99.99827241868672
41.56323725510308,99.99827385380203
41.57349471740691,99.99827528639409
41.58375217971074,99.99827671763241
41.59400964201457,99.99827814871371
41.604267104318396,99.99827957974803
41.614524566622215,99.99828101007844
41.62478202892604,99.99828243894399
41.63503949122987,99.99828386760474
41.645296953533695,99.99828529613953
41.65555441583752,99.99828672435984
41.66581187814135,99.99828815111016
41.676069340445174,99.99828957657951
41.686326802749,99.99829100195338
41.69658426505283,99.99829242604082
41.706841727356654,99.99829384956767
41.71709918966048,99.9982952726814
41.72735665196431,99.99829669486475
41.737614114268126,99.99829811483619
41.74787157657195,99.9982995345398
41.75812903887578,99.99830095360879
41.76838650117961,99.99830237199636
41.77864396348344,99.99830378961053
41.78890142578726,99.99830520715464
41.799158888091085,99.9983066238939
41.80941635039491,99.99830803902555
41.81967381269874,99.99830945287812
41.829931275002565,99.99831086454041
41.84018873730639,99.99831227610598
41.85044619961021,99.99831368468674
41.860703661914044,99.99831509232536
41.87096112421787,99.9983164996425
41.8812185865217,99.99831790440216
41.891476048825524,99.9983193072709
41.90173351112934,99.99832070932699
41.91199097343317,99.9983221112872
41.922248435736996,99.99832351308467
41.93250589804082,99.99832491457963
41.94276336034465,99.99832631601129
41.953020822648476,99.99832771193522
41.9632782849523,99.9983291064949
41.97353574725613,99.99833049954738
41.983793209559956,99.99833189252104
41.99405067186378,99.99833328302968
42.00430813416761,99.99833467251837
42.01456559647143,99.99833605821449
42.024823058775254,99.9983374426053
42.03508052107908,99.99833882689224
42.045337983382915,99.99834021113146
42.05559544568674,99.99834159506203
42.06585290799056,99.9983429786036
42.07611037029439,99.99834435979487
42.086367832598214,99.99834574035646
42.09662529490204,99.99834712012834
42.10688275720587,99.99834849901649
42.11714021950969,99.99834987525466
42.12739768181352,99.99835124997088
42.137655144117346,99.99835262456781
42.14791260642117,99.99835399831387
42.158170068725,99.99835536657936
42.168427531028826,99.99835673308317
42.17868499333265,99.99835809914171
42.18894245563647,99.99835946459191
42.1991999179403,99.9983608289663
42.209457380244125,99.99836219208723
42.21971484254796,99.99836355270875
42.229972304851785,99.99836491187072
42.240229767155604,99.99836627100107
42.25048722945943,99.99836762905694
42.26074469176326,99.99836898574581
42.271002154067084,99.9983703424092
42.28125961637091,99.99837169878472
42.29151707867474,99.99837305418889
42.301774540978556,99.99837440845873
42.31203200328239,99.99837576154717
42.322289465586216,99.99837711388354
42.33254692789004,99.99837846143379
42.34280439019387,99.99837980875218
42.35306185249769,99.9983811549752
42.363319314801515,99.99838250105478
42.37357677710534,99.99838384487053
42.38383423940917,99.99838518725652
42.394091701712995,99.99838652875131
42.40434916401682,99.99838787008224
42.41460662632065,99.99838921026627
42.424864088624474,99.99839054932168
42.4351215509283,99.99839188509462
42.44537901323213,99.99839322040613
42.455636475535954,99.9983945552933
42.46589393783978,99.99839588948397
42.4761514001436,99.99839722292332
42.486408862447426,99.99839855312554
42.49666632475126,99.99839988308355
42.50692378705509,99.99840121196527
42.51718124935891,99.99840254055435
42.52743871166273,99.99840386792535
42.53769617396656,99.9984051947846
42.547953636270385,99.99840652148235
42.55821109857421,99.99840784532857
42.56846856087804,99.99840916905616
42.578726023181865,99.9984104921983
42.58898348548569,99.998411815045
42.59924094778952,99.99841313773507
42.609498410093344,99.99841446001385
42.61975587239717,99.99841578227387
42.630013334701,99.99841710422326
42.64027079700482,99.99841842514418
42.65052825930864,99.99841974597088
42.66078572161247,99.9984210659902
42.671043183916304,99.9984223854988
42.68130064622013,99.99842370304202
42.69155810852395,99.99842501791072
42.701815570827776,99.99842632927603
42.7120730331316,99.9984276405689
42.72233049543543,99.99842895167096
42.732587957739256,99.9984302619969
42.74284542004308,99.9984315717869
42.75310288234691,99.99843288080926
42.763360344650735,99.99843418965251
42.77361780695456,99.99843549696456
42.78387526925839,99.99843680426838
42.794132731562215,99.99843811096815
42.80439019386604,99.99843941724907
42.81464765616986,99.99844072128083
42.82490511847369,99.99844202501042
42.835162580777514,99.99844332500642
42.84542004308134,99.9984446239492
42.855677505385174,99.99844592239003
42.86593496768899,99.99844721987421
42.87619242999282,99.99844851621515
42.886449892296646,99.99844981192128
42.89670735460047,99.99845110749561
42.9069648169043,99.99845239925108
42.917222279208126,99.998453689504
42.927479741511945,99.998454979633
42.93773720381577,99.9984562696796
42.947994666119605,99.99845755849532
42.95825212842343,99.99845884679551
42.96850959072726,99.99846013459388
42.97876705303108,99.99846142182962
42.989024515334904,99.99846270709253
42.99928197763873,99.9984639917142
43.00953943994256,99.99846527476373
43.019796902246384,99.99846655706803
43.03005436455021,99.99846783757536
43.04031182685404,99.99846911680804
43.05056928915786,99.99847039526283
43.06082675146169,99.9984716730826
43.071084213765516,99.99847295062959
43.08134167606934,99.99847422770772
43.09159913837316,99.99847550441199
43.10185660067699,99.99847677935477
43.112114062980815,99.99847805427893
43.12237152528465,99.99847932910828
43.132628987588475,99.99848060303371
43.142886449892295,99.99848187572417
43.15314391219612,99.99848314795899
43.16340137449995,99.99848442012097
43.173658836803774,99.99848569060161
43.1839162991076,99.99848695989668
43.19417376141143,99.998488229099
43.204431223715254,99.99848949629562
43.21468868601908,99.99849076326021
43.22494614832291,99.99849202855826
43.23520361062673,99.99849329382843
43.24546107293056,99.99849455842377
43.25571853523439,99.99849581980527
43.265975997538206,99.99849708007862
43.27623345984203,99.99849834028835
43.28649092214586,99.99849960017804
43.296748384449685,99.99850085906272
43.30700584675352,99.99850211486307
43.31726330905734,99.99850337038913
43.327520771361165,99.9985046245246
43.33777823366499,99.99850587803581
43.34803569596882,99.99850713132827
43.358293158272645,99.99850838460085
43.36855062057647,99.99850963740839
43.37880808288029,99.99851089020682
43.38906554518412,99.99851214275999
43.39932300748795,99.99851339390095
43.40958046979178,99.9985146430966
43.419837932095604,99.99851589005944
43.43009539439942,99.99851713579461
43.44035285670325,99.99851837997625
43.450610319007076,99.99851962336803
43.4608677813109,99.99852086632974
43.47112524361473,99.99852210821037
43.481382705918556,99.99852334918712
43.49164016822238,99.99852458934915
43.50189763052621,99.99852582895569
43.512155092830035,99.99852706853721
43.52241255513386,99.99852830811199
43.53267001743769,99.99852954753472
43.54292747974151,99.99853078648032
43.553184942045334,99.9985320253452
43.56344240434916,99.99853326408085
43.57369986665299,99.99853450243515
43.58395732895682,99.99853573929138
43.59421479126064,99.99853697505465
43.60447225356447,99.9985382103933
43.61472971586829,99.99853944343384
43.62498717817212,99.99854067589034
43.635244640475946,99.99854190795558
43.64550210277977,99.99854313912464
43.6557595650836,99.99854436973754
43.666017027387426,99.99854559987325
43.67627448969125,99.99854682961309
43.68653195199508,99.99854805925914
43.696789414298905,99.99854928867386
43.70704687660273,99.99855051791207
43.71730433890655,99.99855174483024
43.72756180121038,99.99855297145143
43.737819263514204,99.998554195042
43.74807672581803,99.99855541860252
43.758334188121864,99.99855664141694
43.768591650425684,99.99855786307302
43.77884911272951,99.99855908274064
43.78910657503334,99.99856030172744
43.79936403733716,99.99856152063964
43.80962149964099,99.99856273864887
43.819878961944816,99.99856395619176
43.830136424248636,99.99856517340689
43.84039388655246,99.99856638939124
43.850651348856296,99.99856760512841
43.86090881116012,99.99856882074741
43.87116627346395,99.9985700362666
43.88142373576777,99.9985712516307
43.891681198071595,99.99857246620569
43.90193866037542,99.99857368042359
43.91219612267925,99.99857489310638
43.922453584983074,99.9985761057217
43.9327110472869,99.99857731713797
43.94296850959073,99.99857852755986
43.953225971894554,99.99857973761925
43.96348343419838,99.99858094717557
43.97374089650221,99.99858215501182
43.98399835880603,99.99858336125072
43.99425582110986,99.99858456644904
44.00451328341368,99.99858577144592
44.014770745717506,99.99858697584371
44.02502820802133,99.99858818007318
44.035285670325166,99.99858938426527
44.04554313262899,99.99859058617344
44.05580059493281,99.99859178525598
44.06605805723664,99.99859298049641
44.076315519540465,99.99859417513855
44.08657298184429,99.99859536883729
44.09683044414812,99.99859656190708
44.107087906451945,99.99859775279461
44.117345368755764,99.99859894138807
44.1276028310596,99.9986001283138
44.137860293363424,99.99860131334958
44.14811775566725,99.99860249784788
44.15837521797108,99.99860368166401
44.1686326802749,99.9986048650549
44.17889014257872,99.99860604652235
44.18914760488255,99.99860722680359
44.199405067186376,99.99860840701568
44.20966252949021,99.99860958691231
44.21991999179403,99.99861076549814
44.230177454097856,99.9986119438709
44.24043491640168,99.99861312178272
44.25069237870551,99.99861429966901
44.260949841009335,99.9986154771737
44.27120730331316,99.99861665402796
44.28146476561699,99.99861783082092
44.29172222792081,99.998619007194
44.30197969022464,99.99862018213717
44.31223715252847,99.9986213563913
44.322494614832294,99.9986225304734
44.33275207713612,99.99862370103966
44.34300953943994,99.99862487110073
44.35326700174377,99.99862604085243
44.36352446404759,99.99862720951623
44.37378192635142,99.99862837810521
44.384039388655246,99.99862954535293
44.39429685095907,99.99863071208857
44.4045543132629,99.99863187846518
44.414811775566726,99.9986330438403
44.42506923787055,99.9986342066828
44.43532670017438,99.99863536924032
44.445584162478205,99.998636531481
44.455841624782025,99.99863769255958
44.46609908708585,99.99863885359747
44.47635654938968,99.99864001441146
44.48661401169351,99.99864117466271
44.49687147399734,99.99864233463143
44.50712893630116,99.99864349278825
44.517386398604984,99.9986446508778
44.52764386090881,99.99864580795924
44.53790132321264,99.99864696458224
44.54815878551646,99.99864812048216
44.55841624782029,99.99864927576462
44.56867371012411,99.9986504296298
44.57893117242794,99.99865158293542
44.58918863473177,99.99865273622737
44.599446097035596,99.99865388883876
44.60970355933942,99.99865504105038
44.61996102164324,99.99865619314828
44.63021848394707,99.99865734341174
44.640475946250895,99.9986584928642
44.65073340855472,99.99865964199181
44.660990870858555,99.99866079089215
44.671248333162374,99.9986619397541
44.6815057954662,99.99866308820056
44.69176325777003,99.99866423635684
44.702020720073854,99.99866538440011
44.71227818237768,99.99866653188319
44.72253564468151,99.99866767899047
44.73279310698533,99.99866882517293
44.74305056928915,99.99866997104907
44.75330803159299,99.99867111464164
44.76356549389681,99.99867225508584
44.77382295620064,99.99867339445595
44.784080418504466,99.99867452933712
44.794337880808285,99.99867566320965
44.80459534311211,99.99867679570193
44.81485280541594,99.9986779275309
44.825110267719765,99.99867905933904
44.83536773002359,99.99868019098197
44.84562519232742,99.99868132110782
44.855882654631245,99.99868245077404
44.86614011693507,99.99868357864278
44.8763975792389,99.99868470559703
44.886655041542724,99.99868583232428
44.89691250384655,99.99868695818569
44.90716996615037,99.99868808374842
44.9174274284542,99.99868920860645
44.92768489075802,99.998690332769
44.93794235306186,99.99869145672415
44.94819981536568,99.99869257627805
44.9584572776695,99.99869369565884
44.96871473997333,99.99869481491307
44.978972202277156,99.99869593412282
44.98922966458098,99.99869704857583
44.99948712688481,99.99869816291978
45.009744589188635,99.99869927658331
45.020002051492455,99.99870038947269
45.03025951379629,99.99870149949743
45.040516976100115,99.99870260880758
45.05077443840394,99.99870371741738
45.06103190070777,99.99870482587535
45.07128936301159,99.99870593376802
45.081546825315414,99.99870704069059
45.09180428761924,99.99870814657208
45.10206174992307,99.99870925119781
45.11231921222689,99.99871035566782
45.12257667453072,99.99871145944994
45.132834136834546,99.99871256259817
45.14309159913837,99.99871366308366
45.1533490614422,99.9987147630524
45.163606523746026,99.99871586233317
45.17386398604985,99.99871695930747
45.18412144835368,99.99871805489128
45.1943789106575,99.99871914860996
45.20463637296133,99.99872024067923
45.21489383526516,99.99872133270158
45.225151297568985,99.99872242411277
45.23540875987281,99.99872351545875
45.24566622217663,99.99872460624314
45.25592368448046,99.99872569642913
45.266181146784284,99.99872678447696
45.27643860908811,99.99872787072468
45.28669607139194,99.99872895641681
45.29695353369576,99.99873004169731
45.30721099599959,99.99873112679323
45.317468458303416,99.99873221038388
45.32772592060724,99.99873329328169
45.33798338291107,99.99873437555839
45.348240845214896,99.99873545716967
45.358498307518715,99.99873653664197
45.36875576982254,99.99873761601177
45.37901323212637,99.99873869496508
45.3892706944302,99.99873977368625
45.39952815673403,99.99874085168751
45.40978561903785,99.99874192803395
45.420043081341674,99.9987430041646
45.4303005436455,99.99874408007891
45.44055800594933,99.99874515598877
45.450815468253154,99.99874623113482
45.46107293055698,99.99874730524907
45.47133039286081,99.9987483784165
45.48158785516463,99.99874945016283
45.49184531746846,99.9987505197353
45.50210277977229,99.9987515885961
45.51236024207611,99.99875265609438
45.52261770437994,99.99875372337577
45.53287516668376,99.99875479017761
45.543132628987586,99.99875585659433
45.55339009129141,99.99875692273858
45.56364755359524,99.99875798568074
45.57390501589907,99.9987590440458
45.58416247820289,99.99876010192888
45.59441994050672,99.99876115961376
45.604677402810545,99.99876221533901
45.61493486511437,99.99876327018318
45.6251923274182,99.99876432501974
45.635449789722024,99.99876537914967
45.645707252025844,99.99876643309831
45.65596471432967,99.9987674868739
45.666222176633504,99.99876854037457
45.67647963893733,99.99876959318343
45.68673710124116,99.99877064575183
45.696994563544976,99.99877169786448
45.7072520258488,99.9987727487722
45.71750948815263,99.99877379652587
45.727766950456456,99.99877484406224
45.73802441276028,99.99877589050847
45.74828187506411,99.99877693591831
45.758539337367935,99.99877798072345
45.76879679967176,99.99877902448931
45.77905426197559,99.9987800680527
45.789311724279415,99.99878111145347
45.79956918658324,99.99878215457805
45.80982664888707,99.99878319565791
45.82008411119089,99.99878423564061
45.830341573494714,99.99878527490198
45.84059903579855,99.99878631381952
45.850856498102374,99.99878734976596
45.8611139604062,99.99878838565625
45.87137142271002,99.99878941950055
45.881628885013846,99.99879045167468
45.89188634731767,99.99879148307387
45.9021438096215,99.99879251276246
45.912401271925326,99.99879354176974
45.92265873422915,99.99879456998232
45.93291619653298,99.9987955973261
45.943173658836805,99.99879662154628
45.95343112114063,99.99879764551972
45.96368858344446,99.99879866762946
45.973946045748285,99.99879968969253
45.984203508052104,99.99880071171239
45.99446097035593,99.99880173252149
46.00471843265976,99.99880275332256
46.014975894963584,99.99880377366718
46.02523335726742,99.99880479397363
46.03549081957124,99.9988058134376
46.04574828187506,99.99880682982283
46.05600574417889,99.99880784469904
46.066263206482716,99.99880885760234
46.07652066878654,99.99880987041576
46.08677813109037,99.99881088271643
46.09703559339419,99.99881189472
46.107293055698015,99.99881290604856
46.11755051800185,99.99881391708384
46.127807980305676,99.99881492564772
46.1380654426095,99.99881593362707
46.14832290491332,99.9988169401854
46.15858036721715,99.99881794549385
46.168837829520974,99.99881895049302
46.1790952918248,99.99881995340274
46.18935275412863,99.99882095599662
46.199610216432454,99.99882195849418
46.20986767873628,99.99882296010874
46.22012514104011,99.99882396019997
46.230382603343934,99.99882495973775
46.24064006564776,99.99882595744994
46.25089752795159,99.9988269542347
46.26115499025541,99.99882794718091
46.27141245255923,99.9988289400354
46.28166991486306,99.9988299309286
46.29192737716689,99.9988309216566
46.30218483947072,99.99883191190762
46.312442301774546,99.99883290183038
46.322699764078365,99.99883389153683
46.33295722638219,99.99883488007836
46.34321468868602,99.9988358675211
46.353472150989845,99.99883685355337
46.36372961329367,99.998837839303
46.3739870755975,99.99883882293099
46.384244537901324,99.99883980376053
46.39450200020515,99.9988407835088
46.40475946250898,99.99884176265958
46.415016924812804,99.99884274151472
46.42527438711663,99.99884372006093
46.43553184942045,99.99884469745619
46.445789311724276,99.99884567427048
46.4560467740281,99.99884664953223
46.46630423633193,99.99884762470705
46.47656169863576,99.99884859970521
46.48681916093958,99.99884957423096
46.49707662324341,99.99885054818097
46.507334085547235,99.99885152191631
46.51759154785106,99.99885249544876
46.52784901015489,99.9988534689157
46.538106472458715,99.99885444227445
46.548363934762534,99.99885541498983
46.55862139706636,99.9988563864214
46.568878859370194,99.99885735671407
46.57913632167402,99.99885832610687
46.58939378397785,99.99885929544307
46.59965124628167,99.99886026310611
46.60990870858549,99.99886122998386
46.62016617088932,99.99886219676213
46.630423633193146,99.99886316346725
46.64068109549697,99.99886412934345
46.6509385578008,99.99886509516142
46.661196020104626,99.99886606056867
46.67145348240845,99.99886702546121
46.68171094471228,99.99886799016903
46.691968407016105,99.9988689538346
46.70222586931993,99.99886991664137
46.71248333162376,99.998870879095
46.72274079392758,99.99887184153951
46.732998256231404,99.99887280396348
46.74325571853524,99.99887376535706
46.753513180839064,99.99887472667307
46.76377064314289,99.99887568723337
46.77402810544671,99.9988766467003
46.78428556775054,99.99887760543203
46.79454303005436,99.998878563136
46.80480049235819,99.99887952023822
46.81505795466202,99.9988804772062
46.82531541696584,99.99888143380385
46.83557287926967,99.99888238950983
46.845830341573496,99.99888334406461
46.85608780387732,99.9988842981364
46.86634526618115,99.998885252177
46.876602728484976,99.9988862061392
46.886860190788795,99.99888715945004
46.89711765309262,99.99888811172445
46.90737511539645,99.99888906273297
46.917632577700275,99.9988900130746
46.92789004000411,99.99889096334078
46.93814750230793,99.99889191075594
46.948404964611754,99.99889285802051
46.95866242691558,99.99889380286469
46.96891988921941,99.99889474668964
46.979177351523234,99.9988956892056
46.98943481382706,99.99889663113292
46.99969227613089,99.99889757300912
47.009949738434706,99.9988985137532
47.02020720073854,99.99889945313826
47.030464663042366,99.99890039237125
47.04072212534619,99.99890133142317
47.05097958765002,99.99890226972119
47.06123704995384,99.99890320768532
47.071494512257665,99.9989041445739
47.08175197456149,99.99890507925862
47.09200943686532,99.99890601386143
47.102266899169145,99.99890694835352
47.11252436147297,99.99890788272697
47.1227818237768,99.99890881677281
47.133039286080624,99.99890975036718
47.14329674838445,99.99891068369288
47.15355421068828,99.99891161682093
47.163811672992104,99.99891254892954
47.17406913529592,99.99891348058141
47.18432659759975,99.99891441117768
47.19458405990358,99.998915341448
47.20484152220741,99.99891627081918
47.215098984511236,99.9989171993522
47.225356446815056,99.99891812682094
47.23561390911888,99.99891905394438
47.24587137142271,99.99891998036873
47.256128833726535,99.99892090651944
47.26638629603036,99.99892183251286
47.27664375833419,99.99892275722631
47.286901220638015,99.99892368193674
47.29715868294184,99.99892460610693
47.30741614524567,99.99892552996992
47.317673607549494,99.99892645307774
47.32793106985332,99.99892737599507
47.33818853215715,99.99892829751869
47.34844599446097,99.99892921744592
47.35870345676479,99.99893013712133
47.36896091906862,99.99893105619925
47.37921838137245,99.998931974272
47.38947584367628,99.99893289206422
47.3997333059801,99.99893380920827
47.409990768283926,99.99893472573314
47.42024823058775,99.99893564123579
47.43050569289158,99.9989365561835
47.440763155195405,99.99893747071354
47.45102061749923,99.998938385191
47.46127807980305,99.99893929948428
47.471535542106885,99.99894021369033
47.48179300441071,99.99894112788921
47.49205046671454,99.99894204085142
47.502307929018365,99.9989429536389
47.512565391322184,99.99894386581867
47.52282285362601,99.9989447777001
47.53308031592984,99.99894568855407
47.54333777823366,99.99894659934233
47.55359524053749,99.99894750782676
47.56385270284132,99.99894841606313
47.57411016514514,99.99894932388257
47.58436762744897,99.99895023135295
47.594625089752796,99.99895113878932
47.60488255205662,99.99895204539855
47.61514001436045,99.99895295169028
47.62539747666427,99.99895385685788
47.635654938968095,99.99895476183912
47.64591240127192,99.99895566533273
47.656169863575755,99.998956568633
47.66642732587958,99.99895747062095
47.6766847881834,99.99895837175417
47.68694225048723,99.99895927278367
47.697199712791054,99.99896017230694
47.70745717509488,99.99896107042899
47.71771463739871,99.99896196838341
47.727972099702534,99.99896286583954
47.73822956200636,99.99896376292621
47.74848702431019,99.99896465944431
47.75874448661401,99.99896555517354
47.76900194891784,99.99896644850632
47.779259411221666,99.99896734152314
47.78951687352549,99.99896823347892
47.79977433582931,99.99896912417077
47.81003179813314,99.99897001416855
47.820289260436965,99.99897090385073
47.8305467227408,99.99897179197558
47.840804185044625,99.99897267983098
47.851061647348445,99.99897356567098
47.86131910965227,99.9989744513949
47.8715765719561,99.99897533674729
47.881834034259924,99.99897622094453
47.89209149656375,99.99897710197642
47.90234895886758,99.99897798274185
47.9126064211714,99.99897886172644
47.92286388347523,99.99897973983043
47.93312134577906,99.99898061773652
47.94337880808288,99.99898149491919
47.95363627038671,99.99898237179606
47.96389373269053,99.9989832483951
47.974151194994356,99.99898412419559
47.98440865729818,99.99898499903105
47.99466611960201,99.99898587199651
48.004923581905835,99.99898674458414
48.01518104420966,99.9989876166914
48.02543850651349,99.99898848812987
48.035695968817315,99.99898935899144
48.04595343112114,99.99899022916927
48.05621089342497,99.99899109863489
48.066468355728794,99.99899196761213
48.076725818032614,99.99899283631773
48.08698328033644,99.99899370340705
48.09724074264027,99.99899456877239
48.1074982049441,99.99899543395468
48.11775566724793,99.99899629819599
48.128013129551746,99.99899716223189
48.13827059185557,99.99899802587615
48.1485280541594,99.99899888906874
48.158785516463226,99.99899975221074
48.16904297876705,99.99900061503392
48.17930044107088,99.99900147780288
48.189557903374705,99.99900233978285
48.19981536567853,99.99900320111944
48.21007282798236,99.99900406207428
48.220330290286185,99.99900492102282
48.23058775259001,99.99900577948337
48.24084521489384,99.99900663693471
48.25110267719766,99.99900749430171
48.261360139501484,99.99900835052273
48.27161760180531,99.99900920671585
48.281875064109144,99.99901006222565
48.29213252641297,99.99901091682281
48.30238998871679,99.99901177072374
48.31264745102062,99.99901262446207
48.32290491332444,99.99901347632661
48.33316237562827,99.9990143272083
48.343419837932096,99.99901517681734
48.35367730023592,99.99901602634498
48.36393476253974,99.99901687463402
48.374192224843576,99.99901772289905
48.3844496871474,99.99901857061498
48.39470714945123,99.99901941542171
48.404964611755055,99.99902025695947
48.415222074058875,99.99902109772133
48.4254795363627,99.99902193845719
48.43573699866653,99.99902277849371
48.445994460970354,99.99902361830472
48.45625192327418,99.99902445599326
48.46650938557801,99.99902529354287
48.476766847881834,99.99902613107145
48.48702431018566,99.99902696748214
48.49728177248949,99.99902780347047
48.50753923479331,99.99902863565381
48.51779669709714,99.99902946739108
48.528054159400966,99.99903029904567
48.538311621704786,99.9990311300807
48.54856908400861,99.99903196035632
48.558826546312446,99.99903278983588
48.56908400861627,99.99903361830091
48.5793414709201,99.99903444619383
48.58959893322392,99.99903527391119
48.599856395527745,99.999036101253
48.61011385783157,99.99903692687269
48.6203713201354,99.99903775185288
48.630628782439224,99.99903857654779
48.64088624474305,99.99903940051131
48.65114370704688,99.99904022415707
48.661401169350704,99.99904104741607
48.67165863165453,99.99904187040126
48.68191609395836,99.99904269312464
48.69217355626218,99.99904351540893
48.702431018566,99.99904433724099
48.71268848086983,99.99904515871387
48.722945943173656,99.99904598010652
48.73320340547749,99.99904680068174
48.743460867781316,99.99904762040953
48.753718330085135,99.99904843896566
48.76397579238896,99.99904925717838
48.77423325469279,99.99905007517529
48.784490716996615,99.9990508930128
48.79474817930044,99.99905171056247
48.80500564160427,99.99905252683595
48.815263103908094,99.99905334256059
48.82552056621192,99.99905415785692
48.83577802851575,99.99905497306904
48.846035490819574,99.9990557878753
48.8562929531234,99.9990566025626
48.86655041542723,99.9990574170309
48.876807877731046,99.99905823133408
48.88706534003487,99.99905904534413
48.8973228023387,99.99905985912852
48.907580264642526,99.99906067194115
48.91783772694636,99.9990614820409
48.92809518925018,99.99906229055895
48.938352651554005,99.9990630988078
48.94861011385783,99.99906390641789
48.95886757616166,99.99906471281908
48.969125038465485,99.99906551910054
48.97938250076931,99.99906632455466
48.98963996307313,99.99906712957237
48.99989742537696,99.99906793348968
49.01015488768079,99.99906873617208
49.02041234998462,99.99906953859612
49.030669812288444,99.99907034078518
49.04092727459226,99.99907114185314
49.05118473689609,99.99907194289943
49.06144219919992,99.99907274368142
49.07169966150374,99.9990735434692
49.08195712380757,99.99907434281317
49.092214586111396,99.99907514188877
49.10247204841522,99.99907594078223
49.11272951071905,99.99907673936528
49.122986973022876,99.99907753738174
49.1332444353267,99.99907833411605
49.14350189763053,99.99907913054918
49.15375935993435,99.99907992650662
49.164016822238175,99.99908072045525
49.174274284542,99.99908151359062
49.18453174684583,99.99908230558657
49.19478920914966,99.99908309569948
49.20504667145348,99.99908388516023
49.21530413375731,99.99908467436074
49.225561596061134,99.99908546307913
49.23581905836496,99.99908625123224
49.24607652066879,99.9990870392758
49.25633398297261,99.99908782729989
49.26659144527644,99.99908861338837
49.276848907580266,99.99908939927474
49.28710636988409,99.99909018488195
49.29736383218792,99.999090970235
49.307621294491746,99.9990917555437
49.31787875679557,99.99909254016927
49.32813621909939,99.9990933240679
49.33839368140322,99.99909410688397
49.348651143707045,99.99909488808372
49.35890860601087,99.9990956688763
49.369166068314705,99.99909644921232
49.379423530618524,99.99909722935809
49.38968099292235,99.99909800932403
49.39993845522618,99.99909878928062
49.410195917530004,99.99909956890055
49.42045337983383,99.99910034828297
49.43071084213766,99.99910112747206
49.440968304441476,99.9991019064579
49.4512257667453,99.99910268486936
49.461483229049136,99.99910346267916
49.47174069135296,99.99910424001266
49.48199815365679,99.99910501601791
49.49225561596061,99.99910579099969
49.502513078264435,99.99910656568764
49.51277054056826,99.99910734035052
49.52302800287209,99.99910811453188
49.533285465175915,99.99910888708463
49.54354292747974,99.99910965923516
49.55380038978357,99.9991104313742
49.564057852087394,99.99911120317982
49.57431531439122,99.99911197498527
49.58457277669505,99.99911274669233
49.594830238998874,99.9991135181582
49.60508770130269,99.99911428958647
49.61534516360652,99.99911506091917
49.625602625910346,99.99911583118424
49.63586008821417,99.9991166013464
49.64611755051801,99.99911737132996
49.656375012821826,99.99911814093323
49.66663247512565,99.9991189104415
49.67688993742948,99.99911967973452
49.687147399733306,99.99912044875003
49.69740486203713,99.99912121644653
49.70766232434096,99.99912198347917
49.717919786644785,99.99912275037433
49.728177248948604,99.99912351576079
49.73843471125244,99.99912428101433
49.748692173556265,99.99912504409498
49.75894963586009,99.9991258062468
49.76920709816392,99.9991265674317
49.77946456046774,99.99912732811651
49.789722022771564,99.99912808743584
49.79997948507539,99.99912884651995
49.81023694737922,99.99912960560114
49.82049440968305,99.99913036272646
49.83075187198687,99.99913111965584
49.841009334290696,99.99913187579746
49.85126679659452,99.9991326307548
49.86152425889835,99.99913338491984
49.871781721202176,99.99913413822601
49.882039183506,99.9991348911353
49.89229664580982,99.99913564375498
49.90255410811365,99.99913639563034
49.91281157041748,99.99913714721212
49.92306903272131,99.99913789781168
49.933326495025135,99.99913864834515
49.943583957328954,99.99913939885855
49.95384141963278,99.99914014872292
49.96409888193661,99.99914089850209
49.974356344240434,99.99914164773908
49.98461380654426,99.99914239689062
49.99487126884809,99.99914314570715
50.00512873115191,99.99914389308873
50.01538619345573,99.99914463961235
50.025643655759566,99.99914538500066
50.035901118063386,99.99914612987101
50.04615858036722,99.99914687426943
50.056416042671046,99.99914761864727
50.066673504974865,99.99914836176362
50.0769309672787,99.99914910416344
50.08718842958252,99.99914984634808
50.09744589188635,99.99915058820932
50.10770335419017,99.9991513279321
50.117960816494,99.99915206692462
50.12821827879782,99.9991528058839
50.13847574110165,99.99915354453333
50.148733203405484,99.99915428187151
50.158990665709304,99.99915501746729
50.16924812801313,99.99915575297823
50.17950559031695,99.99915648818475
50.18976305262078,99.99915722302141
50.2000205149246,99.99915795685095
50.210277977228436,99.99915869056055
50.220535439532256,99.99915942355668
50.23079290183608,99.99916015640964
50.241050364139916,99.99916088839089
50.251307826443735,99.9991616201053
50.26156528874757,99.99916235171558
50.27182275105139,99.99916308286879
50.282080213355215,99.99916381229284
50.29233767565904,99.99916454149374
50.30259513796287,99.99916527053915
50.31285260026669,99.99916599838392
50.32311006257052,99.99916672614708
50.33336752487435,99.99916745356057
50.343624987178174,99.99916818084951
50.353882449482,99.99916890663452
50.36413991178582,99.99916963224268
50.374397374089654,99.99917035714398
50.38465483639347,99.99917108192084
50.39491229869731,99.99917180620494
50.405169761001126,99.9991725293316
50.41542722330495,99.99917325141983
50.425684685608786,99.9991739727917
50.435942147912606,99.99917469297928
50.44619961021644,99.99917541310447
50.45645707252026,99.99917613240437
50.466714534824085,99.99917685155295
50.476971997127905,99.9991775705892
50.48722945943174,99.99917828957194
50.49748692173556,99.99917900849229
50.50774438403939,99.99917972736357
50.51800184634322,99.99918044545001
50.52825930864704,99.99918116291782
50.53851677095087,99.99918187941232
50.54877423325469,99.99918259481805
50.559031695558524,99.99918330997694
50.56928915786234,99.99918402458589
50.57954662016617,99.99918473883622
50.58980408247,99.99918545285531
50.60006154477382,99.99918616665326
50.610319007077656,99.99918687953942
50.620576469381476,99.99918759227857
50.6308339316853,99.99918830382035
50.64109139398912,99.99918901524619
50.651348856292955,99.99918972511674
50.661606318596775,99.99919043490951
50.67186378090061,99.99919114459301
50.682121243204435,99.9991918523943
50.692378705508254,99.99919255791329
50.70263616781209,99.99919326313236
50.71289363011591,99.99919396818312
50.72315109241974,99.99919467263652
50.73340855472356,99.99919537677022
50.74366601702739,99.99919608087514
50.753923479331206,99.99919678435644
50.76418094163504,99.99919748738819
50.77443840393887,99.9991981902033
50.78469586624269,99.99919889150381
50.79495332854652,99.99919959253374
50.80521079085034,99.99920029336234
50.81546825315417,99.99920099323421
50.82572571545799,99.99920169221178
50.835983177761825,99.99920239043438
50.846240640065645,99.99920308852609
50.85649810236947,99.99920378657447
50.866755564673305,99.99920448408055
50.877013026977124,99.99920518090983
50.88727048928096,99.99920587662051
50.89752795158478,99.99920657226508
50.907785413888604,99.99920726760128
50.91804287619242,99.9992079629337
50.92830033849626,99.99920865782619
50.938557800800076,99.99920935207261
50.94881526310391,99.99921004525288
50.95907272540774,99.99921073695216
50.969330187711556,99.99921142851372
50.97958765001539,99.99921212007261
50.98984511231921,99.99921281135819
51.00010257462304,99.99921350116946
51.01036003692686,99.99921418974724
51.02061749923069,99.99921487826923
51.03087496153451,99.99921556640628
51.04113242383834,99.99921625383875
51.051389886142175,99.99921694103207
51.061647348445995,99.9992176279933
51.07190481074982,99.99921831315943
51.08216227305364,99.99921899805082
51.092419735357474,99.9992196821865
51.10267719766129,99.99922036556298
51.11293465996513,99.9992210487529
51.12319212226895,99.99922173163203
51.13344958457277,99.99922241393055
51.14370704687661,99.99922309357348
51.153964509180426,99.99922377255062
51.16422197148426,99.99922445144699
51.17447943378808,99.99922512984708
51.184736896091906,99.9992258070046
51.19499435839573,99.99922648408955
51.20525182069956,99.99922716077315
51.21550928300338,99.99922783666597
51.22576674530721,99.99922851238695
51.23602420761104,99.99922918773292
51.246281669914865,99.99922986154604
51.25653913221869,99.9992305346353
51.26679659452251,99.99923120645752
51.277054056826344,99.9992318781004
51.287311519130164,99.99923254965648
51.297568981434,99.99923322117611
51.30782644373782,99.99923389263608
51.31808390604164,99.99923456287463
51.32834136834548,99.99923523291086
51.338598830649296,99.99923590181395
51.34885629295313,99.9992365705416
51.35911375525695,99.99923723922085
51.369371217560776,99.99923790782323
51.379628679864595,99.99923857614404
51.38988614216843,99.99923924373955
51.40014360447225,99.99923991122563
51.41040106677608,99.99924057866552
51.42065852907991,99.99924124410114
51.43091599138373,99.99924190948894
51.44117345368756,99.99924257424468
51.45143091599138,99.99924323840838
51.461688378295214,99.99924390157591
51.471945840599034,99.99924456428698
51.48220330290286,99.99924522576707
51.49246076520668,99.99924588563113
51.50271822751051,99.99924654532548
51.51297568981435,99.99924720362877
51.523233152118166,99.99924786117865
51.53349061442199,99.99924851863213
51.54374807672581,99.99924917481968
51.554005539029646,99.99924983087935
51.564263001333465,99.99925048693815
51.5745204636373,99.99925114122209
51.584777925941125,99.99925179542721
51.595035388244945,99.99925244872902
51.60529285054878,99.99925310166674
51.6155503128526,99.99925375455906
51.62580777515643,99.99925440722546
51.63606523746025,99.999255059428
51.64632269976408,99.99925571161386
51.6565801620679,99.99925636360572
51.66683762437173,99.99925701549223
51.677095086675564,99.99925766703683
51.68735254897938,99.99925831808977
51.69761001128321,99.99925896914272
51.70786747358703,99.99925962019104
51.71812493589086,99.99926027079977
51.72838239819468,99.99926092112173
51.738639860498516,99.99926157128154
51.748897322802335,99.9992622205055
51.75915478510616,99.99926286945075
51.769412247409996,99.99926351835899
51.779669709713815,99.9992641672575
51.78992717201765,99.99926481607856
51.80018463432147,99.99926546422688
51.810442096625295,99.9992661121657
51.82069955892912,99.99926675980348
51.83095702123295,99.99926740724324
51.84121448353677,99.99926805437777
51.8514719458406,99.99926870105949
51.86172940814443,99.99926934754276
51.871986870448254,99.99926999385657
51.88224433275208,99.9992706401173
51.8925017950559,99.99927128611968
51.90275925735973,99.99927193066142
51.91301671966355,99.99927257498223
51.923274181967386,99.99927321906816
51.933531644271206,99.99927386170683
51.94378910657503,99.99927450229588
51.954046568878866,99.99927514287302
51.964304031182685,99.99927578333627
51.97456149348652,99.99927642312909
51.98481895579034,99.99927706265136
51.995076418094165,99.99927770175992
52.005333880397984,99.99927833996448
52.01559134270182,99.99927897678387
52.02584880500564,99.9992796129069
52.03610626730947,99.9992802488387
52.0463637296133,99.99928088467826
52.05662119191712,99.99928152009491
52.06687865422095,99.9992821542481
52.07713611652477,99.9992827883951
52.0873935788286,99.99928342237425
52.09765104113242,99.99928405523599
52.10790850343625,99.99928468734369
52.11816596574007,99.99928531884532
52.1284234280439,99.9992859500881
52.138680890347736,99.99928658131701
52.148938352651555,99.99928721181809
52.15919581495538,99.99928784209541
52.1694532772592,99.99928847185379
52.179710739563035,99.99928910150075
52.189968201866854,99.9992897308816
52.20022566417069,99.99929036023472
52.21048312647451,99.99929098954115
52.220740588778334,99.99929161791094
52.23099805108217,99.99929224592816
52.24125551338599,99.99929287352079
52.25151297568982,99.99929350074761
52.26177043799364,99.99929412790674
52.272027900297466,99.99929475446858
52.282285362601286,99.99929538097759
52.29254282490512,99.99929600695417
52.30280028720894,99.99929663212177
52.31305774951277,99.99929725701675
52.3233152118166,99.99929788114363
52.33357267412042,99.99929850478664
52.34383013642425,99.99929912758284
52.35408759872807,99.99929975027433
52.364345061031905,99.99930037193683
52.374602523335724,99.99930099300613
52.38485998563955,99.99930161406752
52.39511744794337,99.99930223507947
52.405374910247204,99.99930285593933
52.41563237255104,99.99930347614946
52.42588983485486,99.99930409568817
52.43614729715868,99.99930471479914
52.4464047594625,99.99930533386289
52.45666222176634,99.99930595189257
52.466919684070156,99.99930656906413
52.47717714637399,99.99930718576799
52.48743460867781,99.99930780222068
52.497692070981635,99.99930841827326
52.50794953328547,99.99930903421527
52.51820699558929,99.99930964987446
52.52846445789312,99.99931026548819
52.53872192019694,99.99931088060819
52.54897938250077,99.99931149536731
52.55923684480459,99.99931211009833
52.56949430710842,99.99931272303792
52.579751769412255,99.99931333417722
52.590009231716074,99.99931394331747
52.6002666940199,99.99931455226687
52.61052415632372,99.99931515963955
52.620781618627554,99.99931576700149
52.63103908093137,99.99931637386472
52.64129654323521,99.99931698051029
52.651554005539026,99.99931758690582
52.66181146784285,99.99931819323426
52.672068930146686,99.99931879926824
52.682326392450506,99.99931940518701
52.69258385475434,99.99932001076088
52.70284131705816,99.99932061600731
52.713098779361985,99.99932122099415
52.72335624166581,99.99932182594097
52.73361370396964,99.99932243047624
52.74387116627346,99.99932303495805
52.75412862857729,99.99932363915694
52.76438609088112,99.99932424303478
52.774643553184944,99.99932484680255
52.78490101548877,99.99932545053244
52.79515847779259,99.99932605368346
52.805415940096424,99.99932665680232
52.81567340240024,99.99932725981346
52.82593086470408,99.99932786122552
52.836188327007896,99.99932846232117
52.84644578931172,99.99932906333531
52.856703251615556,99.99932966375103
52.866960713919376,99.99933026347976
52.87721817622321,99.99933086191083
52.88747563852703,99.99933146025862
52.897733100830855,99.99933205784014
52.907990563134675,99.99933265522257
52.91824802543851,99.99933325242914
52.92850548774233,99.999333848918
52.93876295004616,99.9993344451745
52.94902041234999,99.99933504129149
52.95927787465381,99.99933563626725
52.96953533695764,99.99933623113108
52.97979279926146,99.99933682572639
52.990050261565294,99.99933741951506
53.00030772386911,99.99933801327427
53.01056518617294,99.99933860675829
53.02082264847676,99.99933919991003
53.03108011078059,99.99933979303111
53.04133757308443,99.99934038602971
53.051595035388246,99.99934097887629
53.06185249769207,99.99934157065607
53.07210995999589,99.99934216242026
53.082367422299725,99.99934275380042
53.092624884603545,99.99934334472802
53.10288234690738,99.999343934747
53.1131398092112,99.99934452431353
53.123397271515024,99.99934511381792
53.13365473381886,99.9993457030951
53.14391219612268,99.99934629233685
53.15416965842651,99.99934688113179
53.16442712073033,99.99934746928736
53.17468458303416,99.99934805729409
53.184942045337976,99.99934864454154
53.19519950764181,99.99934923156191
53.20545696994563,99.99934981768821
53.21571443224946,99.99935040321448
53.22597189455329,99.99935098829226
53.23622935685711,99.99935157267554
53.24648681916094,99.99935215620684
53.25674428146476,99.99935273814128
53.267001743768596,99.99935331823812
53.277259206072415,99.99935389794224
53.28751666837624,99.99935447625529
53.29777413068007,99.99935505384117
53.308031592983895,99.99935563122942
53.31828905528773,99.9993562085428
53.32854651759155,99.99935678574118
53.338803979895374,99.99935736197612
53.3490614421992,99.99935793642535
53.35931890450303,99.99935851074903
53.36957636680685,99.99935908476493
53.37983382911068,99.99935965862475
53.3900912914145,99.99936023217012
53.40034875371833,99.99936080557985
53.41060621602216,99.9993613784021
53.42086367832598,99.99936195067218
53.43112114062981,99.99936252293338
53.44137860293363,99.99936309360177
53.451636065237466,99.9993636635512
53.461893527541285,99.9993642331444
53.47215098984511,99.99936480249274
53.48240845214893,99.99936537137381
53.492665914452765,99.99936593899903
53.5029233767566,99.99936650654789
53.51318083906042,99.99936707405949
53.523438301364244,99.99936764124544
53.533695763668064,99.9993682080319
53.5439532259719,99.9993687746159
53.55421068827572,99.99936934049482
53.56446815057955,99.99936990517371
53.57472561288338,99.99937046907066
53.584983075187196,99.99937103288403
53.59524053749103,99.99937159639649
53.60549799979485,99.99937215983489
53.61575546209868,99.99937272154776
53.6260129244025,99.9993732831988
53.63627038670633,99.9993738446547
53.64652784901015,99.99937440598437
53.65678531131398,99.99937496623879
53.667042773617815,99.99937552574654
53.677300235921635,99.99937608524561
53.68755769822546,99.99937664454566
53.69781516052928,99.99937720359162
53.708072622833114,99.99937776225909
53.718330085136934,99.99937832076802
53.72858754744077,99.99937887855911
53.73884500974459,99.99937943492118
53.74910247204841,99.99937999066371
53.75935993435225,99.99938054538737
53.769617396656066,99.99938109952103
53.7798748589599,99.99938165356646
53.79013232126372,99.99938220749536
53.800389783567546,99.99938276037602
53.810647245871365,99.9993833128926
53.8209047081752,99.99938386518139
53.83116217047902,99.99938441670332
53.84141963278285,99.99938496814643
53.85167709508668,99.99938551934885
53.8619345573905,99.99938607014937
53.87219201969433,99.99938662091107
53.88244948199815,99.99938717118238
53.892706944301985,99.99938772134743
53.902964406605804,99.99938826999818
53.91322186890963,99.99938881758422
53.92347933121345,99.99938936456829
53.933736793517284,99.99938991119613
53.94399425582112,99.99939045581378
53.95425171812494,99.99939100042552
53.96450918042876,99.99939154472088
53.97476664273258,99.99939208749629
53.985024105036416,99.99939263020998
53.995281567340236,99.99939317269452
54.00553902964407,99.99939371490547
54.01579649194789,99.9993942562139
54.026053954251715,99.99939479748024
54.03631141655555,99.99939533871836
54.04656887885937,99.99939587941456
54.0568263411632,99.9993964181862
54.06708380346702,99.99939695637168
54.07734126577085,99.99939749361769
54.08759872807467,99.99939803000063
54.0978561903785,99.99939856617534
54.10811365268232,99.99939910189097
54.118371114986154,99.99939963689012
54.12862857728998,99.99940017183579
54.1388860395938,99.99940070568779
54.14914350189763,99.99940123922013
54.15940096420145,99.99940177239024
54.169658426505286,99.99940230548313
54.179915888809106,99.99940283817573
54.19017335111293,99.99940336937422
54.20043081341676,99.99940390001309
54.210688275720585,99.99940443051105
54.22094573802442,99.99940496055999
54.23120320032824,99.99940548995748
54.241460662632065,99.99940601899789
54.25171812493589,99.9994065479459
54.26197558723972,99.99940707640495
54.27223304954354,99.99940760414681
54.28249051184737,99.9994081317621
54.29274797415119,99.99940865934819
54.303005436455024,99.99940918635284
54.31326289875885,99.99940971270959
54.32352036106267,99.99941023867419
54.3337778233665,99.9994107640824
54.34403528567032,99.99941128943937
54.354292747974156,99.99941181457045
54.364550210277976,99.99941233888347
54.3748076725818,99.99941286312517
54.38506513488562,99.99941338697016
54.395322597189455,99.99941391062399
54.40558005949329,99.99941443352549
54.41583752179711,99.99941495552245
54.426094984100935,99.9994154766317
54.436352446404754,99.9994159975093
54.44660990870859,99.99941651790516
54.45686737101241,99.99941703797084
54.46712483331624,99.99941755788939
54.47738229562006,99.99941807732732
54.48763975792389,99.99941859601562
54.49789722022772,99.99941911410534
54.50815468253154,99.99941963127692
54.518412144835374,99.99942014842175
54.52866960713919,99.99942066551796
54.53892706944302,99.99942118207163
54.54918453174684,99.99942169847438
54.55944199405067,99.99942221475247
54.56969945635449,99.99942273001204
54.579956918658326,99.99942324495102
54.59021438096215,99.99942375951429
54.60047184326597,99.99942427321994
54.610729305569805,99.99942478610062
54.620986767873625,99.99942529877775
54.63124423017746,99.99942581137108
54.64150169248128,99.9994263229019
54.651759154785104,99.99942683421088
54.66201661708894,99.99942734544672
54.67227407939276,99.999427853972
54.68253154169659,99.99942836168928
54.69278900400041,99.99942886899662
54.70304646630424,99.99942937574532
54.713303928608056,99.99942988234926
54.72356139091189,99.99943038801351
54.73381885321571,99.99943089327684
54.74407631551954,99.99943139842378
54.75433377782337,99.9994319034364
54.76459124012719,99.99943240774779
54.77484870243102,99.99943291188387
54.78510616473484,99.99943341597245
54.795363627038675,99.99943391977915
54.805621089342495,99.99943442260363
54.81587855164632,99.99943492511694
54.82613601395015,99.99943542729665
54.836393476253974,99.99943592899582
54.84665093855781,99.99943643050668
54.85690840086163,99.99943693145043
54.867165863165454,99.99943743111976
54.87742332546928,99.9994379305453
54.88768078777311,99.99943842975466
54.897938250076926,99.99943892878662
54.90819571238076,99.9994394272545
54.91845317468458,99.99943992554304
54.92871063698841,99.99944042332059
54.93896809929224,99.99944092037887
54.94922556159606,99.99944141703352
54.95948302389989,99.99944191341376
54.96974048620371,99.99944240968279
54.979997948507545,99.99944290522937
54.990255410811365,99.9994434006702
55.00051287311519,99.99944389602645
55.01077033541901,99.99944439092643
55.021027797722844,99.99944488566558
55.03128526002668,99.99944538009072
55.0415427223305,99.99944587427943
55.051800184634324,99.9994463684152
55.06205764693814,99.99944686176745
55.07231510924198,99.9994473550841
55.082572571545796,99.99944784823741
55.09283003384963,99.99944834089415
55.10308749615345,99.9994488331492
55.113344958457276,99.99944932522475
55.12360242076111,99.99944981709106
55.13385988306493,99.99945030848714
55.14411734536876,99.99945079954149
55.15437480767258,99.99945129034134
55.16463226997641,99.99945178089921
55.17488973228023,99.99945227113415
55.18514719458406,99.99945276132797
55.19540465688788,99.99945325094485
55.205662119191715,99.9994537404714
55.21591958149554,99.9994542299313
55.22617704379936,99.99945471864797
55.236434506103194,99.9994552072264
55.24669196840701,99.99945569514831
55.25694943071085,99.99945618287975
55.26720689301467,99.9994566689481
55.27746435531849,99.99945715448992
55.28772181762231,99.99945763998429
55.297979279926146,99.99945812502142
55.30823674222998,99.99945860955252
55.3184942045338,99.9994590940736
55.328751666837626,99.99945957849177
55.339009129141445,99.99946006254643
55.34926659144528,99.99946054649168
55.3595240537491,99.99946103025968
55.36978151605293,99.99946151367529
55.38003897835675,99.99946199674385
55.39029644066058,99.99946247937012
55.40055390296441,99.999462961759
55.41081136526823,99.99946344390754
55.421068827572064,99.99946392533903
55.431326289875884,99.99946440619735
55.44158375217971,99.99946488687962
55.45184121448353,99.99946536723262
55.46209867678736,99.99946584756911
55.47235613909118,99.99946632781361
55.482613601395016,99.99946680798264
55.49287106369884,99.99946728773034
55.50312852600266,99.99946776723395
55.513385988306496,99.99946824653819
55.523643450610315,99.9994687257037
55.53390091291415,99.99946920417861
55.54415837521797,99.99946968264022
55.554415837521795,99.99947016080252
55.564673299825614,99.99947063874679
55.57493076212945,99.99947111603969
55.58518822443328,99.99947159299106
55.5954456867371,99.9994720693992
55.60570314904093,99.99947254544723
55.61596061134475,99.99947302107616
55.62621807364858,99.99947349638276
55.6364755359524,99.99947397162076
55.64673299825623,99.99947444470233
55.65699046056006,99.9994749175905
55.66724792286388,99.99947539014039
55.67750538516771,99.99947586231954
55.68776284747153,99.99947633425911
55.698020309775366,99.99947680462105
55.708277772079185,99.99947727440794
55.71853523438301,99.99947774395453
55.72879269668684,99.99947821324669
55.739050158990665,99.99947868214251
55.7493076212945,99.99947915075214
55.75956508359832,99.99947961911695
55.769822545902144,99.99948008745913
55.78008000820597,99.99948055544822
55.7903374705098,99.99948102301246
55.80059493281362,99.99948149034647
55.81085239511745,99.99948195764922
55.82110985742127,99.99948242475995
55.8313673197251,99.99948289186428
55.84162478202893,99.99948335895043
55.85188224433275,99.99948382588218
55.86213970663658,99.99948429251245
55.8723971689404,99.99948475823271
55.882654631244236,99.99948522387814
55.892912093548055,99.99948568936206
55.90316955585188,99.99948615480079
55.9134270181557,99.99948661989755
55.923684480459535,99.99948708489106
55.93394194276337,99.99948754985917
55.94419940506719,99.99948801395061
55.954456867371015,99.99948847734781
55.964714329674834,99.99948894035876
55.97497179197867,99.99948940274159
55.98522925428249,99.99948986494817
55.99548671658632,99.9994903260112
56.00574417889014,99.99949078571098
56.01600164119397,99.99949124533475
56.0262591034978,99.99949170488219
56.03651656580162,99.99949216406297
56.04677402810545,99.99949262277016
56.05703149040927,99.99949308063955
56.0672889527131,99.9994935384449
56.07754641501692,99.99949399594311
56.08780387732075,99.99949445338339
56.09806133962457,99.99949490980681
56.108318801928405,99.99949536607566
56.11857626423223,99.99949582234291
56.12883372653605,99.9994962783548
56.139091188839885,99.99949673403594
56.149348651143704,99.9994971896087
56.15960611344754,99.9994976445556
56.16986357575136,99.99949809933074
56.180121038055184,99.99949855385375
56.190378500359,99.99949900836627
56.20063596266284,99.99949946287158
56.21089342496667,99.99949991704746
56.22115088727049,99.99950037118165
56.231408349574316,99.99950082500472
56.241665811878136,99.99950127873946
56.25192327418197,99.99950173169823
56.26218073648579,99.99950218453058
56.27243819878962,99.99950263662328
56.28269566109344,99.99950308843337
56.29295312339727,99.99950353961322
56.3032105857011,99.99950399030588
56.31346804800492,99.99950444044576
56.323725510308755,99.99950489057086
56.333982972612574,99.99950534065198
56.3442404349164,99.99950579068353
56.35449789722023,99.99950624062885
56.364755359524054,99.99950668996479
56.37501282182787,99.99950713927896
56.38527028413171,99.99950758842652
56.39552774643553,99.9995080375421
56.40578520873936,99.99950848642777
56.416042671043186,99.99950893506958
56.426300133347006,99.99950938365953
56.43655759565084,99.99950983216492
56.44681505795466,99.99951027996778
56.45707252025849,99.99951072723339
56.46732998256231,99.99951117273052
56.47758744486614,99.99951161783694
56.48784490716997,99.99951206224955
56.49810236947379,99.99951250504728
56.508359831777625,99.9995129478202
56.518617294081444,99.99951339052306
56.52887475638527,99.99951383321711
56.53913221868909,99.99951427555257
56.549389680992924,99.99951471761275
56.55964714329674,99.99951515938979
56.56990460560058,99.99951560071067
56.5801620679044,99.99951604154242
56.59041953020822,99.99951648235526
56.60067699251206,99.9995169229447
56.610934454815876,99.99951736320223
56.62119191711971,99.99951780338176
56.63144937942353,99.99951824355725
56.641706841727355,99.99951868341068
56.65196430403119,99.99951912312207
56.66222176633501,99.99951956238432
56.67247922863884,99.99952000108505
56.68273669094266,99.99952043925548
56.69299415324649,99.99952087597669
56.70325161555031,99.99952131263626
56.71350907785414,99.99952174888504
56.72376654015796,99.99952218508008
56.734024002461794,99.9995226212334
56.74428146476562,99.9995230571529
56.75453892706944,99.99952349305667
56.764796389373274,99.99952392862335
56.77505385167709,99.99952436386924
56.78531131398093,99.99952479858335
56.795568776284746,99.99952523325575
56.80582623858857,99.999525667234
56.81608370089239,99.99952610088515
56.826341163196226,99.99952653447039
56.83659862550006,99.99952696743807
56.84685608780388,99.99952739996907
56.857113550107705,99.99952783192683
56.867371012411525,99.99952826383395
56.87762847471536,99.99952869514543
56.88788593701918,99.99952912642375
56.89814339932301,99.99952955733609
56.90840086162683,99.99952998821523
56.91865832393066,99.99953041897307
56.92891578623449,99.9995308497251
56.93917324853831,99.99953128029875
56.949430710842144,99.99953171086429
56.95968817314596,99.99953214025949
56.96994563544979,99.99953256956776
56.98020309775361,99.99953299836871
56.99046056005744,99.99953342706877
57.00071802236126,99.99953385509455
57.010975484665096,99.9995342830783
57.02123294696892,99.99953471094193
57.03149040927274,99.99953513864496
57.041747871576575,99.9995355660847
57.052005333880395,99.99953599295823
57.06226279618423,99.99953641889492
57.07252025848805,99.99953684463551
57.082777720791874,99.99953727036332
57.093035183095694,99.9995376958918
57.10329264539953,99.99953812099744
57.11355010770336,99.99953854603874
57.12380757000718,99.99953897087306
57.13406503231101,99.99953939488526
57.144322494614826,99.99953981809551
57.15457995691866,99.99954024048571
57.16483741922248,99.99954066279724
57.17509488152631,99.99954108502558
57.18535234383013,99.99954150669747
57.19560980613396,99.9995419279522
57.20586726843779,99.99954234867835
57.21612473074161,99.99954276846205
57.226382193045445,99.99954318787269
57.236639655349265,99.99954360725621
57.24689711765309,99.99954402659087
57.25715457995692,99.99954444508673
57.267412042260744,99.99954486222644
57.277669504564564,99.99954527898616
57.2879269668684,99.99954569559276
57.298184429172224,99.99954611073319
57.30844189147605,99.99954652567345
57.31869935377988,99.99954694043173
57.328956816083696,99.9995473550252
57.33921427838753,99.99954776950696
57.34947174069135,99.99954818363977
57.35972920299518,99.99954859770665
57.369986665299,99.99954901171606
57.38024412760283,99.9995494254483
57.39050158990666,99.99954983866746
57.40075905221048,99.9995502516548
57.411016514514316,99.99955066453013
57.421273976818135,99.99955107732966
57.43153143912196,99.99955148962113
57.44178890142578,99.99955190124243
57.452046363729615,99.99955231226122
57.462303826033434,99.99955272299258
57.47256128833727,99.99955313357702
57.482818750641094,99.99955354238901
57.49307621294491,99.99955395058524
57.50333367524875,99.99955435845222
57.51359113755257,99.99955476448716
57.5238485998564,99.9995551702359
57.53410606216022,99.99955557594421
57.544363524464046,99.99955598153957
57.554620986767866,99.99955638678834
57.5648784490717,99.99955679106203
57.57513591137553,99.99955719506436
57.58539337367935,99.99955759899191
57.59565083598318,99.99955800283577
57.605908298287,99.99955840617396
57.61616576059083,99.99955880883522
57.62642322289465,99.99955921110765
57.636680685198485,99.99955961273889
57.646938147502304,99.99956001421033
57.65719560980613,99.99956041529613
57.667453072109964,99.99956081618772
57.677710534413784,99.99956121706714
57.68796799671762,99.99956161779652
57.69822545902144,99.99956201806894
57.70848292132526,99.99956241813128
57.71874038362908,99.99956281812332
57.728997845932916,99.99956321802536
57.73925530823675,99.99956361751939
57.74951277054057,99.99956401651934
57.759770232844396,99.99956441482098
57.770027695148215,99.9995648127113
57.78028515745205,99.99956521054565
57.79054261975587,99.99956560820793
57.8008000820597,99.99956600539035
57.81105754436352,99.99956640187219
57.82131500666735,99.99956679830306
57.83157246897118,99.99956719451963
57.841829931275,99.99956758996615
57.852087393578834,99.99956798520695
57.862344855882654,99.99956838024428
57.87260231818648,99.99956877526807
57.88285978049031,99.99956916973255
57.89311724279413,99.99956956358295
57.90337470509795,99.99956995722486
57.913632167401786,99.99957035082886
57.92388962970561,99.99957074441289
57.93414709200944,99.9995711379701
57.944404554313266,99.99957153152513
57.954662016617085,99.99957192471214
57.96491947892092,99.99957231758178
57.97517694122474,99.99957270907542
57.98543440352857,99.99957310031728
57.99569186583239,99.99957349143642
58.00594932813622,99.99957388225354
58.01620679044005,99.99957427269116
58.02646425274387,99.99957466260487
58.036721715047705,99.9995750519161
58.046979177351524,99.99957544119052
58.05723663965535,99.99957582982294
58.06749410195917,99.99957621826925
58.077751564263004,99.99957660651255
58.08800902656682,99.99957699439642
58.09826648887066,99.99957738171332
58.10852395117448,99.99957776870322
58.1187814134783,99.99957815557514
58.129038875782136,99.99957854220544
58.139296338085956,99.99957892861867
58.14955380038979,99.99957931479688
58.15981126269361,99.99957970094835
58.170068724997435,99.99958008691478
58.180326187301254,99.99958047278754
58.19058364960509,99.99958085859507
58.20084111190892,99.99958124395282
58.21109857421274,99.99958162922285
58.22135603651657,99.99958201443215
58.23161349882039,99.99958239937865
58.24187096112422,99.99958278409804
58.25212842342804,99.99958316842533
58.262385885731874,99.99958355162688
58.27264334803569,99.99958393462138
58.28290081033952,99.99958431752934
58.29315827264335,99.99958470026418
58.30341573494717,99.99958508289104
58.313673197251006,99.99958546456658
58.323930659554826,99.99958584618975
58.33418812185865,99.99958622754555
58.34444558416247,99.99958660880583
58.354703046466305,99.99958698909933
58.364960508770125,99.99958736890105
58.37521797107396,99.9995877482812
58.385475433377785,99.99958812763525
58.395732895681604,99.99958850555485
58.40599035798544,99.9995888829548
58.41624782028926,99.99958925978487
58.42650528259309,99.99958963654012
58.43676274489691,99.99959001304856
58.44702020720074,99.999590389387
58.457277669504556,99.9995907654612
58.46753513180839,99.99959114138422
58.47779259411222,99.99959151699093
58.48805005641604,99.99959189246522
58.49830751871987,99.99959226780935
58.50856498102369,99.99959264313922
58.51882244332752,99.99959301838311
58.52907990563134,99.99959339275586
58.539337367935175,99.99959376687184
58.549594830238995,99.99959414016605
58.55985229254282,99.99959451261007
58.570109754846655,99.99959488463378
58.580367217150474,99.99959525657613
58.59062467945431,99.99959562843539
58.60088214175813,99.99959599982007
58.611139604061954,99.99959637106868
58.62139706636577,99.99959674225511
58.63165452866961,99.99959711333504
58.641911990973426,99.99959748425289
58.65216945327726,99.99959785499905
58.66242691558109,99.9995982249817
58.672684377884906,99.99959859489549
58.68294184018874,99.99959896420798
58.69319930249256,99.99959933341229
58.70345676479639,99.99959970221404
58.71371422710021,99.9996000708525
58.72397168940404,99.99960043945264
58.73422915170787,99.99960080791973
58.74448661401169,99.99960117623267
58.754744076315525,99.99960154427123
58.765001538619345,99.99960191214838
58.77525900092317,99.99960227977095
58.785516463227,99.99960264695251
58.795773925530824,99.99960301384937
58.80603138783464,99.99960338025207
58.81628885013848,99.99960374605038
58.826546312442304,99.99960411131238
58.83680377474613,99.99960447649812
58.84706123704996,99.99960484168352
58.857318699353776,99.99960520680038
58.86757616165761,99.99960557178751
58.87783362396143,99.99960593669441
58.88809108626526,99.99960630118454
58.89834854856908,99.99960666536761
58.90860601087291,99.9996070294412
58.91886347317674,99.99960739293876
58.92912093548056,99.9996077559274
58.939378397784395,99.99960811861874
58.949635860088215,99.99960848065207
58.95989332239204,99.99960884243274
58.97015078469586,99.99960920418147
58.980408246999694,99.99960956575728
58.990665709303514,99.99960992725516
59.00092317160735,99.99961028838241
59.011180633911174,99.99961064911842
59.02143809621499,99.99961100982043
59.03169555851883,99.99961137039598
59.041953020822646,99.9996117302906
59.05221048312648,99.99961208945926
59.0624679454303,99.99961244858356
59.072725407734126,99.99961280770026
59.082982870037945,99.99961316664276
59.09324033234178,99.99961352554425
59.10349779464561,99.99961388428159
59.11375525694943,99.99961424291335
59.12401271925326,99.99961460138782
59.13427018155708,99.9996149593431
59.14452764386091,99.99961531666158
59.15478510616473,99.99961567395029
59.165042568468564,99.99961603111419
59.175300030772384,99.99961638794048
59.18555749307621,99.99961674467518
59.195814955380044,99.9996171011523
59.20607241768386,99.99961745752205
59.2163298799877,99.9996178137435
59.226587342291516,99.99961816966477
59.23684480459534,99.99961852549572
59.24710226689916,99.99961888122442
59.257359729202996,99.99961923677806
59.267617191506815,99.99961959221932
59.27787465381065,99.99961994765731
59.288132116114475,99.99962030301617
59.298389578418295,99.99962065797264
59.30864704072213,99.9996210126018
59.31890450302595,99.99962136623533
59.32916196532978,99.99962171926177
59.3394194276336,99.99962207228725
59.34967688993743,99.99962242528149
59.359934352241254,99.99962277783455
59.37019181454508,99.99962312983635
59.380449276848914,99.99962348175907
59.39070673915273,99.9996238336472
59.40096420145656,99.99962418538016
59.41122166376039,99.99962453706324
59.42147912606421,99.99962488860643
59.43173658836803,99.99962524000642
59.441994050671866,99.99962559140432
59.452251512975685,99.9996259425549
59.46250897527952,99.99962629351293
59.472766437583346,99.99962664432252
59.483023899887165,99.99962699505389
59.493281362191,99.99962734528947
59.50353882449482,99.9996276954214
59.51379628679865,99.99962804550256
59.52405374910247,99.99962839542833
59.5343112114063,99.99962874515238
59.54456867371012,99.9996290945447
59.55482613601395,99.99962944348272
59.565083598317784,99.99962979186098
59.575341060621604,99.99963014005823
59.58559852292543,99.99963048804614
59.59585598522925,99.99963083564573
59.60611344753308,99.99963118293729
59.6163709098369,99.99963153004205
59.626628372140736,99.9996318770633
59.636885834444556,99.99963222290641
59.64714329674838,99.99963256861652
59.657400759052216,99.99963291425054
59.667658221356035,99.99963325976377
59.67791568365987,99.99963360522676
59.68817314596369,99.99963395057607
59.698430608267515,99.9996342959111
59.708688070571334,99.99963464109747
59.71894553287517,99.9996349862425
59.729202995179,99.99963533133293
59.73946045748282,99.9996356762853
59.74971791978665,99.99963602115209
59.75997538209047,99.99963636595712
59.7702328443943,99.99963671058289
59.78049030669812,99.99963705498922
59.79074776900195,99.99963739868069
59.80100523130577,99.9996377417465
59.8112626936096,99.99963808456683
59.82152015591343,99.99963842728116
59.83177761821725,99.99963876946596
59.842035080521086,99.99963911159246
59.852292542824905,99.99963945367598
59.86255000512873,99.9996397954572
59.87280746743255,99.99964013688671
59.883064929736385,99.99964047536301
59.893322392040204,99.99964081329816
59.90357985434404,99.99964115104184
59.913837316647864,99.99964148835105
59.924094778951684,99.99964182543029
59.93435224125552,99.99964216185127
59.94460970355934,99.99964249825595
59.95486716586317,99.99964283435898
59.96512462816699,99.99964317019563
59.975382090470816,99.99964350593253
59.985639552774636,99.9996438411296
59.99589701507847,99.9996441762371
60.0061544773823,99.99964451091712
60.01641193968612,99.999644845476
60.02666940198995,99.99964518000823
60.03692686429377,99.99964551425433
60.0471843265976,99.99964584840096
60.05744178890142,99.9996461825443
60.067699251205255,99.99964651626622
60.077956713509074,99.99964684994254
60.0882141758129,99.99964718356485
60.098471638116735,99.99964751704385
60.108729100420554,99.9996478504526
60.11898656272439,99.99964818377785
60.12924402502821,99.99964851683004
60.13950148733203,99.99964884981937
60.14975894963585,99.99964918236242
60.16001641193969,99.99964951488218
60.170273874243506,99.99964984665446
60.18053133654734,99.99965017841154
60.190788798851166,99.99965051001334
60.201046261154985,99.99965084149986
60.21130372345882,99.99965117217148
60.22156118576264,99.99965150180762
60.23181864806647,99.99965183130676
60.24207611037029,99.99965216068837
60.25233357267412,99.99965248923934
60.262591034977945,99.99965281756893
60.27284849728177,99.99965314578051
60.283105959585605,99.99965347386382
60.293363421889424,99.99965380165415
60.30362088419325,99.99965412926574
60.31387834649708,99.99965445676045
60.324135808800904,99.99965478395615
60.33439327110472,99.99965511084592
60.34465073340856,99.9996554368758
60.354908195712376,99.99965576241708
60.36516565801621,99.99965608760562
60.375423120320036,99.9996564125188
60.385680582623856,99.99965673736048
60.39593804492769,99.99965706186093
60.40619550723151,99.99965738585085
60.41645296953534,99.99965770936505
60.42671043183916,99.99965803245439
60.43696789414299,99.9996583541358
60.44722535644681,99.99965867562794
60.45748281875064,99.99965899654075
60.467740281054475,99.99965931706657
60.477997743358294,99.99965963691697
60.48825520566212,99.99965995664851
60.49851266796594,99.99966027603001
60.508770130269774,99.99966059502638
60.51902759257359,99.9996609139564
60.52928505487743,99.99966123234645
60.539542517181246,99.999661550675
60.54979997948507,99.99966186813367
60.560057441788906,99.9996621855699
60.570314904092726,99.99966250274622
60.58057236639656,99.99966281954396
60.59082982870038,99.99966313630479
60.601087291004205,99.99966345127275
60.611344753308025,99.99966376615515
60.62160221561186,99.99966408057728
60.63185967791568,99.99966439439419
60.64211714021951,99.99966470790524
60.65237460252334,99.99966502094622
60.66263206482716,99.99966533391603
60.67288952713099,99.9996656466217
60.68314698943481,99.99966595858432
60.693404451738644,99.99966627017156
60.70366191404246,99.99966658170685
60.71391937634629,99.99966689275776
60.72417683865012,99.99966720366214
60.73443430095394,99.99966751443863
60.74469176325778,99.9996678250545
60.754949225561596,99.9996681355846
60.76520668786542,99.9996684458697
60.77546415016924,99.99966875580593
60.785721612473075,99.99966906555842
60.795979074776895,99.99966937514066
60.80623653708073,99.99966968398255
60.816493999384555,99.99966999222806
60.826751461688374,99.99967030040035
60.83700892399221,99.99967060824018
60.84726638629603,99.99967091574233
60.85752384859986,99.9996712229092
60.86778131090368,99.9996715300744
60.87803877320751,99.99967183706991
60.88829623551133,99.9996721438989
60.89855369781516,99.99967245065022
60.908811160118994,99.99967275714373
60.91906862242281,99.99967306330248
60.92932608472664,99.99967336921506
60.939583547030466,99.99967367506021
60.94984100933429,99.99967398088494
60.96009847163811,99.99967428650604
60.970355933941946,99.99967459207862
60.980613396245765,99.99967489757002
60.9908708585496,99.99967520272884
61.001128320853425,99.99967550755575
61.011385783157245,99.9996758121116
61.02164324546108,99.99967611660735
61.0319007077649,99.99967642097563
61.04215817006873,99.99967672514093
61.05241563237255,99.99967702923882
61.06267309467638,99.99967733330843
61.0729305569802,99.99967763714396
61.08318801928403,99.99967794088735
61.093445481587864,99.99967824439383
61.10370294389168,99.99967854757192
61.11396040619551,99.99967885042236
61.12421786849933,99.99967915319617
61.13447533080316,99.9996794559464
61.14473279310698,99.99967975854734
61.154990255410816,99.99968006107079
61.165247717714635,99.99968036326959
61.17550518001846,99.99968066546676
61.185762642322295,99.9996809676548
61.196020104626115,99.999681269608
61.20627756692995,99.99968157147954
61.21653502923377,99.99968187302616
61.226792491537594,99.99968217442932
61.237049953841414,99.99968247578605
61.24730741614525,99.99968277705023
61.25756487844907,99.99968307827258
61.2678223407529,99.99968337918432
61.27807980305673,99.99968368008311
61.288337265360546,99.99968398080246
61.29859472766438,99.99968428138908
61.3088521899682,99.99968458196497
61.31910965227203,99.99968488240076
61.32936711457585,99.9996851826544
61.33962457687968,99.99968548267863
61.3498820391835,99.9996857826107
61.36013950148733,99.99968608232508
61.370396963791165,99.99968638193624
61.380654426094985,99.9996866814738
61.39091188839881,99.99968698076475
61.40116935070263,99.99968727997896
61.411426813006464,99.99968757919294
61.421684275310284,99.99968787816958
61.43194173761412,99.99968817714092
61.44219919991794,99.99968847607296
61.45245666222176,99.99968877472537
61.4627141245256,99.9996890730595
61.472971586829416,99.99968937130879
61.48322904913325,99.99968966935249
61.49348651143707,99.999689967369
61.503743973740896,99.99969026533725
61.514001436044715,99.99969056317762
61.52425889834855,99.99969086087711
61.53451636065237,99.99969115856427
61.5447738229562,99.9996914559762
61.55503128526003,99.99969175335937
61.56528874756385,99.99969205066961
61.57554620986768,99.99969234793524
61.5858036721715,99.999692645063
61.596061134475335,99.99969294213045
61.606318596779154,99.99969323888284
61.61657605908298,99.99969353555949
61.6268335213868,99.99969383210735
61.63709098369063,99.9996941285453
61.64734844599447,99.9996944249175
61.65760590829829,99.99969472104165
61.66786337060211,99.99969501715736
61.67812083290593,99.9996953131699
61.688378295209766,99.99969560898087
61.698635757513586,99.99969590450607
61.70889321981742,99.9996962000045
61.71915068212124,99.99969649526507
61.729408144425065,99.99969679045158
61.7396656067289,99.9996970853268
61.74992306903272,99.99969737989147
61.76018053133655,99.99969767445602
61.77043799364037,99.99969796885281
61.7806954559442,99.99969826310729
61.790952918248024,99.99969855690009
61.80121038055185,99.99969885058236
61.811467842855684,99.99969914329665
61.821725305159504,99.99969943565578
61.83198276746333,99.9996997279464
61.84224022976716,99.9997000201411
61.85249769207098,99.99970031225668
61.8627551543748,99.99970060421869
61.873012616678636,99.9997008959833
61.883270078982456,99.99970118770429
61.89352754128629,99.99970147821938
61.903785003590116,99.99970176839604
61.914042465893935,99.99970205852034
61.92429992819777,99.99970234836161
61.93455739050159,99.99970263817815
61.94481485280542,99.99970292773305
61.95507231510924,99.99970321713472
61.96532977741307,99.99970350643905
61.97558723971689,99.99970379557382
61.98584470202072,99.99970408430198
61.996102164324554,99.99970437276416
62.006359626628374,99.99970466108574
62.0166170889322,99.99970494940699
62.02687455123602,99.9997052376915
62.03713201353985,99.99970552566339
62.04738947584367,99.99970581359612
62.057646938147506,99.9997061014973
62.067904400451326,99.99970638907672
62.07816186275515,99.99970667635276
62.088419325058986,99.99970696348997
62.098676787362805,99.99970725050731
62.10893424966664,99.99970753740726
62.11919171197046,99.99970782373845
62.129449174274285,99.99970810988864
62.139706636578104,99.99970839590101
62.14996409888194,99.99970868179734
62.16022156118576,99.99970896759223
62.17047902348959,99.99970925338654
62.18073648579342,99.9997095391474
62.19099394809724,99.99970982445689
62.20125141040107,99.99971010966276
62.21150887270489,99.99971039441036
62.221766335008724,99.99971067830054
62.23202379731254,99.99971096187711
62.24228125961637,99.99971124512872
62.25253872192019,99.99971152828795
62.26279618422402,99.999711811228
62.273053646527856,99.99971209414036
62.283311108831676,99.99971237608555
62.2935685711355,99.99971265777462
62.30382603343932,99.99971293874614
62.314083495743155,99.99971321962813
62.324340958046974,99.99971350047254
62.33459842035081,99.99971378131542
62.34485588265463,99.9997140621088
62.355113344958454,99.99971434264508
62.36537080726229,99.99971462295804
62.37562826956611,99.99971490292894
62.38588573186994,99.99971518285847
62.39614319417376,99.99971546262464
62.40640065647759,99.9997157423584
62.41665811878141,99.99971602208187
62.42691558108524,99.99971630159693
62.43717304338906,99.99971658105451
62.44743050569289,99.9997168603612
62.45768796799672,99.99971713891105
62.467945430300546,99.9997174172837
62.47820289260437,99.99971769521984
62.48846035490819,99.99971797224327
62.498717817212025,99.99971824912019
62.508975279515845,99.99971852598456
62.51923274181968,99.99971880273712
62.5294902041235,99.99971907852103
62.539747666427324,99.99971935425472
62.55000512873116,99.99971962997088
62.56026259103498,99.99971990563064
62.57052005333881,99.99972018088702
62.58077751564263,99.99972045569882
62.59103497794646,99.99972073042578
62.601292440250276,99.99972100513737
62.61154990255411,99.99972127983095
62.62180736485793,99.99972155436355
62.63206482716176,99.99972182886165
62.64232228946559,99.99972210324214
62.65257975176941,99.9997223773903
62.66283721407324,99.99972265135757
62.67309467637706,99.99972292521954
62.683352138680895,99.99972319905929
62.693609600984715,99.9997234724321
62.70386706328854,99.99972374560583
62.71412452559236,99.99972401837853
62.724381987896194,99.99972429056425
62.73463945020003,99.9997245627446
62.74489691250385,99.9997248347561
62.755154374807674,99.99972510620128
62.76541183711149,99.9997253772046
62.77566929941533,99.99972564791614
62.785926761719146,99.99972591826054
62.79618422402298,99.9997261881953
62.80644168632681,99.99972645806923
62.816699148630626,99.99972672787982
62.82695661093446,99.99972699744545
62.83721407323828,99.99972726490259
62.84747153554211,99.99972753204447
62.85772899784593,99.999727798977
62.86798646014976,99.99972806590839
62.87824392245358,99.999728332766
62.88850138475741,99.9997285992376
62.898758847061245,99.99972886525386
62.909016309365065,99.99972913113676
62.91927377166889,99.99972939669951
62.92953123397271,99.99972966220744
62.939788696276544,99.99972992740808
62.95004615858036,99.99973019260483
62.9603036208842,99.99973045726124
62.97056108318802,99.99973072169514
62.98081854549184,99.99973098604912
62.99107600779568,99.99973125032602
63.001333470099496,99.9997315142958
63.01159093240333,99.99973177808005
63.02184839470715,99.99973204170097
63.032105857010976,99.99973230517102
63.042363319314795,99.99973256863422
63.05262078161863,99.99973283200913
63.06287824392245,99.99973309527039
63.07313570622628,99.99973335800291
63.08339316853011,99.99973362031444
63.09365063083393,99.99973388260914
63.10390809313776,99.99973414474424
63.11416555544158,99.99973440687303
63.124423017745414,99.99973466881602
63.134680480049234,99.99973493047315
63.14493794235306,99.9997351921044
63.15519540465688,99.99973545372744
63.16545286696071,99.99973571527401
63.17571032926455,99.99973597678034
63.185967791568366,99.99973623800092
63.19622525387219,99.99973649858602
63.20648271617601,99.99973675881292
63.216740178479846,99.99973701867353
63.226997640783665,99.99973727846796
63.2372551030875,99.99973753818043
63.24751256539132,99.99973779786761
63.257770027695145,99.99973805737248
63.26802748999898,99.99973831675142
63.2782849523028,99.99973857578107
63.28854241460663,99.99973883473416
63.29879987691045,99.99973909355451
63.30905733921428,99.99973935219495
63.319314801518104,99.99973961082122
63.32957226382193,99.99973986941197
63.33982972612575,99.99974012782286
63.35008718842958,99.99974038574325
63.36034465073341,99.99974064354834
63.370602113037236,99.99974090096471
63.38085957534106,99.99974115832609
63.39111703764488,99.99974141559261
63.401374499948716,99.99974167233815
63.411631962252535,99.99974192855767
63.42188942455637,99.99974218453856
63.43214688686019,99.9997424402529
63.442404349164015,99.9997426957845
63.45266181146785,99.99974295128074
63.46291927377167,99.99974320642546
63.4731767360755,99.99974346140728
63.48343419837932,99.99974371622974
63.49369166068315,99.99974397091582
63.50394912298697,99.99974422539545
63.5142065852908,99.99974447964699
63.52446404759462,99.99974473330157
63.53472150989845,99.99974498695079
63.54497897220228,99.99974524028329
63.5552364345061,99.99974549331569
63.56549389680993,99.99974574609462
63.57575135911375,99.99974599876805
63.586008821417586,99.99974625137419
63.596266283721405,99.99974650386856
63.60652374602523,99.99974675617818
63.61678120832905,99.99974700815284
63.627038670632885,99.99974725950932
63.63729613293672,99.9997475105684
63.64755359524054,99.99974776138704
63.657811057544365,99.99974801190167
63.668068519848184,99.99974826166445
63.67832598215202,99.9997485110142
63.68858344445584,99.9997487603618
63.69884090675967,99.99974900952691
63.70909836906349,99.9997492585864
63.71935583136732,99.9997495073546
63.72961329367115,99.99974975601798
63.73987075597497,99.99975000449413
63.7501282182788,99.9997502529156
63.76038568058262,99.99975050109988
63.77064314288645,99.99975074902146
63.78090060519027,99.99975099673155
63.7911580674941,99.99975124419333
63.801415529797936,99.99975149093937
63.811672992101755,99.99975173740943
63.82193045440558,99.99975198335564
63.8321879167094,99.99975222875258
63.842445379013235,99.9997524738823
63.852702841317054,99.99975271879364
63.86296030362089,99.99975296365677
63.87321776592471,99.99975320825396
63.883475228228534,99.99975345278153
63.89373269053237,99.99975369722279
63.90399015283619,99.99975394161252
63.91424761514002,99.99975418594441
63.92450507744384,99.99975443001163
63.934762539747666,99.9997546739895
63.94502000205149,99.99975491785762
63.95527746435532,99.99975516170426
63.96553492665914,99.99975540550746
63.97579238896297,99.99975564904727
63.9860498512668,99.99975589252853
63.996307313570625,99.9997561359636
64.00656477587445,99.99975637924062
64.01682223817828,99.99975662236473
64.0270797004821,99.99975686546459
64.03733716278592,99.99975710847949
64.04759462508976,99.99975735123286
64.05785208739357,99.9997575937253
64.06810954969741,99.9997578361249
64.07836701200124,99.99975807842326
64.08862447430505,99.9997583206554
64.09888193660889,99.99975856262787
64.1091393989127,99.99975880455894
64.11939686121654,99.99975904634016
64.12965432352036,99.99975928810885
64.13991178582418,99.99975952982223
64.15016924812801,99.99975977136833
64.16042671043184,99.99976001282323
64.17068417273568,99.99976025427156
64.18094163503949,99.99976049559433
64.19119909734331,99.9997607366081
64.20145655964714,99.99976097738977
64.21171402195097,99.99976121816842
64.2219714842548,99.99976145843966
64.23222894655862,99.9997616985824
64.24248640886245,99.99976193856426
64.25274387116627,99.9997621781134
64.2630013334701,99.9997624176029
64.27325879577393,99.9997626570159
64.28351625807775,99.9997628960595
64.29377372038158,99.99976313506738
64.3040311826854,99.99976337389394
64.31428864498923,99.99976361238562
64.32454610729306,99.99976385085144
64.33480356959687,99.9997640891698
64.34506103190071,99.99976432692547
64.35531849420454,99.99976456463625
64.36557595650837,99.99976480222517
64.37583341881219,99.99976503962003
64.386090881116,99.99976527695256
64.39634834341985,99.99976551412476
64.40660580572366,99.9997657512952
64.4168632680275,99.9997659883654
64.42712073033131,99.99976622541264
64.43737819263514,99.9997664624543
64.44763565493898,99.99976669935062
64.45789311724279,99.99976693600368
64.46815057954663,99.99976717242795
64.47840804185044,99.99976740869884
64.48866550415427,99.99976764468337
64.4989229664581,99.99976788025229
64.50918042876192,99.99976811578476
64.51943789106575,99.999768351052
64.52969535336958,99.99976858628689
64.5399528156734,99.99976882060818
64.55021027797723,99.99976905456757
64.56046774028106,99.99976928850091
64.57072520258488,99.99976952241167
64.58098266488871,99.99976975628103
64.59124012719253,99.99976999012804
64.60149758949636,99.99977022324208
64.61175505180017,99.99977045621803
64.62201251410401,99.99977068918683
64.63226997640784,99.99977092177491
64.64252743871167,99.99977115376754
64.6527849010155,99.99977138521595
64.6630423633193,99.99977161630326
64.67329982562315,99.9997718472833
64.68355728792696,99.9997720777693
64.6938147502308,99.9997723082118
64.70407221253461,99.9997725385141
64.71432967483844,99.99977276876739
64.72458713714228,99.9997729988961
64.73484459944609,99.99977322879886
64.74510206174993,99.99977345844916
64.75535952405374,99.99977368796911
64.76561698635757,99.99977391707824
64.7758744486614,99.99977414610763
64.78613191096522,99.99977437507658
64.79638937326907,99.99977460389078
64.80664683557288,99.99977483255986
64.8169042978767,99.99977506122009
64.82716176018053,99.9997752896294
64.83741922248436,99.99977551790813
64.84767668478818,99.99977574592795
64.85793414709201,99.99977597376812
64.86819160939584,99.99977620144455
64.87844907169966,99.99977642876749
64.88870653400349,99.99977665590649
64.89896399630732,99.99977688297047
64.90922145861114,99.99977710995356
64.91947892091497,99.99977733691753
64.9297363832188,99.99977756372046
64.93999384552261,99.99977779047255
64.95025130782645,99.9997780170774
64.96050877013026,99.99977824351085
64.9707662324341,99.99977846984078
64.98102369473793,99.9997786960647
64.99128115704174,99.99977892219506
65.00153861934558,99.99977914817772
65.0117960816494,99.99977937399123
65.02205354395323,99.9997795997993
65.03231100625705,99.99977982537325
65.04256846856087,99.99978005086399
65.0528259308647,99.99978027620067
65.06308339316853,99.99978050153433
65.07334085547237,99.99978072655804
65.08359831777618,99.99978095143142
65.09385578008,99.99978117623174
65.10411324238383,99.9997814008491
65.11437070468766,99.9997816249922
65.12462816699149,99.99978184874348
65.13488562929531,99.9997820724677
65.14514309159914,99.99978229547803
65.15540055390296,99.99978251844838
65.16565801620679,99.99978274128752
65.17591547851062,99.99978296407903
65.18617294081444,99.99978318666594
65.19643040311827,99.9997834089078
65.2066878654221,99.99978363010875
65.21694532772592,99.99978385111284
65.22720279002975,99.99978407180895
65.23746025233356,99.99978429186005
65.2477177146374,99.99978451182528
65.25797517694123,99.99978473145822
65.26823263924506,99.99978495094808
65.27849010154888,99.99978517031994
65.2887475638527,99.99978538963194
65.29900502615654,99.99978560888766
65.30926248846035,99.99978582804651
65.31951995076419,99.99978604715909
65.329777413068,99.99978626588587
65.34003487537183,99.99978648413833
65.35029233767567,99.99978670168157
65.36054979997948,99.99978691896828
65.37080726228332,99.99978713607864
65.38106472458713,99.99978735316233
65.39132218689096,99.99978757018042
65.40157964919479,99.99978778639849
65.41183711149861,99.99978800225989
65.42209457380244,99.999788217786
65.43235203610627,99.99978843320206
65.44260949841009,99.99978864842353
65.45286696071392,99.99978886360608
65.46312442301775,99.99978907864832
65.47338188532157,99.99978929362294
65.4836393476254,99.99978950857682
65.49389680992923,99.99978972350533
65.50415427223305,99.99978993790086
65.51441173453686,99.99979015224459
65.5246691968407,99.99979036581973
65.53492665914453,99.99979057934632
65.54518412144836,99.99979079284003
65.55544158375218,99.99979100603498
65.565699046056,99.99979121896226
65.57595650835984,99.99979143177103
65.58621397066365,99.99979164456539
65.59647143296749,99.99979185734897
65.6067288952713,99.99979207005292
65.61698635757513,99.99979228245532
65.62724381987897,99.9997924948168
65.63750128218278,99.99979270704877
65.64775874448662,99.9997929192269
65.65801620679044,99.99979313138915
65.66827366909426,99.99979334344276
65.67853113139809,99.99979355517146
65.68878859370191,99.99979376676038
65.69904605600574,99.99979397823785
65.70930351830957,99.99979418958539
65.7195609806134,99.99979440087424
65.72981844291722,99.99979461178785
65.74007590522105,99.99979482267075
65.75033336752487,99.99979503335294
65.7605908298287,99.99979524338791
65.77084829213253,99.99979545302881
65.78110575443635,99.99979566241832
65.79136321674017,99.99979587174553
65.801620679044,99.99979608103445
65.81187814134783,99.99979629007156
65.82213560365166,99.99979649903679
65.83239306595549,99.99979670786597
65.8426505282593,99.99979691657663
65.85290799056314,99.9997971251272
65.86316545286695,99.99979733359659
65.87342291517079,99.99979754205727
65.88368037747462,99.99979775033272
65.89393783977843,99.99979795856518
65.90419530208227,99.9997981666772
65.91445276438608,99.9997983746387
65.92471022668992,99.99979858178119
65.93496768899374,99.9997987886398
65.94522515129756,99.99979899540368
65.95548261360139,99.9997992019305
65.96574007590522,99.99979940842519
65.97599753820906,99.99979961484729
65.98625500051287,99.99979982088784
65.9965124628167,99.99980002682966
66.00676992512052,99.99980023263278
66.01702738742435,99.99980043822384
66.02728484972818,99.99980064377218
66.037542312032,99.9998008492074
66.04779977433583,99.9998010543168
66.05805723663966,99.99980125868535
66.06831469894348,99.99980146291114
66.07857216124731,99.99980166702352
66.08882962355113,99.99980187112023
66.09908708585496,99.99980207518465
66.10934454815879,99.99980227901582
66.11960201046261,99.99980248279013
66.12985947276644,99.99980268641353
66.14011693507025,99.99980288998039
66.1503743973741,99.99980309352009
66.16063185967792,99.99980329685224
66.17088932198175,99.99980350006993
66.18114678428557,99.99980370324874
66.19140424658939,99.99980390627904
66.20166170889323,99.99980410925974
66.21191917119704,99.99980431221125
66.22217663350088,99.99980451513039
66.23243409580469,99.99980471782058
66.24269155810852,99.99980492023582
66.25294902041236,99.99980512248266
66.26320648271617,99.99980532465995
66.27346394502001,99.99980552660169
66.28372140732382,99.99980572817333
66.29397886962765,99.99980592950254
66.30423633193148,99.99980613072623
66.3144937942353,99.99980633191194
66.32475125653913,99.99980653307297
66.33500871884296,99.99980673411643
66.34526618114678,99.99980693503903
66.35552364345061,99.9998071358519
66.36578110575444,99.99980733602459
66.37603856805826,99.99980753553582
66.38629603036209,99.99980773487003
66.39655349266592,99.99980793413499
66.40681095496974,99.99980813280122
66.41706841727355,99.999808331381
66.4273258795774,99.99980852994268
66.43758334188122,99.99980872831044
66.44784080418505,99.99980892658749
66.45809826648888,99.99980912466174
66.46835572879269,99.99980932251538
66.47861319109653,99.99980952035527
66.48887065340034,99.99980971817635
66.49912811570418,99.99980991581816
66.509385578008,99.9998101134221
66.51964304031182,99.9998103110183
66.52990050261566,99.9998105082775
66.54015796491947,99.99981070533907
66.55041542722331,99.99981090229177
66.56067288952713,99.99981109908747
66.57093035183095,99.99981129572919
66.58118781413478,99.99981149232792
66.5914452764386,99.99981168881294
66.60170273874243,99.99981188513817
66.61196020104626,99.99981208135425
66.62221766335009,99.99981227717849
66.63247512565391,99.9998124729603
66.64273258795774,99.9998126685539
66.65299005026156,99.99981286408565
66.66324751256539,99.99981305951296
66.67350497486922,99.99981325436103
66.68376243717304,99.99981344918075
66.69401989947687,99.99981364391469
66.7042773617807,99.99981383862858
66.71453482408452,99.9998140332405
66.72479228638835,99.99981422761951
66.73504974869218,99.99981442196353
66.745307210996,99.9998146161145
66.75556467329983,99.99981481026504
66.76582213560364,99.99981500397641
66.77607959790748,99.99981519737005
66.7863370602113,99.99981539073778
66.79659452251514,99.99981558408845
66.80685198481896,99.99981577710511
66.81710944712277,99.99981597000796
66.82736690942662,99.99981616264748
66.83762437173043,99.99981635527591
66.84788183403427,99.99981654788303
66.85813929633808,99.99981674004184
66.86839675864191,99.99981693217283
66.87865422094575,99.9998171242867
66.88891168324956,99.99981731583343
66.8991691455534,99.99981750699418
66.90942660785721,99.99981769799635
66.91968407016104,99.99981788891044
66.92994153246487,99.9998180796847
66.94019899476869,99.9998182704189
66.95045645707252,99.99981846087181
66.96071391937635,99.99981865109969
66.97097138168017,99.9998188413174
66.981228843984,99.9998190314696
66.99148630628783,99.99981922160083
67.00174376859165,99.9998194116236
67.01200123089548,99.99981960115804
67.0222586931993,99.99981979043886
67.03251615550313,99.9998199793557
67.04277361780694,99.9998201681778
67.05303108011078,99.99982035696804
67.06328854241461,99.99982054550792
67.07354600471844,99.99982073354711
67.08380346702226,99.99982092150209
67.09406092932608,99.99982110942062
67.10431839162992,99.99982129712964
67.11457585393373,99.99982148482123
67.12483331623757,99.99982167220838
67.13509077854138,99.9998218595775
67.14534824084521,99.99982204655396
67.15560570314905,99.9998222334738
67.16586316545286,99.9998224202144
67.1761206277567,99.99982260695262
67.18637809006051,99.9998227934578
67.19663555236434,99.99982297972973
67.20689301466817,99.99982316582108
67.217150476972,99.99982335188557
67.22740793927582,99.99982353784468
67.23766540157965,99.99982372378277
67.24792286388347,99.99982390971915
67.2581803261873,99.99982409561885
67.26843778849113,99.99982428131463
67.27869525079495,99.99982446690032
67.28895271309878,99.99982465244528
67.2992101754026,99.99982483789672
67.30946763770643,99.99982502330201
67.31972510001026,99.99982520850801
67.32998256231409,99.99982539363539
67.34024002461791,99.9998255786918
67.35049748692174,99.9998257637124
67.36075494922557,99.99982594845027
67.37101241152939,99.99982613318453
67.38126987383322,99.99982631759578
67.39152733613703,99.99982650177006
67.40178479844087,99.99982668591099
67.41204226074468,99.99982686978134
67.42229972304852,99.99982705361195
67.43255718535235,99.99982723726902
67.44281464765616,99.999827420522
67.45307210996,99.99982760377306
67.46332957226382,99.99982778701056
67.47358703456766,99.9998279701628
67.48384449687147,99.99982815297723
67.4941019591753,99.99982833561026
67.50435942147912,99.9998285179337
67.51461688378295,99.99982870020773
67.52487434608679,99.9998288823802
67.5351318083906,99.99982906419055
67.54538927069443,99.99982924599183
67.55564673299826,99.99982942762936
67.56590419530208,99.99982960923089
67.57616165760591,99.99982979081203
67.58641911990973,99.99982997200681
67.59667658221356,99.99983015294596
67.60693404451739,99.99983033366885
67.61719150682121,99.99983051430333
67.62744896912504,99.9998306948342
67.63770643142887,99.99983087494515
67.6479638937327,99.99983105496966
67.65822135603652,99.99983123472393
67.66847881834033,99.99983141443523
67.67873628064417,99.99983159395045
67.68899374294799,99.99983177336601
67.69925120525183,99.99983195273722
67.70950866755565,99.99983213183164
67.71976612985947,99.99983231090883
67.7300235921633,99.99983248956038
67.74028105446712,99.99983266804456
67.75053851677096,99.99983284651472
67.76079597907477,99.99983302486802
67.7710534413786,99.99983320312668
67.78131090368242,99.99983338125273
67.79156836598625,99.99983355920762
67.80182582829009,99.99983373692622
67.8120832905939,99.99983391444978
67.82234075289773,99.99983409191542
67.83259821520156,99.99983426936977
67.84285567750538,99.99983444681392
67.85311313980921,99.99983462419047
67.86337060211304,99.99983480152103
67.87362806441686,99.99983497856152
67.88388552672069,99.99983515549272
67.89414298902452,99.99983533223975
67.90440045132834,99.99983550890497
67.91465791363217,99.99983568543952
67.924915375936,99.99983586188972
67.93517283823982,99.99983603779489
67.94543030054363,99.99983621355159
67.95568776284748,99.99983638929893
67.9659452251513,99.99983656501111
67.97620268745513,99.99983674068083
67.98646014975895,99.99983691631243
67.99671761206277,99.99983709186895
68.00697507436661,99.99983726719795
68.01723253667042,99.99983744243275
68.02748999897426,99.99983761752921
68.03774746127807,99.99983779255204
68.0480049235819,99.99983796747897
68.05826238588574,99.999838141852
68.06851984818955,99.99983831595446
68.0787773104934,99.99983848989461
68.0890347727972,99.99983866367805
68.09929223510103,99.99983883728852
68.10954969740486,99.99983901078664
68.11980715970869,99.99983918428082
68.13006462201251,99.99983935773929
68.14032208431634,99.99983953117632
68.15057954662016,99.99983970439182
68.16083700892399,99.9998398774901
68.17109447122782,99.99984005058681
68.18135193353164,99.99984022359202
68.19160939583547,99.99984039641441
68.2018668581393,99.99984056840987
68.21212432044312,99.99984074035605
68.22238178274695,99.99984091219866
68.23263924505078,99.99984108377976
68.2428967073546,99.9998412553094
68.25315416965843,99.99984142650351
68.26341163196226,99.99984159740536
68.27366909426608,99.99984176814442
68.28392655656991,99.99984193887757
68.29418401887372,99.99984210960153
68.30444148117756,99.9998422802444
68.31469894348137,99.99984245077229
68.32495640578522,99.99984262121217
68.33521386808904,99.99984279161205
68.34547133039285,99.99984296186032
68.3557287926967,99.9998431321083
68.36598625500051,99.99984330229165
68.37624371730435,99.99984347209593
68.38650117960816,99.99984364180908
68.39675864191199,99.99984381133076
68.40701610421581,99.99984398070913
68.41727356651964,99.99984415005872
68.42753102882348,99.99984431934455
68.4377884911273,99.99984448862729
68.44804595343112,99.99984465781057
68.45830341573495,99.99984482682649
68.46856087803877,99.99984499572894
68.4788183403426,99.99984516447354
68.48907580264643,99.99984533240442
68.49933326495025,99.99984550016187
68.50959072725408,99.99984566738824
68.5198481895579,99.99984583435204
68.53010565186173,99.99984600116163
68.54036311416556,99.99984616767325
68.55062057646938,99.99984633413898
68.56087803877321,99.9998465004356
68.57113550107702,99.99984666627212
68.58139296338086,99.99984683154871
68.59165042568468,99.99984699680697
68.60190788798852,99.99984716169187
68.61216535029234,99.99984732644597
68.62242281259616,99.9998474911803
68.6326802749,99.99984765582123
68.64293773720381,99.9998478203722
68.65319519950765,99.99984798488161
68.66345266181146,99.99984814921787
68.67371012411529,99.99984831352533
68.68396758641912,99.99984847770517
68.69422504872294,99.99984864181398
68.70448251102678,99.99984880546673
68.7147399733306,99.99984896901054
68.72499743563442,99.99984913238718
68.73525489793825,99.99984929564647
68.74551236024207,99.99984945852484
68.7557698225459,99.99984962120662
68.76602728484973,99.99984978348314
68.77628474715355,99.99984994568867
68.78654220945738,99.99985010781458
68.7967996717612,99.99985026984776
68.80705713406503,99.99985043183214
68.81731459636886,99.99985059374862
68.82757205867269,99.99985075566212
68.83782952097651,99.99985091755849
68.84808698328033,99.99985107942491
68.85834444558417,99.99985124125861
68.86860190788798,99.99985140288258
68.87885937019182,99.999851564463
68.88911683249565,99.99985172603738
68.89937429479946,99.99985188750857
68.9096317571033,99.99985204883303
68.91988921940711,99.9998522100911
68.93014668171095,99.99985237102523
68.94040414401476,99.99985253162052
68.95066160631859,99.99985269203104
68.96091906862243,99.99985285242298
68.97117653092624,99.99985301268127
68.98143399323008,99.99985317285561
68.9916914555339,99.99985333298049
69.00194891783772,99.99985349272144
69.01220638014155,99.99985365230802
69.02246384244538,99.99985381167855
69.0327213047492,99.99985397099157
69.04297876705303,99.99985413027956
69.05323622935686,99.9998542891823
69.06349369166068,99.99985444802303
69.07375115396451,99.9998546066627
69.08400861626833,99.99985476490629
69.09426607857216,99.99985492290435
69.10452354087599,99.99985508087791
69.11478100317981,99.99985523848947
69.12503846548364,99.99985539605525
69.13529592778747,99.99985555334786
69.1455533900913,99.99985571027274
69.15581085239512,99.99985586717389
69.16606831469895,99.99985602385053
69.17632577700277,99.999856180335
69.1865832393066,99.99985633652537
69.19684070161041,99.99985649269586
69.20709816391425,99.99985664849731
69.21735562621807,99.99985680396145
69.2276130885219,99.99985695932199
69.23787055082573,99.99985711436507
69.24812801312954,99.99985726939794
69.25838547543339,99.99985742412535
69.2686429377372,99.99985757874146
69.27890040004104,99.99985773325142
69.28915786234485,99.9998578875993
69.29941532464868,99.99985804183906
69.3096727869525,99.99985819597276
69.31993024925633,99.99985835005933
69.33018771156017,99.9998585032266
69.34044517386398,99.99985865583449
69.35070263616781,99.99985880842921
69.36096009847164,99.99985896090658
69.37121756077546,99.99985911332769
69.38147502307929,99.99985926568526
69.39173248538312,99.99985941795558
69.40198994768694,99.99985957021605
69.41224740999077,99.99985972241141
69.4225048722946,99.99985987448477
69.43276233459842,99.99986002645132
69.44301979690225,99.99986017839844
69.45327725920608,99.99986033033083
69.4635347215099,99.99986048224059
69.47379218381371,99.99986063388371
69.48404964611755,99.99986078543263
69.49430710842137,99.99986093631415
69.50456457072521,99.99986108703304
69.51482203302903,99.99986123771394
69.52507949533285,99.99986138831547
69.53533695763669,99.99986153891476
69.5455944199405,99.99986168912895
69.55585188224434,99.99986183917972
69.56610934454815,99.99986198916683
69.57636680685198,99.99986213909278
69.5866242691558,99.9998622889379
69.59688173145963,99.99986243869428
69.60713919376347,99.99986258842253
69.61739665606729,99.9998627380727
69.62765411837111,99.99986288737226
69.63791158067494,99.999863036114
69.64816904297876,99.99986318483792
69.65842650528259,99.99986333353037
69.66868396758642,99.9998634822228
69.67894142989024,99.99986363069036
69.68919889219407,99.9998637791155
69.6994563544979,99.99986392752447
69.70971381680172,99.99986407581784
69.71997127910555,99.99986422399142
69.73022874140938,99.99986437186654
69.7404862037132,99.9998645197373
69.75074366601703,99.99986466732108
69.76100112832086,99.99986481474575
69.77125859062467,99.99986496183037
69.78151605292851,99.99986510880099
69.79177351523234,99.9998652557621
69.80203097753616,99.9998654024937
69.81228843983999,99.99986554876175
69.8225459021438,99.99986569500581
69.83280336444764,99.99986584096708
69.84306082675145,99.99986598690093
69.8533182890553,99.9998661327595
69.86357575135911,99.99986627851523
69.87383321366293,99.99986642417706
69.88409067596677,99.99986656977772
69.89434813827059,99.99986671512393
69.90460560057443,99.99986686025211
69.91486306287824,99.99986700530602
69.92512052518207,99.9998671501945
69.9353779874859,99.99986729500282
69.94563544978972,99.9998674397726
69.95589291209356,99.99986758445006
69.96615037439737,99.99986772882522
69.9764078367012,99.99986787313075
69.98666529900503,99.99986801734877
69.99692276130885,99.99986816134513
70.00718022361268,99.99986830528287
70.0174376859165,99.99986844913394
70.02769514822033,99.99986859297802
70.03795261052416,99.99986873673465
70.04821007282798,99.99986888045035
70.05846753513181,99.99986902415353
70.06872499743564,99.99986916752121
70.07898245973946,99.9998693108428
70.08923992204329,99.99986945408239
70.0994973843471,99.99986959727548
70.10975484665094,99.99986974044988
70.12001230895476,99.99986988361044
70.1302697712586,99.9998700267416
70.14052723356242,99.99987016983772
70.15078469586624,99.9998703128367
70.16104215817008,99.99987045571237
70.17129962047389,99.99987059849784
70.18155708277773,99.99987074098678
70.19181454508154,99.99987088331444
70.20207200738537,99.99987102545542
70.2123294696892,99.999871167554
70.22258693199302,99.99987130960884
70.23284439429686,99.99987145157122
70.24310185660067,99.99987159350425
70.2533593189045,99.99987173523269
70.26361678120833,99.99987187694647
70.27387424351215,99.99987201846702
70.28413170581598,99.99987215993823
70.2943891681198,99.99987230127346
70.30464663042363,99.99987244221657
70.31490409272746,99.99987258304368
70.32516155503129,99.99987272376548
70.33541901733511,99.99987286441606
70.34567647963894,99.99987300491846
70.35593394194277,99.9998731454158
70.36619140424659,99.99987328572702
70.37644886655042,99.99987342589999
70.38670632885425,99.99987356605195
70.39696379115806,99.9998737061829
70.4072212534619,99.99987384595083
70.41747871576572,99.99987398537735
70.42773617806955,99.99987412478
70.43799364037338,99.99987426409616
70.44825110267719,99.99987440337989
70.45850856498103,99.99987454251838
70.46876602728484,99.99987468157292
70.47902348958868,99.99987482048121
70.4892809518925,99.9998749592799
70.49953841419632,99.9998750979438
70.50979587650016,99.99987523629495
70.52005333880398,99.99987537451716
70.53031080110782,99.99987551264937
70.54056826341163,99.99987565077821
70.55082572571546,99.99987578888538
70.56108318801928,99.99987592691649
70.57134065032311,99.99987606490916
70.58159811262693,99.99987620289349
70.59185557493076,99.99987634085272
70.60211303723459,99.99987647828179
70.61237049953841,99.99987661558538
70.62262796184224,99.99987675280592
70.63288542414607,99.99987688998397
70.6431428864499,99.99987702712798
70.65340034875372,99.99987716413409
70.66365781105755,99.99987730092693
70.67391527336136,99.99987743764895
70.6841727356652,99.99987757431363
70.69443019796903,99.99987771076073
70.70468766027285,99.99987784718995
70.71494512257668,99.99987798321416
70.72520258488049,99.99987811920221
70.73546004718433,99.99987825466023
70.74571750948814,99.99987838987101
70.75597497179199,99.99987852470265
70.7662324340958,99.9998786594331
70.77648989639962,99.99987879407607
70.78674735870347,99.99987892850896
70.79700482100728,99.99987906293514
70.80726228331112,99.99987919723509
70.81751974561493,99.9998793313992
70.82777720791876,99.9998794651019
70.83803467022258,99.99987959870634
70.84829213252641,99.99987973212595
70.85854959483024,99.99987986546614
70.86880705713406,99.99987999872316
70.87906451943789,99.99988013190512
70.88932198174172,99.99988026502842
70.89957944404554,99.99988039813785
70.90983690634937,99.999880531209
70.9200943686532,99.99988066414424
70.93035183095702,99.99988079697911
70.94060929326085,99.9998809296211
70.95086675556468,99.99988106218015
70.9611242178685,99.99988119470021
70.97138168017233,99.99988132719126
70.98163914247615,99.99988145967623
70.99189660477998,99.99988159194655
71.0021540670838,99.99988172417605
71.01241152938763,99.99988185628274
71.02266899169145,99.99988198825967
71.03292645399529,99.9998821201943
71.04318391629911,99.99988225212647
71.05344137860293,99.99988238382795
71.06369884090677,99.9998825154654
71.07395630321058,99.99988264681846
71.08421376551442,99.99988277812743
71.09447122781823,99.99988290928819
71.10472869012206,99.99988304043357
71.11498615242589,99.99988317156352
71.12524361472971,99.99988330254646
71.13550107703355,99.99988343352622
71.14575853933736,99.99988356433315
71.15601600164119,99.99988369510848
71.16627346394502,99.99988382572846
71.17653092624884,99.99988395620227
71.18678838855267,99.99988408640368
71.1970458508565,99.99988421637266
71.20730331316032,99.99988434629007
71.21756077546415,99.99988447605132
71.22781823776798,99.9998846057916
71.2380757000718,99.99988473542284
71.24833316237563,99.99988486502147
71.25859062467946,99.99988499461959
71.26884808698328,99.99988512388599
71.27910554928711,99.99988525314701
71.28936301159094,99.99988538221181
71.29962047389475,99.99988551125819
71.30987793619859,99.99988564029606
71.32013539850242,99.9998857693172
71.33039286080624,99.99988589828823
71.34065032311007,99.99988602723884
71.35090778541388,99.99988615609259
71.36116524771772,99.99988628488374
71.37142271002153,99.99988641344385
71.38168017232537,99.99988654195974
71.39193763462919,99.9998866704618
71.40219509693301,99.99988679861484
71.41245255923685,99.99988692669588
71.42271002154067,99.99988705477459
71.43296748384451,99.99988718275362
71.44322494614832,99.99988731069665
71.45348240845215,99.99988743861734
71.46373987075597,99.99988756646165
71.4739973330598,99.99988769428828
71.48425479536363,99.99988782193905
71.49451225766745,99.99988794932665
71.50476971997128,99.99988807628093
71.5150271822751,99.99988820311671
71.52528464457893,99.99988832980353
71.53554210688276,99.99988845637506
71.54579956918658,99.99988858274735
71.55605703149041,99.9998887090349
71.56631449379424,99.99988883515401
71.57657195609805,99.99988896125647
71.58682941840189,99.99988908714683
71.59708688070572,99.99988921303678
71.60734434300954,99.99988933877965
71.61760180531337,99.99988946405333
71.62785926761718,99.99988958931198
71.63811672992102,99.99988971451367
71.64837419222484,99.99988983960874
71.65863165452868,99.99988996460341
71.66888911683249,99.99989008954562
71.67914657913632,99.99989021439262
71.68940404144016,99.99989033914946
71.69966150374397,99.99989046381346
71.70991896604781,99.99989058844906
71.72017642835162,99.99989071296503
71.73043389065545,99.99989083744623
71.74069135295927,99.99989096189019
71.7509488152631,99.99989108601994
71.76120627756693,99.99989121003469
71.77146373987075,99.99989133402153
71.78172120217458,99.99989145763654
71.7919786644784,99.99989158123549
71.80223612678223,99.99989170482277
71.81249358908606,99.99989182819618
71.82275105138989,99.9998919515197
71.83300851369371,99.99989207478953
71.84326597599754,99.99989219800636
71.85352343830135,99.99989232120286
71.86378090060519,99.99989244427441
71.87403836290902,99.99989256726795
71.88429582521285,99.9998926900114
71.89455328751667,99.99989281272624
71.90481074982048,99.99989293527372
71.91506821212432,99.99989305740296
71.92532567442814,99.99989317948886
71.93558313673198,99.99989330151566
71.9458405990358,99.99989342323352
71.95609806133962,99.9998935449312
71.96635552364346,99.9998936665806
71.97661298594727,99.99989378817511
71.98687044825111,99.9998939096845
71.99712791055492,99.99989403116115
72.00738537285875,99.99989415262816
72.01764283516258,99.9998942739096
72.0279002974664,99.99989439510865
72.03815775977024,99.99989451622879
72.04841522207406,99.999894637292
72.05867268437788,99.99989475832577
72.06893014668171,99.99989487932103
72.07918760898554,99.99989500030492
72.08944507128936,99.99989512118175
72.09970253359319,99.99989524185806
72.10995999589701,99.99989536249338
72.12021745820084,99.99989548297778
72.13047492050467,99.99989560342821
72.1407323828085,99.99989572386356
72.15098984511232,99.9998958441647
72.16124730741615,99.99989596442805
72.17150476971997,99.99989608440481
72.1817622320238,99.99989620430169
72.19201969432763,99.99989632419405
72.20227715663144,99.99989644403685
72.21253461893528,99.99989656379829
72.2227920812391,99.99989668348704
72.23304954354293,99.99989680307206
72.24330700584676,99.99989692263588
72.25356446815057,99.9998970421082
72.26382193045441,99.99989716142122
72.27407939275822,99.9998972807282
72.28433685506207,99.99989740000383
72.29459431736588,99.99989751924457
72.3048517796697,99.99989763845922
72.31510924197354,99.99989775765172
72.32536670427736,99.99989787676343
72.3356241665812,99.99989799582266
72.34588162888501,99.99989811479372
72.35613909118884,99.99989823360586
72.36639655349266,99.99989835221521
72.37665401579649,99.99989847080631
72.38691147810032,99.99989858927925
72.39716894040414,99.99989870771695
72.40742640270797,99.99989882606693
72.4176838650118,99.99989894435572
72.42794132731562,99.99989906264283
72.43819878961945,99.99989918087473
72.44845625192328,99.99989929899338
72.4587137142271,99.99989941699941
72.46897117653093,99.99989953497736
72.47922863883474,99.99989965283824
72.48948610113858,99.99989977069056
72.49974356344241,99.99989988854163
72.51000102574623,99.99990000625566
72.52025848805006,99.99990012394096
72.53051595035387,99.9999002416215
72.54077341265771,99.99990035925246
72.55103087496153,99.99990047677284
72.56128833726537,99.9999005942742
72.57154579956918,99.99990071176025
72.581803261873,99.99990082922173
72.59206072417685,99.99990094668118
72.60231818648066,99.99990106392906
72.6125756487845,99.99990118112663
72.62283311108831,99.99990129828394
72.63309057339214,99.99990141543007
72.64334803569596,99.99990153242729
72.65360549799979,99.99990164898539
72.66386296030362,99.99990176549682
72.67412042260744,99.99990188181258
72.68437788491127,99.99990199806525
72.6946353472151,99.99990211426851
72.70489280951892,99.9999022303447
72.71515027182275,99.99990234637335
72.72540773412658,99.99990246239554
72.7356651964304,99.99990257824733
72.74592265873423,99.99990269400894
72.75618012103806,99.9999028097655
72.76643758334188,99.99990292531437
72.77669504564571,99.99990304078915
72.78695250794954,99.99990315617447
72.79720997025336,99.99990327139835
72.80746743255719,99.99990338661662
72.81772489486102,99.99990350177922
72.82798235716483,99.99990361691204
72.83823981946867,99.99990373198409
72.84849728177248,99.99990384685661
72.85875474407632,99.99990396172909
72.86901220638015,99.99990407650236
72.87926966868396,99.99990419126244
72.8895271309878,99.99990430601282
72.89978459329161,99.99990442068587
72.91004205559545,99.99990453530432
72.92029951789927,99.99990464990252
72.9305569802031,99.99990476428368
72.94081444250692,99.99990487861895
72.95107190481075,99.9999049927969
72.96132936711459,99.99990510692413
72.9715868294184,99.99990522103924
72.98184429172223,99.99990533491085
72.99210175402605,99.99990544872863
73.00235921632988,99.99990556245632
73.0126166786337,99.99990567611923
73.02287414093753,99.99990578977842
73.03313160324136,99.99990590305985
73.04338906554518,99.99990601625387
73.05364652784901,99.99990612898554
73.06390399015284,99.99990624142734
73.07416145245666,99.99990635385964
73.08441891476049,99.99990646613182
73.09467637706432,99.99990657834856
73.10493383936813,99.99990669052193
73.11519130167197,99.99990680258736
73.1254487639758,99.99990691455247
73.13570622627962,99.99990702639613
73.14596368858345,99.9999071382116
73.15622115088726,99.99990724966264
73.1664786131911,99.99990736102417
73.17673607549492,99.99990747230102
73.18699353779876,99.99990758350968
73.19725100010257,99.99990769470499
73.2075084624064,99.99990780589084
73.21776592471024,99.99990791704327
73.22802338701405,99.99990802805773
73.23828084931789,99.99990813896811
73.2485383116217,99.99990824981741
73.25879577392553,99.99990836060398
73.26905323622935,99.99990847133219
73.27931069853318,99.99990858191485
73.289568160837,99.99990869243148
73.29982562314083,99.9999088028934
73.31008308544466,99.99990891330438
73.32034054774849,99.99990902362526
73.33059801005231,99.9999091338777
73.34085547235614,99.99990924389392
73.35111293465997,99.99990935385526
73.36137039696379,99.99990946380379
73.37162785926762,99.99990957352105
73.38188532157145,99.99990968314599
73.39214278387527,99.9999097927192
73.4024002461791,99.99990990185202
73.41265770848293,99.99991001094284
73.42291517078675,99.99991011996782
73.43317263309058,99.99991022866296
73.4434300953944,99.99991033735654
73.45368755769822,99.9999104458809
73.46394502000206,99.9999105540761
73.47420248230587,99.99991066200657
73.48445994460971,99.99991076977776
73.49471740691354,99.99991087728075
73.50497486921735,99.9999109847567
73.51523233152119,99.99991109220312
73.525489793825,99.9999111992866
73.53574725612884,99.999911306315
73.54600471843266,99.99991141331476
73.55626218073648,99.9999115201739
73.56651964304031,99.99991162700506
73.57677710534414,99.9999117336066
73.58703456764798,99.99991184011063
73.59729202995179,99.99991194659653
73.60754949225561,99.99991205302244
73.61780695455944,99.99991215940813
73.62806441686327,99.99991226576054
73.6383218791671,99.99991237210817
73.64857934147092,99.99991247805441
73.65883680377475,99.9999125839448
73.66909426607857,99.9999126897523
73.6793517283824,99.99991279546617
73.68960919068623,99.99991290117956
73.69986665299005,99.99991300664134
73.71012411529388,99.99991311206153
73.7203815775977,99.9999132174257
73.73063903990152,99.99991332273052
73.74089650220536,99.99991342784385
73.75115396450917,99.99991353279162
73.76141142681301,99.99991363758805
73.77166888911684,99.99991374237324
73.78192635142065,99.99991384706209
73.79218381372449,99.99991395173285
73.8024412760283,99.99991405631643
73.81269873833214,99.9999141606269
73.82295620063596,99.99991426466987
73.83321366293978,99.99991436856172
73.84347112524361,99.9999144724399
73.85372858754744,99.99991457627189
73.86398604985128,99.9999146800761
73.87424351215509,99.99991478357816
73.88450097445892,99.99991488706335
73.89475843676274,99.99991499051599
73.90501589906657,99.99991509380585
73.9152733613704,99.9999151970869
73.92553082367422,99.99991530028112
73.93578828597805,99.99991540345752
73.94604574828188,99.99991550627314
73.9563032105857,99.99991560908634
73.96656067288953,99.99991571181805
73.97681813519335,99.99991581447135
73.98707559749718,99.99991591687149
73.99733305980101,99.99991601922757
74.00759052210482,99.99991612152222
74.01784798440866,99.9999162233365
74.02810544671249,99.99991632510687
74.03836290901631,99.99991642662985
74.04862037132014,99.99991652811346
74.05887783362395,99.99991662955658
74.0691352959278,99.99991673089451
74.0793927582316,99.99991683212288
74.08965022053545,99.99991693330941
74.09990768283926,99.99991703447482
74.11016514514309,99.99991713548701
74.12042260744693,99.99991723644982
74.13068006975074,99.99991733736736
74.14093753205458,99.9999174381759
74.15119499435839,99.99991753878037
74.16145245666222,99.99991763931054
74.17170991896604,99.99991773975769
74.18196738126987,99.9999178401998
74.1922248435737,99.99991794061445
74.20248230587752,99.99991804101776
74.21273976818135,99.9999181412855
74.22299723048518,99.99991824146656
74.233254692789,99.99991834154834
74.24351215509283,99.9999184414865
74.25376961739666,99.99991854137095
74.26402707970048,99.99991864121712
74.27428454200431,99.99991874098285
74.28454200430814,99.99991884047972
74.29479946661196,99.99991893985936
74.30505692891579,99.99991903916258
74.31531439121962,99.99991913807533
74.32557185352344,99.99991923694297
74.33582931582727,99.99991933577348
74.3460867781311,99.9999194345196
74.35634424043491,99.99991953295503
74.36660170273875,99.99991963121231
74.37685916504256,99.99991972944231
74.3871166273464,99.99991982765025
74.39737408965023,99.9999199258385
74.40763155195404,99.99992002392723
74.41788901425788,99.99992012198143
74.4281464765617,99.99992021990347
74.43840393886553,99.99992031780064
74.44866140116935,99.99992041557921
74.45891886347317,99.99992051331242
74.469176325777,99.99992061088828
74.47943378808083,99.9999207084609
74.48969125038467,99.99992080600042
74.49994871268848,99.99992090352961
74.5102061749923,99.99992100099647
74.52046363729613,99.99992109839283
74.53072109959996,99.99992119556651
74.54097856190378,99.99992129270404
74.55123602420761,99.99992138983413
74.56149348651144,99.99992148694356
74.57175094881526,99.99992158390495
74.58200841111909,99.99992168083092
74.59226587342292,99.9999217775125
74.60252333572674,99.99992187393052
74.61278079803057,99.99992197033798
74.6230382603344,99.99992206664862
74.63329572263821,99.99992216293273
74.64355318494205,99.99992225915402
74.65381064724586,99.99992235536097
74.6640681095497,99.99992245151293
74.67432557185353,99.9999225474696
74.68458303415734,99.99992264340378
74.69484049646118,99.99992273923357
74.705097958765,99.99992283498757
74.71535542106884,99.99992293068983
74.72561288337265,99.99992302623131
74.73587034567647,99.99992312177058
74.7461278079803,99.99992321709722
74.75638527028413,99.99992331240402
74.76664273258797,99.99992340711631
74.77690019489178,99.99992350175329
74.7871576571956,99.99992359635144
74.79741511949943,99.99992369088534
74.80767258180326,99.9999237853498
74.81793004410709,99.99992387979667
74.82818750641091,99.99992397422622
74.83844496871474,99.9999240685724
74.84870243101857,99.99992416288805
74.85895989332239,99.99992425710423
74.86921735562622,99.99992435129616
74.87947481793005,99.99992444518281
74.88973228023387,99.99992453884967
74.8999897425377,99.99992463247506
74.91024720484151,99.99992472607549
74.92050466714535,99.9999248195415
74.93076212944916,99.99992491300675
74.941019591753,99.99992500594932
74.95127705405683,99.99992509881199
74.96153451636064,99.99992519167415
74.97179197866448,99.9999252845032
74.9820494409683,99.99992537725198
74.99230690327214,99.99992546989237
75.00256436557595,99.99992556252246
75.01282182787978,99.99992565511519
75.02307929018362,99.99992574769048
75.03333675248743,99.9999258402401
75.04359421479127,99.99992593259721
75.05385167709508,99.99992602489779
75.06410913939891,99.99992611719499
75.07436660170274,99.99992620939516
75.08462406400656,99.99992630159117
75.09488152631039,99.99992639363354
75.10513898861421,99.99992648562058
75.11539645091804,99.99992657753188
75.12565391322187,99.99992666938459
75.1359113755257,99.99992676116632
75.14616883782952,99.99992685262445
75.15642630013335,99.9999269440434
75.16668376243717,99.9999270354347
75.176941224741,99.99992712674383
75.18719868704483,99.99992721802454
75.19745614934865,99.99992730920815
75.20771361165248,99.99992740027778
75.2179710739563,99.99992749130259
75.22822853626013,99.99992758201024
75.23848599856396,99.99992767268392
75.24874346086779,99.99992776334592
75.2590009231716,99.99992785376479
75.26925838547544,99.99992794414675
75.27951584777925,99.99992803423062
75.28977331008309,99.99992812430285
75.30003077238692,99.99992821428455
75.31028823469073,99.99992830426352
75.32054569699457,99.99992839423311
75.33080315929838,99.99992848412899
75.34106062160222,99.99992857384089
75.35131808390604,99.9999286635043
75.36157554620986,99.9999287530416
75.37183300851369,99.99992884244443
75.38209047081752,99.99992893173804
75.39234793312136,99.99992902096456
75.40260539542517,99.99992911001686
75.412862857729,99.99992919899475
75.42312032003282,99.99992928790805
75.43337778233665,99.99992937681333
75.44363524464048,99.99992946565911
75.4538927069443,99.99992955431388
75.46415016924813,99.9999296426812
75.47440763155195,99.9999297309257
75.48466509385578,99.99992981909034
75.49492255615961,99.99992990702664
75.50518001846343,99.99992999492862
75.51543748076726,99.99993008277879
75.52569494307109,99.9999301706186
75.5359524053749,99.9999302584407
75.54620986767874,99.99993034620175
75.55646732998255,99.9999304339326
75.5667247922864,99.99993052165489
75.57698225459022,99.99993060913613
75.58723971689403,99.99993069658318
75.59749717919787,99.99993078397884
75.60775464150169,99.99993087134054
75.61801210380553,99.9999309585892
75.62826956610934,99.99993104581475
75.63852702841316,99.99993113300692
75.64878449071699,99.9999312201234
75.65904195302082,99.99993130707738
75.66929941532466,99.99993139400702
75.67955687762847,99.99993148081825
75.6898143399323,99.99993156748887
75.70007180223612,99.99993165393528
75.71032926453995,99.99993174013821
75.72058672684378,99.99993182625438
75.7308441891476,99.99993191214585
75.74110165145143,99.99993199796448
75.75135911375526,99.9999320834363
75.76161657605908,99.9999321687818
75.77187403836291,99.9999322540872
75.78213150066674,99.99993233922564
75.79238896297056,99.99993242433722
75.80264642527439,99.99993250922608
75.81290388757822,99.9999325940614
75.82316134988204,99.9999326788266
75.83341881218585,99.99993276355363
75.8436762744897,99.99993284825817
75.85393373679352,99.99993293296063
75.86419119909735,99.99993301756197
75.87444866140117,99.99993310212575
75.88470612370499,99.9999331866442
75.89496358600883,99.99993327105409
75.90522104831264,99.99993335540293
75.91547851061648,99.99993343972221
75.9257359729203,99.99993352403315
75.93599343522412,99.99993360830902
75.94625089752796,99.99993369255871
75.95650835983177,99.99993377677855
75.96676582213561,99.9999338608976
75.97702328443943,99.99993394500069
75.98728074674325,99.9999340290713
75.99753820904708,99.9999341128753
76.0077956713509,99.99993419642027
76.01805313365473,99.99993427994124
76.02831059595856,99.9999343632711
76.03856805826238,99.99993444647438
76.04882552056621,99.99993452960295
76.05908298287004,99.99993461272574
76.06934044517386,99.99993469581241
76.07959790747769,99.9999347788009
76.08985536978152,99.99993486164725
76.10011283208534,99.99993494445373
76.11037029438917,99.99993502722705
76.120627756693,99.99993510994838
76.13088521899682,99.99993519253952
76.14114268130065,99.99993527505687
76.15140014360448,99.99993535749661
76.16165760590829,99.99993543982313
76.17191506821213,99.99993552195023
76.18217253051594,99.99993560405723
76.19242999281978,99.99993568615942
76.20268745512361,99.99993576825266
76.21294491742742,99.99993585007132
76.22320237973126,99.99993593172421
76.23345984203507,99.99993601329102
76.24371730433892,99.99993609482632
76.25397476664273,99.99993617631742
76.26423222894655,99.99993625777324
76.27448969125038,99.99993633903983
76.2847471535542,99.99993642030107
76.29500461585805,99.9999365013841
76.30526207816186,99.99993658243926
76.31551954046569,99.99993666349064
76.32577700276951,99.99993674451576
76.33603446507334,99.99993682552338
76.34629192737717,99.9999369065182
76.35654938968099,99.99993698735713
76.36680685198482,99.99993706807696
76.37706431428865,99.99993714876094
76.38732177659247,99.99993722942443
76.3975792388963,99.99993731004865
76.40783670120013,99.99993739056993
76.41809416350395,99.99993747107958
76.42835162580778,99.99993755143419
76.4386090881116,99.9999376317405
76.44886655041543,99.99993771196583
76.45912401271924,99.99993779195756
76.46938147502308,99.99993787185164
76.47963893732691,99.999937951695
76.48989639963074,99.99993803151949
76.50015386193456,99.99993811128599
76.51041132423838,99.99993819082256
76.52066878654222,99.9999382703526
76.53092624884603,99.99993834949511
76.54118371114987,99.99993842863375
76.55144117345368,99.99993850761412
76.56169863575751,99.99993858652068
76.57195609806135,99.99993866540296
76.58221356036516,99.99993874427827
76.592471022669,99.9999388231415
76.60272848497281,99.99993890199768
76.61298594727664,99.99993898079815
76.62324340958047,99.99993905955465
76.6335008718843,99.99993913830937
76.64375833418812,99.99993921701446
76.65401579649195,99.99993929568596
76.66427325879577,99.99993937419322
76.6745307210996,99.99993945259597
76.68478818340343,99.99993953092257
76.69504564570725,99.99993960915504
76.70530310801108,99.99993968737073
76.7155605703149,99.9999397655854
76.72581803261873,99.99993984374036
76.73607549492255,99.99993992179068
76.74633295722639,99.9999399998365
76.75659041953021,99.99994007773336
76.76684788183404,99.99994015552168
76.77710534413787,99.99994023323134
76.78736280644168,99.9999403109122
76.79762026874552,99.99994038857537
76.80787773104933,99.99994046618691
76.81813519335317,99.99994054378521
76.82839265565698,99.99994062137993
76.83865011796081,99.9999406989393
76.84890758026465,99.99994077638263
76.85916504256846,99.99994085359621
76.8694225048723,99.99994093076265
76.87967996717612,99.99994100789121
76.88993742947994,99.99994108499108
76.90019489178377,99.99994116205949
76.9104523540876,99.99994123903537
76.92070981639142,99.99994131592256
76.93096727869525,99.99994139280754
76.94122474099908,99.99994146969063
76.9514822033029,99.99994154656706
76.96173966560673,99.99994162334164
76.97199712791056,99.99994170009265
76.98225459021438,99.99994177679568
76.99251205251821,99.99994185346732
77.00276951482203,99.99994193006309
77.01302697712585,99.99994200656303
77.02328443942969,99.99994208298682
77.03354190173351,99.99994215939084
77.04379936403734,99.99994223563917
77.05405682634117,99.99994231173734
77.06431428864498,99.99994238754769
77.07457175094882,99.99994246333056
77.08482921325263,99.99994253910492
77.09508667555647,99.99994261486067
77.1053441378603,99.99994269050171
77.11560160016411,99.99994276607927
77.12585906246795,99.99994284163465
77.13611652477177,99.99994291716416
77.1463739870756,99.99994299264664
77.15663144937942,99.99994306811973
77.16688891168324,99.99994314359006
77.17714637398707,99.99994321898973
77.1874038362909,99.99994329434674
77.19766129859474,99.99994336954788
77.20791876089855,99.99994344469714
77.21817622320238,99.99994351981348
77.2284336855062,99.99994359490573
77.23869114781003,99.99994366986226
77.24894861011386,99.99994374479179
77.25920607241768,99.99994381962894
77.26946353472151,99.99994389446468
77.27972099702534,99.99994396911376
77.28997845932916,99.9999440436771
77.30023592163299,99.99994411823626
77.31049338393682,99.99994419275613
77.32075084624064,99.9999442672476
77.33100830854447,99.99994434168096
77.3412657708483,99.99994441589646
77.35152323315212,99.9999444900887
77.36178069545593,99.99994456419068
77.37203815775977,99.99994463827854
77.3822956200636,99.99994471233025
77.39255308236743,99.99994478626961
77.40281054467125,99.99994486004111
77.41306800697507,99.99994493376107
77.42332546927891,99.99994500724178
77.43358293158272,99.99994508069906
77.44384039388656,99.99994515410371
77.45409785619037,99.99994522740529
77.4643553184942,99.9999453005046
77.47461278079804,99.99994537356008
77.48487024310185,99.99994544660692
77.4951277054057,99.99994551961915
77.5053851677095,99.99994559259255
77.51564263001333,99.99994566544387
77.52590009231716,99.9999457381906
77.53615755462098,99.99994581090509
77.54641501692481,99.9999458835953
77.55667247922864,99.99994595627723
77.56692994153246,99.99994602892055
77.57718740383629,99.99994610155565
77.58744486614012,99.9999461740766
77.59770232844394,99.99994624646497
77.60795979074777,99.99994631885117
77.6182172530516,99.99994639122558
77.62847471535542,99.99994646357636
77.63873217765924,99.99994653588959
77.64898963996308,99.99994660817015
77.6592471022669,99.9999466803399
77.66950456457073,99.99994675234831
77.67976202687456,99.99994682428283
77.69001948917837,99.99994689598114
77.70027695148221,99.99994696765316
77.71053441378602,99.99994703923323
77.72079187608986,99.99994711075314
77.73104933839367,99.99994718224568
77.7413068006975,99.99994725364783
77.75156426300134,99.99994732477522
77.76182172530515,99.99994739576015
77.772079187609,99.99994746640434
77.7823366499128,99.99994753699568
77.79259411221663,99.99994760758354
77.80285157452046,99.99994767816821
77.81310903682429,99.99994774862367
77.82336649912811,99.99994781893675
77.83362396143194,99.99994788915534
77.84388142373577,99.99994795931903
77.85413888603959,99.99994802940057
77.86439634834342,99.99994809933168
77.87465381064725,99.99994816909621
77.88491127295107,99.99994823881457
77.8951687352549,99.99994830848496
77.90542619755873,99.99994837813215
77.91568365986254,99.99994844774636
77.92594112216638,99.99994851735397
77.9361985844702,99.999948586951
77.94645604677403,99.99994865651406
77.95671350907786,99.99994872600708
77.96697097138167,99.99994879537529
77.97722843368551,99.99994886474245
77.98748589598932,99.99994893409202
77.99774335829316,99.99994900343506
78.00800082059698,99.9999490727273
78.0182582829008,99.99994914173854
78.02851574520464,99.99994921059871
78.03877320750846,99.99994927945549
78.0490306698123,99.99994934803578
78.05928813211611,99.99994941647475
78.06954559441994,99.99994948471638
78.07980305672376,99.99994955294721
78.09006051902759,99.99994962113288
78.10031798133143,99.99994968924159
78.11057544363524,99.99994975732167
78.12083290593907,99.99994982527666
78.1310903682429,99.99994989309873
78.14134783054672,99.99994996070724
78.15160529285055,99.99995002828938
78.16186275515437,99.9999500958277
78.1721202174582,99.99995016316595
78.18237767976203,99.99995023029915
78.19263514206585,99.99995029736912
78.20289260436968,99.99995036424238
78.2131500666735,99.99995043098431
78.22340752897733,99.99995049755262
78.23366499128116,99.99995056410881
78.24392245358499,99.99995063061243
78.25417991588881,99.99995069705655
78.26443737819262,99.99995076345121
78.27469484049647,99.99995082976851
78.28495230280029,99.99995089597951
78.29520976510412,99.9999509620676
78.30546722740795,99.99995102804145
78.31572468971176,99.99995109381662
78.3259821520156,99.99995115956817
78.33623961431941,99.99995122514501
78.34649707662325,99.99995129070288
78.35675453892706,99.99995135623193
78.36701200123089,99.99995142174009
78.37726946353473,99.99995148719508
78.38752692583854,99.99995155262866
78.39778438814238,99.99995161804453
78.4080418504462,99.99995168334938
78.41829931275002,99.99995174863197
78.42855677505385,99.99995181366259
78.43881423735768,99.99995187868058
78.4490716996615,99.9999519435923
78.45932916196533,99.99995200849942
78.46958662426916,99.9999520734026
78.47984408657298,99.9999521382558
78.49010154887681,99.99995220310123
78.50035901118063,99.99995226794412
78.51061647348446,99.9999523325989
78.52087393578829,99.99995239723837
78.53113139809211,99.99995246186147
78.54138886039593,99.99995252645263
78.55164632269977,99.99995259083815
78.5619037850036,99.99995265517222
78.57216124730742,99.99995271927676
78.58241870961125,99.99995278335831
78.59267617191506,99.99995284734294
78.6029336342189,99.9999529112984
78.61319109652271,99.99995297512787
78.62344855882655,99.99995303891939
78.63370602113037,99.99995310270437
78.64396348343419,99.99995316647681
78.65422094573803,99.99995323020123
78.66447840804184,99.99995329386965
78.67473587034569,99.99995335750424
78.6849933326495,99.99995342093777
78.69525079495332,99.99995348421294
78.70550825725715,99.99995354748782
78.71576571956098,99.99995361071949
78.7260231818648,99.9999536739382
78.73628064416863,99.99995373712869
78.74653810647246,99.99995380029411
78.75679556877628,99.99995386344739
78.76705303108011,99.99995392651552
78.77731049338394,99.99995398956516
78.78756795568776,99.9999540526083
78.79782541799159,99.99995411564475
78.80808288029542,99.99995417866373
78.81834034259924,99.99995424160375
78.82859780490307,99.99995430453963
78.8388552672069,99.99995436746269
78.84911272951072,99.99995443037217
78.85937019181455,99.99995449328108
78.86962765411837,99.99995455617238
78.8798851164222,99.99995461900086
78.89014257872601,99.9999546818112
78.90040004102985,99.99995474454327
78.91065750333367,99.99995480725265
78.92091496563751,99.99995486995144
78.93117242794133,99.9999549326213
78.94142989024515,99.99995499507794
78.95168735254899,99.9999550574982
78.9619448148528,99.99995511962904
78.97220227715664,99.99995518175436
78.98245973946045,99.99995524387903
78.99271720176428,99.99995530599813
79.0029746640681,99.99995536811187
79.01323212637193,99.99995543011251
79.02348958867577,99.99995549209787
79.03374705097958,99.99995555405755
79.04400451328341,99.99995561600117
79.05426197558724,99.9999556778665
79.06451943789106,99.99995573968675
79.07477690019489,99.99995580130033
79.08503436249872,99.9999558628752
79.09529182480254,99.99995592441208
79.10554928710637,99.99995598594003
79.1158067494102,99.99995604741669
79.12606421171402,99.99995610884146
79.13632167401785,99.99995617024015
79.14657913632168,99.99995623157851
79.1568365986255,99.99995629291301
79.16709406092932,99.99995635418529
79.17735152323316,99.99995641534262
79.18760898553698,99.99995647643703
79.19786644784081,99.99995653746532
79.20812391014464,99.99995659846458
79.21838137244845,99.99995665940087
79.22863883475229,99.99995672032529
79.2388962970561,99.99995678124309
79.24915375935994,99.99995684214889
79.25941122166375,99.99995690286707
79.26966868396758,99.99995696345542
79.27992614627142,99.99995702403444
79.29018360857523,99.99995708445985
79.30044107087907,99.99995714468662
79.31069853318289,99.9999572047527
79.32095599548671,99.99995726481332
79.33121345779054,99.99995732484486
79.34147092009437,99.99995738473835
79.35172838239819,99.99995744462052
79.36198584470202,99.99995750433565
79.37224330700585,99.99995756404847
79.38250076930967,99.99995762353244
79.3927582316135,99.99995768297842
79.40301569391733,99.99995774205075
79.41327315622115,99.9999578011152
79.42353061852498,99.99995786010707
79.4337880808288,99.99995791903292
79.44404554313263,99.99995797778494
79.45430300543646,99.99995803638751
79.46456046774028,99.99995809498655
79.47481793004411,99.99995815356064
79.48507539234794,99.99995821206252
79.49533285465176,99.99995827053174
79.50559031695559,99.99995832881571
79.5158477792594,99.99995838695854
79.52610524156324,99.99995844501647
79.53636270386706,99.9999585030508
79.5466201661709,99.99995856096213
79.55687762847472,99.99995861866724
79.56713509077854,99.9999586761233
79.57739255308238,99.9999587335765
79.58765001538619,99.99995879102482
79.59790747769003,99.99995884835356
79.60816493999384,99.99995890561877
79.61842240229767,99.9999589628156
79.6286798646015,99.99995901968411
79.63893732690532,99.9999590765157
79.64919478920916,99.99995913334405
79.65945225151297,99.99995919016416
79.6697097138168,99.9999592469055
79.67996717612063,99.99995930358848
79.69022463842445,99.99995936021612
79.70048210072828,99.999959416789
79.7107395630321,99.99995947331651
79.72099702533593,99.99995952970767
79.73125448763976,99.99995958606318
79.74151194994359,99.99995964239976
79.75176941224741,99.99995969869526
79.76202687455124,99.99995975496681
79.77228433685507,99.99995981117029
79.78254179915889,99.99995986731133
79.7927992614627,99.99995992343457
79.80305672376655,99.99995997933546
79.81331418607036,99.99996003511679
79.8235716483742,99.99996009088645
79.83382911067802,99.99996014664919
79.84408657298184,99.99996020229919
79.85434403528568,99.99996025788434
79.86460149758949,99.99996031346949
79.87485895989333,99.99996036904237
79.88511642219714,99.99996042447704
79.89537388450097,99.99996047989244
79.9056313468048,99.99996053516543
79.91588880910862,99.99996059039876
79.92614627141246,99.99996064558603
79.93640373371628,99.99996070070952
79.9466611960201,99.99996075578308
79.95691865832393,99.9999608108011
79.96717612062776,99.99996086581507
79.97743358293158,99.9999609207776
79.98769104523541,99.99996097567798
79.99794850753923,99.99996103046688
80.00820596984306,99.99996108523969
80.01846343214689,99.9999611400085
80.02872089445071,99.9999611947321
80.03897835675454,99.99996124941633
80.04923581905837,99.99996130377669
80.0594932813622,99.99996135810392
80.069750743666,99.99996141241787
80.08000820596985,99.99996146650622
80.09026566827366,99.9999615205305
80.1005231305775,99.99996157448551
80.11078059288133,99.9999616284183
80.12103805518514,99.99996168232094
80.13129551748898,99.9999617362047
80.14155297979279,99.99996179007509
80.15181044209663,99.99996184383025
80.16206790440044,99.99996189750784
80.17232536670427,99.99996195082292
80.18258282900811,99.99996200410158
80.19284029131192,99.99996205729828
80.20309775361576,99.9999621104466
80.21335521591958,99.99996216358356
80.2236126782234,99.99996221669733
80.23387014052723,99.99996226979842
80.24412760283106,99.99996232288449
80.25438506513488,99.99996237573798
80.26464252743871,99.99996242851617
80.27489998974254,99.99996248118825
80.28515745204636,99.99996253384333
80.29541491435019,99.99996258646019
80.30567237665402,99.99996263883332
80.31592983895784,99.99996269118728
80.32618730126167,99.99996274352971
80.3364447635655,99.99996279572233
80.34670222586932,99.9999628478732
80.35695968817315,99.99996290000844
80.36721715047698,99.9999629521144
80.3774746127808,99.99996300418077
80.38773207508463,99.99996305623323
80.39798953738845,99.99996310823224
80.40824699969228,99.99996316019349
80.4185044619961,99.99996321215058
80.42876192429993,99.99996326404755
80.43901938660375,99.99996331594255
80.44927684890759,99.99996336780171
80.45953431121141,99.99996341948528
80.46979177351523,99.99996347112803
80.48004923581907,99.9999635227623
80.49030669812288,99.99996357439377
80.50056416042672,99.9999636257373
80.51082162273053,99.9999636770057
80.52107908503436,99.99996372816614
80.53133654733819,99.99996377930636
80.54159400964201,99.99996383036441
80.55185147194585,99.99996388139104
80.56210893424966,99.99996393240241
80.57236639655349,99.99996398324174
80.58262385885732,99.99996403401313
80.59288132116114,99.9999640846682
80.60313878346497,99.99996413517603
80.6133962457688,99.99996418565907
80.62365370807262,99.9999642361011
80.63391117037645,99.99996428652021
80.64416863268028,99.99996433690588
80.6544260949841,99.99996438723068
80.66468355728793,99.99996443746181
80.67494101959176,99.99996448766655
80.68519848189558,99.99996453782651
80.6954559441994,99.99996458796234
80.70571340650324,99.99996463806696
80.71597086880705,99.99996468815873
80.72622833111089,99.99996473823875
80.73648579341472,99.99996478831818
80.74674325571853,99.99996483839625
80.75700071802237,99.99996488846807
80.76725818032618,99.99996493852007
80.77751564263002,99.99996498857163
80.78777310493383,99.9999650385867
80.79803056723766,99.9999650885885
80.80828802954149,99.99996513853631
80.81854549184531,99.99996518839292
80.82880295414915,99.9999652382451
80.83906041645297,99.99996528805035
80.84931787875679,99.99996533785497
80.85957534106062,99.99996538764222
80.86983280336445,99.99996543734608
80.88009026566827,99.99996548698789
80.8903477279721,99.99996553658514
80.90060519027593,99.99996558618068
80.91086265257975,99.99996563575864
80.92112011488358,99.99996568533327
80.9313775771874,99.9999657349007
80.94163503949123,99.9999657844599
80.95189250179506,99.99996583399124
80.96214996409888,99.99996588350626
80.9724074264027,99.99996593285151
80.98266488870654,99.9999659821038
80.99292235101035,99.99996603114396
81.00317981331419,99.99996608016002
81.01343727561802,99.99996612914974
81.02369473792183,99.99996617812936
81.03395220022567,99.99996622710896
81.04420966252948,99.99996627603961
81.05446712483332,99.9999663249523
81.06472458713714,99.99996637375229
81.07498204944096,99.9999664224237
81.08523951174479,99.99996647106447
81.09549697404861,99.99996651944937
81.10575443635246,99.99996656776308
81.11601189865627,99.99996661601138
81.1262693609601,99.99996666425353
81.13652682326392,99.9999667124627
81.14678428556775,99.99996676056737
81.15704174787157,99.99996680865871
81.1672992101754,99.99996685673842
81.17755667247923,99.99996690481255
81.18781413478305,99.99996695287852
81.19807159708688,99.99996700094171
81.2083290593907,99.99996704896904
81.21858652169453,99.99996709696704
81.22884398399836,99.99996714489926
81.23910144630219,99.99996719281789
81.24935890860601,99.99996724056828
81.25961637090984,99.99996728831806
81.26987383321367,99.9999673360602
81.28013129551749,99.99996738376879
81.29038875782132,99.99996743138779
81.30064622012515,99.99996747888939
81.31090368242897,99.99996752634578
81.32116114473278,99.99996757371427
81.33141860703662,99.9999676210593
81.34167606934044,99.99996766831617
81.35193353164428,99.99996771556027
81.3621909939481,99.99996776273173
81.37244845625192,99.99996780989244
81.38270591855576,99.99996785705211
81.39296338085957,99.99996790419038
81.40322084316341,99.99996795120947
81.41347830546722,99.99996799821952
81.42373576777105,99.99996804522355
81.43399323007488,99.99996809218207
81.4442506923787,99.99996813903687
81.45450815468254,99.99996818582304
81.46476561698636,99.99996823247136
81.47502307929018,99.99996827908
81.48528054159401,99.99996832568571
81.49553800389783,99.99996837225956
81.50579546620166,99.9999684188219
81.51605292850549,99.99996846533982
81.52631039080931,99.99996851185074
81.53656785311314,99.9999685582487
81.54682531541697,99.99996860459686
81.5570827777208,99.9999686508251
81.56734024002462,99.99996869701252
81.57759770232845,99.99996874316476
81.58785516463227,99.9999687892986
81.59811262693609,99.99996883534325
81.60837008923993,99.99996888132394
81.61862755154374,99.9999689272809
81.62888501384758,99.99996897320005
81.6391424761514,99.99996901899014
81.64939993845522,99.99996906469586
81.65965740075906,99.99996911038376
81.66991486306287,99.99996915596415
81.68017232536671,99.99996920151139
81.69042978767052,99.99996924695289
81.70068724997435,99.9999692923491
81.71094471227818,99.99996933771651
81.721202174582,99.99996938292612
81.73145963688584,99.99996942800655
81.74171709918966,99.99996947307268
81.75197456149348,99.99996951812331
81.76223202379731,99.99996956316166
81.77248948610114,99.99996960812175
81.78274694840496,99.99996965307331
81.79300441070879,99.99996969799166
81.80326187301262,99.99996974288268
81.81351933531644,99.99996978775471
81.82377679762027,99.99996983262591
81.8340342599241,99.9999698773873
81.84429172222792,99.9999699221479
81.85454918453175,99.99996996690192
81.86480664683558,99.99997001160517
81.8750641091394,99.9999700562775
81.88532157144323,99.99997010093647
81.89557903374704,99.99997014558734
81.90583649605088,99.99997019022118
81.91609395835471,99.99997023485393
81.92635142065853,99.99997027939783
81.93660888296236,99.99997032393402
81.94686634526617,99.99997036840216
81.95712380757001,99.99997041283324
81.96738126987383,99.99997045715281
81.97763873217767,99.99997050139159
81.98789619448148,99.99997054552921
81.9981536567853,99.99997058957646
82.00841111908915,99.99997063360748
82.01866858139296,99.9999706776077
82.0289260436968,99.99997072155662
82.03918350600061,99.99997076542405
82.04944096830444,99.99997080923384
82.05969843060826,99.9999708530077
82.06995589291209,99.99997089678004
82.08021335521592,99.99997094050612
82.09047081751974,99.99997098419367
82.10072827982357,99.99997102784594
82.1109857421274,99.99997107145388
82.12124320443122,99.99997111504966
82.13150066673505,99.99997115861645
82.14175812903888,99.99997120215822
82.1520155913427,99.99997124569185
82.16227305364653,99.99997128917069
82.17253051595036,99.99997133261114
82.18278797825418,99.99997137592779
82.19304544055801,99.99997141919343
82.20330290286184,99.99997146244371
82.21356036516566,99.99997150556842
82.22381782746947,99.99997154867218
82.23407528977332,99.99997159176532
82.24433275207713,99.99997163449714
82.25459021438097,99.99997167722105
82.2648476766848,99.99997171988451
82.27510513898861,99.99997176243913
82.28536260129245,99.99997180496452
82.29562006359626,99.99997184748543
82.3058775259001,99.99997188997594
82.31613498820391,99.99997193243159
82.32639245050774,99.99997197487788
82.33664991281157,99.9999720173212
82.34690737511539,99.99997205974623
82.35716483741923,99.99997210215183
82.36742229972305,99.99997214453093
82.37767976202687,99.99997218677737
82.3879372243307,99.99997222899876
82.39819468663453,99.9999722711963
82.40845214893835,99.99997231336584
82.41870961124218,99.99997235550217
82.428967073546,99.99997239751353
82.43922453584983,99.99997243951348
82.44948199815366,99.9999724815015
82.45973946045748,99.99997252336293
82.46999692276131,99.99997256520012
82.48025438506514,99.99997260697468
82.49051184736896,99.9999726487426
82.50076930967279,99.99997269049207
82.51102677197662,99.99997273218129
82.52128423428043,99.99997277377057
82.53154169658427,99.99997281518512
82.5417991588881,99.99997285652029
82.55205662119192,99.99997289769958
82.56231408349575,99.99997293883112
82.57257154579956,99.9999729799355
82.5828290081034,99.99997302099045
82.59308647040721,99.9999730620027
82.60334393271106,99.99997310297444
82.61360139501487,99.9999731439404
82.6238588573187,99.99997318470915
82.63411631962254,99.9999732253692
82.64437378192635,99.99997326580262
82.65463124423019,99.99997330613246
82.664888706534,99.9999733463954
82.67514616883783,99.99997338663862
82.68540363114165,99.99997342686495
82.69566109344548,99.999973467075
82.7059185557493,99.99997350726979
82.71617601805313,99.99997354745852
82.72643348035696,99.99997358741354
82.73669094266079,99.99997362733794
82.74694840496461,99.9999736672582
82.75720586726844,99.99997370717307
82.76746332957227,99.99997374708235
82.77772079187609,99.9999737869252
82.78797825417992,99.99997382669382
82.79823571648373,99.99997386644483
82.80849317878757,99.99997390619552
82.8187506410914,99.99997394594133
82.82900810339522,99.99997398568472
82.83926556569905,99.99997402536019
82.84952302800286,99.99997406499396
82.8597804903067,99.99997410461435
82.87003795261052,99.99997414406941
82.88029541491436,99.9999741835228
82.89055287721817,99.99997422297596
82.900810339522,99.99997426236634
82.91106780182584,99.99997430175594
82.92132526412965,99.99997434112323
82.93158272643349,99.99997438047819
82.9418401887373,99.99997441980226
82.95209765104113,99.99997445904243
82.96235511334496,99.99997449825484
82.97261257564878,99.99997453743603
82.98287003795261,99.99997457657204
82.99312750025643,99.99997461561873
83.00338496256026,99.99997465447314
83.01364242486409,99.99997469331483
83.02389988716791,99.99997473209677
83.03415734947174,99.99997477086151
83.04441481177557,99.99997480958565
83.0546722740794,99.99997484822381
83.06492973638322,99.99997488685703
83.07518719868703,99.99997492536946
83.08544466099087,99.99997496387681
83.0957021232947,99.99997500236827
83.10595958559853,99.99997504084816
83.11621704790235,99.99997507920789
83.12647451020617,99.99997511754692
83.13673197251,99.99997515587613
83.14698943481382,99.99997519409037
83.15724689711766,99.9999752322978
83.16750435942149,99.99997527046676
83.1777618217253,99.99997530857499
83.18801928402914,99.99997534668107
83.19827674633295,99.99997538471273
83.20853420863679,99.99997542270296
83.2187916709406,99.99997546065933
83.22904913324443,99.99997549857851
83.23930659554826,99.9999755364842
83.24956405785208,99.99997557432599
83.25982152015592,99.99997561214938
83.27007898245974,99.99997564992398
83.28033644476356,99.99997568767802
83.29059390706739,99.99997572541844
83.30085136937122,99.99997576312506
83.31110883167504,99.99997580080733
83.32136629397887,99.99997583847538
83.3316237562827,99.9999758760746
83.34188121858652,99.99997591364065
83.35213868089035,99.99997595116908
83.36239614319418,99.99997598857252
83.372653605498,99.99997602597345
83.38291106780183,99.99997606332808
83.39316853010565,99.99997610067228
83.40342599240948,99.99997613797986
83.41368345471331,99.9999761752173
83.42394091701712,99.99997621243544
83.43419837932096,99.99997624963906
83.44445584162479,99.99997628676742
83.45471330392861,99.99997632380094
83.46497076623244,99.9999763607541
83.47522822853625,99.99997639758516
83.4854856908401,99.99997643439296
83.4957431531439,99.99997647118731
83.50600061544775,99.99997650797896
83.51625807775156,99.99997654476893
83.52651554005539,99.999976581545
83.53677300235923,99.99997661827025
83.54703046466304,99.99997665497327
83.55728792696688,99.99997669167328
83.56754538927069,99.99997672830737
83.57780285157452,99.99997676489467
83.58806031387834,99.99997680147047
83.59831777618217,99.99997683803988
83.608575238486,99.99997687460532
83.61883270078982,99.99997691113578
83.62909016309365,99.99997694758602
83.63934762539748,99.99997698401542
83.6496050877013,99.99997702044128
83.65986255000513,99.99997705686653
83.67012001230896,99.99997709327039
83.68037747461278,99.99997712966213
83.69063493691661,99.99997716598882
83.70089239922042,99.99997720228352
83.71114986152426,99.9999772385591
83.72140732382809,99.99997727480908
83.73166478613192,99.99997731095682
83.74192224843574,99.99997734709227
83.75217971073955,99.99997738310509
83.7624371730434,99.99997741910234
83.77269463534721,99.99997745505853
83.78295209765105,99.99997749094508
83.79320955995486,99.99997752668902
83.80346702225869,99.99997756240964
83.81372448456253,99.99997759802645
83.82398194686634,99.99997763358118
83.83423940917018,99.99997766907236
83.84449687147399,99.99997770444512
83.85475433377782,99.99997773980435
83.86501179608165,99.99997777514041
83.87526925838547,99.99997781045677
83.8855267206893,99.99997784576932
83.89578418299313,99.99997788105588
83.90604164529695,99.99997791634152
83.91629910760078,99.99997795162075
83.9265565699046,99.99997798689374
83.93681403220843,99.99997802215832
83.94707149451226,99.99997805739163
83.95732895681608,99.99997809258285
83.96758641911991,99.99997812770333
83.97784388142372,99.99997816277067
83.98810134372756,99.99997819767702
83.99835880603139,99.99997823250595
84.00861626833522,99.9999782673218
84.01887373063904,99.99997830213374
84.02913119294286,99.99997833693863
84.0393886552467,99.99997837173497
84.04964611755051,99.99997840649317
84.05990357985435,99.99997844124961
84.07016104215816,99.99997847599907
84.08041850446199,99.99997851072348
84.09067596676583,99.99997854544111
84.10093342906964,99.99997858014801
84.11119089137348,99.99997861484894
84.1214483536773,99.99997864950872
84.13170581598112,99.99997868415059
84.14196327828495,99.9999787187725
84.15222074058877,99.99997875339285
84.1624782028926,99.99997878789758
84.17273566519643,99.99997882231374
84.18299312750025,99.99997885664844
84.19325058980408,99.99997889094341
84.2035080521079,99.99997892523567
84.21376551441173,99.9999789594908
84.22402297671556,99.99997899371623
84.23428043901939,99.99997902792656
84.24453790132321,99.999979062119
84.25479536362704,99.99997909629693
84.26505282593087,99.99997913041115
84.27531028823469,99.99997916451528
84.28556775053852,99.99997919848042
84.29582521284235,99.99997923241793
84.30608267514617,99.99997926631193
84.31634013745,99.99997930010281
84.32659759975381,99.99997933388079
84.33685506205765,99.99997936765647
84.34711252436148,99.99997940142498
84.3573699866653,99.99997943517918
84.36762744896913,99.9999794689203
84.37788491127294,99.99997950260466
84.38814237357678,99.99997953627098
84.3983998358806,99.999979569916
84.40865729818444,99.99997960343292
84.41891476048825,99.99997963693716
84.42917222279208,99.99997967041826
84.43942968509592,99.99997970388334
84.44968714739973,99.99997973730538
84.45994460970357,99.99997977068846
84.47020207200738,99.99997980406542
84.48045953431121,99.9999798374361
84.49071699661503,99.99997987078719
84.50097445891886,99.99997990409216
84.51123192122269,99.99997993733568
84.52148938352651,99.99997997052795
84.53174684583034,99.99998000368424
84.54200430813417,99.99998003682497
84.552261770438,99.99998006996222
84.56251923274182,99.99998010305188
84.57277669504565,99.99998013611139
84.58303415734947,99.99998016914877
84.5932916196533,99.99998020214733
84.60354908195711,99.99998023509865
84.61380654426095,99.99998026804273
84.62406400656478,99.99998030098229
84.6343214688686,99.99998033388177
84.64457893117243,99.99998036675532
84.65483639347624,99.99998039957117
84.66509385578009,99.99998043231095
84.6753513180839,99.99998046498337
84.68560878038774,99.99998049748594
84.69586624269155,99.99998052995552
84.70612370499538,99.99998056241182
84.71638116729922,99.99998059484967
84.72663862960303,99.99998062728567
84.73689609190687,99.99998065970462
84.74715355421068,99.99998069211202
84.75741101651451,99.99998072451706
84.76766847881834,99.99998075691634
84.77792594112216,99.99998078925775
84.78818340342599,99.99998082159681
84.79844086572982,99.99998085382612
84.80869832803364,99.99998088603976
84.81895579033747,99.99998091824003
84.8292132526413,99.99998095043145
84.83947071494512,99.99998098261422
84.84972817724895,99.99998101476422
84.85998563955278,99.99998104690859
84.8702431018566,99.99998107905127
84.88050056416043,99.99998111117775
84.89075802646425,99.99998114327836
84.90101548876808,99.99998117535729
84.91127295107191,99.99998120743038
84.92153041337573,99.99998123950188
84.93178787567956,99.99998127152872
84.94204533798339,99.99998130339385
84.9523028002872,99.99998133519608
84.96256026259104,99.99998136697357
84.97281772489485,99.99998139873748
84.9830751871987,99.9999814305013
84.99333264950252,99.99998146215347
85.00359011180633,99.99998149377991
85.01384757411017,99.99998152539516
85.02410503641399,99.99998155700757
85.03436249871783,99.999981588617
85.04461996102164,99.99998162021838
85.05487742332546,99.99998165180537
85.06513488562929,99.99998168335726
85.07539234793312,99.99998171475146
85.08564981023696,99.99998174612915
85.09590727254077,99.99998177748637
85.1061647348446,99.99998180881545
85.11642219714842,99.99998184013198
85.12667965945225,99.99998187133502
85.13693712175608,99.99998190247456
85.1471945840599,99.99998193356849
85.15745204636373,99.9999819645794
85.16770950866756,99.99998199555353
85.17796697097138,99.99998202649178
85.18822443327521,99.99998205742423
85.19848189557904,99.99998208829372
85.20873935788286,99.99998211913095
85.21899682018669,99.99998214990617
85.2292542824905,99.99998218057665
85.23951174479434,99.99998221123532
85.24976920709817,99.9999822418855
85.260026669402,99.99998227253091
85.27028413170582,99.99998230312937
85.28054159400963,99.99998233368854
85.29079905631347,99.99998236424706
85.30105651861729,99.99998239478793
85.31131398092113,99.9999824253062
85.32157144322494,99.99998245582137
85.33182890552877,99.99998248632804
85.34208636783261,99.99998251679159
85.35234383013642,99.99998254722333
85.36260129244026,99.99998257761838
85.37285875474407,99.99998260799926
85.3831162170479,99.99998263836297
85.39337367935173,99.99998266869092
85.40363114165555,99.99998269900667
85.41388860395938,99.99998272930678
85.4241460662632,99.99998275960405
85.43440352856703,99.99998278985233
85.44466099087086,99.99998282009145
85.45491845317468,99.99998285032952
85.46517591547851,99.9999828805186
85.47543337778234,99.99998291061745
85.48569084008616,99.99998294053303
85.49594830238999,99.9999829704474
85.50620576469382,99.99998300033968
85.51646322699764,99.99998303017453
85.52672068930147,99.99998306000235
85.5369781516053,99.9999830897976
85.54723561390912,99.99998311958488
85.55749307621295,99.99998314934786
85.56775053851678,99.9999831790981
85.57800800082059,99.99998320881596
85.58826546312443,99.99998323841383
85.59852292542824,99.99998326793299
85.60878038773208,99.99998329742562
85.61903785003591,99.9999833269124
85.62929531233972,99.99998335634874
85.63955277464356,99.99998338577912
85.64981023694737,99.999983415201
85.66006769925121,99.99998344461943
85.67032516155503,99.99998347402449
85.68058262385885,99.99998350337826
85.69084008616268,99.99998353273092
85.7010975484665,99.99998356202711
85.71135501077035,99.9999835913197
85.72161247307416,99.99998362055351
85.73186993537799,99.99998364978255
85.74212739768181,99.9999836789952
85.75238485998564,99.99998370818662
85.76264232228947,99.99998373734678
85.77289978459329,99.999983766433
85.78315724689712,99.99998379547843
85.79341470920095,99.99998382440998
85.80367217150477,99.99998385330656
85.8139296338086,99.9999838821132
85.82418709611242,99.99998391091832
85.83444455841625,99.99998393971455
85.84470202072008,99.99998396849722
85.85495948302389,99.9999839972309
85.86521694532773,99.99998402590269
85.87547440763154,99.99998405456427
85.88573186993538,99.99998408319833
85.89598933223921,99.99998411182403
85.90624679454302,99.99998414042417
85.91650425684686,99.99998416901536
85.92676171915068,99.99998419760307
85.93701918145452,99.99998422618201
85.94727664375833,99.99998425471391
85.95753410606216,99.99998428321686
85.96779156836598,99.99998431166563
85.97804903066981,99.9999843400544
85.98830649297365,99.9999843684354
85.99856395527746,99.99998439681428
86.00882141758129,99.99998442519058
86.01907887988511,99.9999844535652
86.02933634218894,99.99998448193979
86.03959380449277,99.99998451027356
86.0498512667966,99.99998453859271
86.06010872910042,99.99998456690756
86.07036619140425,99.99998459521258
86.08062365370807,99.99998462351355
86.0908811160119,99.99998465178977
86.10113857831573,99.99998468004573
86.11139604061955,99.99998470829887
86.12165350292338,99.99998473652512
86.13191096522719,99.99998476468723
86.14216842753103,99.99998479277355
86.15242588983484,99.99998482082945
86.16268335213869,99.99998484874905
86.17294081444251,99.99998487666399
86.18319827674632,99.99998490455202
86.19345573905017,99.99998493242457
86.20371320135398,99.99998496023153
86.21397066365782,99.99998498803798
86.22422812596163,99.99998501584251
86.23448558826546,99.9999850436406
86.2447430505693,99.99998507143657
86.25500051287311,99.99998509922952
86.26525797517695,99.99998512699443
86.27551543748076,99.99998515475073
86.28577289978459,99.99998518247185
86.29603036208842,99.99998521018915
86.30628782439224,99.9999852378948
86.31654528669607,99.99998526556236
86.3268027489999,99.99998529320926
86.33706021130372,99.99998532084422
86.34731767360755,99.99998534843755
86.35757513591138,99.99998537600133
86.3678325982152,99.99998540354017
86.37809006051903,99.99998543106567
86.38834752282285,99.99998545855084
86.39860498512668,99.9999854860358
86.40886244743051,99.99998551351301
86.41911990973433,99.99998554098357
86.42937737203816,99.99998556842141
86.43963483434199,99.99998559584085
86.44989229664581,99.99998562324106
86.46014975894964,99.99998565062482
86.47040722125347,99.99998567799987
86.48066468355728,99.9999857053446
86.49092214586112,99.99998573268563
86.50117960816493,99.99998575999214
86.51143707046877,99.99998578723005
86.5216945327726,99.99998581444522
86.53195199507641,99.99998584163285
86.54220945738025,99.99998586881367
86.55246691968406,99.99998589594867
86.5627243819879,99.99998592306106
86.57298184429172,99.99998595015592
86.58323930659554,99.99998597719755
86.59349676889937,99.99998600423862
86.6037542312032,99.99998603119535
86.61401169350704,99.99998605814632
86.62426915581085,99.9999860850929
86.63452661811468,99.99998611202848
86.6447840804185,99.99998613895616
86.65504154272233,99.99998616586984
86.66529900502616,99.99998619278301
86.67555646732998,99.99998621961619
86.68581392963381,99.99998624634942
86.69607139193764,99.99998627307578
86.70632885424146,99.9999862997761
86.71658631654529,99.99998632647453
86.72684377884912,99.99998635314327
86.73710124115294,99.9999863797869
86.74735870345677,99.99998640639933
86.75761616576058,99.99998643300529
86.76787362806442,99.99998645960146
86.77813109036823,99.99998648618804
86.78838855267207,99.99998651277336
86.7986460149759,99.99998653932998
86.80890347727971,99.99998656587383
86.81916093958355,99.99998659241433
86.82941840188737,99.99998661885567
86.83967586419121,99.99998664529379
86.84993332649502,99.9999866716773
86.86019078879885,99.99998669804086
86.87044825110267,99.99998672435058
86.8807057134065,99.99998675055394
86.89096317571034,99.99998677675369
86.90122063801415,99.99998680292691
86.91147810031798,99.99998682909592
86.9217355626218,99.99998685526339
86.93199302492563,99.999986881411
86.94225048722946,99.99998690755221
86.95250794953328,99.99998693368136
86.96276541183711,99.99998695971739
86.97302287414094,99.99998698571963
86.98328033644476,99.99998701164972
86.99353779874859,99.99998703757198
87.00379526105242,99.99998706348724
87.01405272335624,99.99998708939266
87.02431018566007,99.9999871152631
87.03456764796388,99.99998714110487
87.04482511026772,99.9999871669177
87.05508257257154,99.99998719272335
87.06534003487538,99.9999872185086
87.0755974971792,99.99998724427144
87.08585495948302,99.99998726996363
87.09611242178686,99.99998729564287
87.10636988409067,99.99998732130524
87.11662734639451,99.99998734693214
87.12688480869832,99.99998737253935
87.13714227100215,99.99998739814646
87.14739973330597,99.99998742372648
87.1576571956098,99.99998744926708
87.16791465791364,99.99998747473565
87.17817212021745,99.99998750015743
87.18842958252128,99.99998752556628
87.1986870448251,99.99998755094664
87.20894450712893,99.99998757621195
87.21920196943276,99.99998760137886
87.22945943173659,99.99998762649496
87.23971689404041,99.99998765160723
87.24997435634424,99.99998767670401
87.26023181864807,99.99998770178384
87.27048928095189,99.99998772686034
87.28074674325572,99.99998775191725
87.29100420555955,99.99998777694768
87.30126166786337,99.99998780197305
87.3115191301672,99.9999878269617
87.32177659247102,99.99998785190381
87.33203405477485,99.99998787684355
87.34229151707868,99.99998790175624
87.3525489793825,99.99998792666007
87.36280644168633,99.99998795155832
87.37306390399016,99.9999879764247
87.38332136629397,99.99998800128903
87.39357882859781,99.99998802615322
87.40383629090162,99.99998805097931
87.41409375320546,99.99998807579175
87.42435121550929,99.99998810058196
87.4346086778131,99.9999881253538
87.44486614011694,99.99998815009556
87.45512360242076,99.9999881748178
87.4653810647246,99.99998819950731
87.47563852702841,99.99998822419533
87.48589598933223,99.99998824887065
87.49615345163606,99.99998827349262
87.50641091393989,99.99998829811099
87.51666837624373,99.99998832268834
87.52692583854754,99.99998834725817
87.53718330085137,99.99998837182379
87.5474407631552,99.99998839637885
87.55769822545902,99.99998842090886
87.56795568776285,99.99998844537646
87.57821315006667,99.99998846971701
87.5884706123705,99.99998849401622
87.59872807467433,99.99998851831118
87.60898553697815,99.99998854256744
87.61924299928198,99.99998856681428
87.6295004615858,99.99998859105828
87.63975792388963,99.99998861529247
87.65001538619346,99.99998863951126
87.66027284849727,99.99998866368625
87.67053031080111,99.99998868785019
87.68078777310492,99.99998871200944
87.69104523540877,99.99998873612462
87.70130269771259,99.9999887600771
87.7115601600164,99.99998878397984
87.72181762232024,99.99998880785725
87.73207508462406,99.99998883171479
87.7423325469279,99.99998885555789
87.75259000923171,99.99998887936795
87.76284747153554,99.99998890317538
87.77310493383936,99.99998892696374
87.78336239614319,99.99998895069882
87.79361985844703,99.99998897441328
87.80387732075084,99.99998899811871
87.81413478305467,99.99998902174917
87.8243922453585,99.99998904535823
87.83464970766232,99.99998906896539
87.84490716996615,99.99998909254428
87.85516463226998,99.99998911612197
87.8654220945738,99.99998913969667
87.87567955687763,99.99998916325092
87.88593701918145,99.9999891867226
87.89619448148528,99.99998921019069
87.90645194378911,99.99998923364198
87.91670940609293,99.99998925708334
87.92696686839676,99.99998928052278
87.93722433070059,99.99998930394815
87.94748179300441,99.99998932736996
87.95773925530823,99.9999893507865
87.96799671761207,99.99998937420128
87.9782541799159,99.99998939760988
87.98851164221972,99.99998942099512
87.99876910452355,99.99998944433598
88.00902656682736,99.99998946767438
88.0192840291312,99.99998949100899
88.02954149143501,99.99998951434334
88.03979895373885,99.99998953763645
88.05005641604266,99.99998956078913
88.06031387834649,99.99998958389517
88.07057134065033,99.99998960699557
88.08082880295414,99.99998963004133
88.09108626525799,99.9999896530822
88.1013437275618,99.99998967609591
88.11160118986562,99.99998969910592
88.12185865216945,99.99998972209974
88.13211611447328,99.99998974509224
88.1423735767771,99.99998976807994
88.15263103908093,99.99998979101387
88.16288850138476,99.99998981384215
88.17314596368858,99.99998983666968
88.18340342599241,99.99998985948308
88.19366088829624,99.99998988228847
88.20391835060006,99.99998990502907
88.21417581290389,99.99998992776445
88.22443327520772,99.9999899504982
88.23469073751153,99.99998997322463
88.24494819981537,99.99998999593036
88.2552056621192,99.99999001863458
88.26546312442302,99.99999004129724
88.27572058672685,99.99999006395215
88.28597804903066,99.99999008660431
88.2962355113345,99.9999901092505
88.30649297363831,99.99999013188676
88.31675043594215,99.9999901545012
88.32700789824598,99.99999017711484
88.3372653605498,99.99999019972756
88.34752282285363,99.99999022231286
88.35778028515745,99.99999024488328
88.36803774746129,99.99999026745337
88.3782952097651,99.9999902900173
88.38855267206893,99.99999031256088
88.39881013437275,99.99999033499599
88.40906759667658,99.99999035739837
88.41932505898042,99.99999037979688
88.42958252128423,99.99999040217985
88.43983998358806,99.99999042456119
88.45009744589188,99.99999044693264
88.46035490819571,99.99999046928836
88.47061237049954,99.99999049163911
88.48086983280336,99.99999051398586
88.49112729510719,99.99999053631117
88.50138475741102,99.99999055861952
88.51164221971484,99.99999058089996
88.52189968201867,99.99999060317126
88.5321571443225,99.99999062541612
88.54241460662632,99.99999064765018
88.55267206893015,99.99999066986153
88.56292953123398,99.99999069204812
88.5731869935378,99.99999071417874
88.58344445584162,99.99999073629378
88.59370191814546,99.99999075838548
88.60395938044928,99.99999078047662
88.61421684275311,99.99999080255205
88.62447430505694,99.99999082462281
88.63473176736075,99.99999084664832
88.64498922966459,99.99999086864345
88.6552466919684,99.99999089051195
88.66550415427224,99.99999091237642
88.67576161657605,99.99999093422767
88.68601907887988,99.99999095603802
88.69627654118372,99.99999097783017
88.70653400348753,99.99999099960824
88.71679146579137,99.99999102137168
88.72704892809519,99.99999104310967
88.73730639039901,99.99999106483098
88.74756385270284,99.99999108653455
88.75782131500667,99.9999911082357
88.76807877731049,99.99999112990703
88.77833623961432,99.99999115157257
88.78859370191815,99.99999117321238
88.79885116422197,99.99999119484477
88.8091086265258,99.99999121646766
88.81936608882963,99.99999123807784
88.82962355113345,99.99999125968357
88.83988101343728,99.9999912812788
88.8501384757411,99.99999130286282
88.86039593804492,99.9999913243659
88.87065340034876,99.99999134584945
88.88091086265258,99.99999136729323
88.89116832495641,99.99999138872333
88.90142578726024,99.99999141013429
88.91168324956405,99.9999914315236
88.92194071186789,99.99999145290033
88.9321981741717,99.9999914742177
88.94245563647554,99.9999914955179
88.95271309877936,99.99999151680852
88.96297056108318,99.99999153809142
88.97322802338702,99.99999155936636
88.98348548569084,99.99999158055984
88.99374294799468,99.99999160166205
89.00400041029849,99.99999162275367
89.01425787260231,99.99999164384478
89.02451533490614,99.99999166484832
89.03477279720997,99.99999168579915
89.0450302595138,99.99999170674343
89.05528772181762,99.99999172758326
89.06554518412145,99.9999917484221
89.07580264642527,99.99999176925874
89.0860601087291,99.99999179007565
89.09631757103293,99.9999918108781
89.10657503333675,99.99999183163929
89.11683249564058,99.9999918523955
89.1270899579444,99.99999187311576
89.13734742024822,99.99999189383207
89.14760488255206,99.99999191453965
89.15786234485589,99.99999193521009
89.16811980715971,99.99999195567251
89.17837726946354,99.99999197607046
89.18863473176735,99.99999199645421
89.19889219407119,99.99999201683477
89.209149656375,99.9999920372009
89.21940711867884,99.99999205756096
89.22966458098266,99.99999207790428
89.23992204328648,99.99999209821297
89.25017950559032,99.99999211848362
89.26043696789414,99.99999213874275
89.27069443019798,99.99999215899359
89.28095189250179,99.99999217923771
89.29120935480562,99.99999219946739
89.30146681710944,99.99999221966496
89.31172427941327,99.99999223985974
89.32198174171711,99.99999226003882
89.33223920402092,99.99999228020114
89.34249666632475,99.99999230034383
89.35275412862858,99.99999232048438
89.3630115909324,99.99999234055097
89.37326905323623,99.9999923606035
89.38352651554005,99.99999238064603
89.39378397784388,99.9999924006866
89.40404144014771,99.99999242069254
89.41429890245153,99.9999924406875
89.42455636475536,99.99999246058893
89.43481382705919,99.99999248042293
89.44507128936301,99.99999250024145
89.45532875166684,99.99999252002999
89.46558621397067,99.99999253980803
89.4758436762745,99.99999255956534
89.4861011385783,99.99999257929396
89.49635860088215,99.99999259899994
89.50661606318597,99.99999261870323
89.5168735254898,99.99999263840479
89.52713098779363,99.99999265807388
89.53738845009744,99.9999926777408
89.54764591240128,99.99999269737789
89.55790337470509,99.99999271700419
89.56816083700893,99.99999273659772
89.57841829931274,99.99999275614738
89.58867576161657,99.99999277569471
89.59893322392041,99.9999927952401
89.60919068622422,99.99999281476018
89.61944814852806,99.99999283426503
89.62970561083188,99.99999285374318
89.6399630731357,99.99999287320996
89.65022053543953,99.99999289267184
89.66047799774336,99.99999291212683
89.67073546004718,99.99999293146917
89.68099292235101,99.99999295079067
89.69125038465484,99.99999297010356
89.70150784695866,99.99999298941312
89.71176530926249,99.99999300863547
89.72202277156632,99.9999930278529
89.73228023387014,99.99999304705392
89.74253769617397,99.99999306622928
89.7527951584778,99.99999308539927
89.76305262078161,99.99999310455846
89.77331008308545,99.99999312371241
89.78356754538927,99.99999314283971
89.7938250076931,99.99999316196099
89.80408246999693,99.9999931810761
89.81433993230074,99.9999932001555
89.82459739460458,99.99999321922202
89.8348548569084,99.99999323827589
89.84511231921223,99.99999325732436
89.85536978151605,99.99999327632459
89.86562724381987,99.99999329530448
89.87588470612371,99.99999331425813
89.88614216842753,99.99999333320193
89.89639963073137,99.99999335211032
89.90665709303518,99.99999337100726
89.916914555339,99.9999933898375
89.92717201764283,99.99999340866358
89.93742947994666,99.99999342745024
89.94768694225048,99.99999344616907
89.95794440455431,99.99999346483015
89.96820186685814,99.9999934834882
89.97845932916196,99.9999935021139
89.98871679146579,99.99999352073263
89.99897425376962,99.99999353934224
90.00923171607344,99.99999355794725
90.01948917837727,99.99999357654129
90.0297466406811,99.99999359510751
90.04000410298491,99.99999361366247
90.05026156528875,99.99999363221617
90.06051902759258,99.999993650742
90.0707764898964,99.99999366925235
90.08103395220023,99.99999368776162
90.09129141450404,99.99999370625203
90.10154887680788,99.99999372472439
90.1118063391117,99.99999374316121
90.12206380141554,99.99999376153454
90.13232126371935,99.99999377989079
90.14257872602317,99.99999379824405
90.15283618832702,99.99999381654726
90.16309365063083,99.99999383484575
90.17335111293467,99.99999385313541
90.18360857523848,99.99999387142331
90.1938660375423,99.99999388969746
90.20412349984613,99.99999390794949
90.21438096214996,99.99999392619335
90.22463842445379,99.99999394443286
90.23489588675761,99.99999396263384
90.24515334906144,99.99999398080016
90.25541081136527,99.9999939989622
90.26566827366909,99.99999401712226
90.27592573597292,99.99999403523488
90.28618319827675,99.99999405332088
90.29644066058057,99.9999940713638
90.3066981228844,99.9999940893988
90.31695558518823,99.99999410742319
90.32721304749205,99.9999941254136
90.33747050979588,99.99999414337712
90.3477279720997,99.9999941613143
90.35798543440353,99.99999417914613
90.36824289670736,99.99999419696948
90.37850035901118,99.99999421478975
90.388757821315,99.99999423253388
90.39901528361884,99.99999425024373
90.40927274592266,99.99999426794561
90.41953020822649,99.99999428563939
90.42978767053032,99.99999430332657
90.44004513283413,99.99999432100539
90.45030259513797,99.99999433865464
90.46056005744178,99.99999435628992
90.47081751974562,99.99999437391908
90.48107498204944,99.99999439154196
90.49133244435326,99.99999440911044
90.5015899066571,99.99999442666999
90.51184736896091,99.99999444421304
90.52210483126476,99.99999446169807
90.53236229356857,99.999994479173
90.5426197558724,99.999994496641
90.55287721817622,99.99999451410818
90.56313468048005,99.99999453157322
90.57339214278387,99.99999454899337
90.5836496050877,99.99999456625928
90.59390706739153,99.99999458350769
90.60416452969535,99.99999460075023
90.61442199199918,99.99999461798964
90.624679454303,99.99999463520038
90.63493691660683,99.99999465237693
90.64519437891066,99.99999466952225
90.65545184121449,99.9999946866071
90.6657093035183,99.9999947036878
90.67596676582214,99.99999472075889
90.68622422812597,99.99999473780215
90.69648169042979,99.99999475477125
90.70673915273362,99.99999477173877
90.71699661503743,99.99999478870292
90.72725407734127,99.99999480560278
90.73751153964508,99.99999482241729
90.74776900194892,99.99999483923109
90.75802646425274,99.99999485603344
90.76828392655656,99.99999487277772
90.7785413888604,99.99999488951948
90.78879885116422,99.99999490625983
90.79905631346806,99.9999949229953
90.80931377577187,99.9999949397153
90.8195712380757,99.9999949564164
90.82982870037952,99.99999497309808
90.84008616268335,99.999994989747
90.85034362498718,99.99999500638339
90.860601087291,99.99999502300663
90.87085854959483,99.99999503958392
90.88111601189865,99.99999505611524
90.89137347420248,99.9999950726426
90.90163093650631,99.99999508916432
90.91188839881013,99.99999510568487
90.92214586111396,99.99999512217636
90.93240332341779,99.99999513865619
90.94266078572161,99.99999515508799
90.95291824802544,99.99999517149203
90.96317571032927,99.99999518787614
90.9734331726331,99.9999952042578
90.98369063493692,99.99999522060207
90.99394809724075,99.99999523691324
91.00420555954457,99.99999525321415
91.01446302184839,99.99999526946152
91.02472048415223,99.99999528567372
91.03497794645604,99.9999953017708
91.04523540875988,99.99999531783278
91.0554928710637,99.99999533383233
91.06575033336752,99.99999534980894
91.07600779567136,99.99999536577224
91.08626525797517,99.99999538161902
91.09652272027901,99.9999953974266
91.10678018258282,99.9999954131986
91.11703764488665,99.99999542890315
91.12729510719048,99.99999544453186
91.1375525694943,99.99999546008942
91.14781003179814,99.99999547559347
91.15806749410196,99.99999549102724
91.16832495640578,99.99999550643197
91.17858241870961,99.99999552181949
91.18883988101344,99.99999553718393
91.19909734331726,99.99999555254281
91.20935480562109,99.99999556782029
91.21961226792492,99.99999558305363
91.22986973022874,99.99999559824695
91.24012719253257,99.99999561343313
91.2503846548364,99.99999562857606
91.26064211714022,99.99999564368989
91.27089957944405,99.99999565876817
91.28115704174787,99.9999956738062
91.29141450405169,99.9999956888307
91.30167196635553,99.9999957038357
91.31192942865934,99.99999571883683
91.32218689096318,99.99999573376739
91.33244435326701,99.99999574868342
91.34270181557082,99.99999576347865
91.35295927787466,99.99999577827278
91.36321674017847,99.99999579299941
91.37347420248231,99.99999580770032
91.38373166478613,99.99999582238007
91.39398912708995,99.99999583696744
91.4042465893938,99.99999585150714
91.4145040516976,99.99999586603171
91.42476151400145,99.99999588041938
91.43501897630526,99.99999589475054
91.44527643860908,99.9999959090077
91.45553390091291,99.9999959232525
91.46579136321674,99.99999593746038
91.47604882552056,99.99999595157254
91.48630628782439,99.99999596566352
91.49656375012822,99.99999597974784
91.50682121243204,99.99999599381994
91.51707867473587,99.99999600786798
91.5273361370397,99.99999602189223
91.53759359934352,99.99999603579963
91.54785106164735,99.99999604970314
91.55810852395118,99.99999606357527
91.568365986255,99.99999607744182
91.57862344855883,99.99999609127873
91.58888091086266,99.99999610507406
91.59913837316648,99.99999611886452
91.60939583547031,99.9999961326534
91.61965329777414,99.9999961464155
91.62991076007796,99.99999616013706
91.64016822238177,99.99999617385383
91.65042568468562,99.99999618753485
91.66068314698943,99.99999620118685
91.67094060929327,99.99999621483664
91.6811980715971,99.99999622845145
91.6914555339009,99.9999962420591
91.70171299620475,99.99999625563345
91.71197045850856,99.9999962692002
91.7222279208124,99.99999628275033
91.73248538311621,99.99999629625604
91.74274284542004,99.99999630975267
91.75300030772387,99.99999632324298
91.76325777002769,99.99999633671115
91.77351523233153,99.99999635014856
91.78377269463535,99.9999963635749
91.79403015693917,99.99999637691984
91.804287619243,99.9999963902263
91.81454508154683,99.99999640351467
91.82480254385065,99.99999641679071
91.83506000615448,99.99999643003574
91.8453174684583,99.99999644326542
91.85557493076213,99.99999645645372
91.86583239306596,99.9999964695939
91.87608985536978,99.99999648271003
91.88634731767361,99.9999964958253
91.89660477997744,99.99999650887305
91.90686224228126,99.9999965218707
91.91711970458508,99.99999653483272
91.92737716688892,99.999996547782
91.93763462919273,99.99999656069039
91.94789209149657,99.99999657359801
91.9581495538004,99.99999658649013
91.96840701610421,99.99999659937342
91.97866447840805,99.99999661224112
91.98892194071186,99.99999662508698
91.9991794030157,99.99999663789606
92.00943686531951,99.99999665069575
92.01969432762334,99.99999666346496
92.02995178992717,99.99999667622727
92.040209252231,99.9999966889619
92.05046671453483,99.9999967016643
92.06072417683865,99.99999671434169
92.07098163914247,99.99999672695255
92.0812391014463,99.99999673948206
92.09149656375013,99.99999675200037
92.10175402605395,99.99999676450602
92.11201148835778,99.99999677700463
92.1222689506616,99.99999678945007
92.13252641296543,99.99999680187375
92.14278387526926,99.99999681429607
92.15304133757309,99.99999682671367
92.16329879987691,99.9999968390559
92.17355626218074,99.99999685122528
92.18381372448457,99.9999968633922
92.19407118678838,99.99999687553283
92.20432864909222,99.9999968876299
92.21458611139603,99.99999689971743
92.22484357369987,99.99999691171098
92.2351010360037,99.99999692368388
92.24535849830751,99.99999693564646
92.25561596061135,99.99999694760862
92.26587342291516,99.99999695956168
92.276130885219,99.99999697150461
92.28638834752282,99.99999698340375
92.29664580982664,99.99999699528087
92.30690327213047,99.99999700710772
92.3171607344343,99.99999701885397
92.32741819673814,99.99999703058664
92.33767565904195,99.99999704230808
92.34793312134578,99.99999705402219
92.3581905836496,99.9999970657363
92.36844804595343,99.99999707743277
92.37870550825726,99.99999708911844
92.38896297056108,99.9999971007592
92.39922043286491,99.99999711239717
92.40947789516873,99.99999712403459
92.41973535747256,99.99999713562461
92.42999281977639,99.99999714721193
92.44025028208021,99.99999715872116
92.45050774438404,99.99999717019432
92.46076520668787,99.99999718165995
92.4710226689917,99.99999719310024
92.48128013129552,99.99999720439601
92.49153759359935,99.99999721568315
92.50179505590317,99.99999722696248
92.512052518207,99.99999723824152
92.52230998051083,99.99999724944612
92.53256744281465,99.99999726061132
92.54282490511847,99.99999727172512
92.5530823674223,99.99999728283258
92.56333982972612,99.9999972939276
92.57359729202996,99.99999730491692
92.58385475433379,99.99999731582922
92.5941122166376,99.99999732670129
92.60436967894144,99.99999733756965
92.61462714124525,99.99999734843796
92.62488460354909,99.99999735927338
92.6351420658529,99.99999737009915
92.64539952815673,99.99999738091994
92.65565699046056,99.99999739170896
92.66591445276438,99.99999740249214
92.67617191506822,99.99999741327359
92.68642937737204,99.99999742399591
92.69668683967586,99.99999743470252
92.70694430197969,99.99999744538393
92.71720176428352,99.9999974560526
92.72745922658734,99.99999746671683
92.73771668889117,99.99999747736766
92.747974151195,99.99999748799702
92.75823161349882,99.99999749860237
92.76848907580265,99.99999750915833
92.77874653810647,99.99999751970257
92.7890040004103,99.99999753024066
92.79926146271413,99.99999754077399
92.80951892501795,99.9999975513073
92.81977638732177,99.99999756184064
92.83003384962561,99.99999757237397
92.84029131192942,99.99999758290728
92.85054877423326,99.99999759342606
92.86080623653709,99.99999760393106
92.8710636988409,99.99999761442518
92.88132116114474,99.99999762488554
92.89157862344855,99.99999763531716
92.9018360857524,99.99999764568163
92.9120935480562,99.99999765602232
92.92235101036003,99.99999766635025
92.93260847266386,99.99999767664664
92.94286593496768,99.99999768692028
92.95312339727153,99.99999769719011
92.96338085957534,99.9999977073984
92.97363832187916,99.99999771760028
92.98389578418299,99.99999772779125
92.99415324648682,99.99999773796513
93.00441070879064,99.99999774813413
93.01466817109447,99.99999775821844
93.0249256333983,99.9999977682717
93.03518309570212,99.99999777825103
93.04544055800595,99.99999778821402
93.05569802030978,99.99999779812204
93.0659554826136,99.99999780801996
93.07621294491743,99.99999781791257
93.08647040722126,99.9999978277913
93.09672786952507,99.99999783766191
93.10698533182891,99.99999784752174
93.11724279413272,99.9999978573764
93.12750025643656,99.99999786721676
93.13775771874039,99.99999787704141
93.1480151810442,99.99999788682752
93.15827264334804,99.99999789659057
93.16853010565185,99.99999790634277
93.1787875679557,99.9999979160866
93.1890450302595,99.9999979257518
93.19930249256333,99.99999793540819
93.20955995486716,99.99999794506212
93.21981741717099,99.99999795470838
93.23007487947483,99.9999979643072
93.24033234177864,99.99999797389317
93.25058980408247,99.9999979834773
93.26084726638629,99.9999979930534
93.27110472869012,99.99999800259903
93.28136219099395,99.99999801212857
93.29161965329777,99.99999802162355
93.3018771156016,99.99999803107166
93.31213457790543,99.99999804050812
93.32239204020925,99.99999804993494
93.33264950251308,99.99999805932137
93.3429069648169,99.99999806866737
93.35316442712073,99.99999807800684
93.36342188942456,99.999998087251
93.37367935172838,99.99999809639594
93.38393681403221,99.99999810551171
93.39419427633604,99.99999811461157
93.40445173863986,99.99999812370775
93.41470920094369,99.99999813279463
93.42496666324752,99.99999814186626
93.43522412555134,99.99999815089741
93.44548158785516,99.99999815991481
93.455739050159,99.99999816883248
93.46599651246281,99.9999981777368
93.47625397476665,99.99999818662512
93.48651143707048,99.99999819549629
93.49676889937429,99.99999820435337
93.50702636167813,99.99999821320607
93.51728382398194,99.99999822205766
93.52754128628578,99.99999823090106
93.5377987485896,99.99999823973292
93.54805621089342,99.99999824848872
93.55831367319725,99.99999825718865
93.56857113550107,99.99999826583412
93.57882859780491,99.99999827445768
93.58908606010873,99.99999828306709
93.59934352241255,99.99999829165444
93.60960098471638,99.99999830022145
93.6198584470202,99.99999830878659
93.63011590932403,99.99999831733456
93.64037337162786,99.99999832587461
93.65063083393169,99.99999833439634
93.66088829623551,99.99999834291062
93.67114575853934,99.99999835140908
93.68140322084317,99.99999835986623
93.69166068314699,99.99999836831519
93.70191814545082,99.99999837671469
93.71217560775465,99.99999838498626
93.72243307005846,99.99999839325552
93.7326905323623,99.9999984015241
93.74294799466611,99.99999840976764
93.75320545696995,99.99999841799925
93.76346291927378,99.99999842621662
93.77372038157759,99.9999984343647
93.78397784388143,99.99999844249838
93.79423530618524,99.99999845062659
93.80449276848908,99.99999845870956
93.8147502307929,99.99999846676366
93.82500769309672,99.99999847481523
93.83526515540055,99.99999848284551
93.84552261770438,99.99999849086821
93.85578008000822,99.99999849885984
93.86603754231203,99.99999850682542
93.87629500461586,99.99999851478171
93.88655246691968,99.99999852272823
93.89680992922351,99.99999853056075
93.90706739152733,99.99999853837531
93.91732485383116,99.99999854616979
93.92758231613499,99.99999855395129
93.93783977843881,99.99999856172991
93.94809724074264,99.99999856948585
93.95835470304647,99.9999985772
93.9686121653503,99.99999858489956
93.97886962765412,99.99999859257804
93.98912708995795,99.9999986002561
93.99938455226177,99.99999860792991
94.0096420145656,99.99999861560059
94.01989947686941,99.9999986232427
94.03015693917325,99.99999863083269
94.04041440147708,99.9999986383984
94.0506718637809,99.99999864590848
94.06092932608473,99.9999986533612
94.07118678838854,99.99999866076901
94.08144425069239,99.99999866817683
94.0917017129962,99.99999867549595
94.10195917530004,99.99999868277506
94.11221663760385,99.99999869005296
94.12247409990768,99.99999869725269
94.13273156221152,99.99999870443268
94.14298902451533,99.99999871159056
94.15324648681917,99.99999871872302
94.16350394912298,99.99999872584937
94.17376141142681,99.99999873297064
94.18401887373064,99.99999874004372
94.19427633603446,99.99999874710218
94.20453379833829,99.99999875415696
94.21479126064212,99.99999876118542
94.22504872294594,99.99999876820308
94.23530618524977,99.99999877519932
94.2455636475536,99.99999878218115
94.25582110985742,99.99999878915169
94.26607857216125,99.99999879606459
94.27633603446507,99.99999880297645
94.2865934967689,99.99999880984231
94.29685095907271,99.99999881667827
94.30710842137655,99.99999882345375
94.31736588368038,99.99999883022673
94.32762334598421,99.99999883699451
94.33788080828803,99.99999884372909
94.34813827059185,99.99999885042912
94.35839573289569,99.99999885710747
94.3686531951995,99.99999886375379
94.37891065750334,99.99999887039091
94.38916811980717,99.99999887697719
94.39942558211098,99.9999988835156
94.40968304441482,99.9999988900438
94.41994050671863,99.99999889655358
94.43019796902247,99.9999989030315
94.44045543132628,99.99999890950171
94.45071289363011,99.99999891596185
94.46097035593394,99.99999892241217
94.47122781823776,99.99999892886245
94.4814852805416,99.99999893529726
94.49174274284542,99.99999894170028
94.50200020514924,99.99999894809667
94.51225766745307,99.99999895449233
94.5225151297569,99.99999896085446
94.53277259206072,99.99999896721347
94.54303005436455,99.99999897354917
94.55328751666838,99.99999897986305
94.5635449789722,99.99999898615425
94.57380244127603,99.99999899241931
94.58405990357986,99.99999899866444
94.59431736588368,99.99999900489054
94.60457482818751,99.99999901111403
94.61483229049134,99.99999901731692
94.62508975279516,99.99999902351469
94.63534721509899,99.9999990296413
94.6456046774028,99.99999903574032
94.65586213970664,99.9999990418108
94.66611960201047,99.99999904787353
94.6763770643143,99.99999905392404
94.68663452661812,99.99999905997106
94.69689198892193,99.99999906599105
94.70714945122577,99.99999907196931
94.71740691352959,99.99999907789626
94.72766437583343,99.99999908381587
94.73792183813724,99.99999908971459
94.74817930044107,99.9999990955766
94.7584367627449,99.99999910141773
94.76869422504872,99.99999910725201
94.77895168735256,99.999999113079
94.78920914965637,99.9999991188624
94.7994666119602,99.9999991246393
94.80972407426403,99.99999913041422
94.81998153656785,99.99999913616449
94.83023899887168,99.99999914186458
94.8404964611755,99.99999914755115
94.85075392347933,99.99999915323652
94.86101138578316,99.99999915890837
94.87126884808698,99.99999916457088
94.88152631039081,99.99999917019473
94.89178377269464,99.99999917580212
94.90204123499846,99.9999991813854
94.91229869730229,99.99999918693906
94.9225561596061,99.99999919248175
94.93281362190994,99.99999919801125
94.94307108421377,99.99999920353851
94.9533285465176,99.99999920906284
94.96358600882142,99.99999921455621
94.97384347112524,99.99999922002873
94.98410093342908,99.99999922549047
94.99435839573289,99.99999923094404
95.00461585803673,99.999999236383
95.01487332034054,99.99999924180905
95.02513078264437,99.99999924717827
95.03538824494821,99.99999925253672
95.04564570725202,99.99999925788859
95.05590316955586,99.99999926321851
95.06616063185967,99.99999926854596
95.0764180941635,99.99999927383566
95.08667555646733,99.99999927908827
95.09693301877115,99.99999928433272
95.10719048107498,99.99999928956753
95.1174479433788,99.99999929479762
95.12770540568263,99.99999930000729
95.13796286798646,99.99999930521636
95.14822033029029,99.99999931039154
95.15847779259411,99.99999931554842
95.16873525489794,99.99999932060938
95.17899271720177,99.99999932565929
95.18925017950559,99.99999933066182
95.1995076418094,99.9999993356617
95.20976510411325,99.99999934065407
95.22002256641707,99.99999934564053
95.2302800287209,99.99999935061119
95.24053749102472,99.9999993555372
95.25079495332854,99.99999936045316
95.26105241563238,99.99999936535343
95.27130987793619,99.99999937023316
95.28156734024003,99.9999993750987
95.29182480254384,99.99999937996361
95.30208226484767,99.99999938481065
95.31233972715151,99.9999993896188
95.32259718945532,99.99999939439739
95.33285465175916,99.99999939916427
95.34311211406298,99.99999940387683
95.3533695763668,99.99999940858673
95.36362703867063,99.9999994132599
95.37388450097446,99.99999941789503
95.38414196327828,99.99999942251306
95.39439942558211,99.99999942712503
95.40465688788593,99.99999943172955
95.41491435018976,99.99999943631346
95.42517181249359,99.99999944088245
95.43542927479741,99.99999944544706
95.44568673710124,99.99999945000843
95.45594419940507,99.99999945456139
95.4662016617089,99.99999945908837
95.47645912401272,99.99999946360552
95.48671658631655,99.99999946811802
95.49697404862037,99.99999947262967
95.5072315109242,99.99999947710467
95.51748897322803,99.99999948155572
95.52774643553185,99.99999948596992
95.53800389783568,99.99999949036244
95.54826136013949,99.9999994947283
95.55851882244333,99.99999949907588
95.56877628474716,99.9999995034182
95.57903374705099,99.99999950773535
95.58929120935481,99.9999995120478
95.59954867165862,99.99999951634143
95.60980613396246,99.99999952057824
95.62006359626628,99.99999952479823
95.63032105857012,99.99999952901756
95.64057852087393,99.99999953319174
95.65083598317776,99.99999953735808
95.6610934454816,99.99999954145332
95.67135090778541,99.9999995455123
95.68160837008925,99.99999954954001
95.69186583239306,99.9999995535359
95.70212329469689,99.99999955750127
95.71238075700072,99.99999956145209
95.72263821930454,99.99999956537457
95.73289568160837,99.99999956923259
95.7431531439122,99.99999957307676
95.75341060621602,99.99999957691006
95.76366806851985,99.99999958072907
95.77392553082367,99.99999958454269
95.7841829931275,99.99999958835183
95.79444045543133,99.99999959211854
95.80469791773515,99.99999959586427
95.81495538003898,99.99999959960549
95.8252128423428,99.99999960334442
95.83547030464663,99.99999960707434
95.84572776695046,99.99999961079058
95.85598522925429,99.99999961446797
95.86624269155811,99.99999961814525
95.87650015386193,99.99999962181442
95.88675761616577,99.99999962548338
95.89701507846958,99.99999962913564
95.90727254077342,99.99999963278341
95.91753000307723,99.9999996364227
95.92778746538106,99.99999964005983
95.9380449276849,99.99999964369523
95.94830238998871,99.99999964728579
95.95855985229255,99.9999996508421
95.96881731459636,99.99999965434392
95.97907477690019,99.99999965783609
95.98933223920402,99.99999966131848
95.99958970150784,99.99999966473455
96.00984716381167,99.99999966809821
96.0201046261155,99.99999967145871
96.03036208841932,99.99999967480964
96.04061955072315,99.9999996781593
96.05087701302698,99.99999968150772
96.0611344753308,99.99999968485142
96.07139193763463,99.99999968818015
96.08164939993846,99.9999996914906
96.09190686224228,99.99999969473306
96.1021643245461,99.99999969792805
96.11242178684994,99.9999997010573
96.12267924915376,99.9999997041864
96.13293671145759,99.99999970726337
96.14319417376142,99.99999971033708
96.15345163606523,99.99999971336567
96.16370909836907,99.99999971639214
96.17396656067288,99.99999971941189
96.18422402297672,99.99999972242838
96.19448148528053,99.99999972536565
96.20473894758436,99.99999972829612
96.2149964098882,99.99999973115806
96.22525387219201,99.99999973401597
96.23551133449585,99.99999973687366
96.24576879679967,99.99999973972506
96.25602625910349,99.99999974254571
96.26628372140732,99.99999974535491
96.27654118371115,99.99999974813704
96.28679864601497,99.99999975091882
96.2970561083188,99.99999975369016
96.30731357062263,99.99999975645393
96.31757103292645,99.99999975918928
96.32782849523028,99.99999976191697
96.3380859575341,99.99999976464345
96.34834341983793,99.99999976732256
96.35860088214176,99.99999976996536
96.36885834444558,99.99999977259587
96.37911580674941,99.999999775211
96.38937326905324,99.99999977782291
96.39963073135706,99.99999978043405
96.40988819366089,99.99999978304389
96.42014565596472,99.9999997856485
96.43040311826854,99.99999978824785
96.44066058057237,99.99999979082934
96.45091804287618,99.99999979340826
96.46117550518002,99.9999997959829
96.47143296748385,99.99999979854974
96.48169042978768,99.99999980110262
96.4919478920915,99.9999998036532
96.50220535439531,99.9999998061997
96.51246281669916,99.9999998087359
96.52272027900297,99.99999981119102
96.53297774130681,99.99999981363385
96.54323520361062,99.99999981607584
96.55349266591445,99.99999981844647
96.56375012821829,99.99999982080706
96.5740075905221,99.99999982314273
96.58426505282594,99.99999982544033
96.59452251512975,99.99999982771917
96.60477997743358,99.99999982995233
96.6150374397374,99.99999983218491
96.62529490204123,99.9999998344093
96.63555236434506,99.99999983661746
96.64580982664889,99.99999983881102
96.65606728895271,99.99999984098741
96.66632475125654,99.9999998431401
96.67658221356037,99.99999984525981
96.68683967586419,99.9999998473278
96.69709713816802,99.99999984939568
96.70735460047185,99.99999985144431
96.71761206277567,99.99999985349226
96.72786952507948,99.99999985551248
96.73812698738332,99.99999985751272
96.74838444968715,99.99999985949599
96.75864191199098,99.99999986147337
96.7688993742948,99.99999986343448
96.77915683659862,99.99999986537618
96.78941429890246,99.99999986731099
96.79967176120627,99.99999986923844
96.80992922351011,99.99999987114771
96.82018668581392,99.9999998730439
96.83044414811775,99.99999987493567
96.84070161042159,99.99999987676978
96.8509590727254,99.99999987858638
96.86121653502924,99.99999988040193
96.87147399733306,99.99999988220104
96.88173145963688,99.99999988398271
96.89198892194071,99.99999988573717
96.90224638424453,99.99999988746964
96.91250384654836,99.99999988918698
96.92276130885219,99.99999989088614
96.93301877115601,99.999999892584
96.94327623345984,99.99999989427249
96.95353369576367,99.999999895955
96.9637911580675,99.99999989763444
96.97404862037132,99.99999989928753
96.98430608267515,99.99999990092674
96.99456354497897,99.99999990256313
97.0048210072828,99.99999990418574
97.01507846958663,99.99999990578235
97.02533593189045,99.99999990737035
97.03559339419428,99.99999990891364
97.0458508564981,99.99999991045534
97.05610831880193,99.99999991199424
97.06636578110576,99.99999991351066
97.07662324340957,99.99999991501693
97.08688070571341,99.9999999165163
97.09713816801722,99.99999991800917
97.10739563032107,99.99999991949274
97.11765309262489,99.99999992096245
97.1279105549287,99.99999992242014
97.13816801723254,99.99999992387508
97.14842547953636,99.99999992530046
97.1586829418402,99.99999992667176
97.16894040414401,99.99999992801143
97.17919786644784,99.99999992934418
97.18945532875166,99.99999993065839
97.19971279105549,99.99999993196127
97.20997025335933,99.99999993322346
97.22022771566314,99.99999993447179
97.23048517796697,99.99999993571795
97.2407426402708,99.99999993695896
97.25100010257462,99.9999999381987
97.26125756487845,99.99999993942325
97.27151502718228,99.99999994064397
97.2817724894861,99.9999999418431
97.29202995178993,99.99999994304008
97.30228741409375,99.99999994422859
97.31254487639758,99.99999994538842
97.32280233870141,99.99999994654326
97.33305980100523,99.99999994767566
97.34331726330906,99.99999994879431
97.35357472561287,99.99999994990321
97.36383218791671,99.99999995101176
97.37408965022053,99.99999995211894
97.38434711252437,99.99999995321429
97.3946045748282,99.99999995429394
97.404862037132,99.99999995533022
97.41511949943585,99.99999995636477
97.42537696173966,99.99999995739668
97.4356344240435,99.9999999584058
97.44589188634731,99.99999995939149
97.45614934865114,99.99999996037441
97.46640681095498,99.99999996133766
97.47666427325879,99.99999996228922
97.48692173556263,99.9999999632376
97.49717919786644,99.99999996415544
97.50743666017027,99.99999996506962
97.5176941224741,99.99999996597673
97.52795158477792,99.99999996687285
97.53820904708175,99.99999996776555
97.54846650938558,99.99999996864335
97.5587239716894,99.99999996944938
97.56898143399323,99.99999997023477
97.57923889629706,99.99999997101958
97.58949635860088,99.99999997180248
97.59975382090471,99.99999997257484
97.61001128320854,99.9999999733266
97.62026874551236,99.99999997406388
97.63052620781619,99.99999997479529
97.64078367012002,99.99999997549234
97.65104113242384,99.99999997617391
97.66129859472767,99.99999997684333
97.6715560570315,99.99999997750373
97.68181351933532,99.9999999781626
97.69207098163915,99.99999997880577
97.70232844394296,99.999999979443
97.7125859062468,99.999999980078
97.72284336855061,99.9999999807098
97.73310083085445,99.99999998133823
97.74335829315828,99.9999999819437
97.75361575546209,99.99999998254584
97.76387321776593,99.99999998312845
97.77413068006975,99.99999998370501
97.78438814237359,99.99999998427282
97.7946456046774,99.99999998483712
97.80490306698123,99.99999998538573
97.81516052928505,99.99999998592875
97.82541799158888,99.99999998646223
97.83567545389272,99.99999998699519
97.84593291619653,99.99999998752456
97.85619037850036,99.99999998804358
97.86644784080418,99.99999998856028
97.87670530310801,99.99999998903945
97.88696276541184,99.99999998950419
97.89722022771566,99.99999998993995
97.90747769001949,99.99999999037401
97.91773515232332,99.99999999079316
97.92799261462714,99.99999999120782
97.93825007693097,99.99999999162245
97.9485075392348,99.99999999203492
97.95876500153862,99.99999999243776
97.96902246384245,99.99999999282832
97.97927992614626,99.99999999320653
97.9895373884501,99.99999999355282
97.99979485075391,99.99999999386223
98.01005231305776,99.99999999414575
98.02030977536158,99.99999999442767
98.0305672376654,99.9999999946879
98.04082469996924,99.99999999494769
98.05108216227305,99.99999999520712
98.06133962457689,99.9999999954596
98.0715970868807,99.99999999569683
98.08185454918453,99.99999999593197
98.09211201148835,99.99999999616563
98.10236947379218,99.99999999639768
98.11262693609602,99.99999999662937
98.12288439839983,99.99999999682241
98.13314186070366,99.9999999970065
98.14339932300749,99.99999999718976
98.15365678531131,99.99999999735856
98.16391424761514,99.99999999752275
98.17417170991897,99.99999999767888
98.18442917222279,99.99999999781868
98.19468663452662,99.99999999795432
98.20494409683045,99.99999999808904
98.21520155913427,99.99999999821479
98.2254590214381,99.99999999833965
98.23571648374192,99.99999999846378
98.24597394604575,99.99999999858427
98.25623140834956,99.99999999870084
98.2664888706534,99.99999999881256
98.27674633295722,99.9999999989239
98.28700379526106,99.99999999903176
98.29726125756488,99.99999999913805
98.3075187198687,99.99999999924418
98.31777618217254,99.99999999934921
98.32803364447635,99.99999999945022
98.33829110678019,99.99999999955001
98.348548569084,99.99999999964278
98.35880603138783,99.99999999969378
98.36906349369166,99.9999999997425
98.37932095599548,99.99999999978449
98.38957841829932,99.99999999982327
98.39983588060313,99.99999999985636
98.41009334290696,99.99999999988162
98.42035080521079,99.9999999999027
98.43060826751461,99.9999999999175
98.44086572981844,99.99999999992949
98.45112319212227,99.99999999994044
98.4613806544261,99.99999999995126
98.47163811672992,99.99999999996064
98.48189557903375,99.99999999996807
98.49215304133757,99.99999999997539
98.5024105036414,99.99999999997974
98.51266796594523,99.99999999998325
98.52292542824905,99.9999999999864
98.53318289055288,99.99999999998921
98.5434403528567,99.99999999999193
98.55369781516053,99.99999999999353
98.56395527746436,99.99999999999477
98.57421273976819,99.99999999999572
98.58447020207201,99.99999999999665
98.59472766437584,99.99999999999754
98.60498512667965,99.99999999999835
98.61524258898349,99.99999999999875
98.6255000512873,99.99999999999913
98.63575751359114,99.99999999999936
98.64601497589497,99.99999999999959
98.65627243819878,99.99999999999977
98.66652990050262,99.99999999999986
98.67678736280644,99.99999999999991
98.68704482511028,99.99999999999997
98.69730228741409,100.0
98.70755974971792,100.0
98.71781721202174,100.0
98.72807467432557,100.0
98.73833213662941,100.0
98.74858959893322,100.0
98.75884706123705,100.0
98.76910452354088,100.0
98.7793619858447,100.0
98.78961944814853,100.0
98.79987691045235,100.0
98.81013437275618,100.0
98.82039183506001,100.0
98.83064929736383,100.0
98.84090675966766,100.0
98.85116422197149,100.0
98.86142168427531,100.0
98.87167914657914,100.0
98.88193660888295,100.0
98.8921940711868,100.0
98.9024515334906,100.0
98.91270899579445,100.0
98.92296645809827,100.0
98.93322392040209,100.0
98.94348138270593,100.0
98.95373884500974,100.0
98.96399630731358,100.0
98.97425376961739,100.0
98.98451123192122,100.0
98.99476869422504,100.0
99.00502615652887,100.0
99.01528361883271,100.0
99.02554108113652,100.0
99.03579854344035,100.0
99.04605600574418,100.0
99.056313468048,100.0
99.06657093035183,100.0
99.07682839265566,100.0
99.08708585495948,100.0
99.09734331726331,100.0
99.10760077956714,100.0
99.11785824187096,100.0
99.12811570417479,100.0
99.13837316647862,100.0
99.14863062878244,100.0
99.15888809108625,100.0
99.1691455533901,100.0
99.17940301569391,100.0
99.18966047799775,100.0
99.19991794030157,100.0
99.21017540260539,100.0
99.22043286490923,100.0
99.23069032721304,100.0
99.24094778951688,100.0
99.25120525182069,100.0
99.26146271412452,100.0
99.27172017642835,100.0
99.28197763873217,100.0
99.29223510103601,100.0
99.30249256333983,100.0
99.31275002564365,100.0
99.32300748794748,100.0
99.3332649502513,100.0
99.34352241255513,100.0
99.35377987485896,100.0
99.36403733716278,100.0
99.37429479946661,100.0
99.38455226177044,100.0
99.39480972407426,100.0
99.40506718637809,100.0
99.41532464868192,100.0
99.42558211098574,100.0
99.43583957328957,100.0
99.4460970355934,100.0
99.45635449789721,100.0
99.46661196020105,100.0
99.47686942250488,100.0
99.4871268848087,100.0
99.49738434711253,100.0
99.50764180941634,100.0
99.51789927172018,100.0
99.528156734024,100.0
99.53841419632784,100.0
99.54867165863166,100.0
99.55892912093547,100.0
99.56918658323931,100.0
99.57944404554313,100.0
99.58970150784697,100.0
99.59995897015078,100.0
99.6102164324546,100.0
99.62047389475843,100.0
99.63073135706226,100.0
99.6409888193661,100.0
99.65124628166991,100.0
99.66150374397374,100.0
99.67176120627757,100.0
99.68201866858139,100.0
99.69227613088522,100.0
99.70253359318905,100.0
99.71279105549287,100.0
99.7230485177967,100.0
99.73330598010052,100.0
99.74356344240435,100.0
99.75382090470818,100.0
99.764078367012,100.0
99.77433582931583,100.0
99.78459329161964,100.0
99.79485075392348,100.0
99.8051082162273,100.0
99.81536567853114,100.0
99.82562314083496,100.0
99.83588060313878,100.0
99.84613806544262,100.0
99.85639552774643,100.0
99.86665299005027,100.0
99.87691045235408,100.0
99.88716791465791,100.0
99.89742537696173,100.0
99.90768283926556,100.0
99.9179403015694,100.0
99.92819776387321,100.0
99.93845522617704,100.0
99.94871268848087,100.0
99.9589701507847,100.0
99.96922761308852,100.0
99.97948507539235,100.0
99.98974253769617,100.0
100.0,100.0
