window,scope,trade_size_bin,excluded_project,month,weighting,matched_projects,matched_cells,standardized_bin_rate_pct,standardized_reference_rate_pct,standardized_difference_pp,pooled_difference_pp,matched_pooled_difference_pp,interpretation
24m,all_projects,02_100_250,,2024-01,overlap_exposure,24,41,1.605806084007657,0.5949012341222493,1.0109048498854079,1.0806521555886912,1.0807052931678611,observed_standardization_no_causal_or_significance_claim
24m,all_projects,02_100_250,,2024-01,equal_project,24,41,0.17396913068349468,0.03822738887190145,0.13574174181159324,1.0806521555886912,1.0807052931678611,observed_standardization_no_causal_or_significance_claim
24m,all_projects,02_100_250,,2024-02,overlap_exposure,22,39,1.0598727643985344,0.5070922668376968,0.5527804975608376,0.5548258480974223,0.55480118711374,observed_standardization_no_causal_or_significance_claim
24m,all_projects,02_100_250,,2024-02,equal_project,22,39,0.07055715962461533,0.03322673732295944,0.03733042230165588,0.5548258480974223,0.55480118711374,observed_standardization_no_causal_or_significance_claim
24m,all_projects,02_100_250,,2024-03,overlap_exposure,21,41,0.3550915442414475,0.20233027596811298,0.15276126827333453,0.15655313356291298,0.15654479145250944,observed_standardization_no_causal_or_significance_claim
24m,all_projects,02_100_250,,2024-03,equal_project,21,41,0.04918741659632988,0.04069695923058126,0.008490457365748617,0.15655313356291298,0.15654479145250944,observed_standardization_no_causal_or_significance_claim
24m,all_projects,02_100_250,,2024-04,overlap_exposure,25,44,1.18482485729265,0.48167610877889083,0.7031487485137592,0.7321329434900541,0.7321254778760125,observed_standardization_no_causal_or_significance_claim
24m,all_projects,02_100_250,,2024-04,equal_project,25,44,0.14435194810916457,0.07302171909965648,0.07133022900950811,0.7321329434900541,0.7321254778760125,observed_standardization_no_causal_or_significance_claim
24m,all_projects,02_100_250,,2024-05,overlap_exposure,24,42,1.9715881021691826,0.7605222790842798,1.2110658230849027,1.2584532113291853,1.2584296774093018,observed_standardization_no_causal_or_significance_claim
24m,all_projects,02_100_250,,2024-05,equal_project,24,42,0.28079741920799983,0.06839686875018232,0.21240055045781753,1.2584532113291853,1.2584296774093018,observed_standardization_no_causal_or_significance_claim
24m,all_projects,02_100_250,,2024-06,overlap_exposure,24,43,1.8097572110966582,0.6037601890875562,1.205997022009102,1.268402455589511,1.2683891936125318,observed_standardization_no_causal_or_significance_claim
24m,all_projects,02_100_250,,2024-06,equal_project,24,43,0.30859792592119195,0.1956526500067752,0.11294527591441676,1.268402455589511,1.2683891936125318,observed_standardization_no_causal_or_significance_claim
24m,all_projects,02_100_250,,2024-07,overlap_exposure,23,42,2.2567626176443123,0.7541664201627248,1.5025961974815871,1.5652716767782497,1.5652539917220245,observed_standardization_no_causal_or_significance_claim
24m,all_projects,02_100_250,,2024-07,equal_project,23,42,0.5711739782182861,0.09651545792756534,0.4746585202907207,1.5652716767782497,1.5652539917220245,observed_standardization_no_causal_or_significance_claim
24m,all_projects,02_100_250,,2024-08,overlap_exposure,25,46,2.2048906835040523,0.7892763974356525,1.4156142860683998,1.4991449635455634,1.4991232992080965,observed_standardization_no_causal_or_significance_claim
24m,all_projects,02_100_250,,2024-08,equal_project,25,46,0.5083002569813126,0.18834588329418595,0.3199543736871267,1.4991449635455634,1.4991232992080965,observed_standardization_no_causal_or_significance_claim
24m,all_projects,02_100_250,,2024-09,overlap_exposure,24,45,1.8158173530328627,0.7481656216896346,1.067651731343228,1.1255482451859369,1.1255183297830282,observed_standardization_no_causal_or_significance_claim
24m,all_projects,02_100_250,,2024-09,equal_project,24,45,0.3794824336904085,0.18333235374141404,0.1961500799489945,1.1255482451859369,1.1255183297830282,observed_standardization_no_causal_or_significance_claim
24m,all_projects,02_100_250,,2024-10,overlap_exposure,25,44,1.0744551234459145,0.38276528923008246,0.691689834215832,0.727335877803777,0.7273187205322922,observed_standardization_no_causal_or_significance_claim
24m,all_projects,02_100_250,,2024-10,equal_project,25,44,0.22944351727778514,0.043407475295202946,0.1860360419825822,0.727335877803777,0.7273187205322922,observed_standardization_no_causal_or_significance_claim
24m,all_projects,02_100_250,,2024-11,overlap_exposure,26,45,0.6157222206172601,0.23661172950586407,0.37911049111139605,0.39423198427087175,0.39422394037980596,observed_standardization_no_causal_or_significance_claim
24m,all_projects,02_100_250,,2024-11,equal_project,26,45,1.2553318422993942,0.07041245942583525,1.184919382873559,0.39423198427087175,0.39422394037980596,observed_standardization_no_causal_or_significance_claim
24m,all_projects,02_100_250,,2024-12,overlap_exposure,25,46,0.3828787182908349,0.1412262413005446,0.24165247699029033,0.2488758904408346,0.2488694991630003,observed_standardization_no_causal_or_significance_claim
24m,all_projects,02_100_250,,2024-12,equal_project,25,46,0.07867818914391375,0.025275298467818223,0.053402890676095535,0.2488758904408346,0.2488694991630003,observed_standardization_no_causal_or_significance_claim
24m,all_projects,02_100_250,,2025-01,overlap_exposure,27,47,0.5117521815170227,0.1831759474652073,0.3285762340518154,0.3381463251140736,0.3381330633266272,observed_standardization_no_causal_or_significance_claim
24m,all_projects,02_100_250,,2025-01,equal_project,27,47,0.14642164199994834,0.0565693687935522,0.08985227320639616,0.3381463251140736,0.3381330633266272,observed_standardization_no_causal_or_significance_claim
24m,all_projects,02_100_250,,2025-02,overlap_exposure,27,46,1.2163127711011796,0.4611980051309931,0.7551147659701865,0.7624753797361737,0.7624599077464977,observed_standardization_no_causal_or_significance_claim
24m,all_projects,02_100_250,,2025-02,equal_project,27,46,0.6199220141699276,0.15831684946133567,0.461605164708592,0.7624753797361737,0.7624599077464977,observed_standardization_no_causal_or_significance_claim
24m,all_projects,02_100_250,,2025-03,overlap_exposure,27,48,1.2751701977620218,0.6196812143276499,0.6554889834343719,0.6654086099355826,0.6654148678512551,observed_standardization_no_causal_or_significance_claim
24m,all_projects,02_100_250,,2025-03,equal_project,27,48,0.4364144673485465,0.19867183178756986,0.23774263556097663,0.6654086099355826,0.6654148678512551,observed_standardization_no_causal_or_significance_claim
24m,all_projects,02_100_250,,2025-04,overlap_exposure,27,48,1.4752398993963463,0.7379041770717324,0.7373357223246139,0.7578784412978559,0.7578076311222687,observed_standardization_no_causal_or_significance_claim
24m,all_projects,02_100_250,,2025-04,equal_project,27,48,0.3585981067923247,0.1688050812108095,0.18979302558151517,0.7578784412978559,0.7578076311222687,observed_standardization_no_causal_or_significance_claim
24m,all_projects,02_100_250,,2025-05,overlap_exposure,30,51,1.3536639004609115,0.5082470964908153,0.8454168039700962,0.8864725947548363,0.8864500676801459,observed_standardization_no_causal_or_significance_claim
24m,all_projects,02_100_250,,2025-05,equal_project,30,51,0.29080725367497523,0.10308837722960093,0.18771887644537433,0.8864725947548363,0.8864500676801459,observed_standardization_no_causal_or_significance_claim
24m,all_projects,02_100_250,,2025-06,overlap_exposure,29,48,1.5103745010270557,0.5812955345065104,0.9290789665205454,0.9744048678502284,0.9743785227948112,observed_standardization_no_causal_or_significance_claim
24m,all_projects,02_100_250,,2025-06,equal_project,29,48,0.35278826790154977,0.09893525651238803,0.2538530113891617,0.9744048678502284,0.9743785227948112,observed_standardization_no_causal_or_significance_claim
24m,all_projects,02_100_250,,2025-07,overlap_exposure,27,48,1.2645865388294715,0.44242018590412374,0.8221663529253478,0.8466105921124758,0.846514766524352,observed_standardization_no_causal_or_significance_claim
24m,all_projects,02_100_250,,2025-07,equal_project,27,48,0.31093645160945066,0.16448024687668936,0.14645620473276127,0.8466105921124758,0.846514766524352,observed_standardization_no_causal_or_significance_claim
24m,all_projects,02_100_250,,2025-08,overlap_exposure,30,49,1.1463843853573654,0.4169591285017237,0.7294252568556417,0.7342034272871757,0.7341935470045128,observed_standardization_no_causal_or_significance_claim
24m,all_projects,02_100_250,,2025-08,equal_project,30,49,0.3478095139072571,0.14034693559607944,0.2074625783111777,0.7342034272871757,0.7341935470045128,observed_standardization_no_causal_or_significance_claim
24m,all_projects,02_100_250,,2025-09,overlap_exposure,29,48,1.0159874038484225,0.3576150046310458,0.6583723992173768,0.6687060867437472,0.6687774738161066,observed_standardization_no_causal_or_significance_claim
24m,all_projects,02_100_250,,2025-09,equal_project,29,48,0.3685008946047833,0.09839419434768952,0.2701067002570938,0.6687060867437472,0.6687774738161066,observed_standardization_no_causal_or_significance_claim
24m,all_projects,02_100_250,,2025-10,overlap_exposure,29,49,0.9303512311661516,0.36354936034990293,0.5668018708162487,0.5585358810424864,0.5585246714417368,observed_standardization_no_causal_or_significance_claim
24m,all_projects,02_100_250,,2025-10,equal_project,29,49,0.2830688549429197,0.24334210198932302,0.03972675295359673,0.5585358810424864,0.5585246714417368,observed_standardization_no_causal_or_significance_claim
24m,all_projects,02_100_250,,2025-11,overlap_exposure,30,48,0.8672259801950222,0.3733827693423676,0.4938432108526546,0.4632858543313205,0.463256965604498,observed_standardization_no_causal_or_significance_claim
24m,all_projects,02_100_250,,2025-11,equal_project,30,48,0.31485481312851865,0.260380843933253,0.05447396919526565,0.4632858543313205,0.463256965604498,observed_standardization_no_causal_or_significance_claim
24m,all_projects,02_100_250,,2025-12,overlap_exposure,29,47,1.2014666668787133,0.5752994158049967,0.6261672510737167,0.6157601219337507,0.615751087785239,observed_standardization_no_causal_or_significance_claim
24m,all_projects,02_100_250,,2025-12,equal_project,29,47,0.47598023395846845,0.2158075337413685,0.2601727002171,0.6157601219337507,0.615751087785239,observed_standardization_no_causal_or_significance_claim
24m,all_projects,03_250_500,,2024-01,overlap_exposure,23,40,2.6143637769600976,0.5885533897475047,2.025810387212593,2.0827850175143756,2.0828305399598164,observed_standardization_no_causal_or_significance_claim
24m,all_projects,03_250_500,,2024-01,equal_project,23,40,0.4474378775708471,0.039889449257636295,0.4075484283132108,2.0827850175143756,2.0828305399598164,observed_standardization_no_causal_or_significance_claim
24m,all_projects,03_250_500,,2024-02,overlap_exposure,23,39,1.926781287103423,0.5050719127666059,1.421709374336817,1.399613842445624,1.3995944692132687,observed_standardization_no_causal_or_significance_claim
24m,all_projects,03_250_500,,2024-02,equal_project,23,39,0.29427743924957145,0.031782096569787296,0.26249534267978414,1.399613842445624,1.3995944692132687,observed_standardization_no_causal_or_significance_claim
24m,all_projects,03_250_500,,2024-03,overlap_exposure,22,42,0.6683096413125508,0.20315353698474792,0.4651561043278029,0.46965296535452317,0.46964865055626837,observed_standardization_no_causal_or_significance_claim
24m,all_projects,03_250_500,,2024-03,equal_project,22,42,0.1744090077440118,0.03884709744737302,0.13556191029663878,0.46965296535452317,0.46964865055626837,observed_standardization_no_causal_or_significance_claim
24m,all_projects,03_250_500,,2024-04,overlap_exposure,23,41,2.129394670099697,0.4829032125992734,1.6464914575004235,1.6773574575634345,1.6773222011891817,observed_standardization_no_causal_or_significance_claim
24m,all_projects,03_250_500,,2024-04,equal_project,23,41,0.5298475235493674,0.07937143380397445,0.4504760897453929,1.6773574575634345,1.6773222011891817,observed_standardization_no_causal_or_significance_claim
24m,all_projects,03_250_500,,2024-05,overlap_exposure,24,42,3.392804435798564,0.7576431296673738,2.63516130613119,2.6625908112069787,2.662567277287095,observed_standardization_no_causal_or_significance_claim
24m,all_projects,03_250_500,,2024-05,equal_project,24,42,0.835511378740447,0.06839686875018232,0.7671145099902648,2.6625908112069787,2.662567277287095,observed_standardization_no_causal_or_significance_claim
24m,all_projects,03_250_500,,2024-06,overlap_exposure,24,42,2.9560994714034656,0.6021375810314281,2.353961890372038,2.417237537969937,2.4172239529375035,observed_standardization_no_causal_or_significance_claim
24m,all_projects,03_250_500,,2024-06,equal_project,24,42,0.6246487153757123,0.1956526500067752,0.42899606536893714,2.417237537969937,2.4172239529375035,observed_standardization_no_causal_or_significance_claim
24m,all_projects,03_250_500,,2024-07,overlap_exposure,23,42,3.755062813751158,0.7494591336183012,3.0056036801328565,3.0637772356112634,3.0637384787939266,observed_standardization_no_causal_or_significance_claim
24m,all_projects,03_250_500,,2024-07,equal_project,23,42,0.9815888161779078,0.09651545792756534,0.8850733582503425,3.0637772356112634,3.0637384787939266,observed_standardization_no_causal_or_significance_claim
24m,all_projects,03_250_500,,2024-08,overlap_exposure,24,43,3.175584171408128,0.7847012936896618,2.3908828777184663,2.464832428952587,2.4647993247098805,observed_standardization_no_causal_or_significance_claim
24m,all_projects,03_250_500,,2024-08,equal_project,24,43,0.7611531603014416,0.1274384166344004,0.6337147436670413,2.464832428952587,2.4647993247098805,observed_standardization_no_causal_or_significance_claim
24m,all_projects,03_250_500,,2024-09,overlap_exposure,25,45,2.4960532492700462,0.7450298172423798,1.7510234320276665,1.8010304710039498,1.8009797703279067,observed_standardization_no_causal_or_significance_claim
24m,all_projects,03_250_500,,2024-09,equal_project,25,45,0.6015589542138748,0.17599905959175746,0.42555989462211746,1.8010304710039498,1.8009797703279067,observed_standardization_no_causal_or_significance_claim
24m,all_projects,03_250_500,,2024-10,overlap_exposure,25,43,1.8187476406218477,0.3788407795094574,1.4399068611123902,1.4611774080661297,1.461155548281411,observed_standardization_no_causal_or_significance_claim
24m,all_projects,03_250_500,,2024-10,equal_project,25,43,0.6328012204073159,0.04362537582361173,0.5891758445837041,1.4611774080661297,1.461155548281411,observed_standardization_no_causal_or_significance_claim
24m,all_projects,03_250_500,,2024-11,overlap_exposure,24,43,1.1502419010872096,0.23644865172977245,0.913793249357437,0.9260820719836773,0.926060614531252,observed_standardization_no_causal_or_significance_claim
24m,all_projects,03_250_500,,2024-11,equal_project,24,43,0.7183608902516327,0.0762801643779882,0.6420807258736445,0.9260820719836773,0.926060614531252,observed_standardization_no_causal_or_significance_claim
24m,all_projects,03_250_500,,2024-12,overlap_exposure,25,47,0.8217416561880414,0.1426354436952712,0.6791062124927701,0.692907835067815,0.6928985282722815,observed_standardization_no_causal_or_significance_claim
24m,all_projects,03_250_500,,2024-12,equal_project,25,47,0.35857761272979627,0.025275298467818223,0.33330231426197804,0.692907835067815,0.6928985282722815,observed_standardization_no_causal_or_significance_claim
24m,all_projects,03_250_500,,2025-01,overlap_exposure,27,48,1.032149238821738,0.18429926429359153,0.8478499745281463,0.8636418953425463,0.863629938081122,observed_standardization_no_causal_or_significance_claim
24m,all_projects,03_250_500,,2025-01,equal_project,27,48,0.33481746839544885,0.05501449738141798,0.2798029710140309,0.8636418953425463,0.863629938081122,observed_standardization_no_causal_or_significance_claim
24m,all_projects,03_250_500,,2025-02,overlap_exposure,26,45,1.800082682029295,0.4580111699109877,1.342071512118307,1.3264968164320952,1.3264684204096007,observed_standardization_no_causal_or_significance_claim
24m,all_projects,03_250_500,,2025-02,equal_project,26,45,0.5228029604413394,0.16440595905600242,0.35839700138533703,1.3264968164320952,1.3264684204096007,observed_standardization_no_causal_or_significance_claim
24m,all_projects,03_250_500,,2025-03,overlap_exposure,27,47,1.5645906222315944,0.6212594310599391,0.9433311911716553,0.9366130165673957,0.9366187922625006,observed_standardization_no_causal_or_significance_claim
24m,all_projects,03_250_500,,2025-03,equal_project,27,47,0.4645985100557541,0.20263762044174272,0.2619608896140113,0.9366130165673957,0.9366187922625006,observed_standardization_no_causal_or_significance_claim
24m,all_projects,03_250_500,,2025-04,overlap_exposure,26,46,1.4451513133177611,0.7285177155304493,0.716633597787312,0.705019343999906,0.7049184555313536,observed_standardization_no_causal_or_significance_claim
24m,all_projects,03_250_500,,2025-04,equal_project,26,46,0.5796012705829925,0.1896234500259004,0.3899778205570921,0.705019343999906,0.7049184555313536,observed_standardization_no_causal_or_significance_claim
24m,all_projects,03_250_500,,2025-05,overlap_exposure,29,49,1.7856194599471316,0.5018824716876029,1.2837369882595286,1.2985502588803581,1.2985002359744369,observed_standardization_no_causal_or_significance_claim
24m,all_projects,03_250_500,,2025-05,equal_project,29,49,0.44168739276297414,0.11249208949829666,0.32919530326467744,1.2985502588803581,1.2985002359744369,observed_standardization_no_causal_or_significance_claim
24m,all_projects,03_250_500,,2025-06,overlap_exposure,26,45,1.982784880427985,0.581899854161426,1.400885026266559,1.4417656741783775,1.4416738991801075,observed_standardization_no_causal_or_significance_claim
24m,all_projects,03_250_500,,2025-06,equal_project,26,45,0.6672012267444473,0.11035086303304821,0.5568503637113991,1.4417656741783775,1.4416738991801075,observed_standardization_no_causal_or_significance_claim
24m,all_projects,03_250_500,,2025-07,overlap_exposure,27,48,1.7334749094289374,0.43962850434146217,1.2938464050874752,1.3040089964857449,1.3039137100734166,observed_standardization_no_causal_or_significance_claim
24m,all_projects,03_250_500,,2025-07,equal_project,27,48,0.6061876969150116,0.16448024687668936,0.4417074500383223,1.3040089964857449,1.3039137100734166,observed_standardization_no_causal_or_significance_claim
24m,all_projects,03_250_500,,2025-08,overlap_exposure,30,49,1.5013575249283169,0.4058168896213137,1.0955406353070032,1.0633994188573213,1.0633895385746586,observed_standardization_no_causal_or_significance_claim
24m,all_projects,03_250_500,,2025-08,equal_project,30,49,0.4016258388900211,0.14034693559607944,0.2612789032939417,1.0633994188573213,1.0633895385746586,observed_standardization_no_causal_or_significance_claim
24m,all_projects,03_250_500,,2025-09,overlap_exposure,28,48,1.3860871855406776,0.3466740222656515,1.0394131632750259,1.0131377364770382,1.01320746918281,observed_standardization_no_causal_or_significance_claim
24m,all_projects,03_250_500,,2025-09,equal_project,28,48,0.5220816646216463,0.0979593084899351,0.4241223561317111,1.0131377364770382,1.01320746918281,observed_standardization_no_causal_or_significance_claim
24m,all_projects,03_250_500,,2025-10,overlap_exposure,28,47,1.160043502330484,0.3557896237240651,0.804253878606419,0.763770578187634,0.7638057762656765,observed_standardization_no_causal_or_significance_claim
24m,all_projects,03_250_500,,2025-10,equal_project,28,47,0.4862909797028986,0.18268476374552975,0.30360621595736886,0.763770578187634,0.7638057762656765,observed_standardization_no_causal_or_significance_claim
24m,all_projects,03_250_500,,2025-11,overlap_exposure,29,47,0.9595568433932969,0.36436893017681576,0.5951879132164812,0.5439915675675333,0.5440368350464999,observed_standardization_no_causal_or_significance_claim
24m,all_projects,03_250_500,,2025-11,equal_project,29,47,0.37883889521369074,0.18725768748431756,0.19158120772937315,0.5439915675675333,0.5440368350464999,observed_standardization_no_causal_or_significance_claim
24m,all_projects,03_250_500,,2025-12,overlap_exposure,29,47,1.0360672269304092,0.5744614298838085,0.4616057970466007,0.44193914881736074,0.44193011466884907,observed_standardization_no_causal_or_significance_claim
24m,all_projects,03_250_500,,2025-12,equal_project,29,47,0.4835781515773259,0.2158075337413685,0.2677706178359574,0.44193914881736074,0.44193011466884907,observed_standardization_no_causal_or_significance_claim
24m,all_projects,04_500_1000,,2024-01,overlap_exposure,23,40,3.4655740187861004,0.572121431076667,2.893452587709433,2.8507168860338092,2.8507780974551573,observed_standardization_no_causal_or_significance_claim
24m,all_projects,04_500_1000,,2024-01,equal_project,23,40,0.7013738637057895,0.039889449257636295,0.6614844144481532,2.8507168860338092,2.8507780974551573,observed_standardization_no_causal_or_significance_claim
24m,all_projects,04_500_1000,,2024-02,overlap_exposure,22,38,2.6178267401430966,0.4970769204308133,2.1207498197122834,2.0143426127862076,2.014322360216716,observed_standardization_no_causal_or_significance_claim
24m,all_projects,04_500_1000,,2024-02,equal_project,22,38,0.4637254484475564,0.03322673732295944,0.430498711124597,2.0143426127862076,2.014322360216716,observed_standardization_no_causal_or_significance_claim
24m,all_projects,04_500_1000,,2024-03,overlap_exposure,22,40,1.2263194988138097,0.20285304671926116,1.0234664520945485,1.0154601621501134,1.0154500939993938,observed_standardization_no_causal_or_significance_claim
24m,all_projects,04_500_1000,,2024-03,equal_project,22,40,0.4019083754480918,0.03884709744737302,0.3630612780007188,1.0154601621501134,1.0154500939993938,observed_standardization_no_causal_or_significance_claim
24m,all_projects,04_500_1000,,2024-04,overlap_exposure,23,40,3.020584909255854,0.4743474921003464,2.546237417155508,2.5132923072226374,2.5132392132548547,observed_standardization_no_causal_or_significance_claim
24m,all_projects,04_500_1000,,2024-04,equal_project,23,40,0.9343167447369609,0.07937143380397445,0.8549453109329865,2.5132923072226374,2.5132392132548547,observed_standardization_no_causal_or_significance_claim
24m,all_projects,04_500_1000,,2024-05,overlap_exposure,25,42,4.863704787909418,0.739369750039082,4.124335037870336,4.031482602771519,4.031457520383606,observed_standardization_no_causal_or_significance_claim
24m,all_projects,04_500_1000,,2024-05,equal_project,25,42,1.1218700238633426,0.06566099400017503,1.0562090298631674,4.031482602771519,4.031457520383606,observed_standardization_no_causal_or_significance_claim
24m,all_projects,04_500_1000,,2024-06,overlap_exposure,22,40,4.19926346793771,0.5926216884583888,3.606641779479321,3.614430357270642,3.6144449384357733,observed_standardization_no_causal_or_significance_claim
24m,all_projects,04_500_1000,,2024-06,equal_project,22,40,1.1036354740265373,0.06681168857044098,1.0368237854560962,3.614430357270642,3.6144449384357733,observed_standardization_no_causal_or_significance_claim
24m,all_projects,04_500_1000,,2024-07,overlap_exposure,23,42,4.936153282323135,0.7324786351284746,4.203674647194661,4.157605036895559,4.157551979152422,observed_standardization_no_causal_or_significance_claim
24m,all_projects,04_500_1000,,2024-07,equal_project,23,42,1.1411076180576474,0.09651545792756534,1.044592160130082,4.157605036895559,4.157551979152422,observed_standardization_no_causal_or_significance_claim
24m,all_projects,04_500_1000,,2024-08,overlap_exposure,22,40,3.801403349148475,0.7645815740432481,3.0368217751052273,3.0229369757117226,3.02288612071701,observed_standardization_no_causal_or_significance_claim
24m,all_projects,04_500_1000,,2024-08,equal_project,22,40,0.8372993081131864,0.13902372723752773,0.6982755808756587,3.0229369757117226,3.02288612071701,observed_standardization_no_causal_or_significance_claim
24m,all_projects,04_500_1000,,2024-09,overlap_exposure,25,45,3.388042296701078,0.7303956716434856,2.657646625057592,2.6435358080643003,2.6434834544875,observed_standardization_no_causal_or_significance_claim
24m,all_projects,04_500_1000,,2024-09,equal_project,25,45,0.8526899830697402,0.17599905959175746,0.6766909234779828,2.6435358080643003,2.6434834544875,observed_standardization_no_causal_or_significance_claim
24m,all_projects,04_500_1000,,2024-10,overlap_exposure,25,43,2.8631434446816266,0.3738522815575836,2.489291163124043,2.4614662105432425,2.4614421480664586,observed_standardization_no_causal_or_significance_claim
24m,all_projects,04_500_1000,,2024-10,equal_project,25,43,0.8847807368651779,0.043407475295202946,0.8413732615699748,2.4614662105432425,2.4614421480664586,observed_standardization_no_causal_or_significance_claim
24m,all_projects,04_500_1000,,2024-11,overlap_exposure,26,45,1.797114453225669,0.2332283862926488,1.5638860669330203,1.5453683936964049,1.5453598575119831,observed_standardization_no_causal_or_significance_claim
24m,all_projects,04_500_1000,,2024-11,equal_project,26,45,0.849280915384996,0.07041245942583525,0.7788684559591607,1.5453683936964049,1.5453598575119831,observed_standardization_no_causal_or_significance_claim
24m,all_projects,04_500_1000,,2024-12,overlap_exposure,26,47,1.1504276152970967,0.142441513944556,1.0079861013525406,1.0160561057646005,1.0160490416859993,observed_standardization_no_causal_or_significance_claim
24m,all_projects,04_500_1000,,2024-12,equal_project,26,47,0.5832423294726482,0.024303171603671368,0.5589391578689767,1.0160561057646005,1.0160490416859993,observed_standardization_no_causal_or_significance_claim
24m,all_projects,04_500_1000,,2025-01,overlap_exposure,26,46,1.6153735986719358,0.1833090970443115,1.4320645016276243,1.4336346738530719,1.4336195639542575,observed_standardization_no_causal_or_significance_claim
24m,all_projects,04_500_1000,,2025-01,equal_project,26,46,0.8040365795826491,0.05874511374715035,0.7452914658354987,1.4336346738530719,1.4336195639542575,observed_standardization_no_causal_or_significance_claim
24m,all_projects,04_500_1000,,2025-02,overlap_exposure,27,47,1.8344350010857522,0.45347760692015704,1.380957394165595,1.3374597272393614,1.3374238207166291,observed_standardization_no_causal_or_significance_claim
24m,all_projects,04_500_1000,,2025-02,equal_project,27,47,0.6939532927424832,0.1745611639512642,0.519392128791219,1.3374597272393614,1.3374238207166291,observed_standardization_no_causal_or_significance_claim
24m,all_projects,04_500_1000,,2025-03,overlap_exposure,27,46,1.4447484930755323,0.6144571625635467,0.8302913305119857,0.7978858121710999,0.7978701282741495,observed_standardization_no_causal_or_significance_claim
24m,all_projects,04_500_1000,,2025-03,equal_project,27,46,0.679051220115156,0.22549998898312362,0.45355123113203233,0.7978858121710999,0.7978701282741495,observed_standardization_no_causal_or_significance_claim
24m,all_projects,04_500_1000,,2025-04,overlap_exposure,26,45,1.4163268048589002,0.7095042560703959,0.7068225487885041,0.6423583027280919,0.6422566668323322,observed_standardization_no_causal_or_significance_claim
24m,all_projects,04_500_1000,,2025-04,equal_project,26,45,0.8412323613150212,0.19413709730550827,0.647095264009513,0.6423583027280919,0.6422566668323322,observed_standardization_no_causal_or_significance_claim
24m,all_projects,04_500_1000,,2025-05,overlap_exposure,27,47,2.1323029137519494,0.4907293988073819,1.6415735149445672,1.6010094680472737,1.6009492119206374,observed_standardization_no_causal_or_significance_claim
24m,all_projects,04_500_1000,,2025-05,equal_project,27,47,0.7341547604548172,0.11626850516105254,0.6178862552937647,1.6010094680472737,1.6009492119206374,observed_standardization_no_causal_or_significance_claim
24m,all_projects,04_500_1000,,2025-06,overlap_exposure,26,46,2.3914540493085097,0.5731145689114018,1.8183394803971082,1.8238356808474547,1.8237453512809438,observed_standardization_no_causal_or_significance_claim
24m,all_projects,04_500_1000,,2025-06,equal_project,26,46,0.8895970331843382,0.10566201539791292,0.7839350177864253,1.8238356808474547,1.8237453512809438,observed_standardization_no_causal_or_significance_claim
24m,all_projects,04_500_1000,,2025-07,overlap_exposure,29,50,1.8179704869276614,0.43376772350078774,1.3842027634268737,1.368143571261162,1.3680654126830358,observed_standardization_no_causal_or_significance_claim
24m,all_projects,04_500_1000,,2025-07,equal_project,29,50,0.7486805726585759,0.1548472358715099,0.593833336787066,1.368143571261162,1.3680654126830358,observed_standardization_no_causal_or_significance_claim
24m,all_projects,04_500_1000,,2025-08,overlap_exposure,29,48,1.4859487519206098,0.3966728816878311,1.0892758702327787,1.025013148987265,1.0250031426965012,observed_standardization_no_causal_or_significance_claim
24m,all_projects,04_500_1000,,2025-08,equal_project,29,48,0.5559141974899059,0.14518648509939253,0.41072771239051337,1.025013148987265,1.0250031426965012,observed_standardization_no_causal_or_significance_claim
24m,all_projects,04_500_1000,,2025-09,overlap_exposure,29,49,1.1699451543920256,0.3437713345263423,0.8261738198656834,0.7904195134865727,0.7905042530901293,observed_standardization_no_causal_or_significance_claim
24m,all_projects,04_500_1000,,2025-09,equal_project,29,49,0.8064487189377676,0.09839419434768952,0.708054524590078,0.7904195134865727,0.7905042530901293,observed_standardization_no_causal_or_significance_claim
24m,all_projects,04_500_1000,,2025-10,overlap_exposure,28,47,1.1481120080080232,0.3512798437352221,0.796832164272801,0.7449687932566992,0.7450039913347415,observed_standardization_no_causal_or_significance_claim
24m,all_projects,04_500_1000,,2025-10,equal_project,28,47,0.6096627556898977,0.18268476374552975,0.426977991944368,0.7449687932566992,0.7450039913347415,observed_standardization_no_causal_or_significance_claim
24m,all_projects,04_500_1000,,2025-11,overlap_exposure,27,45,0.9622034037013558,0.36346829842941475,0.5987351052719412,0.5454693772117101,0.5455122843109398,observed_standardization_no_causal_or_significance_claim
24m,all_projects,04_500_1000,,2025-11,equal_project,27,45,0.7829819128197373,0.2011286272979707,0.5818532855217665,0.5454693772117101,0.5455122843109398,observed_standardization_no_causal_or_significance_claim
24m,all_projects,04_500_1000,,2025-12,overlap_exposure,28,46,0.9088662455831225,0.562100734883955,0.34676551069916745,0.30837323970032277,0.30836073186785284,observed_standardization_no_causal_or_significance_claim
24m,all_projects,04_500_1000,,2025-12,equal_project,28,46,0.4061046904923123,0.2235149456607031,0.1825897448316092,0.30837323970032277,0.30836073186785284,observed_standardization_no_causal_or_significance_claim
24m,all_projects,05_1000_2500,,2024-01,overlap_exposure,23,40,4.92909573760768,0.5522164145486089,4.376879323059071,4.0472855787819135,4.047365137546791,observed_standardization_no_causal_or_significance_claim
24m,all_projects,05_1000_2500,,2024-01,equal_project,23,40,1.1915038660160744,0.039889449257636295,1.151614416758438,4.0472855787819135,4.047365137546791,observed_standardization_no_causal_or_significance_claim
24m,all_projects,05_1000_2500,,2024-02,overlap_exposure,22,39,3.6378964674015903,0.48800379805966043,3.1498926693419307,2.842875435285388,2.8428839521064533,observed_standardization_no_causal_or_significance_claim
24m,all_projects,05_1000_2500,,2024-02,equal_project,22,39,0.7546419948364247,0.03322673732295944,0.7214152575134652,2.842875435285388,2.8428839521064533,observed_standardization_no_causal_or_significance_claim
24m,all_projects,05_1000_2500,,2024-03,overlap_exposure,22,40,2.070879367842226,0.20255295967830386,1.8683264081639224,1.823473571775254,1.8234849983866197,observed_standardization_no_causal_or_significance_claim
24m,all_projects,05_1000_2500,,2024-03,equal_project,22,40,0.7611162104904857,0.03884709744737302,0.7222691130431127,1.823473571775254,1.8234849983866197,observed_standardization_no_causal_or_significance_claim
24m,all_projects,05_1000_2500,,2024-04,overlap_exposure,23,40,4.305196012452214,0.462329953985184,3.8428660584670293,3.6286724980032776,3.6286224816910644,observed_standardization_no_causal_or_significance_claim
24m,all_projects,05_1000_2500,,2024-04,equal_project,23,40,1.2998132875981738,0.07937143380397445,1.2204418537941994,3.6286724980032776,3.6286224816910644,observed_standardization_no_causal_or_significance_claim
24m,all_projects,05_1000_2500,,2024-05,overlap_exposure,24,41,6.139279965059955,0.7165204656181259,5.422759499441829,5.05262640372703,5.052552915295296,observed_standardization_no_causal_or_significance_claim
24m,all_projects,05_1000_2500,,2024-05,equal_project,24,41,1.4957115955171811,0.06839686875018232,1.4273147267669988,5.05262640372703,5.052552915295296,observed_standardization_no_causal_or_significance_claim
24m,all_projects,05_1000_2500,,2024-06,overlap_exposure,22,40,5.430559415501693,0.5782057157967444,4.852353699704948,4.676629606819539,4.676647942870078,observed_standardization_no_causal_or_significance_claim
24m,all_projects,05_1000_2500,,2024-06,equal_project,22,40,1.7258934428874377,0.06681168857044098,1.659081754316997,4.676629606819539,4.676647942870078,observed_standardization_no_causal_or_significance_claim
24m,all_projects,05_1000_2500,,2024-07,overlap_exposure,22,40,5.42292959824362,0.7081699558344617,4.714759642409158,4.418639102209091,4.41858436106842,observed_standardization_no_causal_or_significance_claim
24m,all_projects,05_1000_2500,,2024-07,equal_project,22,40,1.2167553384250633,0.10090252419700013,1.1158528142280633,4.418639102209091,4.41858436106842,observed_standardization_no_causal_or_significance_claim
24m,all_projects,05_1000_2500,,2024-08,overlap_exposure,22,40,3.9741791288844004,0.7322598836021142,3.2419192452822863,3.005466069873214,3.0054182525780804,observed_standardization_no_causal_or_significance_claim
24m,all_projects,05_1000_2500,,2024-08,equal_project,22,40,0.9597810864405343,0.13902372723752773,0.8207573592030065,3.005466069873214,3.0054182525780804,observed_standardization_no_causal_or_significance_claim
24m,all_projects,05_1000_2500,,2024-09,overlap_exposure,25,44,4.043550803327762,0.7110295481964506,3.332521255131312,3.141805176876606,3.1417502216824653,observed_standardization_no_causal_or_significance_claim
24m,all_projects,05_1000_2500,,2024-09,equal_project,25,44,0.9834839238542071,0.17599905959175746,0.8074848642624496,3.141805176876606,3.1417502216824653,observed_standardization_no_causal_or_significance_claim
24m,all_projects,05_1000_2500,,2024-10,overlap_exposure,26,44,3.851797177735756,0.36786450940277204,3.483932668332984,3.3216896289292484,3.321666403460793,observed_standardization_no_causal_or_significance_claim
24m,all_projects,05_1000_2500,,2024-10,equal_project,26,44,0.7076993780844384,0.041737957014618216,0.6659614210698203,3.3216896289292484,3.321666403460793,observed_standardization_no_causal_or_significance_claim
24m,all_projects,05_1000_2500,,2024-11,overlap_exposure,25,42,2.5164604276757836,0.22859725220457133,2.2878631754712124,2.1660718710299163,2.166056217416855,observed_standardization_no_causal_or_significance_claim
24m,all_projects,05_1000_2500,,2024-11,equal_project,25,42,1.1920416489494827,0.07329656419843368,1.118745084751049,2.1660718710299163,2.166056217416855,observed_standardization_no_causal_or_significance_claim
24m,all_projects,05_1000_2500,,2024-12,overlap_exposure,26,45,1.6379081910583535,0.14056450438648102,1.4973436866718726,1.460749734475808,1.4607431021254502,observed_standardization_no_causal_or_significance_claim
24m,all_projects,05_1000_2500,,2024-12,equal_project,26,45,0.7699056102130684,0.024303171603671368,0.745602438609397,1.460749734475808,1.4607431021254502,observed_standardization_no_causal_or_significance_claim
24m,all_projects,05_1000_2500,,2025-01,overlap_exposure,26,45,1.80491611311306,0.18165830449108528,1.6232578086219747,1.591885613858407,1.5918700691042638,observed_standardization_no_causal_or_significance_claim
24m,all_projects,05_1000_2500,,2025-01,equal_project,26,45,1.0015431631839062,0.06358913622341465,0.9379540269604916,1.591885613858407,1.5918700691042638,observed_standardization_no_causal_or_significance_claim
24m,all_projects,05_1000_2500,,2025-02,overlap_exposure,26,45,1.7497947121639368,0.44697782669483277,1.302816885469104,1.2041555940869788,1.2041282835343523,observed_standardization_no_causal_or_significance_claim
24m,all_projects,05_1000_2500,,2025-02,equal_project,26,45,1.9678591711580276,0.16440595905600242,1.8034532121020252,1.2041555940869788,1.2041282835343523,observed_standardization_no_causal_or_significance_claim
24m,all_projects,05_1000_2500,,2025-03,overlap_exposure,26,46,1.562510974953348,0.5957415187897986,0.9667694561635493,0.8564917671838933,0.8564710195661263,observed_standardization_no_causal_or_significance_claim
24m,all_projects,05_1000_2500,,2025-03,equal_project,26,46,1.0705945045204104,0.23005474649544885,0.8405397580249616,0.8564917671838933,0.8564710195661263,observed_standardization_no_causal_or_significance_claim
24m,all_projects,05_1000_2500,,2025-04,overlap_exposure,26,46,1.3439837680747433,0.6799643727786957,0.6640193952960475,0.5248312910528753,0.5247339726587595,observed_standardization_no_causal_or_significance_claim
24m,all_projects,05_1000_2500,,2025-04,equal_project,26,46,1.102715305723876,0.1896234500259004,0.9130918556979756,0.5248312910528753,0.5247339726587595,observed_standardization_no_causal_or_significance_claim
24m,all_projects,05_1000_2500,,2025-05,overlap_exposure,27,47,1.7172961290918924,0.47243198786303825,1.2448641412288544,1.1227957320364343,1.1227353134742653,observed_standardization_no_causal_or_significance_claim
24m,all_projects,05_1000_2500,,2025-05,equal_project,27,47,1.002234748906767,0.11626850516105254,0.8859662437457144,1.1227957320364343,1.1227353134742653,observed_standardization_no_causal_or_significance_claim
24m,all_projects,05_1000_2500,,2025-06,overlap_exposure,26,46,1.7329672580464048,0.549613245080108,1.1833540129662967,1.110450144609129,1.1103795524799638,observed_standardization_no_causal_or_significance_claim
24m,all_projects,05_1000_2500,,2025-06,equal_project,26,46,0.9066801542424983,0.10566201539791292,0.8010181388445854,1.110450144609129,1.1103795524799638,observed_standardization_no_causal_or_significance_claim
24m,all_projects,05_1000_2500,,2025-07,overlap_exposure,28,49,1.346424318835981,0.4292478720660027,0.9171764467699784,0.8818290844973714,0.8817531782472317,observed_standardization_no_causal_or_significance_claim
24m,all_projects,05_1000_2500,,2025-07,equal_project,28,49,0.9589405735280316,0.16037749429549242,0.7985630792325391,0.8818290844973714,0.8817531782472317,observed_standardization_no_causal_or_significance_claim
24m,all_projects,05_1000_2500,,2025-08,overlap_exposure,29,49,1.1049944632618491,0.3977820513033632,0.7072124119584859,0.6598219046657694,0.6598289087718647,observed_standardization_no_causal_or_significance_claim
24m,all_projects,05_1000_2500,,2025-08,equal_project,29,49,0.6807016945238195,0.14518648509939253,0.535515209424427,0.6598219046657694,0.6598289087718647,observed_standardization_no_causal_or_significance_claim
24m,all_projects,05_1000_2500,,2025-09,overlap_exposure,28,47,0.8249845624101786,0.34563926183127225,0.47934530057890634,0.4412164314362029,0.4412860459723363,observed_standardization_no_causal_or_significance_claim
24m,all_projects,05_1000_2500,,2025-09,equal_project,28,47,0.9597286624230638,0.10190827271724988,0.8578203897058139,0.4412164314362029,0.4412860459723363,observed_standardization_no_causal_or_significance_claim
24m,all_projects,05_1000_2500,,2025-10,overlap_exposure,27,46,0.7873746925673494,0.35114057640114477,0.4362341161662046,0.36454954509215826,0.3645806368666787,observed_standardization_no_causal_or_significance_claim
24m,all_projects,05_1000_2500,,2025-10,equal_project,27,46,0.7939844294477789,0.1894508661064753,0.6045335633413036,0.36454954509215826,0.3645806368666787,observed_standardization_no_causal_or_significance_claim
24m,all_projects,05_1000_2500,,2025-11,overlap_exposure,27,45,0.8082194119560621,0.37022983174956325,0.4379895802064988,0.37340998065543324,0.3734514265525804,observed_standardization_no_causal_or_significance_claim
24m,all_projects,05_1000_2500,,2025-11,equal_project,27,45,0.6863674063588742,0.2011286272979707,0.48523877906090346,0.37340998065543324,0.3734514265525804,observed_standardization_no_causal_or_significance_claim
24m,all_projects,05_1000_2500,,2025-12,overlap_exposure,28,46,0.8405979429287679,0.5322656005017569,0.308332342427011,0.22810744896574267,0.2280435578484264,observed_standardization_no_causal_or_significance_claim
24m,all_projects,05_1000_2500,,2025-12,equal_project,28,46,0.6268181296239691,1.1163720885178459,-0.48955395889387676,0.22810744896574267,0.2280435578484264,observed_standardization_no_causal_or_significance_claim
24m,all_projects,06_2500_5000,,2024-01,overlap_exposure,24,40,6.305589538649476,0.5041837705087285,5.8014057681407465,5.0716700043242335,5.071716002721467,observed_standardization_no_causal_or_significance_claim
24m,all_projects,06_2500_5000,,2024-01,equal_project,24,40,1.8978750631228398,0.03822738887190145,1.8596476742509385,5.0716700043242335,5.071716002721467,observed_standardization_no_causal_or_significance_claim
24m,all_projects,06_2500_5000,,2024-02,overlap_exposure,22,38,5.196285219990977,0.46082253763474096,4.7354626823562365,4.140534196149101,4.140582050978371,observed_standardization_no_causal_or_significance_claim
24m,all_projects,06_2500_5000,,2024-02,equal_project,22,38,1.9153888031184243,0.03322673732295944,1.882162065795465,4.140534196149101,4.140582050978371,observed_standardization_no_causal_or_significance_claim
24m,all_projects,06_2500_5000,,2024-03,overlap_exposure,21,38,3.7925026418756573,0.2010875388040931,3.591415103071564,3.3761803123423744,3.3761610347473257,observed_standardization_no_causal_or_significance_claim
24m,all_projects,06_2500_5000,,2024-03,equal_project,21,38,1.5090020704934541,0.04069695923058126,1.4683051112628729,3.3761803123423744,3.3761610347473257,observed_standardization_no_causal_or_significance_claim
24m,all_projects,06_2500_5000,,2024-04,overlap_exposure,23,40,6.009373021574814,0.4375559510868621,5.571817070487952,5.108610223572048,5.1085571296042644,observed_standardization_no_causal_or_significance_claim
24m,all_projects,06_2500_5000,,2024-04,equal_project,23,40,1.7644987212196674,0.07937143380397445,1.685127287415693,5.108610223572048,5.1085571296042644,observed_standardization_no_causal_or_significance_claim
24m,all_projects,06_2500_5000,,2024-05,overlap_exposure,24,41,6.78722241301684,0.6666262854456231,6.120596127571217,5.484019175957967,5.483953853629368,observed_standardization_no_causal_or_significance_claim
24m,all_projects,06_2500_5000,,2024-05,equal_project,24,41,2.2679497891798825,0.06839686875018232,2.1995529204297,5.484019175957967,5.483953853629368,observed_standardization_no_causal_or_significance_claim
24m,all_projects,06_2500_5000,,2024-06,overlap_exposure,22,40,6.325467145137331,0.5451771350198835,5.780290010117447,5.290927980230784,5.290942561395915,observed_standardization_no_causal_or_significance_claim
24m,all_projects,06_2500_5000,,2024-06,equal_project,22,40,2.0332105412964454,0.06681168857044098,1.9663988527260046,5.290927980230784,5.290942561395915,observed_standardization_no_causal_or_significance_claim
24m,all_projects,06_2500_5000,,2024-07,overlap_exposure,23,41,5.0578855529266,0.6503695574258508,4.40751599550075,3.8593806398033728,3.8593473495731376,observed_standardization_no_causal_or_significance_claim
24m,all_projects,06_2500_5000,,2024-07,equal_project,23,41,1.197182754292987,0.09651545792756534,1.1006672963654218,3.8593806398033728,3.8593473495731376,observed_standardization_no_causal_or_significance_claim
24m,all_projects,06_2500_5000,,2024-08,overlap_exposure,22,40,3.822315170124972,0.6608928986776543,3.161422271447318,2.6832217419704953,2.6831708869757827,observed_standardization_no_causal_or_significance_claim
24m,all_projects,06_2500_5000,,2024-08,equal_project,22,40,1.2398715198719685,0.13902372723752773,1.1008477926344409,2.6832217419704953,2.6831708869757827,observed_standardization_no_causal_or_significance_claim
24m,all_projects,06_2500_5000,,2024-09,overlap_exposure,25,44,3.551992404897132,0.6581444312466889,2.8938479736504434,2.5558426668642915,2.555787711670151,observed_standardization_no_causal_or_significance_claim
24m,all_projects,06_2500_5000,,2024-09,equal_project,25,44,1.0605186914435127,0.17599905959175746,0.8845196318517552,2.5558426668642915,2.555787711670151,observed_standardization_no_causal_or_significance_claim
24m,all_projects,06_2500_5000,,2024-10,overlap_exposure,26,43,3.4260606466604586,0.34563320598952785,3.0804274406709307,2.810233520647479,2.810209876675333,observed_standardization_no_causal_or_significance_claim
24m,all_projects,06_2500_5000,,2024-10,equal_project,26,43,0.7372466864965183,0.041947476753472816,0.6952992097430455,2.810233520647479,2.810209876675333,observed_standardization_no_causal_or_significance_claim
24m,all_projects,06_2500_5000,,2024-11,overlap_exposure,25,43,2.662009105374208,0.21744587467857376,2.444563230695634,2.23076942271372,2.2307858831344416,observed_standardization_no_causal_or_significance_claim
24m,all_projects,06_2500_5000,,2024-11,equal_project,25,43,0.9140088392247099,0.07322895780286867,0.8407798814218412,2.23076942271372,2.2307858831344416,observed_standardization_no_causal_or_significance_claim
24m,all_projects,06_2500_5000,,2024-12,overlap_exposure,26,44,2.085780073845418,0.13621938909883208,1.949560684746586,1.8474254683154074,1.8474175071588415,observed_standardization_no_causal_or_significance_claim
24m,all_projects,06_2500_5000,,2024-12,equal_project,26,44,0.9581365329273718,0.024587895404188882,0.9335486375231828,1.8474254683154074,1.8474175071588415,observed_standardization_no_causal_or_significance_claim
24m,all_projects,06_2500_5000,,2025-01,overlap_exposure,26,45,2.2427880627996446,0.175653972894663,2.0671340899049815,1.986465135971005,1.9864524626266273,observed_standardization_no_causal_or_significance_claim
24m,all_projects,06_2500_5000,,2025-01,equal_project,26,45,0.8075298195341393,0.06358913622341465,0.7439406833107245,1.986465135971005,1.9864524626266273,observed_standardization_no_causal_or_significance_claim
24m,all_projects,06_2500_5000,,2025-02,overlap_exposure,26,45,2.0358035654918143,0.4267590262552946,1.6090445392365198,1.429852561756427,1.429824965689035,observed_standardization_no_causal_or_significance_claim
24m,all_projects,06_2500_5000,,2025-02,equal_project,26,45,4.8871197516705145,0.16440595905600242,4.722713792614512,1.429852561756427,1.429824965689035,observed_standardization_no_causal_or_significance_claim
24m,all_projects,06_2500_5000,,2025-03,overlap_exposure,26,46,1.843850032514,0.5529243375996922,1.2909256949143078,1.1037041366762776,1.1036833890585105,observed_standardization_no_causal_or_significance_claim
24m,all_projects,06_2500_5000,,2025-03,equal_project,26,46,0.9587112431321413,0.23005474649544885,0.7286564966366924,1.1037041366762776,1.1036833890585105,observed_standardization_no_causal_or_significance_claim
24m,all_projects,06_2500_5000,,2025-04,overlap_exposure,26,46,1.5843533798857259,0.6125595905539132,0.9717937893318127,0.7507781165294701,0.750693628945334,observed_standardization_no_causal_or_significance_claim
24m,all_projects,06_2500_5000,,2025-04,equal_project,26,46,1.3889037216071811,0.1896234500259004,1.1992802715812807,0.7507781165294701,0.750693628945334,observed_standardization_no_causal_or_significance_claim
24m,all_projects,06_2500_5000,,2025-05,overlap_exposure,27,47,1.6309935600749237,0.4253405042214143,1.2056530558535092,1.0380160472068811,1.037955628644712,observed_standardization_no_causal_or_significance_claim
24m,all_projects,06_2500_5000,,2025-05,equal_project,27,47,0.7926597264865465,0.11626850516105254,0.676391221325494,1.0380160472068811,1.037955628644712,observed_standardization_no_causal_or_significance_claim
24m,all_projects,06_2500_5000,,2025-06,overlap_exposure,26,46,1.6456973798004135,0.5002718879622798,1.1454254918381337,1.0118342310042532,1.0119385007662918,observed_standardization_no_causal_or_significance_claim
24m,all_projects,06_2500_5000,,2025-06,equal_project,26,46,0.7927889490805152,0.10566201539791292,0.6871269336826022,1.0118342310042532,1.0119385007662918,observed_standardization_no_causal_or_significance_claim
24m,all_projects,06_2500_5000,,2025-07,overlap_exposure,28,48,1.2072202790667355,0.4119173918284198,0.7953028872383157,0.7386489446631594,0.7386515216080433,observed_standardization_no_causal_or_significance_claim
24m,all_projects,06_2500_5000,,2025-07,equal_project,28,48,0.7996955798959805,0.16037749429549242,0.6393180856004881,0.7386489446631594,0.7386515216080433,observed_standardization_no_causal_or_significance_claim
24m,all_projects,06_2500_5000,,2025-08,overlap_exposure,29,48,0.9004980571860706,0.38838611170800313,0.5121119454780675,0.47455822583300605,0.4745569139204785,observed_standardization_no_causal_or_significance_claim
24m,all_projects,06_2500_5000,,2025-08,equal_project,29,48,0.9449159738236558,0.14518648509939253,0.7997294887242632,0.47455822583300605,0.4745569139204785,observed_standardization_no_causal_or_significance_claim
24m,all_projects,06_2500_5000,,2025-09,overlap_exposure,28,47,0.886066039433312,0.33430680238391836,0.5517592370493936,0.5110224340794867,0.51109204861562,observed_standardization_no_causal_or_significance_claim
24m,all_projects,06_2500_5000,,2025-09,equal_project,28,47,0.7781569066363916,0.10190827271724988,0.6762486339191418,0.5110224340794867,0.51109204861562,observed_standardization_no_causal_or_significance_claim
24m,all_projects,06_2500_5000,,2025-10,overlap_exposure,27,46,0.7381788532846701,0.3473784046572669,0.3908004486274032,0.3282668071898423,0.32829789896436273,observed_standardization_no_causal_or_significance_claim
24m,all_projects,06_2500_5000,,2025-10,equal_project,27,46,0.5637926324050664,0.1894508661064753,0.37434176629859106,0.3282668071898423,0.32829789896436273,observed_standardization_no_causal_or_significance_claim
24m,all_projects,06_2500_5000,,2025-11,overlap_exposure,26,44,0.7450119202688302,0.35413512864802266,0.39087679162080763,0.3262798409398326,0.32632117443635633,observed_standardization_no_causal_or_significance_claim
24m,all_projects,06_2500_5000,,2025-11,equal_project,26,44,1.441720248699407,0.20886434373250806,1.232855904966899,0.3262798409398326,0.32632117443635633,observed_standardization_no_causal_or_significance_claim
24m,all_projects,06_2500_5000,,2025-12,overlap_exposure,25,43,0.8255985456690059,0.48192530158419666,0.3436732440848093,0.22116815851831642,0.2212993944817696,observed_standardization_no_causal_or_significance_claim
24m,all_projects,06_2500_5000,,2025-12,equal_project,25,43,0.9477199177950966,0.20209926233108205,0.7456206554640145,0.22116815851831642,0.2212993944817696,observed_standardization_no_causal_or_significance_claim
24m,all_projects,07_5000_10000,,2024-01,overlap_exposure,24,40,7.239869402992204,0.4442984172858265,6.795570985706377,5.723210349406292,5.723271770960956,observed_standardization_no_causal_or_significance_claim
24m,all_projects,07_5000_10000,,2024-01,equal_project,24,40,1.7753453805641213,0.03822738887190145,1.73711799169222,5.723210349406292,5.723271770960956,observed_standardization_no_causal_or_significance_claim
24m,all_projects,07_5000_10000,,2024-02,overlap_exposure,21,37,6.28121194783274,0.41441022043595044,5.86680172739679,4.951916228839487,4.9520749499011325,observed_standardization_no_causal_or_significance_claim
24m,all_projects,07_5000_10000,,2024-02,equal_project,21,37,2.5861447863674485,0.03480896290976704,2.5513358234576815,4.951916228839487,4.9520749499011325,observed_standardization_no_causal_or_significance_claim
24m,all_projects,07_5000_10000,,2024-03,overlap_exposure,21,38,5.220670399628688,0.1976101866367637,5.023060212991924,4.480583358145948,4.480586873081585,observed_standardization_no_causal_or_significance_claim
24m,all_projects,07_5000_10000,,2024-03,equal_project,21,38,1.633486495842347,0.04069695923058126,1.5927895366117657,4.480583358145948,4.480586873081585,observed_standardization_no_causal_or_significance_claim
24m,all_projects,07_5000_10000,,2024-04,overlap_exposure,22,39,6.677909353439896,0.39708025393341206,6.280829099506484,5.436998822171642,5.436956482790971,observed_standardization_no_causal_or_significance_claim
24m,all_projects,07_5000_10000,,2024-04,equal_project,22,39,2.076486716586713,0.08297922624960964,1.9935074903371035,5.436998822171642,5.436956482790971,observed_standardization_no_causal_or_significance_claim
24m,all_projects,07_5000_10000,,2024-05,overlap_exposure,23,40,6.589063144649095,0.5973020431126352,5.99176110153646,5.000326402536412,5.000259639143903,observed_standardization_no_causal_or_significance_claim
24m,all_projects,07_5000_10000,,2024-05,equal_project,23,40,2.288262811311994,0.07137064565236416,2.21689216565963,5.000326402536412,5.000259639143903,observed_standardization_no_causal_or_significance_claim
24m,all_projects,07_5000_10000,,2024-06,overlap_exposure,22,40,6.461588284140479,0.49416038142084084,5.967427902719638,5.124532021652186,5.124546602817317,observed_standardization_no_causal_or_significance_claim
24m,all_projects,07_5000_10000,,2024-06,equal_project,22,40,1.2135532242166598,0.06681168857044098,1.1467415356462187,5.124532021652186,5.124546602817317,observed_standardization_no_causal_or_significance_claim
24m,all_projects,07_5000_10000,,2024-07,overlap_exposure,21,39,4.55865259680716,0.5637844614824036,3.994868135324756,3.1883450145263987,3.1882288322843704,observed_standardization_no_causal_or_significance_claim
24m,all_projects,07_5000_10000,,2024-07,equal_project,21,39,2.31769729342415,0.10570740630161919,2.211989887122531,3.1883450145263987,3.1882288322843704,observed_standardization_no_causal_or_significance_claim
24m,all_projects,07_5000_10000,,2024-08,overlap_exposure,22,40,3.571875284267341,0.5676806832855157,3.0041946009818252,2.3941980667762977,2.394147211781585,observed_standardization_no_causal_or_significance_claim
24m,all_projects,07_5000_10000,,2024-08,equal_project,22,40,1.4502835218982084,0.13902372723752773,1.3112597946606808,2.3941980667762977,2.394147211781585,observed_standardization_no_causal_or_significance_claim
24m,all_projects,07_5000_10000,,2024-09,overlap_exposure,24,43,3.334098588807037,0.5825713535272017,2.7515272352798354,2.348136496242667,2.3480369854511647,observed_standardization_no_causal_or_significance_claim
24m,all_projects,07_5000_10000,,2024-09,equal_project,24,43,1.6624666685171752,0.18333235374141402,1.4791343147757612,2.348136496242667,2.3480369854511647,observed_standardization_no_causal_or_significance_claim
24m,all_projects,07_5000_10000,,2024-10,overlap_exposure,24,42,3.363733632746578,0.31466440971938175,3.049069223027196,2.6990436837435237,2.6990000455099836,observed_standardization_no_causal_or_significance_claim
24m,all_projects,07_5000_10000,,2024-10,equal_project,24,42,1.0603986159252703,0.04521612009916974,1.0151824958261007,2.6990436837435237,2.6990000455099836,observed_standardization_no_causal_or_significance_claim
24m,all_projects,07_5000_10000,,2024-11,overlap_exposure,25,43,3.013657446691659,0.19714608131218306,2.8165113653794758,2.454519790794326,2.4548400660883787,observed_standardization_no_causal_or_significance_claim
24m,all_projects,07_5000_10000,,2024-11,equal_project,25,43,3.412421414866133,0.07322895780286867,3.3391924570632647,2.454519790794326,2.4548400660883787,observed_standardization_no_causal_or_significance_claim
24m,all_projects,07_5000_10000,,2024-12,overlap_exposure,26,45,2.1571607628279192,0.1283347418801863,2.028826020947733,1.8106706740798748,1.8106628250586967,observed_standardization_no_causal_or_significance_claim
24m,all_projects,07_5000_10000,,2024-12,equal_project,26,45,1.164994118148403,0.024303171603671368,1.1406909465447317,1.8106706740798748,1.8106628250586967,observed_standardization_no_causal_or_significance_claim
24m,all_projects,07_5000_10000,,2025-01,overlap_exposure,26,45,2.6571418736657684,0.16342860828022768,2.4937132653855403,2.2935242723891047,2.2935179764294165,observed_standardization_no_causal_or_significance_claim
24m,all_projects,07_5000_10000,,2025-01,equal_project,26,45,1.244102821837892,0.06358913622341465,1.1805136856144773,2.2935242723891047,2.2935179764294165,observed_standardization_no_causal_or_significance_claim
24m,all_projects,07_5000_10000,,2025-02,overlap_exposure,25,44,1.750145411642531,0.40705064947375735,1.3430947621687737,1.1218341884899414,1.121800357960042,observed_standardization_no_causal_or_significance_claim
24m,all_projects,07_5000_10000,,2025-02,equal_project,25,44,1.0188461688870267,0.17098219741824253,0.8478639714687841,1.1218341884899414,1.121800357960042,observed_standardization_no_causal_or_significance_claim
24m,all_projects,07_5000_10000,,2025-03,overlap_exposure,26,46,1.0927393450817942,0.5304036688309595,0.5623356762508346,0.4306605202633264,0.43063977264555936,observed_standardization_no_causal_or_significance_claim
24m,all_projects,07_5000_10000,,2025-03,equal_project,26,46,1.2962888642569281,0.23005474649544885,1.0662341177614794,0.4306605202633264,0.43063977264555936,observed_standardization_no_causal_or_significance_claim
24m,all_projects,07_5000_10000,,2025-04,overlap_exposure,25,45,1.1762293749161328,0.5686903296022355,0.6075390453138971,0.38813346945872973,0.38805799104833655,observed_standardization_no_causal_or_significance_claim
24m,all_projects,07_5000_10000,,2025-04,equal_project,25,45,0.8402313771243883,0.16741058738841208,0.6728207897359761,0.38813346945872973,0.38805799104833655,observed_standardization_no_causal_or_significance_claim
24m,all_projects,07_5000_10000,,2025-05,overlap_exposure,26,46,1.3295637236659532,0.37897601762688665,0.9505877060390666,0.739285424362088,0.7383726831763809,observed_standardization_no_causal_or_significance_claim
24m,all_projects,07_5000_10000,,2025-05,equal_project,26,46,0.8742100043801891,0.12074037074416995,0.7534696336360192,0.739285424362088,0.7383726831763809,observed_standardization_no_causal_or_significance_claim
24m,all_projects,07_5000_10000,,2025-06,overlap_exposure,25,44,1.3758363208828588,0.4242061278500558,0.9516301930328029,0.7449814535708835,0.7468143977102946,observed_standardization_no_causal_or_significance_claim
24m,all_projects,07_5000_10000,,2025-06,equal_project,25,44,1.0381344140569433,0.11476489755437014,0.9233695165025733,0.7449814535708835,0.7468143977102946,observed_standardization_no_causal_or_significance_claim
24m,all_projects,07_5000_10000,,2025-07,overlap_exposure,27,47,1.3772961489534556,0.3663785397987487,1.010917609154707,0.8927752142322831,0.8944230892328776,observed_standardization_no_causal_or_significance_claim
24m,all_projects,07_5000_10000,,2025-07,equal_project,27,47,1.4300410372493653,0.16631740149162175,1.2637236357577435,0.8927752142322831,0.8944230892328776,observed_standardization_no_causal_or_significance_claim
24m,all_projects,07_5000_10000,,2025-08,overlap_exposure,28,47,1.069407054565367,0.33674037844529686,0.7326666761200702,0.6212672199423931,0.6211919310986955,observed_standardization_no_causal_or_significance_claim
24m,all_projects,07_5000_10000,,2025-08,equal_project,28,47,1.0511692961944004,0.15037171671008512,0.9007975794843153,0.6212672199423931,0.6211919310986955,observed_standardization_no_causal_or_significance_claim
24m,all_projects,07_5000_10000,,2025-09,overlap_exposure,28,46,0.9746230271076325,0.29485980749280927,0.6797632196148232,0.5664106583422899,0.5664472651385927,observed_standardization_no_causal_or_significance_claim
24m,all_projects,07_5000_10000,,2025-09,equal_project,28,46,0.665246890819584,0.1021092221310921,0.5631376686884919,0.5664106583422899,0.5664472651385927,observed_standardization_no_causal_or_significance_claim
24m,all_projects,07_5000_10000,,2025-10,overlap_exposure,26,44,0.7189099115518865,0.31975180304589795,0.39915810850598854,0.2975423929793377,0.29759628100069324,observed_standardization_no_causal_or_significance_claim
24m,all_projects,07_5000_10000,,2025-10,equal_project,26,44,0.6148351877557038,0.18988516009541848,0.42495002766028533,0.2975423929793377,0.29759628100069324,observed_standardization_no_causal_or_significance_claim
24m,all_projects,07_5000_10000,,2025-11,overlap_exposure,26,45,0.6507153565344193,0.31318693719765445,0.3375284193367648,0.2218750487816788,0.221916494678826,observed_standardization_no_causal_or_significance_claim
24m,all_projects,07_5000_10000,,2025-11,equal_project,26,45,0.39622430434036193,0.20886434373250806,0.18735996060785387,0.2218750487816788,0.221916494678826,observed_standardization_no_causal_or_significance_claim
24m,all_projects,07_5000_10000,,2025-12,overlap_exposure,22,39,0.7488987415637303,0.44116917243180404,0.30772956913192623,0.13140869201081962,0.12799031931662666,observed_standardization_no_causal_or_significance_claim
24m,all_projects,07_5000_10000,,2025-12,equal_project,22,39,0.4860351250715601,0.2280119430711689,0.25802318200039115,0.13140869201081962,0.12799031931662666,observed_standardization_no_causal_or_significance_claim
24m,all_projects,08_10000_25000,,2024-01,overlap_exposure,24,39,6.860659328855139,0.3752197735743901,6.485439555280749,5.239769575391487,5.2398131940218455,observed_standardization_no_causal_or_significance_claim
24m,all_projects,08_10000_25000,,2024-01,equal_project,24,39,2.2306564844418304,0.03822738887190145,2.192429095569929,5.239769575391487,5.2398131940218455,observed_standardization_no_causal_or_significance_claim
24m,all_projects,08_10000_25000,,2024-02,overlap_exposure,23,38,5.944814397861613,0.3499830360341561,5.594831361827457,4.53006560657517,4.530236639649283,observed_standardization_no_causal_or_significance_claim
24m,all_projects,08_10000_25000,,2024-02,equal_project,23,38,1.7830373327311886,0.031782096569787296,1.7512552361614013,4.53006560657517,4.530236639649283,observed_standardization_no_causal_or_significance_claim
24m,all_projects,08_10000_25000,,2024-03,overlap_exposure,21,38,6.472846456349587,0.19167498891405055,6.281171467435537,5.202142748467271,5.202618587504338,observed_standardization_no_causal_or_significance_claim
24m,all_projects,08_10000_25000,,2024-03,equal_project,21,38,2.348115186077824,0.04069695923058126,2.307418226847243,5.202142748467271,5.202618587504338,observed_standardization_no_causal_or_significance_claim
24m,all_projects,08_10000_25000,,2024-04,overlap_exposure,21,38,6.484893333136927,0.3476448166676716,6.137248516469256,4.81843467439467,4.818436101026631,observed_standardization_no_causal_or_significance_claim
24m,all_projects,08_10000_25000,,2024-04,equal_project,21,38,1.913780808817774,0.08693061797578153,1.8268501908419923,4.81843467439467,4.818436101026631,observed_standardization_no_causal_or_significance_claim
24m,all_projects,08_10000_25000,,2024-05,overlap_exposure,24,40,6.055034106875848,0.5284343443692201,5.526599762506628,4.250370766727029,4.249572319250848,observed_standardization_no_causal_or_significance_claim
24m,all_projects,08_10000_25000,,2024-05,equal_project,24,40,2.257937985623491,0.06612710339904981,2.191810882224441,4.250370766727029,4.249572319250848,observed_standardization_no_causal_or_significance_claim
24m,all_projects,08_10000_25000,,2024-06,overlap_exposure,21,39,6.066599074743283,0.4322961994859719,5.63430287525731,4.540384781106242,4.540369044076256,observed_standardization_no_causal_or_significance_claim
24m,all_projects,08_10000_25000,,2024-06,equal_project,21,39,1.2280874887055233,0.0699931975499858,1.1580942911555376,4.540384781106242,4.540369044076256,observed_standardization_no_causal_or_significance_claim
24m,all_projects,08_10000_25000,,2024-07,overlap_exposure,22,40,3.5945309276184703,0.4634999761609886,3.1310309514574817,2.337241722962655,2.3371831162512664,observed_standardization_no_causal_or_significance_claim
24m,all_projects,08_10000_25000,,2024-07,equal_project,22,40,1.3176970722652603,0.10090252419700013,1.2167945480682603,2.337241722962655,2.3371831162512664,observed_standardization_no_causal_or_significance_claim
24m,all_projects,08_10000_25000,,2024-08,overlap_exposure,21,39,2.769608500536073,0.46923741916815664,2.300371081367916,1.7371198642974766,1.7368499551529484,observed_standardization_no_causal_or_significance_claim
24m,all_projects,08_10000_25000,,2024-08,equal_project,21,39,1.3041489474296144,0.14564390472502903,1.1585050427045853,1.7371198642974766,1.7368499551529484,observed_standardization_no_causal_or_significance_claim
24m,all_projects,08_10000_25000,,2024-09,overlap_exposure,23,42,3.021639975791623,0.4942484998668414,2.527391475924782,2.006063375347089,2.0083274267457694,observed_standardization_no_causal_or_significance_claim
24m,all_projects,08_10000_25000,,2024-09,equal_project,23,42,1.2557637756519726,0.12950505368461374,1.126258721967359,2.006063375347089,2.0083274267457694,observed_standardization_no_causal_or_significance_claim
24m,all_projects,08_10000_25000,,2024-10,overlap_exposure,23,41,3.08426046548342,0.2735718482311652,2.810688617252255,2.448381615634953,2.4473248774590175,observed_standardization_no_causal_or_significance_claim
24m,all_projects,08_10000_25000,,2024-10,equal_project,23,41,1.1877361575647987,0.04471215041493434,1.1430240071498643,2.448381615634953,2.4473248774590175,observed_standardization_no_causal_or_significance_claim
24m,all_projects,08_10000_25000,,2024-11,overlap_exposure,25,42,2.6170279528711142,0.17883631493535043,2.438191637935764,2.0749974741320356,2.0745004941199103,observed_standardization_no_causal_or_significance_claim
24m,all_projects,08_10000_25000,,2024-11,equal_project,25,42,1.2404801565829229,0.07309374501173863,1.1673864115711843,2.0749974741320356,2.0745004941199103,observed_standardization_no_causal_or_significance_claim
24m,all_projects,08_10000_25000,,2024-12,overlap_exposure,26,45,2.115228213378763,0.12032757770625094,1.9949006356725123,1.7340210813906014,1.734021076626078,observed_standardization_no_causal_or_significance_claim
24m,all_projects,08_10000_25000,,2024-12,equal_project,26,45,1.7746677841238203,0.024303171603671368,1.7503646125201489,1.7340210813906014,1.734021076626078,observed_standardization_no_causal_or_significance_claim
24m,all_projects,08_10000_25000,,2025-01,overlap_exposure,25,42,2.148276009151851,0.15212394937525442,1.9961520597765965,1.7491514255258536,1.7481009074725784,observed_standardization_no_causal_or_significance_claim
24m,all_projects,08_10000_25000,,2025-01,equal_project,25,42,1.4557391865076696,0.0685041789964802,1.3872350075111894,1.7491514255258536,1.7481009074725784,observed_standardization_no_causal_or_significance_claim
24m,all_projects,08_10000_25000,,2025-02,overlap_exposure,25,44,0.9965372198980326,0.3936072732521858,0.6029299466458468,0.47613761340422284,0.4761083073938784,observed_standardization_no_causal_or_significance_claim
24m,all_projects,08_10000_25000,,2025-02,equal_project,25,44,1.7727929616149825,0.17098219741824253,1.60181076419674,0.47613761340422284,0.4761083073938784,observed_standardization_no_causal_or_significance_claim
24m,all_projects,08_10000_25000,,2025-03,overlap_exposure,27,47,0.6071070783996041,0.4871030952504739,0.1200039831491302,-0.015836930165349494,-0.015908842233596822,observed_standardization_no_causal_or_significance_claim
24m,all_projects,08_10000_25000,,2025-03,equal_project,27,47,0.8702703248348576,0.2888742676690181,0.5813960571658394,-0.015836930165349494,-0.015908842233596822,observed_standardization_no_causal_or_significance_claim
24m,all_projects,08_10000_25000,,2025-04,overlap_exposure,26,45,0.8027782523150512,0.5123577576055672,0.2904204947094839,0.04410720136334276,0.04383534947451492,observed_standardization_no_causal_or_significance_claim
24m,all_projects,08_10000_25000,,2025-04,equal_project,26,45,1.0275953856053965,0.15493052492433906,0.8726648606810574,0.04410720136334276,0.04383534947451492,observed_standardization_no_causal_or_significance_claim
24m,all_projects,08_10000_25000,,2025-05,overlap_exposure,26,45,0.9880982431706686,0.3472205169732227,0.6408777261974459,0.43285956679753107,0.4297387315198424,observed_standardization_no_causal_or_significance_claim
24m,all_projects,08_10000_25000,,2025-05,equal_project,26,45,1.6729816808065383,0.11189054963351885,1.5610911311730196,0.43285956679753107,0.4297387315198424,observed_standardization_no_causal_or_significance_claim
24m,all_projects,08_10000_25000,,2025-06,overlap_exposure,23,41,0.9001341761615154,0.37605343779001427,0.5240807383715012,0.2907756322562715,0.293818886409743,observed_standardization_no_causal_or_significance_claim
24m,all_projects,08_10000_25000,,2025-06,equal_project,23,41,1.405488700106161,0.10425248901925563,1.3012362110869053,0.2907756322562715,0.293818886409743,observed_standardization_no_causal_or_significance_claim
24m,all_projects,08_10000_25000,,2025-07,overlap_exposure,26,46,1.1068187337433921,0.3244877269459531,0.7823310067974389,0.5974002400702569,0.6011051310930904,observed_standardization_no_causal_or_significance_claim
24m,all_projects,08_10000_25000,,2025-07,equal_project,26,46,1.100298343938802,0.1688985958102861,0.931399748128516,0.5974002400702569,0.6011051310930904,observed_standardization_no_causal_or_significance_claim
24m,all_projects,08_10000_25000,,2025-08,overlap_exposure,27,46,0.9229501847039041,0.2906761295718159,0.6322740551320881,0.4398796984873688,0.4398205586045691,observed_standardization_no_causal_or_significance_claim
24m,all_projects,08_10000_25000,,2025-08,equal_project,27,46,0.8100466293587535,0.1559410395511994,0.6541055898075542,0.4398796984873688,0.4398205586045691,observed_standardization_no_causal_or_significance_claim
24m,all_projects,08_10000_25000,,2025-09,overlap_exposure,27,45,0.7967990535985079,0.2557663271151529,0.541032726483355,0.3699807922975514,0.3699928487694254,observed_standardization_no_causal_or_significance_claim
24m,all_projects,08_10000_25000,,2025-09,equal_project,27,45,0.4646844630451302,0.10610373596049967,0.3585807270846305,0.3699807922975514,0.3699928487694254,observed_standardization_no_causal_or_significance_claim
24m,all_projects,08_10000_25000,,2025-10,overlap_exposure,27,45,0.6851317692503865,0.2906052946715827,0.39452647457880397,0.2574761660512585,0.2575306091019,observed_standardization_no_causal_or_significance_claim
24m,all_projects,08_10000_25000,,2025-10,equal_project,27,45,0.6753717393125207,0.18285237638818072,0.49251936292434,0.2574761660512585,0.2575306091019,observed_standardization_no_causal_or_significance_claim
24m,all_projects,08_10000_25000,,2025-11,overlap_exposure,24,39,0.5753355474717049,0.2821280578453498,0.29320748962635507,0.1269080907893098,0.1201927517346135,observed_standardization_no_causal_or_significance_claim
24m,all_projects,08_10000_25000,,2025-11,equal_project,24,39,0.985123793762632,0.20448043198341004,0.780643361779222,0.1269080907893098,0.1201927517346135,observed_standardization_no_causal_or_significance_claim
24m,all_projects,08_10000_25000,,2025-12,overlap_exposure,22,39,0.7509646793819338,0.4077716574424718,0.34319302193946194,0.11324339245173962,0.1037880055970288,observed_standardization_no_causal_or_significance_claim
24m,all_projects,08_10000_25000,,2025-12,equal_project,22,39,0.3130551779219278,0.22488378464276543,0.08817139327916236,0.11324339245173962,0.1037880055970288,observed_standardization_no_causal_or_significance_claim
24m,all_projects,09_25000_50000,,2024-01,overlap_exposure,24,39,4.675334812529563,0.29735724284468346,4.37797756968488,3.535570911729661,3.5356145303600193,observed_standardization_no_causal_or_significance_claim
24m,all_projects,09_25000_50000,,2024-01,equal_project,24,39,1.8775462639358222,0.03822738887190145,1.8393188750639209,3.535570911729661,3.5356145303600193,observed_standardization_no_causal_or_significance_claim
24m,all_projects,09_25000_50000,,2024-02,overlap_exposure,22,37,4.622229243415394,0.2721439273747575,4.350085316040637,3.7154505607057295,3.715507324241571,observed_standardization_no_causal_or_significance_claim
24m,all_projects,09_25000_50000,,2024-02,equal_project,22,37,3.3661753147601017,0.03322673732295944,3.332948577437142,3.7154505607057295,3.715507324241571,observed_standardization_no_causal_or_significance_claim
24m,all_projects,09_25000_50000,,2024-03,overlap_exposure,21,38,5.73779139894673,0.17853634114272487,5.559255057804005,4.689995797531102,4.6899983426498535,observed_standardization_no_causal_or_significance_claim
24m,all_projects,09_25000_50000,,2024-03,equal_project,21,38,2.0851734940561197,0.04069695923058126,2.0444765348255385,4.689995797531102,4.6899983426498535,observed_standardization_no_causal_or_significance_claim
24m,all_projects,09_25000_50000,,2024-04,overlap_exposure,21,37,4.539143623873253,0.26789158433391236,4.27125203953934,3.417463024127699,3.417400388565439,observed_standardization_no_causal_or_significance_claim
24m,all_projects,09_25000_50000,,2024-04,equal_project,21,37,1.849196452719482,0.08756997146153672,1.7616264812579452,3.417463024127699,3.417400388565439,observed_standardization_no_causal_or_significance_claim
24m,all_projects,09_25000_50000,,2024-05,overlap_exposure,21,38,3.7061592916325354,0.4020692212289542,3.304090070403581,2.5777834368771853,2.5776258751265813,observed_standardization_no_causal_or_significance_claim
24m,all_projects,09_25000_50000,,2024-05,equal_project,21,38,2.476173405172175,0.07816785000020836,2.398005555171967,2.5777834368771853,2.5776258751265813,observed_standardization_no_causal_or_significance_claim
24m,all_projects,09_25000_50000,,2024-06,overlap_exposure,21,38,3.8446700660776036,0.3192286032414525,3.5254414628361515,2.9010150277608164,2.9002184296446805,observed_standardization_no_causal_or_significance_claim
24m,all_projects,09_25000_50000,,2024-06,equal_project,21,38,1.2602850523049987,0.07763698600139823,1.1826480663036005,2.9010150277608164,2.9002184296446805,observed_standardization_no_causal_or_significance_claim
24m,all_projects,09_25000_50000,,2024-07,overlap_exposure,19,36,1.9366450961291315,0.3445119676350522,1.5921331284940794,1.0456287323918807,1.0437687345370625,observed_standardization_no_causal_or_significance_claim
24m,all_projects,09_25000_50000,,2024-07,equal_project,19,36,2.0983168057981985,0.1068985811365703,1.991418224661628,1.0456287323918807,1.0437687345370625,observed_standardization_no_causal_or_significance_claim
24m,all_projects,09_25000_50000,,2024-08,overlap_exposure,21,37,3.0661983759995364,0.41709771216563074,2.6491006638339054,1.9679181066692981,1.9647792906341863,observed_standardization_no_causal_or_significance_claim
24m,all_projects,09_25000_50000,,2024-08,equal_project,21,37,1.246499370203321,0.14091177267322516,1.1055875975300955,1.9679181066692981,1.9647792906341863,observed_standardization_no_causal_or_significance_claim
24m,all_projects,09_25000_50000,,2024-09,overlap_exposure,22,39,2.579658820950002,0.43503274180891877,2.1446260791410836,1.5955382964721023,1.5941920086522898,observed_standardization_no_causal_or_significance_claim
24m,all_projects,09_25000_50000,,2024-09,equal_project,22,39,1.01254374941421,0.195192991396629,0.8173507580175811,1.5955382964721023,1.5941920086522898,observed_standardization_no_causal_or_significance_claim
24m,all_projects,09_25000_50000,,2024-10,overlap_exposure,23,39,2.369690951378375,0.22248653293746923,2.147204418440906,1.7968868208531903,1.793918560560162,observed_standardization_no_causal_or_significance_claim
24m,all_projects,09_25000_50000,,2024-10,equal_project,23,39,1.598730255754282,0.04494899881537867,1.5537812569389031,1.7968868208531903,1.793918560560162,observed_standardization_no_causal_or_significance_claim
24m,all_projects,09_25000_50000,,2024-11,overlap_exposure,24,42,1.6268059983570449,0.14646694704307198,1.480339051313973,1.255111418307065,1.2587138495310062,observed_standardization_no_causal_or_significance_claim
24m,all_projects,09_25000_50000,,2024-11,equal_project,24,42,1.072296976766139,0.027830551974887423,1.0444664247912516,1.255111418307065,1.2587138495310062,observed_standardization_no_causal_or_significance_claim
24m,all_projects,09_25000_50000,,2024-12,overlap_exposure,24,42,1.5388786632506302,0.10363755627246084,1.4352411069781694,1.2612014620369154,1.2611333698922413,observed_standardization_no_causal_or_significance_claim
24m,all_projects,09_25000_50000,,2024-12,equal_project,24,42,0.7734155201703469,0.026328435903977314,0.7470870842663695,1.2612014620369154,1.2611333698922413,observed_standardization_no_causal_or_significance_claim
24m,all_projects,09_25000_50000,,2025-01,overlap_exposure,23,40,1.2498736154899799,0.1274351119361149,1.1224385035538649,0.9170245352059616,0.9152649622395947,observed_standardization_no_causal_or_significance_claim
24m,all_projects,09_25000_50000,,2025-01,equal_project,23,40,0.46382119431290875,0.06469611724876297,0.3991250770641458,0.9170245352059616,0.9152649622395947,observed_standardization_no_causal_or_significance_claim
24m,all_projects,09_25000_50000,,2025-02,overlap_exposure,23,40,0.6380605536212929,0.35538281463225385,0.2826777389890391,0.15641555100188217,0.15428129127084836,observed_standardization_no_causal_or_significance_claim
24m,all_projects,09_25000_50000,,2025-02,equal_project,23,40,1.2934483243447814,0.17384357898967218,1.1196047453551092,0.15641555100188217,0.15428129127084836,observed_standardization_no_causal_or_significance_claim
24m,all_projects,09_25000_50000,,2025-03,overlap_exposure,23,39,0.4982245156248042,0.43965860518654154,0.05856591043826263,-0.11117586571675096,-0.11989445605991396,observed_standardization_no_causal_or_significance_claim
24m,all_projects,09_25000_50000,,2025-03,equal_project,23,39,0.8554512884602384,0.18528846424671142,0.670162824213527,-0.11117586571675096,-0.11989445605991396,observed_standardization_no_causal_or_significance_claim
24m,all_projects,09_25000_50000,,2025-04,overlap_exposure,22,38,0.8647917649378171,0.45209591727412274,0.4126958476636943,0.07840511925299251,0.06643772679051467,observed_standardization_no_causal_or_significance_claim
24m,all_projects,09_25000_50000,,2025-04,equal_project,22,38,0.8795161596257343,0.1551468948270699,0.7243692647986644,0.07840511925299251,0.06643772679051467,observed_standardization_no_causal_or_significance_claim
24m,all_projects,09_25000_50000,,2025-05,overlap_exposure,22,40,0.6712115657578416,0.2949028336082776,0.37630873214956395,0.17688603309064616,0.1724568752996071,observed_standardization_no_causal_or_significance_claim
24m,all_projects,09_25000_50000,,2025-05,equal_project,22,40,1.0585985526360717,0.10671381313675553,0.9518847394993164,0.17688603309064616,0.1724568752996071,observed_standardization_no_causal_or_significance_claim
24m,all_projects,09_25000_50000,,2025-06,overlap_exposure,21,36,0.7025549953707738,0.32411275629685754,0.3784422390739162,0.11930392465148752,0.1151366031119809,observed_standardization_no_causal_or_significance_claim
24m,all_projects,09_25000_50000,,2025-06,equal_project,21,36,1.0561775431006617,0.11088100576955962,0.945296537331102,0.11930392465148752,0.1151366031119809,observed_standardization_no_causal_or_significance_claim
24m,all_projects,09_25000_50000,,2025-07,overlap_exposure,23,39,0.7969384681264695,0.2894648449529553,0.5074736231735142,0.2724325384177765,0.2764243811505953,observed_standardization_no_causal_or_significance_claim
24m,all_projects,09_25000_50000,,2025-07,equal_project,23,39,0.7332380963663782,0.1669448221725223,0.5662932741938558,0.2724325384177765,0.2764243811505953,observed_standardization_no_causal_or_significance_claim
24m,all_projects,09_25000_50000,,2025-08,overlap_exposure,26,44,0.7530051770242351,0.25296680251258535,0.5000383745116497,0.2740096613889523,0.2747137290976792,observed_standardization_no_causal_or_significance_claim
24m,all_projects,09_25000_50000,,2025-08,equal_project,26,44,0.3483895457962275,0.13939056936244762,0.20899897643377985,0.2740096613889523,0.2747137290976792,observed_standardization_no_causal_or_significance_claim
24m,all_projects,09_25000_50000,,2025-09,overlap_exposure,26,41,0.7411160830626712,0.21989703120398152,0.5212190518586898,0.31525055686989023,0.31499034676714616,observed_standardization_no_causal_or_significance_claim
24m,all_projects,09_25000_50000,,2025-09,equal_project,26,41,1.085989500307016,0.10250076308322786,0.9834887372237882,0.31525055686989023,0.31499034676714616,observed_standardization_no_causal_or_significance_claim
24m,all_projects,09_25000_50000,,2025-10,overlap_exposure,22,40,0.5897931594269417,0.2645313805292032,0.3252617788977385,0.1603344785229552,0.15949359270832314,observed_standardization_no_causal_or_significance_claim
24m,all_projects,09_25000_50000,,2025-10,equal_project,22,40,0.7136250935365591,0.10544737509215951,0.6081777184443996,0.1603344785229552,0.15949359270832314,observed_standardization_no_causal_or_significance_claim
24m,all_projects,09_25000_50000,,2025-11,overlap_exposure,21,37,0.5781357511740091,0.2533133744156175,0.3248223767583915,0.10505869066886019,0.0967324786548184,observed_standardization_no_causal_or_significance_claim
24m,all_projects,09_25000_50000,,2025-11,equal_project,21,37,0.32319825685435666,0.2694562200883027,0.0537420367660539,0.10505869066886019,0.0967324786548184,observed_standardization_no_causal_or_significance_claim
24m,all_projects,09_25000_50000,,2025-12,overlap_exposure,20,33,0.7882466816952816,0.356707149454503,0.43153953224077857,0.13755087490934342,0.12377138788564829,observed_standardization_no_causal_or_significance_claim
24m,all_projects,09_25000_50000,,2025-12,equal_project,20,33,0.31715803129267345,0.25864180901933975,0.058516222273333716,0.13755087490934342,0.12377138788564829,observed_standardization_no_causal_or_significance_claim
24m,all_projects,10_50000_100000,,2024-01,overlap_exposure,21,34,2.3613767939433314,0.25161944608254266,2.1097573478607887,1.6981178727255706,1.6971256891464677,observed_standardization_no_causal_or_significance_claim
24m,all_projects,10_50000_100000,,2024-01,equal_project,21,34,2.0986756551441004,0.049749176468663996,2.0489264786754364,1.6981178727255706,1.6971256891464677,observed_standardization_no_causal_or_significance_claim
24m,all_projects,10_50000_100000,,2024-02,overlap_exposure,20,33,2.769881595613449,0.21827930781434876,2.5516022877991,2.0748169452673513,2.0742716087063977,observed_standardization_no_causal_or_significance_claim
24m,all_projects,10_50000_100000,,2024-02,equal_project,20,33,4.056018529924661,0.03777095671162529,4.018247573213036,2.0748169452673513,2.0742716087063977,observed_standardization_no_causal_or_significance_claim
24m,all_projects,10_50000_100000,,2024-03,overlap_exposure,21,37,4.093857778220979,0.16479412596880927,3.9290636522521702,3.244822375031757,3.244796483463662,observed_standardization_no_causal_or_significance_claim
24m,all_projects,10_50000_100000,,2024-03,equal_project,21,37,2.306198346197558,0.04069695923058126,2.2655013869669767,3.244822375031757,3.244796483463662,observed_standardization_no_causal_or_significance_claim
24m,all_projects,10_50000_100000,,2024-04,overlap_exposure,22,37,2.4918458742610157,0.20096402874697827,2.290881845514037,1.7474193889926264,1.747265466416418,observed_standardization_no_causal_or_significance_claim
24m,all_projects,10_50000_100000,,2024-04,equal_project,22,37,2.77116448842237,0.0867774389862973,2.6843870494360726,1.7474193889926264,1.747265466416418,observed_standardization_no_causal_or_significance_claim
24m,all_projects,10_50000_100000,,2024-05,overlap_exposure,20,35,2.261857389327133,0.32692419452196014,1.9349331948051731,1.2901260595038935,1.2831587808661429,observed_standardization_no_causal_or_significance_claim
24m,all_projects,10_50000_100000,,2024-05,equal_project,20,35,2.6785277738173963,0.0905882365448126,2.5879395372725837,1.2901260595038935,1.2831587808661429,observed_standardization_no_causal_or_significance_claim
24m,all_projects,10_50000_100000,,2024-06,overlap_exposure,19,36,2.257647506790474,0.25626107812456844,2.0013864286659055,1.5689556424618878,1.5675507007631582,observed_standardization_no_causal_or_significance_claim
24m,all_projects,10_50000_100000,,2024-06,equal_project,19,36,1.5296079032656498,0.08251570964478365,1.4470921936208663,1.5689556424618878,1.5675507007631582,observed_standardization_no_causal_or_significance_claim
24m,all_projects,10_50000_100000,,2024-07,overlap_exposure,20,34,1.1849224867180193,0.2753881761858346,0.9095343105321847,0.4193768594645272,0.4162026908647586,observed_standardization_no_causal_or_significance_claim
24m,all_projects,10_50000_100000,,2024-07,equal_project,20,34,2.6169262996903244,0.12411115670104146,2.4928151429892833,0.4193768594645272,0.4162026908647586,observed_standardization_no_causal_or_significance_claim
24m,all_projects,10_50000_100000,,2024-08,overlap_exposure,21,38,1.2957143963339857,0.36432836302083205,0.9313860333131536,0.4663354713041982,0.46490745856498994,observed_standardization_no_causal_or_significance_claim
24m,all_projects,10_50000_100000,,2024-08,equal_project,21,38,1.28284534949654,0.13108595681336668,1.1517593926831735,0.4663354713041982,0.46490745856498994,observed_standardization_no_causal_or_significance_claim
24m,all_projects,10_50000_100000,,2024-09,overlap_exposure,20,35,0.9859105140076695,0.4038508102965086,0.5820597037111609,0.21292849554960092,0.2087944546179242,observed_standardization_no_causal_or_significance_claim
24m,all_projects,10_50000_100000,,2024-09,equal_project,20,35,0.7580638684337828,0.2267553091112141,0.5313085593225688,0.21292849554960092,0.2087944546179242,observed_standardization_no_causal_or_significance_claim
24m,all_projects,10_50000_100000,,2024-10,overlap_exposure,21,36,1.3466658459736367,0.18881814273229997,1.1578477032413368,0.8625231366238915,0.8591141478887722,observed_standardization_no_causal_or_significance_claim
24m,all_projects,10_50000_100000,,2024-10,equal_project,21,36,0.8378259268356518,0.05423470507917876,0.7835912217564731,0.8625231366238915,0.8591141478887722,observed_standardization_no_causal_or_significance_claim
24m,all_projects,10_50000_100000,,2024-11,overlap_exposure,23,38,1.0095270842456245,0.10373668958353983,0.9057903946620847,0.6902668375015347,0.6948767827244424,observed_standardization_no_causal_or_significance_claim
24m,all_projects,10_50000_100000,,2024-11,equal_project,23,38,1.8559674453002006,0.03352830664867971,1.8224391386515209,0.6902668375015347,0.6948767827244424,observed_standardization_no_causal_or_significance_claim
24m,all_projects,10_50000_100000,,2024-12,overlap_exposure,22,37,0.9308762232842908,0.09491785354899779,0.8359583697352931,0.7076483603487066,0.7070863183355229,observed_standardization_no_causal_or_significance_claim
24m,all_projects,10_50000_100000,,2024-12,equal_project,22,37,0.7950747577288688,0.036561303009178134,0.7585134547196907,0.7076483603487066,0.7070863183355229,observed_standardization_no_causal_or_significance_claim
24m,all_projects,10_50000_100000,,2025-01,overlap_exposure,22,35,0.8159504952710749,0.10822261940710697,0.7077278758639679,0.516842349479733,0.51554878580864,observed_standardization_no_causal_or_significance_claim
24m,all_projects,10_50000_100000,,2025-01,equal_project,22,35,0.45756417036601305,0.05947734294587003,0.398086827420143,0.516842349479733,0.51554878580864,observed_standardization_no_causal_or_significance_claim
24m,all_projects,10_50000_100000,,2025-02,overlap_exposure,20,35,0.5959508031650599,0.33971868735768734,0.2562321158073725,0.10575167749130865,0.10076204633192926,observed_standardization_no_causal_or_significance_claim
24m,all_projects,10_50000_100000,,2025-02,equal_project,20,35,0.41939356309813836,0.18127748691392204,0.23811607618421635,0.10575167749130865,0.10076204633192926,observed_standardization_no_causal_or_significance_claim
24m,all_projects,10_50000_100000,,2025-03,overlap_exposure,21,36,0.5984169266146059,0.4299901471568151,0.16842677945779075,-0.036483303071869165,-0.05036063911855824,observed_standardization_no_causal_or_significance_claim
24m,all_projects,10_50000_100000,,2025-03,equal_project,21,36,2.2882450017978915,0.20598987043996572,2.082255131357926,-0.036483303071869165,-0.05036063911855824,observed_standardization_no_causal_or_significance_claim
24m,all_projects,10_50000_100000,,2025-04,overlap_exposure,22,37,1.0407347075613365,0.4272373975891223,0.6134973099722141,0.1799885021449392,0.1628988256408832,observed_standardization_no_causal_or_significance_claim
24m,all_projects,10_50000_100000,,2025-04,equal_project,22,37,2.9558964567453607,0.17232319354118633,2.7835732632041745,0.1799885021449392,0.1628988256408832,observed_standardization_no_causal_or_significance_claim
24m,all_projects,10_50000_100000,,2025-05,overlap_exposure,20,36,0.761402072676549,0.2721769431641585,0.4892251295123905,0.20495467002721018,0.20162797856025338,observed_standardization_no_causal_or_significance_claim
24m,all_projects,10_50000_100000,,2025-05,equal_project,20,36,1.0046186084790314,0.10796917009031573,0.8966494383887157,0.20495467002721018,0.20162797856025338,observed_standardization_no_causal_or_significance_claim
24m,all_projects,10_50000_100000,,2025-06,overlap_exposure,22,36,0.7251324183632666,0.2981063043151067,0.42702611404815993,0.08312574323767744,0.08116516737540395,observed_standardization_no_causal_or_significance_claim
24m,all_projects,10_50000_100000,,2025-06,equal_project,22,36,0.4918407465786626,0.11136075147629435,0.3804799951023683,0.08312574323767744,0.08116516737540395,observed_standardization_no_causal_or_significance_claim
24m,all_projects,10_50000_100000,,2025-07,overlap_exposure,22,36,0.8917067242729657,0.2703198528410679,0.6213868714318977,0.31860200626347235,0.3243033509301507,observed_standardization_no_causal_or_significance_claim
24m,all_projects,10_50000_100000,,2025-07,equal_project,22,36,0.625724303110555,0.15905661031571786,0.46666769279483716,0.31860200626347235,0.3243033509301507,observed_standardization_no_causal_or_significance_claim
24m,all_projects,10_50000_100000,,2025-08,overlap_exposure,23,38,1.0680331384925366,0.22711359509837875,0.8409195433941579,0.5129329811435145,0.5095960177979899,observed_standardization_no_causal_or_significance_claim
24m,all_projects,10_50000_100000,,2025-08,equal_project,23,38,0.3194731466684757,0.16223315233998065,0.15723999432849506,0.5129329811435145,0.5095960177979899,observed_standardization_no_causal_or_significance_claim
24m,all_projects,10_50000_100000,,2025-09,overlap_exposure,23,36,0.9712459245988989,0.19401371203056278,0.7772322125683361,0.4899540744625931,0.48692032994866863,observed_standardization_no_causal_or_significance_claim
24m,all_projects,10_50000_100000,,2025-09,equal_project,23,36,1.3696720310835975,0.18709771315794768,1.1825743179256498,0.4899540744625931,0.48692032994866863,observed_standardization_no_causal_or_significance_claim
24m,all_projects,10_50000_100000,,2025-10,overlap_exposure,20,36,0.6292707291035673,0.2454395439895316,0.3838311851140357,0.18106099638668297,0.17731336012971655,observed_standardization_no_causal_or_significance_claim
24m,all_projects,10_50000_100000,,2025-10,equal_project,20,36,0.3657366683372369,0.14637132439721773,0.2193653439400192,0.18106099638668297,0.17731336012971655,observed_standardization_no_causal_or_significance_claim
24m,all_projects,10_50000_100000,,2025-11,overlap_exposure,19,33,0.6111375908276049,0.23978729740546725,0.3713502934221376,0.13617369874106955,0.1267679238026561,observed_standardization_no_causal_or_significance_claim
24m,all_projects,10_50000_100000,,2025-11,equal_project,19,33,0.2667131487901687,0.16915190900255386,0.09756123978761486,0.13617369874106955,0.1267679238026561,observed_standardization_no_causal_or_significance_claim
24m,all_projects,10_50000_100000,,2025-12,overlap_exposure,20,33,0.6538440181806925,0.3602368571972265,0.293607160983466,0.009408094615021272,-0.010967037700876456,observed_standardization_no_causal_or_significance_claim
24m,all_projects,10_50000_100000,,2025-12,equal_project,20,33,0.303158600112934,0.2993067039383783,0.003851896174555643,0.009408094615021272,-0.010967037700876456,observed_standardization_no_causal_or_significance_claim
24m,all_projects,11_100000_plus,,2024-01,overlap_exposure,19,34,2.4102781508597864,0.23372888604314604,2.17654926481664,1.6830028454261723,1.680288709102704,observed_standardization_no_causal_or_significance_claim
24m,all_projects,11_100000_plus,,2024-01,equal_project,19,34,4.653555642562409,0.046465435769473304,4.607090206792936,1.6830028454261723,1.680288709102704,observed_standardization_no_causal_or_significance_claim
24m,all_projects,11_100000_plus,,2024-02,overlap_exposure,19,30,2.2744389350122005,0.2272884646770528,2.0471504703351475,1.6443644348273883,1.6410634631079235,observed_standardization_no_causal_or_significance_claim
24m,all_projects,11_100000_plus,,2024-02,equal_project,19,30,1.6266688369505944,0.042739939690702396,1.5839288972598922,1.6443644348273883,1.6410634631079235,observed_standardization_no_causal_or_significance_claim
24m,all_projects,11_100000_plus,,2024-03,overlap_exposure,19,32,2.5610448297832518,0.15700781238265052,2.404037017400601,1.9877501193470228,1.9875113767593224,observed_standardization_no_causal_or_significance_claim
24m,all_projects,11_100000_plus,,2024-03,equal_project,19,32,2.7200011935814046,0.05074422530391148,2.669256968277493,1.9877501193470228,1.9875113767593224,observed_standardization_no_causal_or_significance_claim
24m,all_projects,11_100000_plus,,2024-04,overlap_exposure,19,34,2.5250985389313056,0.17876678180394717,2.3463317571273583,1.7805162752918986,1.7757528556790894,observed_standardization_no_causal_or_significance_claim
24m,all_projects,11_100000_plus,,2024-04,equal_project,19,34,3.71024770301417,0.11673793136118175,3.593509771652988,1.7805162752918986,1.7757528556790894,observed_standardization_no_causal_or_significance_claim
24m,all_projects,11_100000_plus,,2024-05,overlap_exposure,18,30,2.1917062527592037,0.30621759174315544,1.8854886610160482,1.2657800146628173,1.256884420748387,observed_standardization_no_causal_or_significance_claim
24m,all_projects,11_100000_plus,,2024-05,equal_project,18,30,2.3921831435550165,0.10310066310585692,2.2890824804491596,1.2657800146628173,1.256884420748387,observed_standardization_no_causal_or_significance_claim
24m,all_projects,11_100000_plus,,2024-06,overlap_exposure,19,32,1.8219310785119043,0.2506655206810319,1.5712655578308723,1.2726911596239632,1.270685429787494,observed_standardization_no_causal_or_significance_claim
24m,all_projects,11_100000_plus,,2024-06,equal_project,19,32,3.257192156045472,0.0895325329801328,3.1676596230653393,1.2726911596239632,1.270685429787494,observed_standardization_no_causal_or_significance_claim
24m,all_projects,11_100000_plus,,2024-07,overlap_exposure,15,31,1.2287886944576227,0.2654503542941804,0.9633383401634424,0.5143004019854697,0.509396429249609,observed_standardization_no_causal_or_significance_claim
24m,all_projects,11_100000_plus,,2024-07,equal_project,15,31,0.9182337312638735,0.15282252897288484,0.7654112022909887,0.5143004019854697,0.509396429249609,observed_standardization_no_causal_or_significance_claim
24m,all_projects,11_100000_plus,,2024-08,overlap_exposure,17,33,1.3972430130104359,0.3685054723341927,1.0287375406762433,0.5541007982715492,0.5518770385792434,observed_standardization_no_causal_or_significance_claim
24m,all_projects,11_100000_plus,,2024-08,equal_project,17,33,0.6676800663885579,0.17576128315911432,0.4919187832294436,0.5541007982715492,0.5518770385792434,observed_standardization_no_causal_or_significance_claim
24m,all_projects,11_100000_plus,,2024-09,overlap_exposure,16,32,1.0220134091019113,0.3967341911343449,0.6252792179675665,0.25844262196070383,0.2579923860696199,observed_standardization_no_causal_or_significance_claim
24m,all_projects,11_100000_plus,,2024-09,equal_project,16,32,3.981526803917758,0.20486317000164395,3.7766636339161135,0.25844262196070383,0.2579923860696199,observed_standardization_no_causal_or_significance_claim
24m,all_projects,11_100000_plus,,2024-10,overlap_exposure,19,33,1.4240359497076907,0.170050824975028,1.2539851247326628,0.9432517434048184,0.9408150185459245,observed_standardization_no_causal_or_significance_claim
24m,all_projects,11_100000_plus,,2024-10,equal_project,19,33,0.43263906991453194,0.05970723009988423,0.37293183981464767,0.9432517434048184,0.9408150185459245,observed_standardization_no_causal_or_significance_claim
24m,all_projects,11_100000_plus,,2024-11,overlap_exposure,22,36,1.0355469401859199,0.09057378794869972,0.9449731522372202,0.7777863443421539,0.7797931581186621,observed_standardization_no_causal_or_significance_claim
24m,all_projects,11_100000_plus,,2024-11,equal_project,22,36,10.90136386444204,0.031817687678284926,10.869546176763755,0.7777863443421539,0.7797931581186621,observed_standardization_no_causal_or_significance_claim
24m,all_projects,11_100000_plus,,2024-12,overlap_exposure,22,35,0.8868784563528567,0.08477254613309226,0.8021059102197645,0.6813110181642151,0.6794709475931308,observed_standardization_no_causal_or_significance_claim
24m,all_projects,11_100000_plus,,2024-12,equal_project,22,35,1.138302114210899,0.029689059194835266,1.1086130550160638,0.6813110181642151,0.6794709475931308,observed_standardization_no_causal_or_significance_claim
24m,all_projects,11_100000_plus,,2025-01,overlap_exposure,18,31,0.8636699352130196,0.1018445242646898,0.7618254109483298,0.630503901088153,0.6280902306667014,observed_standardization_no_causal_or_significance_claim
24m,all_projects,11_100000_plus,,2025-01,equal_project,18,31,6.613054932964711,0.06349865654315358,6.549556276421558,0.630503901088153,0.6280902306667014,observed_standardization_no_causal_or_significance_claim
24m,all_projects,11_100000_plus,,2025-02,overlap_exposure,18,33,0.8475100554582196,0.3259148923594085,0.521595163098811,0.5198474273033956,0.5151492884078807,observed_standardization_no_causal_or_significance_claim
24m,all_projects,11_100000_plus,,2025-02,equal_project,18,33,0.6880408432094175,0.19813543490065735,0.4899054083087601,0.5198474273033956,0.5151492884078807,observed_standardization_no_causal_or_significance_claim
24m,all_projects,11_100000_plus,,2025-03,overlap_exposure,19,32,0.8536105565366668,0.4178874923942046,0.43572306414246226,0.4636113268762164,0.44939841137863906,observed_standardization_no_causal_or_significance_claim
24m,all_projects,11_100000_plus,,2025-03,equal_project,19,32,0.5942225548629552,0.20417916992759352,0.3900433849353617,0.4636113268762164,0.44939841137863906,observed_standardization_no_causal_or_significance_claim
24m,all_projects,11_100000_plus,,2025-04,overlap_exposure,18,34,1.3897593098330592,0.42924284828505643,0.9605164615480027,0.637196708748229,0.6206103233709147,observed_standardization_no_causal_or_significance_claim
24m,all_projects,11_100000_plus,,2025-04,equal_project,18,34,0.5283799415012461,0.17237304437735756,0.35600689712388855,0.637196708748229,0.6206103233709147,observed_standardization_no_causal_or_significance_claim
24m,all_projects,11_100000_plus,,2025-05,overlap_exposure,21,35,1.1073977074939207,0.2620652378518872,0.8453324696420337,0.6044446960240696,0.6002301463851882,observed_standardization_no_causal_or_significance_claim
24m,all_projects,11_100000_plus,,2025-05,equal_project,21,35,0.7177759544602743,0.12063421288043483,0.5971417415798395,0.6044446960240696,0.6002301463851882,observed_standardization_no_causal_or_significance_claim
24m,all_projects,11_100000_plus,,2025-06,overlap_exposure,20,34,1.0810183621820162,0.2785853960695404,0.8024329661124759,0.43464253710437906,0.43319224815243484,observed_standardization_no_causal_or_significance_claim
24m,all_projects,11_100000_plus,,2025-06,equal_project,20,34,0.462243786882959,0.11556329215340132,0.34668049472955764,0.43464253710437906,0.43319224815243484,observed_standardization_no_causal_or_significance_claim
24m,all_projects,11_100000_plus,,2025-07,overlap_exposure,19,33,1.2064563548081293,0.242481341761038,0.9639750130470912,0.6029918649706488,0.60553698878737,observed_standardization_no_causal_or_significance_claim
24m,all_projects,11_100000_plus,,2025-07,equal_project,19,33,7.534732165310832,0.17567692682037064,7.359055238490461,0.6029918649706488,0.60553698878737,observed_standardization_no_causal_or_significance_claim
24m,all_projects,11_100000_plus,,2025-08,overlap_exposure,25,39,1.3683990568703834,0.21083659471682883,1.1575624621535545,0.7140578391539438,0.7120295075861772,observed_standardization_no_causal_or_significance_claim
24m,all_projects,11_100000_plus,,2025-08,equal_project,25,39,0.3624067819352973,0.1545490356762388,0.2078577462590585,0.7140578391539438,0.7120295075861772,observed_standardization_no_causal_or_significance_claim
24m,all_projects,11_100000_plus,,2025-09,overlap_exposure,23,35,1.1012678902216275,0.1853179850037678,0.9159499052178598,0.5033803967394059,0.5012529761240869,observed_standardization_no_causal_or_significance_claim
24m,all_projects,11_100000_plus,,2025-09,equal_project,23,35,0.42894704665478367,0.09243264669338663,0.3365143999613971,0.5033803967394059,0.5012529761240869,observed_standardization_no_causal_or_significance_claim
24m,all_projects,11_100000_plus,,2025-10,overlap_exposure,22,37,0.734995414424644,0.23993576320455326,0.4950596512200907,0.23683336215917444,0.2315207097484507,observed_standardization_no_causal_or_significance_claim
24m,all_projects,11_100000_plus,,2025-10,equal_project,22,37,0.20992557589703445,0.13140329512615648,0.07852228077087796,0.23683336215917444,0.2315207097484507,observed_standardization_no_causal_or_significance_claim
24m,all_projects,11_100000_plus,,2025-11,overlap_exposure,21,35,0.7199107694413112,0.2442166833435564,0.47569408609775476,0.22965423123293216,0.2242196092400323,observed_standardization_no_causal_or_significance_claim
24m,all_projects,11_100000_plus,,2025-11,equal_project,21,35,0.36212164463251184,0.17901222190332153,0.1831094227291903,0.22965423123293216,0.2242196092400323,observed_standardization_no_causal_or_significance_claim
24m,all_projects,11_100000_plus,,2025-12,overlap_exposure,19,30,0.6428708501481867,0.46704776725346664,0.17582308289472004,0.012111947809229345,-0.008383402904992097,observed_standardization_no_causal_or_significance_claim
24m,all_projects,11_100000_plus,,2025-12,equal_project,19,30,0.37224189640247274,0.34431017564654615,0.027931720755926606,0.012111947809229345,-0.008383402904992097,observed_standardization_no_causal_or_significance_claim
24m,exclude_primary_dominant_project,02_100_250,uniswap,2024-01,overlap_exposure,23,38,0.33697706198988575,0.07172266189387613,0.26525440009600965,0.26310356301160553,0.26421313978062705,observed_standardization_no_causal_or_significance_claim
24m,exclude_primary_dominant_project,02_100_250,uniswap,2024-01,equal_project,23,38,0.1430400413654023,0.025281203623732887,0.11775883774166941,0.26310356301160553,0.26421313978062705,observed_standardization_no_causal_or_significance_claim
24m,exclude_primary_dominant_project,02_100_250,uniswap,2024-02,overlap_exposure,21,36,0.1433268957446595,0.05976197679701214,0.08356491894764738,0.07827322962607933,0.07823054071836918,observed_standardization_no_causal_or_significance_claim
24m,exclude_primary_dominant_project,02_100_250,uniswap,2024-02,equal_project,21,36,0.04524200083672,0.02120999176401871,0.024032009072701293,0.07827322962607933,0.07823054071836918,observed_standardization_no_causal_or_significance_claim
24m,exclude_primary_dominant_project,02_100_250,uniswap,2024-03,overlap_exposure,20,38,0.0774595545853374,0.0963906551346557,-0.018931100549318278,-0.020135845329650983,-0.020185642439927064,observed_standardization_no_causal_or_significance_claim
24m,exclude_primary_dominant_project,02_100_250,uniswap,2024-03,equal_project,20,38,0.040934265410728886,0.03634815246046844,0.004586112950260446,-0.020135845329650983,-0.020185642439927064,observed_standardization_no_causal_or_significance_claim
24m,exclude_primary_dominant_project,02_100_250,uniswap,2024-04,overlap_exposure,24,41,0.28597555973229133,0.13535448401072556,0.15062107572156577,0.15305195957211049,0.15303092637315346,observed_standardization_no_causal_or_significance_claim
24m,exclude_primary_dominant_project,02_100_250,uniswap,2024-04,equal_project,24,41,0.12414342696611112,0.06472310332053846,0.05942032364557266,0.15305195957211049,0.15303092637315346,observed_standardization_no_causal_or_significance_claim
24m,exclude_primary_dominant_project,02_100_250,uniswap,2024-05,overlap_exposure,23,39,0.6329334041745621,0.1427096580555263,0.4902237461190358,0.45943143393685343,0.45938041321115475,observed_standardization_no_causal_or_significance_claim
24m,exclude_primary_dominant_project,02_100_250,uniswap,2024-05,equal_project,23,39,0.2460606019943123,0.053134077166736904,0.19292652482757539,0.45943143393685343,0.45938041321115475,observed_standardization_no_causal_or_significance_claim
24m,exclude_primary_dominant_project,02_100_250,uniswap,2024-06,overlap_exposure,23,40,0.506766666663404,0.17545105071970277,0.3313156159437012,0.33188954047894836,0.33183700195658006,observed_standardization_no_causal_or_significance_claim
24m,exclude_primary_dominant_project,02_100_250,uniswap,2024-06,equal_project,23,40,0.2782470718798108,0.19020106457405578,0.088046007305755,0.33188954047894836,0.33183700195658006,observed_standardization_no_causal_or_significance_claim
24m,exclude_primary_dominant_project,02_100_250,uniswap,2024-07,overlap_exposure,22,39,0.8898485761895062,0.21996483878712597,0.6698837374023803,0.7050813449281511,0.7050141461759035,observed_standardization_no_causal_or_significance_claim
24m,exclude_primary_dominant_project,02_100_250,uniswap,2024-07,equal_project,22,39,0.5420876039714042,0.08287708217413395,0.45921052179727023,0.7050813449281511,0.7050141461759035,observed_standardization_no_causal_or_significance_claim
24m,exclude_primary_dominant_project,02_100_250,uniswap,2024-08,overlap_exposure,24,43,1.1717129209868276,0.30355448414446307,0.8681584368423645,0.9329904843663913,0.9329349180209301,observed_standardization_no_causal_or_significance_claim
24m,exclude_primary_dominant_project,02_100_250,uniswap,2024-08,equal_project,24,43,0.4802437858065207,0.17719764274752062,0.30304614305900013,0.9329904843663913,0.9329349180209301,observed_standardization_no_causal_or_significance_claim
24m,exclude_primary_dominant_project,02_100_250,uniswap,2024-09,overlap_exposure,23,42,0.8968835844129386,0.3160911835446283,0.5807924008683103,0.6257667022944489,0.6255873551884021,observed_standardization_no_causal_or_significance_claim
24m,exclude_primary_dominant_project,02_100_250,uniswap,2024-09,equal_project,23,42,0.35138939448635215,0.17213096883304677,0.17925842565330535,0.6257667022944489,0.6255873551884021,observed_standardization_no_causal_or_significance_claim
24m,exclude_primary_dominant_project,02_100_250,uniswap,2024-10,overlap_exposure,24,41,0.38158919945353226,0.0633388546731401,0.31825034478039216,0.32989971077972224,0.3298592647726778,observed_standardization_no_causal_or_significance_claim
24m,exclude_primary_dominant_project,02_100_250,uniswap,2024-10,equal_project,24,41,0.21421659803700013,0.036457633940082675,0.17775896409691747,0.32989971077972224,0.3298592647726778,observed_standardization_no_causal_or_significance_claim
24m,exclude_primary_dominant_project,02_100_250,uniswap,2024-11,overlap_exposure,25,42,0.34058331096637356,0.05166361577471224,0.28891969519166133,0.3124821390085689,0.31246994710239845,observed_standardization_no_causal_or_significance_claim
24m,exclude_primary_dominant_project,02_100_250,uniswap,2024-11,equal_project,25,42,1.2912374128621482,0.06755714389570977,1.2236802689664383,0.3124821390085689,0.31246994710239845,observed_standardization_no_causal_or_significance_claim
24m,exclude_primary_dominant_project,02_100_250,uniswap,2024-12,overlap_exposure,24,43,0.18911236173379012,0.05516036503312887,0.13395199670066124,0.13634338306723803,0.1363251929615048,observed_standardization_no_causal_or_significance_claim
24m,exclude_primary_dominant_project,02_100_250,uniswap,2024-12,equal_project,24,43,0.062211002596822156,0.022076215838855526,0.040134786757966626,0.13634338306723803,0.1363251929615048,observed_standardization_no_causal_or_significance_claim
24m,exclude_primary_dominant_project,02_100_250,uniswap,2025-01,overlap_exposure,26,43,0.3205489613370415,0.09571584317754539,0.22483311815949614,0.23509304824276234,0.23504834138326844,observed_standardization_no_causal_or_significance_claim
24m,exclude_primary_dominant_project,02_100_250,uniswap,2025-01,equal_project,26,43,0.1368412111956137,0.0545263727014646,0.08231483849414911,0.23509304824276234,0.23504834138326844,observed_standardization_no_causal_or_significance_claim
24m,exclude_primary_dominant_project,02_100_250,uniswap,2025-02,overlap_exposure,26,42,1.0987740436993176,0.3888038486907936,0.7099701950085241,0.7119914909786859,0.7119673051850667,observed_standardization_no_causal_or_significance_claim
24m,exclude_primary_dominant_project,02_100_250,uniswap,2025-02,equal_project,26,42,0.6080767570587763,0.15092668038424273,0.45715007667453356,0.7119914909786859,0.7119673051850667,observed_standardization_no_causal_or_significance_claim
24m,exclude_primary_dominant_project,02_100_250,uniswap,2025-03,overlap_exposure,26,44,0.5860337214798189,0.34261236557579344,0.24342135590402547,0.23388091939190092,0.23414195842173727,observed_standardization_no_causal_or_significance_claim
24m,exclude_primary_dominant_project,02_100_250,uniswap,2025-03,equal_project,26,44,0.4135676172726395,0.1877301545880814,0.22583746268455812,0.23388091939190092,0.23414195842173727,observed_standardization_no_causal_or_significance_claim
24m,exclude_primary_dominant_project,02_100_250,uniswap,2025-04,overlap_exposure,26,44,0.6925285880702992,0.3413206023226906,0.3512079857476085,0.3422821740210782,0.3420894902071391,observed_standardization_no_causal_or_significance_claim
24m,exclude_primary_dominant_project,02_100_250,uniswap,2025-04,equal_project,26,44,0.33138914620901283,0.14770914016849523,0.1836800060405176,0.3422821740210782,0.3420894902071391,observed_standardization_no_causal_or_significance_claim
24m,exclude_primary_dominant_project,02_100_250,uniswap,2025-05,overlap_exposure,29,47,0.5131299492737843,0.20694379898438392,0.30618615028940044,0.28915071055899694,0.2890807964985058,observed_standardization_no_causal_or_significance_claim
24m,exclude_primary_dominant_project,02_100_250,uniswap,2025-05,equal_project,29,47,0.2677303364244838,0.09241537346544108,0.17531496295904275,0.28915071055899694,0.2890807964985058,observed_standardization_no_causal_or_significance_claim
24m,exclude_primary_dominant_project,02_100_250,uniswap,2025-06,overlap_exposure,28,44,0.651581598515704,0.21546545684857102,0.436116141667133,0.48598863942207166,0.4859403858570672,observed_standardization_no_causal_or_significance_claim
24m,exclude_primary_dominant_project,02_100_250,uniswap,2025-06,equal_project,28,44,0.3179229729246308,0.08793721709200472,0.2299857558326261,0.48598863942207166,0.4859403858570672,observed_standardization_no_causal_or_significance_claim
24m,exclude_primary_dominant_project,02_100_250,uniswap,2025-07,overlap_exposure,26,44,0.5833452162853658,0.1808791821845192,0.40246603410084664,0.4198608057341499,0.41963631604626467,observed_standardization_no_causal_or_significance_claim
24m,exclude_primary_dominant_project,02_100_250,uniswap,2025-07,equal_project,26,44,0.28644214857891553,0.1549432749277442,0.13149887365117133,0.4198608057341499,0.41963631604626467,observed_standardization_no_causal_or_significance_claim
24m,exclude_primary_dominant_project,02_100_250,uniswap,2025-08,overlap_exposure,29,45,0.4921468952415443,0.18224101729776362,0.3099058779437807,0.289270807789283,0.28934800657536547,observed_standardization_no_causal_or_significance_claim
24m,exclude_primary_dominant_project,02_100_250,uniswap,2025-08,equal_project,29,45,0.3334778658996593,0.13354425329772557,0.19993361260193368,0.289270807789283,0.28934800657536547,observed_standardization_no_causal_or_significance_claim
24m,exclude_primary_dominant_project,02_100_250,uniswap,2025-09,overlap_exposure,28,44,0.4555007211069583,0.14819715244423878,0.30730356866271946,0.2843352675750364,0.28484368431882573,observed_standardization_no_causal_or_significance_claim
24m,exclude_primary_dominant_project,02_100_250,uniswap,2025-09,equal_project,28,44,0.3541011405341633,0.0895820950501664,0.2645190454839969,0.2843352675750364,0.28484368431882573,observed_standardization_no_causal_or_significance_claim
24m,exclude_primary_dominant_project,02_100_250,uniswap,2025-10,overlap_exposure,28,45,0.37169515056581853,0.22122410377311766,0.1504710467927009,0.14825496374873728,0.1482223274142253,observed_standardization_no_causal_or_significance_claim
24m,exclude_primary_dominant_project,02_100_250,uniswap,2025-10,equal_project,28,45,0.2641656511558499,0.23956566006691055,0.024599991088939323,0.14825496374873728,0.1482223274142253,observed_standardization_no_causal_or_significance_claim
24m,exclude_primary_dominant_project,02_100_250,uniswap,2025-11,overlap_exposure,29,44,0.4907824556327458,0.2729091610970937,0.2178732945356521,0.19833284009779878,0.19823497859568665,observed_standardization_no_causal_or_significance_claim
24m,exclude_primary_dominant_project,02_100_250,uniswap,2025-11,equal_project,29,44,0.2991900523261683,0.25786865167721046,0.04132140064895787,0.19833284009779878,0.19823497859568665,observed_standardization_no_causal_or_significance_claim
24m,exclude_primary_dominant_project,02_100_250,uniswap,2025-12,overlap_exposure,28,43,0.8911285581457398,0.5324036694230677,0.35872488872267205,0.29533434228410244,0.2953376198429168,observed_standardization_no_causal_or_significance_claim
24m,exclude_primary_dominant_project,02_100_250,uniswap,2025-12,equal_project,28,43,0.45747151452350576,0.20677540453342513,0.25069610999008063,0.29533434228410244,0.2953376198429168,observed_standardization_no_causal_or_significance_claim
24m,exclude_primary_dominant_project,03_250_500,uniswap,2024-01,overlap_exposure,22,37,0.9952651494745828,0.07606216477544493,0.9192029846991379,0.9241395398099211,0.9252361658206241,observed_standardization_no_causal_or_significance_claim
24m,exclude_primary_dominant_project,03_250_500,uniswap,2024-01,equal_project,22,37,0.40325565651135276,0.026430349242993475,0.3768253072683593,0.9241395398099211,0.9252361658206241,observed_standardization_no_causal_or_significance_claim
24m,exclude_primary_dominant_project,03_250_500,uniswap,2024-02,overlap_exposure,22,36,0.5903497187492983,0.06106989821429185,0.5292798205350063,0.5089089924660929,0.5088850146791655,observed_standardization_no_causal_or_significance_claim
24m,exclude_primary_dominant_project,03_250_500,uniswap,2024-02,equal_project,22,36,0.25839977134476266,0.02024590122929059,0.2381538701154721,0.5089089924660929,0.5088850146791655,observed_standardization_no_causal_or_significance_claim
24m,exclude_primary_dominant_project,03_250_500,uniswap,2024-03,overlap_exposure,21,39,0.35022644445359924,0.10196607431293071,0.2482603701406685,0.23953343464504576,0.2395076840097847,observed_standardization_no_causal_or_significance_claim
24m,exclude_primary_dominant_project,03_250_500,uniswap,2024-03,equal_project,21,39,0.16415141847334652,0.034617288057588985,0.12953413041575754,0.23953343464504576,0.2395076840097847,observed_standardization_no_causal_or_significance_claim
24m,exclude_primary_dominant_project,03_250_500,uniswap,2024-04,overlap_exposure,22,38,0.9576492937507489,0.14631304210389023,0.8113362516468587,0.7892605629231352,0.7891611753514861,observed_standardization_no_causal_or_significance_claim
24m,exclude_primary_dominant_project,03_250_500,uniswap,2024-04,equal_project,22,38,0.5030454223977262,0.07060702180422376,0.43243840059350247,0.7892605629231352,0.7891611753514861,observed_standardization_no_causal_or_significance_claim
24m,exclude_primary_dominant_project,03_250_500,uniswap,2024-05,overlap_exposure,23,39,1.6078261858373466,0.1483298268442624,1.4594963589930843,1.3545591419890768,1.3545081212633778,observed_standardization_no_causal_or_significance_claim
24m,exclude_primary_dominant_project,03_250_500,uniswap,2024-05,equal_project,23,39,0.7922146962540112,0.053134077166736904,0.7390806190872743,1.3545591419890768,1.3545081212633778,observed_standardization_no_causal_or_significance_claim
24m,exclude_primary_dominant_project,03_250_500,uniswap,2024-06,overlap_exposure,23,39,1.1575139860123866,0.1865590588158859,0.9709549271965008,0.9646314053073862,0.9645896306602614,observed_standardization_no_causal_or_significance_claim
24m,exclude_primary_dominant_project,03_250_500,uniswap,2024-06,equal_project,23,39,0.5848314901549101,0.19020106457405578,0.3946304255808542,0.9646314053073862,0.9645896306602614,observed_standardization_no_causal_or_significance_claim
24m,exclude_primary_dominant_project,03_250_500,uniswap,2024-07,overlap_exposure,22,39,1.4828876967227262,0.23262481825040757,1.2502628784723187,1.3656593152722905,1.365523785553921,observed_standardization_no_causal_or_significance_claim
24m,exclude_primary_dominant_project,03_250_500,uniswap,2024-07,equal_project,22,39,0.9376926399029323,0.08287708217413395,0.8548155577287984,1.3656593152722905,1.365523785553921,observed_standardization_no_causal_or_significance_claim
24m,exclude_primary_dominant_project,03_250_500,uniswap,2024-08,overlap_exposure,23,40,1.5522924975628247,0.3188890102198419,1.2334034873429829,1.3409333076049992,1.34108833485558,observed_standardization_no_causal_or_significance_claim
24m,exclude_primary_dominant_project,03_250_500,uniswap,2024-08,equal_project,23,40,0.7170619931608726,0.11315731925267201,0.6039046739082007,1.3409333076049992,1.34108833485558,observed_standardization_no_causal_or_significance_claim
24m,exclude_primary_dominant_project,03_250_500,uniswap,2024-09,overlap_exposure,24,42,1.3810137043179387,0.3261117210066227,1.054901983311316,1.1666003557492868,1.1663116462653782,observed_standardization_no_causal_or_significance_claim
24m,exclude_primary_dominant_project,03_250_500,uniswap,2024-09,equal_project,24,42,0.5683140307591293,0.1649588451316698,0.40335518562745953,1.1666003557492868,1.1663116462653782,observed_standardization_no_causal_or_significance_claim
24m,exclude_primary_dominant_project,03_250_500,uniswap,2024-10,overlap_exposure,24,40,0.9373505544989601,0.06620665203170217,0.8711439024672579,0.8879296274774139,0.887892141899696,observed_standardization_no_causal_or_significance_claim
24m,exclude_primary_dominant_project,03_250_500,uniswap,2024-10,equal_project,24,40,0.6129328799398234,0.03668461365717516,0.5762482662826482,0.8879296274774139,0.887892141899696,observed_standardization_no_causal_or_significance_claim
24m,exclude_primary_dominant_project,03_250_500,uniswap,2024-11,overlap_exposure,23,40,0.9668844526119146,0.05617189441628367,0.9107125581956308,0.9699831977499027,0.9699532493525179,observed_standardization_no_causal_or_significance_claim
24m,exclude_primary_dominant_project,03_250_500,uniswap,2024-11,equal_project,23,40,0.7212836639933442,0.0734316781475106,0.6478519858458336,0.9699831977499027,0.9699532493525179,observed_standardization_no_causal_or_significance_claim
24m,exclude_primary_dominant_project,03_250_500,uniswap,2024-12,overlap_exposure,24,44,0.609726239941196,0.06297254796448791,0.5467536919767081,0.587759081047854,0.5877325894032424,observed_standardization_no_causal_or_significance_claim
24m,exclude_primary_dominant_project,03_250_500,uniswap,2024-12,equal_project,24,44,0.34328427644207427,0.022076215838855526,0.32120806060321877,0.587759081047854,0.5877325894032424,observed_standardization_no_causal_or_significance_claim
24m,exclude_primary_dominant_project,03_250_500,uniswap,2025-01,overlap_exposure,26,44,0.7178502235416164,0.0969817940572489,0.6208684294843675,0.6658610728679749,0.6658207654401312,observed_standardization_no_causal_or_significance_claim
24m,exclude_primary_dominant_project,03_250_500,uniswap,2025-01,equal_project,26,44,0.3263245478086139,0.052911698542709835,0.27341284926590403,0.6658610728679749,0.6658207654401312,observed_standardization_no_causal_or_significance_claim
24m,exclude_primary_dominant_project,03_250_500,uniswap,2025-02,overlap_exposure,25,41,0.892223058157354,0.37662937012111886,0.5155936880362353,0.48681962274055995,0.4867148721278157,observed_standardization_no_causal_or_significance_claim
24m,exclude_primary_dominant_project,03_250_500,uniswap,2025-02,equal_project,25,41,0.4973980853681371,0.15696374759961243,0.3404343377685247,0.48681962274055995,0.4867148721278157,observed_standardization_no_causal_or_significance_claim
24m,exclude_primary_dominant_project,03_250_500,uniswap,2025-03,overlap_exposure,26,43,0.682068344326135,0.3465549083446337,0.33551343598150124,0.29965351624442765,0.299912874557031,observed_standardization_no_causal_or_significance_claim
24m,exclude_primary_dominant_project,03_250_500,uniswap,2025-03,equal_project,26,43,0.4372599925719133,0.19184847357510706,0.24541151899680624,0.29965351624442765,0.299912874557031,observed_standardization_no_causal_or_significance_claim
24m,exclude_primary_dominant_project,03_250_500,uniswap,2025-04,overlap_exposure,25,42,0.7166913234910344,0.33868287914916706,0.3780084443418673,0.35914565797080195,0.3588703649943335,observed_standardization_no_causal_or_significance_claim
24m,exclude_primary_dominant_project,03_250_500,uniswap,2025-04,equal_project,25,42,0.5603962136040105,0.1685164060944972,0.39187980750951323,0.35914565797080195,0.3588703649943335,observed_standardization_no_causal_or_significance_claim
24m,exclude_primary_dominant_project,03_250_500,uniswap,2025-05,overlap_exposure,28,45,0.6885111071378034,0.2000273507176163,0.48848375642018704,0.4446528496718392,0.4444957065343929,observed_standardization_no_causal_or_significance_claim
24m,exclude_primary_dominant_project,03_250_500,uniswap,2025-05,equal_project,28,45,0.4153820400673357,0.10177375389501311,0.3136082861723226,0.4446528496718392,0.4444957065343929,observed_standardization_no_causal_or_significance_claim
24m,exclude_primary_dominant_project,03_250_500,uniswap,2025-06,overlap_exposure,25,41,1.3092426659097884,0.21341565392489953,1.095827011984889,1.1377535696810661,1.137572906627768,observed_standardization_no_causal_or_significance_claim
24m,exclude_primary_dominant_project,03_250_500,uniswap,2025-06,equal_project,25,41,0.6411464035641139,0.09848968314304529,0.5426567204210686,1.1377535696810661,1.137572906627768,observed_standardization_no_causal_or_significance_claim
24m,exclude_primary_dominant_project,03_250_500,uniswap,2025-07,overlap_exposure,26,44,1.0787054790943313,0.17901818642477002,0.8996872926695614,0.9055532114287153,0.9053329686394043,observed_standardization_no_causal_or_significance_claim
24m,exclude_primary_dominant_project,03_250_500,uniswap,2025-07,equal_project,26,44,0.5859069243793317,0.1549432749277442,0.4309636494515875,0.9055532114287153,0.9053329686394043,observed_standardization_no_causal_or_significance_claim
24m,exclude_primary_dominant_project,03_250_500,uniswap,2025-08,overlap_exposure,29,45,0.6837312484064986,0.1678408003688216,0.515890448037677,0.45940651948454553,0.459483718270628,observed_standardization_no_causal_or_significance_claim
24m,exclude_primary_dominant_project,03_250_500,uniswap,2025-08,equal_project,29,45,0.3784892627149308,0.13354425329772557,0.24494500941720518,0.45940651948454553,0.459483718270628,observed_standardization_no_causal_or_significance_claim
24m,exclude_primary_dominant_project,03_250_500,uniswap,2025-09,overlap_exposure,27,44,0.6503052809259571,0.13513078604735024,0.5151744948786069,0.45143506475818684,0.4519391921958143,observed_standardization_no_causal_or_significance_claim
24m,exclude_primary_dominant_project,03_250_500,uniswap,2025-09,equal_project,27,44,0.4988425149053956,0.088804728260735,0.4100377866446606,0.45143506475818684,0.4519391921958143,observed_standardization_no_causal_or_significance_claim
24m,exclude_primary_dominant_project,03_250_500,uniswap,2025-10,overlap_exposure,27,43,0.4698132046006032,0.2083074103709968,0.2615057942296064,0.21260087989280319,0.2128287527987462,observed_standardization_no_causal_or_significance_claim
24m,exclude_primary_dominant_project,03_250_500,uniswap,2025-10,equal_project,27,43,0.46575895554318064,0.1765218855206653,0.2892370700225154,0.21260087989280319,0.2128287527987462,observed_standardization_no_causal_or_significance_claim
24m,exclude_primary_dominant_project,03_250_500,uniswap,2025-11,overlap_exposure,28,43,0.6159264790134622,0.2818574436255026,0.3340690353879596,0.3041283638509855,0.3043938235156197,observed_standardization_no_causal_or_significance_claim
24m,exclude_primary_dominant_project,03_250_500,uniswap,2025-11,equal_project,28,43,0.3619310140527952,0.1820442327745258,0.17988678127826943,0.3041283638509855,0.3043938235156197,observed_standardization_no_causal_or_significance_claim
24m,exclude_primary_dominant_project,03_250_500,uniswap,2025-12,overlap_exposure,28,43,0.8997151066935004,0.5260806142140512,0.37363449247944924,0.27965486085720836,0.2796581384160227,observed_standardization_no_causal_or_significance_claim
24m,exclude_primary_dominant_project,03_250_500,uniswap,2025-12,equal_project,28,43,0.4722192231593969,0.20677540453342513,0.2654438186259718,0.27965486085720836,0.2796581384160227,observed_standardization_no_causal_or_significance_claim
24m,exclude_primary_dominant_project,04_500_1000,uniswap,2024-01,overlap_exposure,22,37,1.3741883288892507,0.07547563426051145,1.2987126946287393,1.2223253376749517,1.2235224650977783,observed_standardization_no_causal_or_significance_claim
24m,exclude_primary_dominant_project,04_500_1000,uniswap,2024-01,equal_project,22,37,0.6446141774023589,0.026430349242993475,0.6181838281593655,1.2223253376749517,1.2235224650977783,observed_standardization_no_causal_or_significance_claim
24m,exclude_primary_dominant_project,04_500_1000,uniswap,2024-02,overlap_exposure,21,35,1.020009513651261,0.061505589740442915,0.9585039239108182,0.8493907768379584,0.8493931978865567,observed_standardization_no_causal_or_significance_claim
24m,exclude_primary_dominant_project,04_500_1000,uniswap,2024-02,equal_project,21,35,0.41426296946654856,0.02120999176401871,0.39305297770252984,0.8493907768379584,0.8493931978865567,observed_standardization_no_causal_or_significance_claim
24m,exclude_primary_dominant_project,04_500_1000,uniswap,2024-03,overlap_exposure,21,37,0.8495766502091422,0.10467544866621854,0.7449012015429237,0.7030297074419298,0.7029696009881705,observed_standardization_no_causal_or_significance_claim
24m,exclude_primary_dominant_project,04_500_1000,uniswap,2024-03,equal_project,21,37,0.38723330838351,0.034617288057588985,0.352616020325921,0.7030297074419298,0.7029696009881705,observed_standardization_no_causal_or_significance_claim
24m,exclude_primary_dominant_project,04_500_1000,uniswap,2024-04,overlap_exposure,22,37,1.5996605425024184,0.14397756295911568,1.4556829795433026,1.3812424821879405,1.3810927541507054,observed_standardization_no_causal_or_significance_claim
24m,exclude_primary_dominant_project,04_500_1000,uniswap,2024-04,equal_project,22,37,0.9024645124238148,0.07060702180422376,0.8318574906195909,1.3812424821879405,1.3810927541507054,observed_standardization_no_causal_or_significance_claim
24m,exclude_primary_dominant_project,04_500_1000,uniswap,2024-05,overlap_exposure,24,39,1.8553671307708268,0.15477430660847039,1.7005928241623565,1.5810763782932429,1.5810363528825861,observed_standardization_no_causal_or_significance_claim
24m,exclude_primary_dominant_project,04_500_1000,uniswap,2024-05,equal_project,24,39,1.0557856907585694,0.05092015728478955,1.00486553347378,1.5810763782932429,1.5810363528825861,observed_standardization_no_causal_or_significance_claim
24m,exclude_primary_dominant_project,04_500_1000,uniswap,2024-06,overlap_exposure,21,37,1.5697108232880703,0.19780832917695412,1.3719024941111162,1.3688746027720293,1.3695162392092997,observed_standardization_no_causal_or_significance_claim
24m,exclude_primary_dominant_project,04_500_1000,uniswap,2024-06,equal_project,21,37,1.0479930734047536,0.05470562064716091,0.9932874527575926,1.3688746027720293,1.3695162392092997,observed_standardization_no_causal_or_significance_claim
24m,exclude_primary_dominant_project,04_500_1000,uniswap,2024-07,overlap_exposure,22,39,1.6776903163010397,0.24046554977599421,1.4372247665250453,1.6027599647796011,1.6025582382869448,observed_standardization_no_causal_or_significance_claim
24m,exclude_primary_dominant_project,04_500_1000,uniswap,2024-07,equal_project,22,39,1.0804756343738005,0.08287708217413395,0.9975985521996664,1.6027599647796011,1.6025582382869448,observed_standardization_no_causal_or_significance_claim
24m,exclude_primary_dominant_project,04_500_1000,uniswap,2024-08,overlap_exposure,21,37,1.296801915953011,0.3032985436289918,0.9935033723240193,1.0490382560011553,1.0491368323171548,observed_standardization_no_causal_or_significance_claim
24m,exclude_primary_dominant_project,04_500_1000,uniswap,2024-08,equal_project,21,37,0.776014421879868,0.12393420680054552,0.6520802150793226,1.0490382560011553,1.0491368323171548,observed_standardization_no_causal_or_significance_claim
24m,exclude_primary_dominant_project,04_500_1000,uniswap,2024-09,overlap_exposure,24,42,1.1824146632087484,0.31991502596560084,0.8624996372431476,0.9165661595059894,0.9162521626437736,observed_standardization_no_causal_or_significance_claim
24m,exclude_primary_dominant_project,04_500_1000,uniswap,2024-09,equal_project,24,42,0.8123154382026703,0.1649588451316698,0.6473565930710005,0.9165661595059894,0.9162521626437736,observed_standardization_no_causal_or_significance_claim
24m,exclude_primary_dominant_project,04_500_1000,uniswap,2024-10,overlap_exposure,24,40,1.1203265717360391,0.069233388057724,1.051093183678315,1.0625591490881523,1.0625024100771745,observed_standardization_no_causal_or_significance_claim
24m,exclude_primary_dominant_project,04_500_1000,uniswap,2024-10,equal_project,24,40,0.8556435164088785,0.036457633940082675,0.8191858824687959,1.0625591490881523,1.0625024100771745,observed_standardization_no_causal_or_significance_claim
24m,exclude_primary_dominant_project,04_500_1000,uniswap,2024-11,overlap_exposure,25,42,1.1938278017203163,0.05788376439441902,1.1359440373258973,1.1472075962015318,1.1471910481159078,observed_standardization_no_causal_or_significance_claim
24m,exclude_primary_dominant_project,04_500_1000,uniswap,2024-11,equal_project,25,42,0.8429573340514781,0.06755714389570977,0.7754001901557682,1.1472075962015318,1.1471910481159078,observed_standardization_no_causal_or_significance_claim
24m,exclude_primary_dominant_project,04_500_1000,uniswap,2024-12,overlap_exposure,25,44,0.8362783822404903,0.06935492211004117,0.7669234601304491,0.8360784296493362,0.8360583240429362,observed_standardization_no_causal_or_significance_claim
24m,exclude_primary_dominant_project,04_500_1000,uniswap,2024-12,equal_project,25,44,0.5714179550522658,0.021193167205301306,0.5502247878469644,0.8360784296493362,0.8360583240429362,observed_standardization_no_causal_or_significance_claim
24m,exclude_primary_dominant_project,04_500_1000,uniswap,2025-01,overlap_exposure,25,42,1.1254260190495349,0.1038472982692879,1.021578720780247,1.0797313452318138,1.0796804050834254,observed_standardization_no_causal_or_significance_claim
24m,exclude_primary_dominant_project,04_500_1000,uniswap,2025-01,equal_project,25,42,0.8050524544742205,0.05670742760952319,0.7483450268646973,1.0797313452318138,1.0796804050834254,observed_standardization_no_causal_or_significance_claim
24m,exclude_primary_dominant_project,04_500_1000,uniswap,2025-02,overlap_exposure,26,43,0.8387177740047935,0.35661801901585105,0.4820997549889424,0.4164005633057915,0.4161838327477637,observed_standardization_no_causal_or_significance_claim
24m,exclude_primary_dominant_project,04_500_1000,uniswap,2025-02,equal_project,26,43,0.6758215182379049,0.16779577620070696,0.508025742037198,0.4164005633057915,0.4161838327477637,observed_standardization_no_causal_or_significance_claim
24m,exclude_primary_dominant_project,04_500_1000,uniswap,2025-03,overlap_exposure,26,42,0.6008300708848376,0.32841083362949075,0.2724192372553469,0.20555729780324306,0.2057418466109716,observed_standardization_no_causal_or_significance_claim
24m,exclude_primary_dominant_project,04_500_1000,uniswap,2025-03,equal_project,26,42,0.6542438183833995,0.21559016398346414,0.4386536543999354,0.20555729780324306,0.2057418466109716,observed_standardization_no_causal_or_significance_claim
24m,exclude_primary_dominant_project,04_500_1000,uniswap,2025-04,overlap_exposure,25,41,0.6121579630300085,0.3211135454299442,0.29104441760006433,0.2153925194097764,0.2151151854269845,observed_standardization_no_causal_or_significance_claim
24m,exclude_primary_dominant_project,04_500_1000,uniswap,2025-04,equal_project,25,41,0.8293362144290223,0.1732105992652894,0.6561256151637328,0.2153925194097764,0.2151151854269845,observed_standardization_no_causal_or_significance_claim
24m,exclude_primary_dominant_project,04_500_1000,uniswap,2025-05,overlap_exposure,26,43,0.7406113137981254,0.19064942510936983,0.5499618886887556,0.4795493152490594,0.4793599997392553,observed_standardization_no_causal_or_significance_claim
24m,exclude_primary_dominant_project,04_500_1000,uniswap,2025-05,equal_project,26,43,0.7117060787298463,0.1048709289599301,0.6068351497699161,0.4795493152490594,0.4793599997392553,observed_standardization_no_causal_or_significance_claim
24m,exclude_primary_dominant_project,04_500_1000,uniswap,2025-06,overlap_exposure,25,42,1.4844045711585576,0.201725585285884,1.2826789858726737,1.2351560976424765,1.2349782045465822,observed_standardization_no_causal_or_significance_claim
24m,exclude_primary_dominant_project,04_500_1000,uniswap,2025-06,equal_project,25,42,0.8624123453088384,0.0936132816025046,0.7687990637063338,1.2351560976424765,1.2349782045465822,observed_standardization_no_causal_or_significance_claim
24m,exclude_primary_dominant_project,04_500_1000,uniswap,2025-07,overlap_exposure,28,46,1.4464354967589974,0.16861431391204934,1.277821182846948,1.252181126023081,1.2520036428982906,observed_standardization_no_causal_or_significance_claim
24m,exclude_primary_dominant_project,04_500_1000,uniswap,2025-07,equal_project,28,46,0.7332050984852195,0.14564744009730443,0.5875576583879151,1.252181126023081,1.2520036428982906,observed_standardization_no_causal_or_significance_claim
24m,exclude_primary_dominant_project,04_500_1000,uniswap,2025-08,overlap_exposure,28,44,0.9443123445877891,0.15428289916316068,0.7900294454246285,0.6789080139767338,0.678984846458974,observed_standardization_no_causal_or_significance_claim
24m,exclude_primary_dominant_project,04_500_1000,uniswap,2025-08,equal_project,28,44,0.5329107150033019,0.13831369091550147,0.3945970240878005,0.6789080139767338,0.678984846458974,observed_standardization_no_causal_or_significance_claim
24m,exclude_primary_dominant_project,04_500_1000,uniswap,2025-09,overlap_exposure,28,45,0.7216312689632165,0.12309023243969779,0.5985410365235186,0.4783354050354585,0.4788784340318247,observed_standardization_no_causal_or_significance_claim
24m,exclude_primary_dominant_project,04_500_1000,uniswap,2025-09,equal_project,28,45,0.7992373859708489,0.0895820950501664,0.7096552909206825,0.4783354050354585,0.4788784340318247,observed_standardization_no_causal_or_significance_claim
24m,exclude_primary_dominant_project,04_500_1000,uniswap,2025-10,overlap_exposure,27,43,0.6868616116199849,0.19984327058250798,0.4870183410374769,0.4038466618009969,0.40407453470693994,observed_standardization_no_causal_or_significance_claim
24m,exclude_primary_dominant_project,04_500_1000,uniswap,2025-10,equal_project,27,43,0.5967539868408532,0.1765218855206653,0.420232101320188,0.4038466618009969,0.40407453470693994,observed_standardization_no_causal_or_significance_claim
24m,exclude_primary_dominant_project,04_500_1000,uniswap,2025-11,overlap_exposure,26,41,0.6495781037909073,0.28873417763041087,0.3608439261604964,0.2863993821397887,0.28665685137107794,observed_standardization_no_causal_or_significance_claim
24m,exclude_primary_dominant_project,04_500_1000,uniswap,2025-11,equal_project,26,41,0.7825612319063289,0.19604763529564315,0.5865135966106857,0.2863993821397887,0.28665685137107794,observed_standardization_no_causal_or_significance_claim
24m,exclude_primary_dominant_project,04_500_1000,uniswap,2025-12,overlap_exposure,27,42,0.889388909397933,0.5098497597072222,0.3795391496907108,0.24786619062963722,0.24785650016505142,observed_standardization_no_causal_or_significance_claim
24m,exclude_primary_dominant_project,04_500_1000,uniswap,2025-12,equal_project,27,42,0.3959120965478993,0.21443375284947794,0.18147834369842136,0.24786619062963722,0.24785650016505142,observed_standardization_no_causal_or_significance_claim
24m,exclude_primary_dominant_project,05_1000_2500,uniswap,2024-01,overlap_exposure,22,37,1.7946116119025683,0.07559610729637459,1.7190155046061937,1.4881244244593932,1.4893771289793345,observed_standardization_no_causal_or_significance_claim
24m,exclude_primary_dominant_project,05_1000_2500,uniswap,2024-01,equal_project,22,37,1.1141291624345069,0.026430349242993475,1.0876988131915135,1.4881244244593932,1.4893771289793345,observed_standardization_no_causal_or_significance_claim
24m,exclude_primary_dominant_project,05_1000_2500,uniswap,2024-02,overlap_exposure,21,36,1.2556278424558287,0.0617700612312154,1.1938577812246132,1.0410354193786557,1.0411918735577164,observed_standardization_no_causal_or_significance_claim
24m,exclude_primary_dominant_project,05_1000_2500,uniswap,2024-02,equal_project,21,36,0.6885895302356272,0.02120999176401871,0.6673795384716085,1.0410354193786557,1.0411918735577164,observed_standardization_no_causal_or_significance_claim
24m,exclude_primary_dominant_project,05_1000_2500,uniswap,2024-03,overlap_exposure,21,37,1.102823925681497,0.10925409364004687,0.99356983204145,0.9676217729839889,0.967767153321588,observed_standardization_no_causal_or_significance_claim
24m,exclude_primary_dominant_project,05_1000_2500,uniswap,2024-03,equal_project,21,37,0.7385046264632655,0.034617288057588985,0.7038873384056765,0.9676217729839889,0.967767153321588,observed_standardization_no_causal_or_significance_claim
24m,exclude_primary_dominant_project,05_1000_2500,uniswap,2024-04,overlap_exposure,22,37,1.8067838606396165,0.14751346301947482,1.659270397620142,1.63577710347985,1.6356466961888232,observed_standardization_no_causal_or_significance_claim
24m,exclude_primary_dominant_project,05_1000_2500,uniswap,2024-04,equal_project,22,37,1.2449606661440678,0.07060702180422376,1.174353644339844,1.63577710347985,1.6356466961888232,observed_standardization_no_causal_or_significance_claim
24m,exclude_primary_dominant_project,05_1000_2500,uniswap,2024-05,overlap_exposure,23,38,1.9744069818597676,0.1537284243541725,1.820678557505595,1.8425397653760314,1.842380336106042,observed_standardization_no_causal_or_significance_claim
24m,exclude_primary_dominant_project,05_1000_2500,uniswap,2024-05,equal_project,23,38,1.4053138985852973,0.053134077166736904,1.3521798214185605,1.8425397653760314,1.842380336106042,observed_standardization_no_causal_or_significance_claim
24m,exclude_primary_dominant_project,05_1000_2500,uniswap,2024-06,overlap_exposure,21,37,1.9798371289339416,0.18554930898732588,1.7942878199466157,1.948496615082184,1.9491658829999619,observed_standardization_no_causal_or_significance_claim
24m,exclude_primary_dominant_project,05_1000_2500,uniswap,2024-06,equal_project,21,37,1.670106667942341,0.05470562064716091,1.6154010472951803,1.948496615082184,1.9491658829999619,observed_standardization_no_causal_or_significance_claim
24m,exclude_primary_dominant_project,05_1000_2500,uniswap,2024-07,overlap_exposure,21,37,1.608306113066401,0.22387318241199744,1.3844329306544036,1.4074569477911971,1.4072518360645334,observed_standardization_no_causal_or_significance_claim
24m,exclude_primary_dominant_project,05_1000_2500,uniswap,2024-07,equal_project,21,37,1.1313335232158277,0.08682360989671177,1.0445099133191158,1.4074569477911971,1.4072518360645334,observed_standardization_no_causal_or_significance_claim
24m,exclude_primary_dominant_project,05_1000_2500,uniswap,2024-08,overlap_exposure,21,37,0.9408229679320177,0.2884312052414994,0.6523917626905182,0.5488551660460371,0.5489602843450913,observed_standardization_no_causal_or_significance_claim
24m,exclude_primary_dominant_project,05_1000_2500,uniswap,2024-08,equal_project,21,37,0.8845145708147308,0.12393420680054552,0.7605803640141853,0.5488551660460371,0.5489602843450913,observed_standardization_no_causal_or_significance_claim
24m,exclude_primary_dominant_project,05_1000_2500,uniswap,2024-09,overlap_exposure,24,41,0.868529277505007,0.3121736458090577,0.5563556316959493,0.479392249118335,0.4790626329504927,observed_standardization_no_causal_or_significance_claim
24m,exclude_primary_dominant_project,05_1000_2500,uniswap,2024-09,equal_project,24,41,0.9309078625762786,0.1649588451316698,0.7659490174446087,0.479392249118335,0.4790626329504927,observed_standardization_no_causal_or_significance_claim
24m,exclude_primary_dominant_project,05_1000_2500,uniswap,2024-10,overlap_exposure,25,41,0.9939609350332432,0.07156643811152097,0.9223944969217222,0.8891343467090372,0.8890795830956955,observed_standardization_no_causal_or_significance_claim
24m,exclude_primary_dominant_project,05_1000_2500,uniswap,2024-10,equal_project,25,41,0.6449988810221362,0.034999328582479367,0.6099995524396569,0.8891343467090372,0.8890795830956955,observed_standardization_no_causal_or_significance_claim
24m,exclude_primary_dominant_project,05_1000_2500,uniswap,2024-11,overlap_exposure,24,39,1.093983255901122,0.05831647232453448,1.0356667835765876,0.9814491660761845,0.9814334796520052,observed_standardization_no_causal_or_significance_claim
24m,exclude_primary_dominant_project,05_1000_2500,uniswap,2024-11,equal_project,24,39,1.1825854565722058,0.07044244822007789,1.1121430083521278,0.9814491660761845,0.9814334796520052,observed_standardization_no_causal_or_significance_claim
24m,exclude_primary_dominant_project,05_1000_2500,uniswap,2024-12,overlap_exposure,25,42,0.8021943906297013,0.07353294142374554,0.7286614492059559,0.7365931980693029,0.7365780396879217,observed_standardization_no_causal_or_significance_claim
24m,exclude_primary_dominant_project,05_1000_2500,uniswap,2024-12,equal_project,25,42,0.7531458459417155,0.021193167205301306,0.7319526787364141,0.7365931980693029,0.7365780396879217,observed_standardization_no_causal_or_significance_claim
24m,exclude_primary_dominant_project,05_1000_2500,uniswap,2025-01,overlap_exposure,25,41,0.9169820098038226,0.10692679713385134,0.8100552126699712,0.810037721653299,0.809985314719066,observed_standardization_no_causal_or_significance_claim
24m,exclude_primary_dominant_project,05_1000_2500,uniswap,2025-01,equal_project,25,41,1.0031599109633231,0.06174521098483805,0.941414699978485,0.810037721653299,0.809985314719066,observed_standardization_no_causal_or_significance_claim
24m,exclude_primary_dominant_project,05_1000_2500,uniswap,2025-02,overlap_exposure,25,41,0.9263948526636037,0.3347782573012957,0.5916165953623079,0.3304632896077978,0.33035886150761384,observed_standardization_no_causal_or_significance_claim
24m,exclude_primary_dominant_project,05_1000_2500,uniswap,2025-02,equal_project,25,41,1.998243052090845,0.15696374759961243,1.8412793044912328,0.3304632896077978,0.33035886150761384,observed_standardization_no_causal_or_significance_claim
24m,exclude_primary_dominant_project,05_1000_2500,uniswap,2025-03,overlap_exposure,25,42,0.6433194161257354,0.286987884277748,0.35633153184798744,0.1487496130133304,0.1489165051222244,observed_standardization_no_causal_or_significance_claim
24m,exclude_primary_dominant_project,05_1000_2500,uniswap,2025-03,equal_project,25,42,1.057274260257629,0.219930718796296,0.837343541461333,0.1487496130133304,0.1489165051222244,observed_standardization_no_causal_or_significance_claim
24m,exclude_primary_dominant_project,05_1000_2500,uniswap,2025-04,overlap_exposure,25,42,0.5894785383809165,0.2950665103729805,0.294412028007936,0.11783099915881698,0.1175620377722402,observed_standardization_no_causal_or_significance_claim
24m,exclude_primary_dominant_project,05_1000_2500,uniswap,2025-04,equal_project,25,42,1.0986573772690367,0.1685164060944972,0.9301409711745393,0.11783099915881698,0.1175620377722402,observed_standardization_no_causal_or_significance_claim
24m,exclude_primary_dominant_project,05_1000_2500,uniswap,2025-05,overlap_exposure,26,43,0.5810049650622328,0.18014043333801572,0.400864531724217,0.26598727076795037,0.2657974445048334,observed_standardization_no_causal_or_significance_claim
24m,exclude_primary_dominant_project,05_1000_2500,uniswap,2025-05,equal_project,26,43,0.9956036345081717,0.1048709289599301,0.8907327055482415,0.26598727076795037,0.2657974445048334,observed_standardization_no_causal_or_significance_claim
24m,exclude_primary_dominant_project,05_1000_2500,uniswap,2025-06,overlap_exposure,25,42,1.2130603162500986,0.18283913413016784,1.0302211821199307,0.8023615465949084,0.8022750958186892,observed_standardization_no_causal_or_significance_claim
24m,exclude_primary_dominant_project,05_1000_2500,uniswap,2025-06,equal_project,25,42,0.8936961589260212,0.0936132816025046,0.8000828773235167,0.8023615465949084,0.8022750958186892,observed_standardization_no_causal_or_significance_claim
24m,exclude_primary_dominant_project,05_1000_2500,uniswap,2025-07,overlap_exposure,27,45,1.366993284472803,0.15793018153466776,1.2090631029381353,1.0189066613974018,1.018744922888259,observed_standardization_no_causal_or_significance_claim
24m,exclude_primary_dominant_project,05_1000_2500,uniswap,2025-07,equal_project,27,45,0.9551067628009801,0.15104178973053795,0.8040649730704421,1.0189066613974018,1.018744922888259,observed_standardization_no_causal_or_significance_claim
24m,exclude_primary_dominant_project,05_1000_2500,uniswap,2025-08,overlap_exposure,28,45,1.129668157160746,0.139050202418387,0.990617954742359,0.8009232735523995,0.8010495441464175,observed_standardization_no_causal_or_significance_claim
24m,exclude_primary_dominant_project,05_1000_2500,uniswap,2025-08,equal_project,28,45,0.6569245935579638,0.13831369091550147,0.5186109026424625,0.8009232735523995,0.8010495441464175,observed_standardization_no_causal_or_significance_claim
24m,exclude_primary_dominant_project,05_1000_2500,uniswap,2025-09,overlap_exposure,27,43,0.8671966528431796,0.10812430293381625,0.7590723499093633,0.5374118341513192,0.5379156552009694,observed_standardization_no_causal_or_significance_claim
24m,exclude_primary_dominant_project,05_1000_2500,uniswap,2025-09,equal_project,27,43,0.9695043181294015,0.09289995042239478,0.8766043677070068,0.5374118341513192,0.5379156552009694,observed_standardization_no_causal_or_significance_claim
24m,exclude_primary_dominant_project,05_1000_2500,uniswap,2025-10,overlap_exposure,26,42,0.7612707535276955,0.21639429146371988,0.5448764620639756,0.35951855353656736,0.3597344802605262,observed_standardization_no_causal_or_significance_claim
24m,exclude_primary_dominant_project,05_1000_2500,uniswap,2025-10,equal_project,26,42,0.8011571488797072,0.18331118880992164,0.6178459600697855,0.35951855353656736,0.3597344802605262,observed_standardization_no_causal_or_significance_claim
24m,exclude_primary_dominant_project,05_1000_2500,uniswap,2025-11,overlap_exposure,26,41,0.6468655271804934,0.30613889485935136,0.34072663232114203,0.17687998134072705,0.1771325038826798,observed_standardization_no_causal_or_significance_claim
24m,exclude_primary_dominant_project,05_1000_2500,uniswap,2025-11,equal_project,26,41,0.6902564837776354,0.19604763529564315,0.49420884848199226,0.17687998134072705,0.1771325038826798,observed_standardization_no_causal_or_significance_claim
24m,exclude_primary_dominant_project,05_1000_2500,uniswap,2025-12,overlap_exposure,27,42,0.8044127958759641,0.4720464729378536,0.33236632293811047,0.12280001494027852,0.12257998531460934,observed_standardization_no_causal_or_significance_claim
24m,exclude_primary_dominant_project,05_1000_2500,uniswap,2025-12,equal_project,27,42,0.6276285439912993,1.1403596787754038,-0.5127311347841045,0.12280001494027852,0.12257998531460934,observed_standardization_no_causal_or_significance_claim
24m,exclude_primary_dominant_project,06_2500_5000,uniswap,2024-01,overlap_exposure,23,37,2.2287950260182705,0.074090553986424,2.1547044720318467,1.889274324261566,1.8903717598356948,observed_standardization_no_causal_or_significance_claim
24m,exclude_primary_dominant_project,06_2500_5000,uniswap,2024-01,equal_project,23,37,1.8020882015564506,0.025281203623732887,1.776806997932718,1.889274324261566,1.8903717598356948,observed_standardization_no_causal_or_significance_claim
24m,exclude_primary_dominant_project,06_2500_5000,uniswap,2024-02,overlap_exposure,21,35,1.5883149602960764,0.06190447357817647,1.5264104867179,1.357840661366874,1.358116889540307,observed_standardization_no_causal_or_significance_claim
24m,exclude_primary_dominant_project,06_2500_5000,uniswap,2024-02,equal_project,21,35,1.852063118374924,0.02120999176401871,1.8308531266109054,1.357840661366874,1.358116889540307,observed_standardization_no_causal_or_significance_claim
24m,exclude_primary_dominant_project,06_2500_5000,uniswap,2024-03,overlap_exposure,20,35,1.5429066522049162,0.11749520807895844,1.4254114441259578,1.3036815875193044,1.3035655427742316,observed_standardization_no_causal_or_significance_claim
24m,exclude_primary_dominant_project,06_2500_5000,uniswap,2024-03,equal_project,20,35,1.4608974716428669,0.036348152460468436,1.4245493191823984,1.3036815875193044,1.3035655427742316,observed_standardization_no_causal_or_significance_claim
24m,exclude_primary_dominant_project,06_2500_5000,uniswap,2024-04,overlap_exposure,22,37,2.2033244109874155,0.16276949216513933,2.0405549188222762,2.0135009529312047,2.01335122489397,observed_standardization_no_causal_or_significance_claim
24m,exclude_primary_dominant_project,06_2500_5000,uniswap,2024-04,equal_project,22,37,1.6755786903261243,0.07060702180422376,1.6049716685219004,2.0135009529312047,2.01335122489397,observed_standardization_no_causal_or_significance_claim
24m,exclude_primary_dominant_project,06_2500_5000,uniswap,2024-05,overlap_exposure,23,38,2.1129756380861395,0.14215135314437677,1.9708242849417628,1.9272979162396606,1.9271562187299993,observed_standardization_no_causal_or_significance_claim
24m,exclude_primary_dominant_project,06_2500_5000,uniswap,2024-05,equal_project,23,38,2.1804563389097225,0.053134077166736904,2.1273222617429854,1.9272979162396606,1.9271562187299993,observed_standardization_no_causal_or_significance_claim
24m,exclude_primary_dominant_project,06_2500_5000,uniswap,2024-06,overlap_exposure,21,37,1.9280693970660616,0.15425012122481932,1.7738192758412423,1.656253664806516,1.6568953012437864,observed_standardization_no_causal_or_significance_claim
24m,exclude_primary_dominant_project,06_2500_5000,uniswap,2024-06,equal_project,21,37,1.956980769498019,0.05470562064716091,1.9022751488508582,1.656253664806516,1.6568953012437864,observed_standardization_no_causal_or_significance_claim
24m,exclude_primary_dominant_project,06_2500_5000,uniswap,2024-07,overlap_exposure,22,38,1.2085185776456189,0.2033723556999315,1.0051462219456873,0.8062599063252764,0.8061333785178864,observed_standardization_no_causal_or_significance_claim
24m,exclude_primary_dominant_project,06_2500_5000,uniswap,2024-07,equal_project,22,38,1.0586367917993893,0.08287708217413395,0.9757597096252555,0.8062599063252764,0.8061333785178864,observed_standardization_no_causal_or_significance_claim
24m,exclude_primary_dominant_project,06_2500_5000,uniswap,2024-08,overlap_exposure,21,37,0.9774170452531092,0.27147956379079985,0.7059374814623095,0.515265260808336,0.5153638371243355,observed_standardization_no_causal_or_significance_claim
24m,exclude_primary_dominant_project,06_2500_5000,uniswap,2024-08,equal_project,21,37,1.174578784371974,0.12393420680054552,1.0506445775714284,0.515265260808336,0.5153638371243355,observed_standardization_no_causal_or_significance_claim
24m,exclude_primary_dominant_project,06_2500_5000,uniswap,2024-09,overlap_exposure,24,41,0.7844657714757265,0.3060598363690769,0.4784059351066495,0.39009609556940966,0.3897664794015673,observed_standardization_no_causal_or_significance_claim
24m,exclude_primary_dominant_project,06_2500_5000,uniswap,2024-09,equal_project,24,41,1.0123393446668005,0.1649588451316698,0.8473804995351306,0.39009609556940966,0.3897664794015673,observed_standardization_no_causal_or_significance_claim
24m,exclude_primary_dominant_project,06_2500_5000,uniswap,2024-10,overlap_exposure,25,40,0.8655622695583178,0.07229482713176394,0.7932674424265538,0.6512520933255267,0.6511963420302012,observed_standardization_no_causal_or_significance_claim
24m,exclude_primary_dominant_project,06_2500_5000,uniswap,2024-10,equal_project,25,40,0.6860346896822671,0.03521722911088814,0.650817460571379,0.6512520933255267,0.6511963420302012,observed_standardization_no_causal_or_significance_claim
24m,exclude_primary_dominant_project,06_2500_5000,uniswap,2024-11,overlap_exposure,24,40,0.8770146207655913,0.05827874727522609,0.8187358734903653,0.667854212324501,0.6679369150093144,observed_standardization_no_causal_or_significance_claim
24m,exclude_primary_dominant_project,06_2500_5000,uniswap,2024-11,equal_project,24,40,0.8463932260064316,0.07037202489136433,0.7760212011150672,0.667854212324501,0.6679369150093144,observed_standardization_no_causal_or_significance_claim
24m,exclude_primary_dominant_project,06_2500_5000,uniswap,2024-12,overlap_exposure,25,41,0.7592895928648098,0.07809134334988516,0.6811982495149247,0.621673285237172,0.6216506254067636,observed_standardization_no_causal_or_significance_claim
24m,exclude_primary_dominant_project,06_2500_5000,uniswap,2024-12,equal_project,25,41,0.9244991951920596,0.021489279957839523,0.9030099152342199,0.621673285237172,0.6216506254067636,observed_standardization_no_causal_or_significance_claim
24m,exclude_primary_dominant_project,06_2500_5000,uniswap,2025-01,overlap_exposure,25,41,1.058804716734742,0.09413926727243706,0.964665449462305,0.8059014055133756,0.8058606737295325,observed_standardization_no_causal_or_significance_claim
24m,exclude_primary_dominant_project,06_2500_5000,uniswap,2025-01,equal_project,25,41,0.7946642112393,0.06174521098483805,0.7329190002544619,0.8059014055133756,0.8058606737295325,observed_standardization_no_causal_or_significance_claim
24m,exclude_primary_dominant_project,06_2500_5000,uniswap,2025-02,overlap_exposure,25,41,0.8062558040886036,0.28135134356352726,0.5249044605250764,0.21815297537357206,0.2180443888179676,observed_standardization_no_causal_or_significance_claim
24m,exclude_primary_dominant_project,06_2500_5000,uniswap,2025-02,equal_project,25,41,5.012211606449771,0.15696374759961243,4.855247858850158,0.21815297537357206,0.2180443888179676,observed_standardization_no_causal_or_significance_claim
24m,exclude_primary_dominant_project,06_2500_5000,uniswap,2025-03,overlap_exposure,25,42,0.5545703846598345,0.23394350901125388,0.3206268756485806,0.15346278173285513,0.15362967384174916,observed_standardization_no_causal_or_significance_claim
24m,exclude_primary_dominant_project,06_2500_5000,uniswap,2025-03,equal_project,25,42,0.9389497653798222,0.219930718796296,0.7190190465835262,0.15346278173285513,0.15362967384174916,observed_standardization_no_causal_or_significance_claim
24m,exclude_primary_dominant_project,06_2500_5000,uniswap,2025-04,overlap_exposure,25,42,0.5505109853854759,0.2659828058732059,0.28452817951227005,0.13763458637289064,0.13738224835525945,observed_standardization_no_causal_or_significance_claim
24m,exclude_primary_dominant_project,06_2500_5000,uniswap,2025-04,equal_project,25,42,1.3925706091685526,0.1685164060944972,1.2240542030740553,0.13763458637289064,0.13738224835525945,observed_standardization_no_causal_or_significance_claim
24m,exclude_primary_dominant_project,06_2500_5000,uniswap,2025-05,overlap_exposure,26,43,0.651263950186218,0.15928605572598908,0.49197789446022894,0.30720443505227113,0.30701460878915415,observed_standardization_no_causal_or_significance_claim
24m,exclude_primary_dominant_project,06_2500_5000,uniswap,2025-05,equal_project,26,43,0.7820175305180607,0.1048709289599301,0.6771466015581306,0.30720443505227113,0.30701460878915415,observed_standardization_no_causal_or_significance_claim
24m,exclude_primary_dominant_project,06_2500_5000,uniswap,2025-06,overlap_exposure,25,42,0.8676753830628612,0.16611030400960788,0.7015650790532533,0.48084145568223846,0.481160610664956,observed_standardization_no_causal_or_significance_claim
24m,exclude_primary_dominant_project,06_2500_5000,uniswap,2025-06,equal_project,25,42,0.7094156685161892,0.0936132816025046,0.6158023869136846,0.48084145568223846,0.481160610664956,observed_standardization_no_causal_or_significance_claim
24m,exclude_primary_dominant_project,06_2500_5000,uniswap,2025-07,overlap_exposure,27,44,1.1073078929037246,0.13994757465903437,0.96736031824469,0.708820205127197,0.7090518639282551,observed_standardization_no_causal_or_significance_claim
24m,exclude_primary_dominant_project,06_2500_5000,uniswap,2025-07,equal_project,27,44,0.7980577724154033,0.15104178973053795,0.6470159826848654,0.708820205127197,0.7090518639282551,observed_standardization_no_causal_or_significance_claim
24m,exclude_primary_dominant_project,06_2500_5000,uniswap,2025-08,overlap_exposure,28,44,1.3332371485140817,0.12437057517364809,1.2088665733404336,0.9212533191615236,0.9213554232607856,observed_standardization_no_causal_or_significance_claim
24m,exclude_primary_dominant_project,06_2500_5000,uniswap,2025-08,equal_project,28,44,0.9551482254197216,0.13831369091550147,0.8168345345042201,0.9212533191615236,0.9213554232607856,observed_standardization_no_causal_or_significance_claim
24m,exclude_primary_dominant_project,06_2500_5000,uniswap,2025-09,overlap_exposure,27,43,0.8447689361427498,0.09472551022818117,0.7500434259145687,0.5902121261048204,0.5907159471544705,observed_standardization_no_causal_or_significance_claim
24m,exclude_primary_dominant_project,06_2500_5000,uniswap,2025-09,equal_project,27,43,0.7826441685145611,0.09289995042239478,0.6897442180921662,0.5902121261048204,0.5907159471544705,observed_standardization_no_causal_or_significance_claim
24m,exclude_primary_dominant_project,06_2500_5000,uniswap,2025-10,overlap_exposure,26,42,0.6516425643971746,0.23296231454951744,0.41868024984765717,0.2750888350964343,0.2753047618203931,observed_standardization_no_causal_or_significance_claim
24m,exclude_primary_dominant_project,06_2500_5000,uniswap,2025-10,equal_project,26,42,0.5632752701437369,0.18331118880992164,0.37996408133381526,0.2750888350964343,0.2753047618203931,observed_standardization_no_causal_or_significance_claim
24m,exclude_primary_dominant_project,06_2500_5000,uniswap,2025-11,overlap_exposure,25,40,0.5574551762774693,0.2854007338922928,0.27205444238517645,0.13693775437518702,0.13718989639527102,observed_standardization_no_causal_or_significance_claim
24m,exclude_primary_dominant_project,06_2500_5000,uniswap,2025-11,equal_project,25,40,1.4783373619240272,0.2038895407074689,1.2744478212165584,0.13693775437518702,0.13718989639527102,observed_standardization_no_causal_or_significance_claim
24m,exclude_primary_dominant_project,06_2500_5000,uniswap,2025-12,overlap_exposure,24,39,0.6931656880138115,0.39273356637706086,0.30043212163675065,0.05818794631795299,0.05883573995163005,observed_standardization_no_causal_or_significance_claim
24m,exclude_primary_dominant_project,06_2500_5000,uniswap,2025-12,equal_project,24,39,0.9606941594158745,0.19099060027971954,0.7697035591361551,0.05818794631795299,0.05883573995163005,observed_standardization_no_causal_or_significance_claim
24m,exclude_primary_dominant_project,07_5000_10000,uniswap,2024-01,overlap_exposure,23,37,1.999166856582913,0.06859081133107872,1.9305760452518343,1.6347802089876875,1.635909093534772,observed_standardization_no_causal_or_significance_claim
24m,exclude_primary_dominant_project,07_5000_10000,uniswap,2024-01,equal_project,23,37,1.6171695862789832,0.025281203623732887,1.5918883826552506,1.6347802089876875,1.635909093534772,observed_standardization_no_causal_or_significance_claim
24m,exclude_primary_dominant_project,07_5000_10000,uniswap,2024-02,overlap_exposure,20,34,1.8845782996101708,0.06047632251220549,1.8241019770979652,1.6900530812354642,1.6906442795067902,observed_standardization_no_causal_or_significance_claim
24m,exclude_primary_dominant_project,07_5000_10000,uniswap,2024-02,equal_project,20,34,2.50028292871649,0.022270491352219646,2.4780124373642702,1.6900530812354642,1.6906442795067902,observed_standardization_no_causal_or_significance_claim
24m,exclude_primary_dominant_project,07_5000_10000,uniswap,2024-03,overlap_exposure,20,35,1.9174161413672686,0.11880189279609081,1.7986142485711776,1.5580280677423637,1.5579967386670135,observed_standardization_no_causal_or_significance_claim
24m,exclude_primary_dominant_project,07_5000_10000,uniswap,2024-03,equal_project,20,35,1.552592140515659,0.036348152460468436,1.5162439880551906,1.5580280677423637,1.5579967386670135,observed_standardization_no_causal_or_significance_claim
24m,exclude_primary_dominant_project,07_5000_10000,uniswap,2024-04,overlap_exposure,21,36,1.819118532668746,0.16525005581940277,1.6538684768493432,1.4359862195177149,1.4358581853967434,observed_standardization_no_causal_or_significance_claim
24m,exclude_primary_dominant_project,07_5000_10000,uniswap,2024-04,equal_project,21,36,1.962915635563303,0.07396926093775824,1.8889463746255448,1.4359862195177149,1.4358581853967434,observed_standardization_no_causal_or_significance_claim
24m,exclude_primary_dominant_project,07_5000_10000,uniswap,2024-05,overlap_exposure,22,37,1.810838382692911,0.1322007995616542,1.678637583131257,1.268898373323544,1.26875354699606,observed_standardization_no_causal_or_significance_claim
24m,exclude_primary_dominant_project,07_5000_10000,uniswap,2024-05,equal_project,22,37,2.1830813521669588,0.05554926249249768,2.127532089674461,1.268898373323544,1.26875354699606,observed_standardization_no_causal_or_significance_claim
24m,exclude_primary_dominant_project,07_5000_10000,uniswap,2024-06,overlap_exposure,21,37,1.552323630682225,0.13170138330285303,1.420622247379372,0.9473272544209564,0.9479688908582267,observed_standardization_no_causal_or_significance_claim
24m,exclude_primary_dominant_project,07_5000_10000,uniswap,2024-06,equal_project,21,37,1.072133279099354,0.05470562064716091,1.017427658452193,0.9473272544209564,0.9479688908582267,observed_standardization_no_causal_or_significance_claim
24m,exclude_primary_dominant_project,07_5000_10000,uniswap,2024-07,overlap_exposure,20,36,1.0129487211186412,0.1762313229196856,0.8367173981989556,0.5143298972367181,0.5138876987850319,observed_standardization_no_causal_or_significance_claim
24m,exclude_primary_dominant_project,07_5000_10000,uniswap,2024-07,equal_project,20,36,2.275823743020122,0.09116479039154735,2.1846589526285745,0.5143298972367181,0.5138876987850319,observed_standardization_no_causal_or_significance_claim
24m,exclude_primary_dominant_project,07_5000_10000,uniswap,2024-08,overlap_exposure,21,37,1.241729184889603,0.22931136040090622,1.0124178244886968,0.8161849504076129,0.8162835267236124,observed_standardization_no_causal_or_significance_claim
24m,exclude_primary_dominant_project,07_5000_10000,uniswap,2024-08,equal_project,21,37,1.3846205568458942,0.12393420680054552,1.2606863500453487,0.8161849504076129,0.8162835267236124,observed_standardization_no_causal_or_significance_claim
24m,exclude_primary_dominant_project,07_5000_10000,uniswap,2024-09,overlap_exposure,23,40,1.2481868777709273,0.28590553170814564,0.9622813460627816,0.9921188277851847,0.9915214810717147,observed_standardization_no_causal_or_significance_claim
24m,exclude_primary_dominant_project,07_5000_10000,uniswap,2024-09,equal_project,23,40,1.38899126830021,0.17213096883304677,1.2168602994671631,0.9921188277851847,0.9915214810717147,observed_standardization_no_causal_or_significance_claim
24m,exclude_primary_dominant_project,07_5000_10000,uniswap,2024-10,overlap_exposure,23,39,0.8644643046479978,0.06320680719597147,0.8012574974520265,0.5661236215126915,0.5660177430069677,observed_standardization_no_causal_or_significance_claim
24m,exclude_primary_dominant_project,07_5000_10000,uniswap,2024-10,equal_project,23,39,1.0087306336179502,0.038042748459216694,0.9706878851587334,0.5661236215126915,0.5660177430069677,observed_standardization_no_causal_or_significance_claim
24m,exclude_primary_dominant_project,07_5000_10000,uniswap,2024-11,overlap_exposure,24,40,0.6704248980487165,0.05344562737144453,0.6169792706772721,0.5057801756673771,0.5062874579262006,observed_standardization_no_causal_or_significance_claim
24m,exclude_primary_dominant_project,07_5000_10000,uniswap,2024-11,equal_project,24,40,3.469038932062838,0.07037202489136433,3.3986669071714735,0.5057801756673771,0.5062874579262006,observed_standardization_no_causal_or_significance_claim
24m,exclude_primary_dominant_project,07_5000_10000,uniswap,2024-12,overlap_exposure,25,42,0.5739605668947195,0.07354854086234057,0.5004120260323789,0.42625356253151103,0.4262312219930498,observed_standardization_no_causal_or_significance_claim
24m,exclude_primary_dominant_project,07_5000_10000,uniswap,2024-12,equal_project,25,42,1.1489797314336891,0.021193167205301306,1.127786564228388,0.42625356253151103,0.4262312219930498,observed_standardization_no_causal_or_significance_claim
24m,exclude_primary_dominant_project,07_5000_10000,uniswap,2025-01,overlap_exposure,25,41,0.8156528994767601,0.060711860717860194,0.7549410387589,0.5146635096226752,0.5146271246279388,observed_standardization_no_causal_or_significance_claim
24m,exclude_primary_dominant_project,07_5000_10000,uniswap,2025-01,equal_project,25,41,0.9872394099917421,0.06174521098483805,0.925494199006904,0.5146635096226752,0.5146271246279388,observed_standardization_no_causal_or_significance_claim
24m,exclude_primary_dominant_project,07_5000_10000,uniswap,2025-02,overlap_exposure,24,40,0.54896257061823,0.24000723152732542,0.30895533909090456,0.08494211429448938,0.08480931397549714,observed_standardization_no_causal_or_significance_claim
24m,exclude_primary_dominant_project,07_5000_10000,uniswap,2025-02,equal_project,24,40,0.9426053011562096,0.16350390374959628,0.7791013974066132,0.08494211429448938,0.08480931397549714,observed_standardization_no_causal_or_significance_claim
24m,exclude_primary_dominant_project,07_5000_10000,uniswap,2025-03,overlap_exposure,25,42,0.5660470147885611,0.20191316039316343,0.36413385439539764,0.24392158705060984,0.24408847915950385,observed_standardization_no_causal_or_significance_claim
24m,exclude_primary_dominant_project,07_5000_10000,uniswap,2025-03,equal_project,25,42,1.308865477881686,0.219930718796296,1.08893475908539,0.24392158705060984,0.24408847915950385,observed_standardization_no_causal_or_significance_claim
24m,exclude_primary_dominant_project,07_5000_10000,uniswap,2025-04,overlap_exposure,24,41,0.6581757103196052,0.2475120292721586,0.41066368104744655,0.2662195651662269,0.2685908450814621,observed_standardization_no_causal_or_significance_claim
24m,exclude_primary_dominant_project,07_5000_10000,uniswap,2025-04,equal_project,24,41,0.8240011254221509,0.14449854734997178,0.6795025780721791,0.2662195651662269,0.2685908450814621,observed_standardization_no_causal_or_significance_claim
24m,exclude_primary_dominant_project,07_5000_10000,uniswap,2025-05,overlap_exposure,25,42,0.8060375392938736,0.15511054936197688,0.6509269899318967,0.43610069959189657,0.43320047030152004,observed_standardization_no_causal_or_significance_claim
24m,exclude_primary_dominant_project,07_5000_10000,uniswap,2025-05,equal_project,25,42,0.8705092952902875,0.10906576611832731,0.7614435291719602,0.43610069959189657,0.43320047030152004,observed_standardization_no_causal_or_significance_claim
24m,exclude_primary_dominant_project,07_5000_10000,uniswap,2025-06,overlap_exposure,24,40,0.9804850238492335,0.1641491100756803,0.8163359137735533,0.5527259271585924,0.5585782029177297,observed_standardization_no_causal_or_significance_claim
24m,exclude_primary_dominant_project,07_5000_10000,uniswap,2025-06,equal_project,24,40,0.9279782947364507,0.10259341994067218,0.8253848747957785,0.5527259271585924,0.5585782029177297,observed_standardization_no_causal_or_significance_claim
24m,exclude_primary_dominant_project,07_5000_10000,uniswap,2025-07,overlap_exposure,26,43,1.1202626915613454,0.13154238697017762,0.9887203045911678,0.6679335658975132,0.6733153641614886,observed_standardization_no_causal_or_significance_claim
24m,exclude_primary_dominant_project,07_5000_10000,uniswap,2025-07,equal_project,26,43,1.4535886951782089,0.15685108933555864,1.2967376058426503,0.6679335658975132,0.6733153641614886,observed_standardization_no_causal_or_significance_claim
24m,exclude_primary_dominant_project,07_5000_10000,uniswap,2025-08,overlap_exposure,27,43,1.2012359033084719,0.11508274666565917,1.0861531566428126,0.710323549948989,0.7102104449819052,observed_standardization_no_causal_or_significance_claim
24m,exclude_primary_dominant_project,07_5000_10000,uniswap,2025-08,equal_project,27,43,0.9591985800930647,0.1434364202086682,0.8157621598843965,0.710323549948989,0.7102104449819052,observed_standardization_no_causal_or_significance_claim
24m,exclude_primary_dominant_project,07_5000_10000,uniswap,2025-09,overlap_exposure,27,43,0.7780632703673076,0.07751874820958198,0.7005445221577256,0.43369014409183865,0.4341939651414888,observed_standardization_no_causal_or_significance_claim
24m,exclude_primary_dominant_project,07_5000_10000,uniswap,2025-09,equal_project,27,43,0.65363554007434,0.09289995042239478,0.5607355896519453,0.43369014409183865,0.4341939651414888,observed_standardization_no_causal_or_significance_claim
24m,exclude_primary_dominant_project,07_5000_10000,uniswap,2025-10,overlap_exposure,25,40,0.5623771325721607,0.2023557293210964,0.3600214032510643,0.17043686549979517,0.1709706330047381,observed_standardization_no_causal_or_significance_claim
24m,exclude_primary_dominant_project,07_5000_10000,uniswap,2025-10,equal_project,25,40,0.615603352201474,0.18351726746656039,0.43208608473491356,0.17043686549979517,0.1709706330047381,observed_standardization_no_causal_or_significance_claim
24m,exclude_primary_dominant_project,07_5000_10000,uniswap,2025-11,overlap_exposure,25,41,0.5744921727770171,0.2033822832931063,0.3711098894839109,0.12569449406598537,0.1259470166079381,observed_standardization_no_causal_or_significance_claim
24m,exclude_primary_dominant_project,07_5000_10000,uniswap,2025-11,equal_project,25,41,0.39210211491143376,0.2038895407074689,0.18821257420396487,0.12569449406598537,0.1259470166079381,observed_standardization_no_causal_or_significance_claim
24m,exclude_primary_dominant_project,07_5000_10000,uniswap,2025-12,overlap_exposure,21,35,0.5687242373081958,0.3369575719352546,0.23176666537294122,-0.06695578827280958,-0.07958523530116421,observed_standardization_no_causal_or_significance_claim
24m,exclude_primary_dominant_project,07_5000_10000,uniswap,2025-12,equal_project,21,35,0.47715421861912527,0.21655026647628256,0.2606039521428427,-0.06695578827280958,-0.07958523530116421,observed_standardization_no_causal_or_significance_claim
24m,exclude_primary_dominant_project,08_10000_25000,uniswap,2024-01,overlap_exposure,23,36,2.3105786000894737,0.05346234682841929,2.2571162532610543,1.409596639956536,1.410690027525452,observed_standardization_no_causal_or_significance_claim
24m,exclude_primary_dominant_project,08_10000_25000,uniswap,2024-01,equal_project,23,36,2.079979266253395,0.025281203623732887,2.0546980626296625,1.409596639956536,1.410690027525452,observed_standardization_no_causal_or_significance_claim
24m,exclude_primary_dominant_project,08_10000_25000,uniswap,2024-02,overlap_exposure,22,35,2.0518742039160967,0.05726209872439785,1.994612105191699,1.5947135156155912,1.5950935827854513,observed_standardization_no_causal_or_significance_claim
24m,exclude_primary_dominant_project,08_10000_25000,uniswap,2024-02,equal_project,22,35,1.6533315026710114,0.02024590122929059,1.6330856014417208,1.5947135156155912,1.5950935827854513,observed_standardization_no_causal_or_significance_claim
24m,exclude_primary_dominant_project,08_10000_25000,uniswap,2024-03,overlap_exposure,20,35,2.3691678147251443,0.11510539741386887,2.254062417311275,1.6244177404409488,1.6254545862533256,observed_standardization_no_causal_or_significance_claim
24m,exclude_primary_dominant_project,08_10000_25000,uniswap,2024-03,equal_project,20,35,2.253570741868261,0.036348152460468436,2.2172225894077924,1.6244177404409488,1.6254545862533256,observed_standardization_no_causal_or_significance_claim
24m,exclude_primary_dominant_project,08_10000_25000,uniswap,2024-04,overlap_exposure,20,35,2.3193907015503337,0.17974765930861414,2.1396430422417194,1.3073800969774234,1.3073042719150385,observed_standardization_no_causal_or_significance_claim
24m,exclude_primary_dominant_project,08_10000_25000,uniswap,2024-04,equal_project,20,35,1.7715656424013313,0.07766772398464614,1.6938979184166851,1.3073800969774234,1.3073042719150385,observed_standardization_no_causal_or_significance_claim
24m,exclude_primary_dominant_project,08_10000_25000,uniswap,2024-05,overlap_exposure,23,37,2.423586338004364,0.11425880876380005,2.309327529240564,1.554588083811531,1.5569692003459012,observed_standardization_no_causal_or_significance_claim
24m,exclude_primary_dominant_project,08_10000_25000,uniswap,2024-05,equal_project,23,37,1.9069747537164954,0.05076562636555517,1.8562091273509402,1.554588083811531,1.5569692003459012,observed_standardization_no_causal_or_significance_claim
24m,exclude_primary_dominant_project,08_10000_25000,uniswap,2024-06,overlap_exposure,20,36,1.5349915522840671,0.09777550387454038,1.4372160484095267,0.9819532195535567,0.9824251004741235,observed_standardization_no_causal_or_significance_claim
24m,exclude_primary_dominant_project,08_10000_25000,uniswap,2024-06,equal_project,20,36,1.0649412685423834,0.05744090167951896,1.0075003668628644,0.9819532195535567,0.9824251004741235,observed_standardization_no_causal_or_significance_claim
24m,exclude_primary_dominant_project,08_10000_25000,uniswap,2024-07,overlap_exposure,21,37,1.1617943907015909,0.13685803109815933,1.0249363596034318,0.6736036165657613,0.6733807719097613,observed_standardization_no_causal_or_significance_claim
24m,exclude_primary_dominant_project,08_10000_25000,uniswap,2024-07,equal_project,21,37,1.243168183931957,0.08682360989671177,1.1563445740352454,0.6736036165657613,0.6733807719097613,observed_standardization_no_causal_or_significance_claim
24m,exclude_primary_dominant_project,08_10000_25000,uniswap,2024-08,overlap_exposure,20,36,1.4467167790653315,0.1853520824138025,1.261364696651529,0.8777415976676268,0.877276987931696,observed_standardization_no_causal_or_significance_claim
24m,exclude_primary_dominant_project,08_10000_25000,uniswap,2024-08,equal_project,20,36,1.252985682233616,0.13013091714057282,1.1228547650930432,0.8777415976676268,0.877276987931696,observed_standardization_no_causal_or_significance_claim
24m,exclude_primary_dominant_project,08_10000_25000,uniswap,2024-09,overlap_exposure,22,39,0.9370757978216573,0.2813718916594746,0.6557039061621827,0.4296998494336861,0.4860959556404126,observed_standardization_no_causal_or_significance_claim
24m,exclude_primary_dominant_project,08_10000_25000,uniswap,2024-09,equal_project,22,39,0.6942384314524289,0.11534781945964795,0.5788906119927809,0.4296998494336861,0.4860959556404126,observed_standardization_no_causal_or_significance_claim
24m,exclude_primary_dominant_project,08_10000_25000,uniswap,2024-10,overlap_exposure,22,38,0.8446138640466626,0.05030410313915165,0.7943097609075109,0.5956132249358705,0.5952687357300018,observed_standardization_no_causal_or_significance_claim
24m,exclude_primary_dominant_project,08_10000_25000,uniswap,2024-10,equal_project,22,38,1.137682896086819,0.03718980871479092,1.1004930873720282,0.5956132249358705,0.5952687357300018,observed_standardization_no_causal_or_significance_claim
24m,exclude_primary_dominant_project,08_10000_25000,uniswap,2024-11,overlap_exposure,24,39,0.7308360142095176,0.036470227558615766,0.6943657866509018,0.5655546897193074,0.5649819865268938,observed_standardization_no_causal_or_significance_claim
24m,exclude_primary_dominant_project,08_10000_25000,uniswap,2024-11,equal_project,24,39,1.0395227066066544,0.07023117823393722,0.969291528372717,0.5655546897193074,0.5649819865268938,observed_standardization_no_causal_or_significance_claim
24m,exclude_primary_dominant_project,08_10000_25000,uniswap,2024-12,overlap_exposure,25,42,0.5082468456534482,0.0588197639252752,0.4494270817281731,0.3449309406260074,0.3449178829546247,observed_standardization_no_causal_or_significance_claim
24m,exclude_primary_dominant_project,08_10000_25000,uniswap,2024-12,equal_project,25,42,1.5145154188652847,0.021193167205301306,1.4933222516599836,0.3449309406260074,0.3449178829546247,observed_standardization_no_causal_or_significance_claim
24m,exclude_primary_dominant_project,08_10000_25000,uniswap,2025-01,overlap_exposure,24,39,0.5932270080099777,0.04011233689225419,0.5531146711177236,0.3267171298906439,0.3235357319882397,observed_standardization_no_causal_or_significance_claim
24m,exclude_primary_dominant_project,08_10000_25000,uniswap,2025-01,equal_project,24,39,1.4493063781253714,0.06526478272200968,1.3840415954033618,0.3267171298906439,0.3235357319882397,observed_standardization_no_causal_or_significance_claim
24m,exclude_primary_dominant_project,08_10000_25000,uniswap,2025-02,overlap_exposure,24,40,0.5549035324433618,0.19915032240518585,0.35575321003817595,0.18173811724042968,0.18161688004250912,observed_standardization_no_causal_or_significance_claim
24m,exclude_primary_dominant_project,08_10000_25000,uniswap,2025-02,equal_project,24,40,1.7529196241873186,0.16350390374959628,1.5894157204377222,0.18173811724042968,0.18161688004250912,observed_standardization_no_causal_or_significance_claim
24m,exclude_primary_dominant_project,08_10000_25000,uniswap,2025-03,overlap_exposure,26,43,0.6361916764178095,0.16296631101948067,0.4732253653983288,0.30104834468545444,0.3007982188972012,observed_standardization_no_causal_or_significance_claim
24m,exclude_primary_dominant_project,08_10000_25000,uniswap,2025-03,equal_project,26,43,0.8766885333370025,0.28140191492650846,0.5952866184104941,0.30104834468545444,0.3007982188972012,observed_standardization_no_causal_or_significance_claim
24m,exclude_primary_dominant_project,08_10000_25000,uniswap,2025-04,overlap_exposure,25,41,0.847661223006305,0.20982598645639008,0.6378352365499149,0.43968408979966994,0.4432693786404136,observed_standardization_no_causal_or_significance_claim
24m,exclude_primary_dominant_project,08_10000_25000,uniswap,2025-04,equal_project,25,41,1.019706431458712,0.1324357639888734,0.8872706674698386,0.43968408979966994,0.4432693786404136,observed_standardization_no_causal_or_significance_claim
24m,exclude_primary_dominant_project,08_10000_25000,uniswap,2025-05,overlap_exposure,25,41,0.9690336615266989,0.14322795024496499,0.825805711281734,0.5905659623041802,0.5834228616590678,observed_standardization_no_causal_or_significance_claim
24m,exclude_primary_dominant_project,08_10000_25000,uniswap,2025-05,equal_project,25,41,0.7038761715110184,0.09986195216325015,0.6040142193477683,0.5905659623041802,0.5834228616590678,observed_standardization_no_causal_or_significance_claim
24m,exclude_primary_dominant_project,08_10000_25000,uniswap,2025-06,overlap_exposure,22,37,1.153732545731632,0.14485827356094289,1.0088742721706891,0.6477861496601648,0.667835585419682,observed_standardization_no_causal_or_significance_claim
24m,exclude_primary_dominant_project,08_10000_25000,uniswap,2025-06,equal_project,22,37,1.440776725673376,0.09049667668907993,1.350280048984296,0.6477861496601648,0.667835585419682,observed_standardization_no_causal_or_significance_claim
24m,exclude_primary_dominant_project,08_10000_25000,uniswap,2025-07,overlap_exposure,25,42,1.091903522689081,0.12424113252298558,0.9676623901660953,0.5921078571168785,0.6050712521320655,observed_standardization_no_causal_or_significance_claim
24m,exclude_primary_dominant_project,08_10000_25000,uniswap,2025-07,equal_project,25,42,1.117428326818562,0.159156878940727,0.9582714478778351,0.5921078571168785,0.6050712521320655,observed_standardization_no_causal_or_significance_claim
24m,exclude_primary_dominant_project,08_10000_25000,uniswap,2025-08,overlap_exposure,26,42,1.1051232928106693,0.09753921356156613,1.007584079249103,0.522394137430119,0.5223550730637407,observed_standardization_no_causal_or_significance_claim
24m,exclude_primary_dominant_project,08_10000_25000,uniswap,2025-08,equal_project,26,42,0.816779917273587,0.14895320560130929,0.6678267116722778,0.522394137430119,0.5223550730637407,observed_standardization_no_causal_or_significance_claim
24m,exclude_primary_dominant_project,08_10000_25000,uniswap,2025-09,overlap_exposure,26,41,0.7870520193669714,0.06275230368259045,0.724299715684381,0.349697720863436,0.3500521887772609,observed_standardization_no_causal_or_significance_claim
24m,exclude_primary_dominant_project,08_10000_25000,uniswap,2025-09,equal_project,26,41,0.4575561311769616,0.0969103037021213,0.36064582747484025,0.349697720863436,0.3500521887772609,observed_standardization_no_causal_or_significance_claim
24m,exclude_primary_dominant_project,08_10000_25000,uniswap,2025-10,overlap_exposure,26,41,0.6372731154786734,0.126860262484726,0.5104128529939473,0.20851313429925525,0.20904851602191266,observed_standardization_no_causal_or_significance_claim
24m,exclude_primary_dominant_project,08_10000_25000,uniswap,2025-10,equal_project,26,41,0.6793668991158992,0.17645891102553884,0.5029079880903603,0.20851313429925525,0.20904851602191266,observed_standardization_no_causal_or_significance_claim
24m,exclude_primary_dominant_project,08_10000_25000,uniswap,2025-11,overlap_exposure,23,35,0.6601592438798933,0.15234207615264944,0.5078171677272438,0.14078009844112568,0.12079324462413882,observed_standardization_no_causal_or_significance_claim
24m,exclude_primary_dominant_project,08_10000_25000,uniswap,2025-11,equal_project,23,35,1.0058064010884529,0.19888243253231974,0.8069239685561332,0.14078009844112568,0.12079324462413882,observed_standardization_no_causal_or_significance_claim
24m,exclude_primary_dominant_project,08_10000_25000,uniswap,2025-12,overlap_exposure,21,35,0.6349487433679004,0.29078926968628116,0.34415947368161925,-0.04310166233208179,-0.07992866010889249,observed_standardization_no_causal_or_significance_claim
24m,exclude_primary_dominant_project,08_10000_25000,uniswap,2025-12,equal_project,21,35,0.29597380237606197,0.21327314812271703,0.08270065425334495,-0.04310166233208179,-0.07992866010889249,observed_standardization_no_causal_or_significance_claim
24m,exclude_primary_dominant_project,09_25000_50000,uniswap,2024-01,overlap_exposure,23,36,2.435146898102425,0.0356214185538275,2.3995254795485974,1.7258043139253565,1.7268977014942721,observed_standardization_no_causal_or_significance_claim
24m,exclude_primary_dominant_project,09_25000_50000,uniswap,2024-01,equal_project,23,36,1.7726195662483986,0.025281203623732887,1.7473383626246657,1.7258043139253565,1.7268977014942721,observed_standardization_no_causal_or_significance_claim
24m,exclude_primary_dominant_project,09_25000_50000,uniswap,2024-02,overlap_exposure,21,34,2.8984899047960666,0.05127561432393652,2.84721429047213,2.5730574956968595,2.5732993666113275,observed_standardization_no_causal_or_significance_claim
24m,exclude_primary_dominant_project,09_25000_50000,uniswap,2024-02,equal_project,21,34,3.331557765549162,0.02120999176401871,3.310347773785143,2.5730574956968595,2.5732993666113275,observed_standardization_no_causal_or_significance_claim
24m,exclude_primary_dominant_project,09_25000_50000,uniswap,2024-03,overlap_exposure,20,35,2.9382399082948867,0.10902893304898008,2.8292109752459065,2.140340613420056,2.1402630951271666,observed_standardization_no_causal_or_significance_claim
24m,exclude_primary_dominant_project,09_25000_50000,uniswap,2024-03,equal_project,20,35,1.5590838903376114,0.036348152460468436,1.522735737877143,2.140340613420056,2.1402630951271666,observed_standardization_no_causal_or_significance_claim
24m,exclude_primary_dominant_project,09_25000_50000,uniswap,2024-04,overlap_exposure,20,34,2.414652236874863,0.20940526986602503,2.205246967008838,1.791356409912757,1.791179738442535,observed_standardization_no_causal_or_significance_claim
24m,exclude_primary_dominant_project,09_25000_50000,uniswap,2024-04,equal_project,20,34,1.7322057339295835,0.0783390451446891,1.6538666887848945,1.791356409912757,1.791179738442535,observed_standardization_no_causal_or_significance_claim
24m,exclude_primary_dominant_project,09_25000_50000,uniswap,2024-05,overlap_exposure,20,35,3.2487719143487657,0.0973520607855193,3.151419853563246,2.4706196138768783,2.4702773983519952,observed_standardization_no_causal_or_significance_claim
24m,exclude_primary_dominant_project,09_25000_50000,uniswap,2024-05,equal_project,20,35,2.4069269225905616,0.06110418874174746,2.345822733848814,2.4706196138768783,2.4702773983519952,observed_standardization_no_causal_or_significance_claim
24m,exclude_primary_dominant_project,09_25000_50000,uniswap,2024-06,overlap_exposure,20,36,2.3259920000518592,0.06650602517182383,2.2594859748800356,2.048270162094042,2.0486905699514155,observed_standardization_no_causal_or_significance_claim
24m,exclude_primary_dominant_project,09_25000_50000,uniswap,2024-06,equal_project,20,36,1.0407658787855758,0.05744090167951896,0.9833249771060568,2.048270162094042,2.0486905699514155,observed_standardization_no_causal_or_significance_claim
24m,exclude_primary_dominant_project,09_25000_50000,uniswap,2024-07,overlap_exposure,18,33,1.5685652328231052,0.11338292175587185,1.4551823110672333,1.1240004705528748,1.1232537902742739,observed_standardization_no_causal_or_significance_claim
24m,exclude_primary_dominant_project,09_25000_50000,uniswap,2024-07,equal_project,18,33,1.1774432004140918,0.09080629539398777,1.0866369050201041,1.1240004705528748,1.1232537902742739,observed_standardization_no_causal_or_significance_claim
24m,exclude_primary_dominant_project,09_25000_50000,uniswap,2024-08,overlap_exposure,20,35,1.9772350725407977,0.14554113074013716,1.8316939418006606,1.24032485864546,1.2393262733806203,observed_standardization_no_causal_or_significance_claim
24m,exclude_primary_dominant_project,09_25000_50000,uniswap,2024-08,equal_project,20,35,0.9886148906002933,0.11448692166120487,0.8741279689390884,1.24032485864546,1.2393262733806203,observed_standardization_no_causal_or_significance_claim
24m,exclude_primary_dominant_project,09_25000_50000,uniswap,2024-09,overlap_exposure,21,36,1.0948532727248244,0.27266759880337316,0.8221856739214513,0.5460347312120538,0.5392780934125502,observed_standardization_no_causal_or_significance_claim
24m,exclude_primary_dominant_project,09_25000_50000,uniswap,2024-09,equal_project,21,36,0.9078756292428266,0.18348960019485602,0.7243860290479706,0.5460347312120538,0.5392780934125502,observed_standardization_no_causal_or_significance_claim
24m,exclude_primary_dominant_project,09_25000_50000,uniswap,2024-10,overlap_exposure,22,36,0.7015376088549243,0.05052394947111118,0.6510136593838132,0.48576151996165245,0.4802655136239458,observed_standardization_no_causal_or_significance_claim
24m,exclude_primary_dominant_project,09_25000_50000,uniswap,2024-10,equal_project,22,36,1.5706977023196813,0.03743742295161908,1.5332602793680623,0.48576151996165245,0.4802655136239458,observed_standardization_no_causal_or_significance_claim
24m,exclude_primary_dominant_project,09_25000_50000,uniswap,2024-11,overlap_exposure,23,39,0.9354931825727788,0.02342043303233403,0.9120727495404448,0.7681975911648025,0.7803969370878039,observed_standardization_no_causal_or_significance_claim
24m,exclude_primary_dominant_project,09_25000_50000,uniswap,2024-11,equal_project,23,39,1.0623787823877093,0.022875560857318494,1.0395032215303908,0.7681975911648025,0.7803969370878039,observed_standardization_no_causal_or_significance_claim
24m,exclude_primary_dominant_project,09_25000_50000,uniswap,2024-12,overlap_exposure,23,39,0.529727454997951,0.04944905144375632,0.4802784035541947,0.40524727807831756,0.40505290236344127,observed_standardization_no_causal_or_significance_claim
24m,exclude_primary_dominant_project,09_25000_50000,uniswap,2024-12,equal_project,23,39,0.749986077903722,0.02303605131011012,0.7269500265936119,0.40524727807831756,0.40505290236344127,observed_standardization_no_causal_or_significance_claim
24m,exclude_primary_dominant_project,09_25000_50000,uniswap,2025-01,overlap_exposure,22,36,0.5969868777600612,0.027881872433130964,0.5691050053269303,0.35734028520133554,0.3532377775193076,observed_standardization_no_causal_or_significance_claim
24m,exclude_primary_dominant_project,09_25000_50000,uniswap,2025-01,equal_project,22,36,0.4415750243750332,0.06265106497880539,0.3789239593962278,0.35734028520133554,0.3532377775193076,observed_standardization_no_causal_or_significance_claim
24m,exclude_primary_dominant_project,09_25000_50000,uniswap,2025-02,overlap_exposure,22,37,0.6734104848501237,0.14634671681078448,0.5270637680393392,0.22785856055415735,0.21954188843051384,observed_standardization_no_causal_or_significance_claim
24m,exclude_primary_dominant_project,09_25000_50000,uniswap,2025-02,equal_project,22,37,1.3128815347808525,0.16410391630043444,1.1487776184804182,0.22785856055415735,0.21954188843051384,observed_standardization_no_causal_or_significance_claim
24m,exclude_primary_dominant_project,09_25000_50000,uniswap,2025-03,overlap_exposure,22,36,0.76045697571445,0.12737439170777679,0.6330825840066733,0.29643956154478385,0.27664257089525435,observed_standardization_no_causal_or_significance_claim
24m,exclude_primary_dominant_project,09_25000_50000,uniswap,2025-03,equal_project,22,36,0.844246905746253,0.1688478529148925,0.6753990528313606,0.29643956154478385,0.27664257089525435,observed_standardization_no_causal_or_significance_claim
24m,exclude_primary_dominant_project,09_25000_50000,uniswap,2025-04,overlap_exposure,21,34,1.1542983305841943,0.1514996742893734,1.002798656294821,0.5359441705920938,0.5161849018920058,observed_standardization_no_causal_or_significance_claim
24m,exclude_primary_dominant_project,09_25000_50000,uniswap,2025-04,equal_project,21,34,0.8278730928660069,0.1283777208516456,0.6994953720143613,0.5359441705920938,0.5161849018920058,observed_standardization_no_causal_or_significance_claim
24m,exclude_primary_dominant_project,09_25000_50000,uniswap,2025-05,overlap_exposure,21,36,1.2842237526666493,0.10172202823340575,1.1825017244332436,0.7582692691718829,0.7502209502920422,observed_standardization_no_causal_or_significance_claim
24m,exclude_primary_dominant_project,09_25000_50000,uniswap,2025-05,equal_project,21,36,1.0688367995736014,0.09214754298182787,0.9766892565917735,0.7582692691718829,0.7502209502920422,observed_standardization_no_causal_or_significance_claim
24m,exclude_primary_dominant_project,09_25000_50000,uniswap,2025-06,overlap_exposure,20,32,1.7060579338301858,0.09940531332976452,1.6066526205004212,0.9327873280947623,0.9683412451513069,observed_standardization_no_causal_or_significance_claim
24m,exclude_primary_dominant_project,09_25000_50000,uniswap,2025-06,equal_project,20,32,1.0754789515613186,0.09608103804388153,0.9793979135174371,0.9327873280947623,0.9683412451513069,observed_standardization_no_causal_or_significance_claim
24m,exclude_primary_dominant_project,09_25000_50000,uniswap,2025-07,overlap_exposure,22,36,1.4798765902012614,0.09266835521360477,1.3872082349876567,0.6849523502483589,0.7207412135994713,observed_standardization_no_causal_or_significance_claim
24m,exclude_primary_dominant_project,09_25000_50000,uniswap,2025-07,equal_project,22,36,0.7185123177256612,0.15580381763398848,0.5627085000916726,0.6849523502483589,0.7207412135994713,observed_standardization_no_causal_or_significance_claim
24m,exclude_primary_dominant_project,09_25000_50000,uniswap,2025-08,overlap_exposure,25,40,1.146285574139111,0.07187028866211818,1.0744152854769926,0.5495733188489892,0.5584625263366852,observed_standardization_no_causal_or_significance_claim
24m,exclude_primary_dominant_project,09_25000_50000,uniswap,2025-08,equal_project,25,40,0.3419452253299065,0.13146120324701188,0.21048402208289466,0.5495733188489892,0.5584625263366852,observed_standardization_no_causal_or_significance_claim
24m,exclude_primary_dominant_project,09_25000_50000,uniswap,2025-09,overlap_exposure,25,37,0.9512562363506285,0.050538202963544686,0.9007180333870837,0.47879341421021615,0.4971606090087472,observed_standardization_no_causal_or_significance_claim
24m,exclude_primary_dominant_project,09_25000_50000,uniswap,2025-09,equal_project,25,37,1.1011595454958176,0.09279547461942349,1.0083640708763941,0.47879341421021615,0.4971606090087472,observed_standardization_no_causal_or_significance_claim
24m,exclude_primary_dominant_project,09_25000_50000,uniswap,2025-10,overlap_exposure,21,36,0.636597163395653,0.07516080282273119,0.5614363605729218,0.19893722427052782,0.2008465982862189,observed_standardization_no_causal_or_significance_claim
24m,exclude_primary_dominant_project,09_25000_50000,uniswap,2025-10,equal_project,21,36,0.7186769501873423,0.09384570362907803,0.6248312465582643,0.19893722427052782,0.2008465982862189,observed_standardization_no_causal_or_significance_claim
24m,exclude_primary_dominant_project,09_25000_50000,uniswap,2025-11,overlap_exposure,20,33,0.5233810131792188,0.1165368268844279,0.40684418629479085,0.041876469814467604,0.014970127018412629,observed_standardization_no_causal_or_significance_claim
24m,exclude_primary_dominant_project,09_25000_50000,uniswap,2025-11,equal_project,20,33,0.3062872841438622,0.26626731012479354,0.04001997401906865,0.041876469814467604,0.014970127018412629,observed_standardization_no_causal_or_significance_claim
24m,exclude_primary_dominant_project,09_25000_50000,uniswap,2025-12,overlap_exposure,19,30,0.5019842693650048,0.20118400713872425,0.30080026222628053,-0.12634096673967837,-0.17588714738486744,observed_standardization_no_causal_or_significance_claim
24m,exclude_primary_dominant_project,09_25000_50000,uniswap,2025-12,equal_project,19,30,0.2822282760054159,0.24219681397269682,0.04003146203271904,-0.12634096673967837,-0.17588714738486744,observed_standardization_no_causal_or_significance_claim
24m,exclude_primary_dominant_project,10_50000_100000,uniswap,2024-01,overlap_exposure,20,32,2.5444054015755007,0.03232270674236688,2.5120826948331336,2.106012146308188,2.1081544728984856,observed_standardization_no_causal_or_significance_claim
24m,exclude_primary_dominant_project,10_50000_100000,uniswap,2024-01,equal_project,20,32,1.971958612675772,0.02703741157361381,1.944921201102158,2.106012146308188,2.1081544728984856,observed_standardization_no_causal_or_significance_claim
24m,exclude_primary_dominant_project,10_50000_100000,uniswap,2024-02,overlap_exposure,19,31,2.1606975735415532,0.04348411757919246,2.1172134559623608,1.8681811679367166,1.8728636315675327,observed_standardization_no_causal_or_significance_claim
24m,exclude_primary_dominant_project,10_50000_100000,uniswap,2024-02,equal_project,19,31,3.987812542963217,0.017213239112707023,3.9705993038505096,1.8681811679367166,1.8728636315675327,observed_standardization_no_causal_or_significance_claim
24m,exclude_primary_dominant_project,10_50000_100000,uniswap,2024-03,overlap_exposure,20,34,2.644882026251434,0.10292588715597069,2.541956139095463,1.68885706440422,1.6887023517322175,observed_standardization_no_causal_or_significance_claim
24m,exclude_primary_dominant_project,10_50000_100000,uniswap,2024-03,equal_project,20,34,2.2157837170502015,0.03634815246046844,2.179435564589733,1.68885706440422,1.6887023517322175,observed_standardization_no_causal_or_significance_claim
24m,exclude_primary_dominant_project,10_50000_100000,uniswap,2024-04,overlap_exposure,21,34,2.9981786937027306,0.2511565375416059,2.7470221561611248,2.0242087684200696,2.023773771952008,observed_standardization_no_causal_or_significance_claim
24m,exclude_primary_dominant_project,10_50000_100000,uniswap,2024-04,equal_project,21,34,2.731408741472586,0.0779483409476215,2.6534604005249642,2.0242087684200696,2.023773771952008,observed_standardization_no_causal_or_significance_claim
24m,exclude_primary_dominant_project,10_50000_100000,uniswap,2024-05,overlap_exposure,19,33,3.720313641784058,0.07659372022594399,3.643719921558114,2.353193507832837,2.344032216530794,observed_standardization_no_causal_or_significance_claim
24m,exclude_primary_dominant_project,10_50000_100000,uniswap,2024-05,equal_project,19,33,2.527826187228983,0.062242269375900626,2.4655839178530825,2.353193507832837,2.344032216530794,observed_standardization_no_causal_or_significance_claim
24m,exclude_primary_dominant_project,10_50000_100000,uniswap,2024-06,overlap_exposure,18,34,2.4581296111781215,0.05883800272847229,2.399291608449649,2.022528672104001,2.021159367683771,observed_standardization_no_causal_or_significance_claim
24m,exclude_primary_dominant_project,10_50000_100000,uniswap,2024-06,equal_project,18,34,1.3563466695845228,0.060346656156217,1.2960000134283058,2.022528672104001,2.021159367683771,observed_standardization_no_causal_or_significance_claim
24m,exclude_primary_dominant_project,10_50000_100000,uniswap,2024-07,overlap_exposure,19,32,2.4829980712084536,0.0835277522464936,2.39947031896196,1.8168457196689025,1.8151091913572928,observed_standardization_no_causal_or_significance_claim
24m,exclude_primary_dominant_project,10_50000_100000,uniswap,2024-07,equal_project,19,32,2.5988872916346732,0.10016195826461585,2.4987253333700576,1.8168457196689025,1.8151091913572928,observed_standardization_no_causal_or_significance_claim
24m,exclude_primary_dominant_project,10_50000_100000,uniswap,2024-08,overlap_exposure,20,35,1.8806729963422,0.12548133999700795,1.7551916563451921,1.1269137061673797,1.1257540685659932,observed_standardization_no_causal_or_significance_claim
24m,exclude_primary_dominant_project,10_50000_100000,uniswap,2024-08,equal_project,20,35,1.292963850594476,0.11484507183332732,1.1781187787611487,1.1269137061673797,1.1257540685659932,observed_standardization_no_causal_or_significance_claim
24m,exclude_primary_dominant_project,10_50000_100000,uniswap,2024-09,overlap_exposure,19,32,1.0227082865944417,0.22728708852631999,0.7954211980681217,0.5196366323136812,0.4970869234970168,observed_standardization_no_causal_or_significance_claim
24m,exclude_primary_dominant_project,10_50000_100000,uniswap,2024-09,equal_project,19,32,0.7488165151522771,0.21548115661002212,0.533335358542255,0.5196366323136812,0.4970869234970168,observed_standardization_no_causal_or_significance_claim
24m,exclude_primary_dominant_project,10_50000_100000,uniswap,2024-10,overlap_exposure,20,34,0.6318121537758347,0.04190479700974615,0.5899073567660885,0.43658721631479197,0.4310183083165036,observed_standardization_no_causal_or_significance_claim
24m,exclude_primary_dominant_project,10_50000_100000,uniswap,2024-10,equal_project,20,34,0.7250607008359983,0.04118116524678098,0.6838795355892173,0.43658721631479197,0.4310183083165036,observed_standardization_no_causal_or_significance_claim
24m,exclude_primary_dominant_project,10_50000_100000,uniswap,2024-11,overlap_exposure,22,36,1.1150294563424792,0.025293339163545616,1.0897361171789335,0.7985482889626913,0.8237312010162753,observed_standardization_no_causal_or_significance_claim
24m,exclude_primary_dominant_project,10_50000_100000,uniswap,2024-11,equal_project,22,36,1.8462112033241207,0.026089177607734847,1.820122025716386,0.7985482889626913,0.8237312010162753,observed_standardization_no_causal_or_significance_claim
24m,exclude_primary_dominant_project,10_50000_100000,uniswap,2024-12,overlap_exposure,21,35,0.624615817413773,0.06957000549699609,0.5550458119167769,0.4269442853725229,0.42599880174814425,observed_standardization_no_causal_or_significance_claim
24m,exclude_primary_dominant_project,10_50000_100000,uniswap,2024-12,equal_project,21,35,0.7640211003122803,0.03186041298370568,0.7321606873285746,0.4269442853725229,0.42599880174814425,observed_standardization_no_causal_or_significance_claim
24m,exclude_primary_dominant_project,10_50000_100000,uniswap,2025-01,overlap_exposure,21,33,0.5369938065093498,0.02447938018886074,0.512514426320489,0.2609683946750389,0.2597959894622895,observed_standardization_no_causal_or_significance_claim
24m,exclude_primary_dominant_project,10_50000_100000,uniswap,2025-01,equal_project,21,33,0.34359245169610086,0.05410233114319759,0.28949012055290324,0.2609683946750389,0.2597959894622895,observed_standardization_no_causal_or_significance_claim
24m,exclude_primary_dominant_project,10_50000_100000,uniswap,2025-02,overlap_exposure,19,31,0.7835155872615132,0.12002933065532072,0.6634862566061924,0.2077488959614199,0.17972129366151307,observed_standardization_no_causal_or_significance_claim
24m,exclude_primary_dominant_project,10_50000_100000,uniswap,2025-02,equal_project,19,31,0.4009630362325648,0.17237307856908884,0.22858995766347592,0.2077488959614199,0.17972129366151307,observed_standardization_no_causal_or_significance_claim
24m,exclude_primary_dominant_project,10_50000_100000,uniswap,2025-03,overlap_exposure,20,33,1.146043869952609,0.09003342963008498,1.0560104403225241,0.41125593699324997,0.37689815719668573,observed_standardization_no_causal_or_significance_claim
24m,exclude_primary_dominant_project,10_50000_100000,uniswap,2025-03,equal_project,20,33,2.355697434462837,0.18894026828462757,2.1667571661782095,0.41125593699324997,0.37689815719668573,observed_standardization_no_causal_or_significance_claim
24m,exclude_primary_dominant_project,10_50000_100000,uniswap,2025-04,overlap_exposure,21,34,1.1693457333955855,0.12003763805497852,1.0493080953406069,0.44324962389691935,0.4119507832872625,observed_standardization_no_causal_or_significance_claim
24m,exclude_primary_dominant_project,10_50000_100000,uniswap,2025-04,equal_project,21,34,2.9690720672410538,0.13744095471127055,2.831631112529783,0.44324962389691935,0.4119507832872625,observed_standardization_no_causal_or_significance_claim
24m,exclude_primary_dominant_project,10_50000_100000,uniswap,2025-05,overlap_exposure,19,32,0.947949653617731,0.06783343284402012,0.8801162207737109,0.44006712162715544,0.47242919493393315,observed_standardization_no_causal_or_significance_claim
24m,exclude_primary_dominant_project,10_50000_100000,uniswap,2025-05,equal_project,19,32,1.0039955115817276,0.09193567975874097,0.9120598318229867,0.44006712162715544,0.47242919493393315,observed_standardization_no_causal_or_significance_claim
24m,exclude_primary_dominant_project,10_50000_100000,uniswap,2025-06,overlap_exposure,21,33,1.0141131239665175,0.0659874146587991,0.9481257093077183,0.40749465937523893,0.43335666524075045,observed_standardization_no_causal_or_significance_claim
24m,exclude_primary_dominant_project,10_50000_100000,uniswap,2025-06,equal_project,21,33,0.4645135849997169,0.09245864053519467,0.3720549444645222,0.40749465937523893,0.43335666524075045,observed_standardization_no_causal_or_significance_claim
24m,exclude_primary_dominant_project,10_50000_100000,uniswap,2025-07,overlap_exposure,21,33,1.4385844017798812,0.07714646870432569,1.3614379330755555,0.5779442324400546,0.614028161244626,observed_standardization_no_causal_or_significance_claim
24m,exclude_primary_dominant_project,10_50000_100000,uniswap,2025-07,equal_project,21,33,0.5842082636523231,0.14700945261550125,0.43719881103682184,0.5779442324400546,0.614028161244626,observed_standardization_no_causal_or_significance_claim
24m,exclude_primary_dominant_project,10_50000_100000,uniswap,2025-08,overlap_exposure,22,35,1.2659433990337454,0.05628261480740253,1.2096607842263427,0.5945183693185325,0.5988760363293355,observed_standardization_no_causal_or_significance_claim
24m,exclude_primary_dominant_project,10_50000_100000,uniswap,2025-08,equal_project,22,35,0.2766296084265052,0.15198530374272917,0.12464430468377603,0.5945183693185325,0.5988760363293355,observed_standardization_no_causal_or_significance_claim
24m,exclude_primary_dominant_project,10_50000_100000,uniswap,2025-09,overlap_exposure,22,33,1.0105638237336578,0.044379329549117816,0.96618449418454,0.5311118116761531,0.5396226840723495,observed_standardization_no_causal_or_significance_claim
24m,exclude_primary_dominant_project,10_50000_100000,uniswap,2025-09,equal_project,22,33,1.3772506497101746,0.17965853838031265,1.197592111329862,0.5311118116761531,0.5396226840723495,observed_standardization_no_causal_or_significance_claim
24m,exclude_primary_dominant_project,10_50000_100000,uniswap,2025-10,overlap_exposure,19,32,0.40686801985467413,0.06388498702140012,0.342983032833274,0.06683489704091337,0.06498832853161535,observed_standardization_no_causal_or_significance_claim
24m,exclude_primary_dominant_project,10_50000_100000,uniswap,2025-10,equal_project,19,32,0.3500932063741486,0.13570231642776234,0.21439088994638628,0.06683489704091337,0.06498832853161535,observed_standardization_no_causal_or_significance_claim
24m,exclude_primary_dominant_project,10_50000_100000,uniswap,2025-11,overlap_exposure,18,30,0.4030039073662202,0.11075906520496875,0.29224484216125146,-0.006427369677655843,-0.033842253203753565,observed_standardization_no_causal_or_significance_claim
24m,exclude_primary_dominant_project,10_50000_100000,uniswap,2025-11,equal_project,18,30,0.22818086585512407,0.15651575753155533,0.07166510832356875,-0.006427369677655843,-0.033842253203753565,observed_standardization_no_causal_or_significance_claim
24m,exclude_primary_dominant_project,10_50000_100000,uniswap,2025-12,overlap_exposure,19,30,0.3396096099715875,0.26058213215437503,0.07902747781721249,-0.24343342844885188,-0.3230557002143545,observed_standardization_no_causal_or_significance_claim
24m,exclude_primary_dominant_project,10_50000_100000,uniswap,2025-12,equal_project,19,30,0.2721931504711611,0.28500196651905324,-0.012808816047892154,-0.24343342844885188,-0.3230557002143545,observed_standardization_no_causal_or_significance_claim
24m,exclude_primary_dominant_project,11_100000_plus,uniswap,2024-01,overlap_exposure,18,31,2.5440106439414176,0.03740304298280199,2.5066076009586156,1.7505012991112294,1.7487669496547467,observed_standardization_no_causal_or_significance_claim
24m,exclude_primary_dominant_project,11_100000_plus,uniswap,2024-01,equal_project,18,31,4.795453273636928,0.03038075722445635,4.765072516412473,1.7505012991112294,1.7487669496547467,observed_standardization_no_causal_or_significance_claim
24m,exclude_primary_dominant_project,11_100000_plus,uniswap,2024-02,overlap_exposure,18,28,1.5394539465003267,0.04590515601028507,1.4935487904900415,1.2451467641673652,1.2450191939455717,observed_standardization_no_causal_or_significance_claim
24m,exclude_primary_dominant_project,11_100000_plus,uniswap,2024-02,equal_project,18,28,1.6134255740132917,0.021316181279570735,1.592109392733721,1.2451467641673652,1.2450191939455717,observed_standardization_no_causal_or_significance_claim
24m,exclude_primary_dominant_project,11_100000_plus,uniswap,2024-03,overlap_exposure,18,29,1.8202099109949137,0.11219260830440936,1.7080173026905041,1.081981223247993,1.0805369095576707,observed_standardization_no_causal_or_significance_claim
24m,exclude_primary_dominant_project,11_100000_plus,uniswap,2024-03,equal_project,18,29,2.684229974853452,0.04647039923008225,2.63775957562337,1.081981223247993,1.0805369095576707,observed_standardization_no_causal_or_significance_claim
24m,exclude_primary_dominant_project,11_100000_plus,uniswap,2024-04,overlap_exposure,18,31,3.1103548541146253,0.2928777330189082,2.817477121095717,1.7646594394962818,1.752071372976046,observed_standardization_no_causal_or_significance_claim
24m,exclude_primary_dominant_project,11_100000_plus,uniswap,2024-04,equal_project,18,31,3.75937750696963,0.10810178878133134,3.6512757181882987,1.7646594394962818,1.752071372976046,observed_standardization_no_causal_or_significance_claim
24m,exclude_primary_dominant_project,11_100000_plus,uniswap,2024-05,overlap_exposure,17,28,3.1974597321092655,0.06603869030880204,3.131421041800463,1.8718892980291038,1.8597287646975016,observed_standardization_no_causal_or_significance_claim
24m,exclude_primary_dominant_project,11_100000_plus,uniswap,2024-05,equal_project,17,28,2.363840636837107,0.07215590136184026,2.291684735475267,1.8718892980291038,1.8597287646975016,observed_standardization_no_causal_or_significance_claim
24m,exclude_primary_dominant_project,11_100000_plus,uniswap,2024-06,overlap_exposure,18,30,3.0176190242836287,0.04798302288551194,2.9696360013981167,2.282947670177439,2.281521112863316,observed_standardization_no_causal_or_significance_claim
24m,exclude_primary_dominant_project,11_100000_plus,uniswap,2024-06,equal_project,18,30,3.329530472916267,0.06775330301019664,3.261777169906071,2.282947670177439,2.281521112863316,observed_standardization_no_causal_or_significance_claim
24m,exclude_primary_dominant_project,11_100000_plus,uniswap,2024-07,overlap_exposure,14,28,2.197731563468287,0.07071287518699378,2.1270186882812925,1.5967507393687463,1.5802969279071912,observed_standardization_no_causal_or_significance_claim
24m,exclude_primary_dominant_project,11_100000_plus,uniswap,2024-07,equal_project,14,28,0.9238805722935386,0.1354127292921583,0.7884678430013803,1.5967507393687463,1.5802969279071912,observed_standardization_no_causal_or_significance_claim
24m,exclude_primary_dominant_project,11_100000_plus,uniswap,2024-08,overlap_exposure,16,30,1.2786274710275969,0.09777212752705375,1.180855343500543,0.7681741837318549,0.7658523118685234,observed_standardization_no_causal_or_significance_claim
24m,exclude_primary_dominant_project,11_100000_plus,uniswap,2024-08,equal_project,16,30,0.6549659875478913,0.15825238483067436,0.49671360271721693,0.7681741837318549,0.7658523118685234,observed_standardization_no_causal_or_significance_claim
24m,exclude_primary_dominant_project,11_100000_plus,uniswap,2024-09,overlap_exposure,15,29,1.2650162453297238,0.20578808500764512,1.0592281603220786,0.7208647377959562,0.7657877596098928,observed_standardization_no_causal_or_significance_claim
24m,exclude_primary_dominant_project,11_100000_plus,uniswap,2024-09,equal_project,15,29,4.197655742448913,0.18912310089282947,4.008532641556084,0.7208647377959562,0.7657877596098928,observed_standardization_no_causal_or_significance_claim
24m,exclude_primary_dominant_project,11_100000_plus,uniswap,2024-10,overlap_exposure,18,30,1.2614286899926894,0.048718797716120935,1.2127098922765684,0.9328776497035035,0.9273349122516014,observed_standardization_no_causal_or_significance_claim
24m,exclude_primary_dominant_project,11_100000_plus,uniswap,2024-10,equal_project,18,30,0.36063842509189176,0.051346316893317256,0.3092921081985745,0.9328776497035035,0.9273349122516014,observed_standardization_no_causal_or_significance_claim
24m,exclude_primary_dominant_project,11_100000_plus,uniswap,2024-11,overlap_exposure,21,34,1.3557057086690332,0.021364323975813358,1.33434138469322,1.0633141763352276,1.0780855542848715,observed_standardization_no_causal_or_significance_claim
24m,exclude_primary_dominant_project,11_100000_plus,uniswap,2024-11,equal_project,21,34,11.328687631060752,0.023942856351085787,11.304744774709667,1.0633141763352276,1.0780855542848715,observed_standardization_no_causal_or_significance_claim
24m,exclude_primary_dominant_project,11_100000_plus,uniswap,2024-12,overlap_exposure,21,33,0.6458901232949883,0.05347191153219294,0.5924182117627953,0.5061104996083157,0.5028405960159977,observed_standardization_no_causal_or_significance_claim
24m,exclude_primary_dominant_project,11_100000_plus,uniswap,2024-12,equal_project,21,33,1.1055676569256414,0.024660919463917918,1.0809067374617236,0.5061104996083157,0.5028405960159977,observed_standardization_no_causal_or_significance_claim
24m,exclude_primary_dominant_project,11_100000_plus,uniswap,2025-01,overlap_exposure,17,28,0.9073700674369847,0.018373174822060787,0.8889968926149239,0.6382507698205427,0.6344008174622863,observed_standardization_no_causal_or_significance_claim
24m,exclude_primary_dominant_project,11_100000_plus,uniswap,2025-01,equal_project,17,28,6.932021371010324,0.06047494650443746,6.871546424505885,0.6382507698205427,0.6344008174622863,observed_standardization_no_causal_or_significance_claim
24m,exclude_primary_dominant_project,11_100000_plus,uniswap,2025-02,overlap_exposure,17,29,1.3650742384239116,0.08457363122499886,1.2805006071989127,0.9579061950736154,0.936290747168904,observed_standardization_no_causal_or_significance_claim
24m,exclude_primary_dominant_project,11_100000_plus,uniswap,2025-02,equal_project,17,29,0.7102561325004334,0.18917509310271058,0.5210810393977228,0.9579061950736154,0.936290747168904,observed_standardization_no_causal_or_significance_claim
24m,exclude_primary_dominant_project,11_100000_plus,uniswap,2025-03,overlap_exposure,18,29,1.6989322801667335,0.06545604543591368,1.6334762347308198,1.3019781412450249,1.2799634961697293,observed_standardization_no_causal_or_significance_claim
24m,exclude_primary_dominant_project,11_100000_plus,uniswap,2025-03,equal_project,18,29,0.5725883238008725,0.1851345730598638,0.3874537507410088,1.3019781412450249,1.2799634961697293,observed_standardization_no_causal_or_significance_claim
24m,exclude_primary_dominant_project,11_100000_plus,uniswap,2025-04,overlap_exposure,17,30,1.7351357571232813,0.11973915481520132,1.61539660230808,1.1692066889096808,1.1425218465077551,observed_standardization_no_causal_or_significance_claim
24m,exclude_primary_dominant_project,11_100000_plus,uniswap,2025-04,equal_project,17,30,0.5031994285810409,0.140318544145968,0.362880884435073,1.1692066889096808,1.1425218465077551,observed_standardization_no_causal_or_significance_claim
24m,exclude_primary_dominant_project,11_100000_plus,uniswap,2025-05,overlap_exposure,20,32,0.9818572481231771,0.07250858230469721,0.9093486658184798,0.8267363970138901,0.8207092164886293,observed_standardization_no_causal_or_significance_claim
24m,exclude_primary_dominant_project,11_100000_plus,uniswap,2025-05,equal_project,20,32,0.6718746020678815,0.10283880545679755,0.5690357966110839,0.8267363970138901,0.8207092164886293,observed_standardization_no_causal_or_significance_claim
24m,exclude_primary_dominant_project,11_100000_plus,uniswap,2025-06,overlap_exposure,19,31,0.9665854540926517,0.06085308679984672,0.9057323672928049,0.6483988848498123,0.6535554486912487,observed_standardization_no_causal_or_significance_claim
24m,exclude_primary_dominant_project,11_100000_plus,uniswap,2025-06,equal_project,19,31,0.43473865503861325,0.09489267167519154,0.3398459833634217,0.6483988848498123,0.6535554486912487,observed_standardization_no_causal_or_significance_claim
24m,exclude_primary_dominant_project,11_100000_plus,uniswap,2025-07,overlap_exposure,18,30,1.1301939270245271,0.0731871672930581,1.057006759731469,0.6774502627536879,0.690561882002145,observed_standardization_no_causal_or_significance_claim
24m,exclude_primary_dominant_project,11_100000_plus,uniswap,2025-07,equal_project,18,30,7.883319758125906,0.16254526042037643,7.720774497705529,0.6774502627536879,0.690561882002145,observed_standardization_no_causal_or_significance_claim
24m,exclude_primary_dominant_project,11_100000_plus,uniswap,2025-08,overlap_exposure,24,35,1.189713839711516,0.053778400451596826,1.135935439259919,0.6355018866243901,0.6354803520883662,observed_standardization_no_causal_or_significance_claim
24m,exclude_primary_dominant_project,11_100000_plus,uniswap,2025-08,equal_project,24,35,0.3410901877680472,0.14692088206906784,0.19416930569897936,0.6355018866243901,0.6354803520883662,observed_standardization_no_causal_or_significance_claim
24m,exclude_primary_dominant_project,11_100000_plus,uniswap,2025-09,overlap_exposure,22,32,0.9638606669924903,0.038994699756538694,0.9248659672359516,0.46403670815828346,0.47009286422387525,observed_standardization_no_causal_or_significance_claim
24m,exclude_primary_dominant_project,11_100000_plus,uniswap,2025-09,equal_project,22,32,0.40785820068467,0.0806905143491806,0.32716768633548937,0.46403670815828346,0.47009286422387525,observed_standardization_no_causal_or_significance_claim
24m,exclude_primary_dominant_project,11_100000_plus,uniswap,2025-10,overlap_exposure,21,34,0.523795020053857,0.05739965750209794,0.4663953625517591,0.16567885516229527,0.1559643670853989,observed_standardization_no_causal_or_significance_claim
24m,exclude_primary_dominant_project,11_100000_plus,uniswap,2025-10,equal_project,21,34,0.1877677092377469,0.11924203069394587,0.06852567854380104,0.16567885516229527,0.1559643670853989,observed_standardization_no_causal_or_significance_claim
24m,exclude_primary_dominant_project,11_100000_plus,uniswap,2025-11,overlap_exposure,20,31,0.6119884806747028,0.11599154330145377,0.495996937373249,0.19160018887531702,0.17558248118334607,observed_standardization_no_causal_or_significance_claim
24m,exclude_primary_dominant_project,11_100000_plus,uniswap,2025-11,equal_project,20,31,0.35715530529406986,0.17130111203056325,0.1858541932635066,0.19160018887531702,0.17558248118334607,observed_standardization_no_causal_or_significance_claim
24m,exclude_primary_dominant_project,11_100000_plus,uniswap,2025-12,overlap_exposure,18,27,0.3536246441465123,0.4482335767211149,-0.09460893257460262,-0.19924141664466483,-0.27950133580793957,observed_standardization_no_causal_or_significance_claim
24m,exclude_primary_dominant_project,11_100000_plus,uniswap,2025-12,equal_project,18,27,0.3514932581166934,0.3317109234654901,0.019782334651203323,-0.19924141664466483,-0.27950133580793957,observed_standardization_no_causal_or_significance_claim
30m,all_projects,02_100_250,,2024-01,overlap_exposure,24,41,1.605806084007657,0.5949012341222493,1.0109048498854079,1.0806521555886912,1.0807052931678611,observed_standardization_no_causal_or_significance_claim
30m,all_projects,02_100_250,,2024-01,equal_project,24,41,0.17396913068349468,0.03822738887190145,0.13574174181159324,1.0806521555886912,1.0807052931678611,observed_standardization_no_causal_or_significance_claim
30m,all_projects,02_100_250,,2024-02,overlap_exposure,22,39,1.0598727643985344,0.5070922668376968,0.5527804975608376,0.5548258480974223,0.55480118711374,observed_standardization_no_causal_or_significance_claim
30m,all_projects,02_100_250,,2024-02,equal_project,22,39,0.07055715962461533,0.03322673732295944,0.03733042230165588,0.5548258480974223,0.55480118711374,observed_standardization_no_causal_or_significance_claim
30m,all_projects,02_100_250,,2024-03,overlap_exposure,21,41,0.3550915442414475,0.20233027596811298,0.15276126827333453,0.15655313356291298,0.15654479145250944,observed_standardization_no_causal_or_significance_claim
30m,all_projects,02_100_250,,2024-03,equal_project,21,41,0.04918741659632988,0.04069695923058126,0.008490457365748617,0.15655313356291298,0.15654479145250944,observed_standardization_no_causal_or_significance_claim
30m,all_projects,02_100_250,,2024-04,overlap_exposure,25,44,1.18482485729265,0.48167610877889083,0.7031487485137592,0.7321329434900541,0.7321254778760125,observed_standardization_no_causal_or_significance_claim
30m,all_projects,02_100_250,,2024-04,equal_project,25,44,0.14435194810916457,0.07302171909965648,0.07133022900950811,0.7321329434900541,0.7321254778760125,observed_standardization_no_causal_or_significance_claim
30m,all_projects,02_100_250,,2024-05,overlap_exposure,24,42,1.9715881021691826,0.7605222790842798,1.2110658230849027,1.2584532113291853,1.2584296774093018,observed_standardization_no_causal_or_significance_claim
30m,all_projects,02_100_250,,2024-05,equal_project,24,42,0.28079741920799983,0.06839686875018232,0.21240055045781753,1.2584532113291853,1.2584296774093018,observed_standardization_no_causal_or_significance_claim
30m,all_projects,02_100_250,,2024-06,overlap_exposure,24,43,1.8097572110966582,0.6037601890875562,1.205997022009102,1.268402455589511,1.2683891936125318,observed_standardization_no_causal_or_significance_claim
30m,all_projects,02_100_250,,2024-06,equal_project,24,43,0.30859792592119195,0.1956526500067752,0.11294527591441676,1.268402455589511,1.2683891936125318,observed_standardization_no_causal_or_significance_claim
30m,all_projects,02_100_250,,2024-07,overlap_exposure,23,42,2.2567626176443123,0.7541664201627248,1.5025961974815871,1.5652716767782497,1.5652539917220245,observed_standardization_no_causal_or_significance_claim
30m,all_projects,02_100_250,,2024-07,equal_project,23,42,0.5711739782182861,0.09651545792756534,0.4746585202907207,1.5652716767782497,1.5652539917220245,observed_standardization_no_causal_or_significance_claim
30m,all_projects,02_100_250,,2024-08,overlap_exposure,25,46,2.2048906835040523,0.7892763974356525,1.4156142860683998,1.4991449635455634,1.4991232992080965,observed_standardization_no_causal_or_significance_claim
30m,all_projects,02_100_250,,2024-08,equal_project,25,46,0.5083002569813126,0.18834588329418595,0.3199543736871267,1.4991449635455634,1.4991232992080965,observed_standardization_no_causal_or_significance_claim
30m,all_projects,02_100_250,,2024-09,overlap_exposure,24,45,1.8158173530328627,0.7481656216896346,1.067651731343228,1.1255482451859369,1.1255183297830282,observed_standardization_no_causal_or_significance_claim
30m,all_projects,02_100_250,,2024-09,equal_project,24,45,0.3794824336904085,0.18333235374141404,0.1961500799489945,1.1255482451859369,1.1255183297830282,observed_standardization_no_causal_or_significance_claim
30m,all_projects,02_100_250,,2024-10,overlap_exposure,25,44,1.0744551234459145,0.38276528923008246,0.691689834215832,0.727335877803777,0.7273187205322922,observed_standardization_no_causal_or_significance_claim
30m,all_projects,02_100_250,,2024-10,equal_project,25,44,0.22944351727778514,0.043407475295202946,0.1860360419825822,0.727335877803777,0.7273187205322922,observed_standardization_no_causal_or_significance_claim
30m,all_projects,02_100_250,,2024-11,overlap_exposure,26,45,0.6157222206172601,0.23661172950586407,0.37911049111139605,0.39423198427087175,0.39422394037980596,observed_standardization_no_causal_or_significance_claim
30m,all_projects,02_100_250,,2024-11,equal_project,26,45,1.2553318422993942,0.07041245942583525,1.184919382873559,0.39423198427087175,0.39422394037980596,observed_standardization_no_causal_or_significance_claim
30m,all_projects,02_100_250,,2024-12,overlap_exposure,25,46,0.3828787182908349,0.1412262413005446,0.24165247699029033,0.2488758904408346,0.2488694991630003,observed_standardization_no_causal_or_significance_claim
30m,all_projects,02_100_250,,2024-12,equal_project,25,46,0.07867818914391375,0.025275298467818223,0.053402890676095535,0.2488758904408346,0.2488694991630003,observed_standardization_no_causal_or_significance_claim
30m,all_projects,02_100_250,,2025-01,overlap_exposure,27,47,0.5117521815170227,0.1831759474652073,0.3285762340518154,0.3381463251140736,0.3381330633266272,observed_standardization_no_causal_or_significance_claim
30m,all_projects,02_100_250,,2025-01,equal_project,27,47,0.14642164199994834,0.0565693687935522,0.08985227320639616,0.3381463251140736,0.3381330633266272,observed_standardization_no_causal_or_significance_claim
30m,all_projects,02_100_250,,2025-02,overlap_exposure,27,46,1.2163127711011796,0.4611980051309931,0.7551147659701865,0.7624753797361737,0.7624599077464977,observed_standardization_no_causal_or_significance_claim
30m,all_projects,02_100_250,,2025-02,equal_project,27,46,0.6199220141699276,0.15831684946133567,0.461605164708592,0.7624753797361737,0.7624599077464977,observed_standardization_no_causal_or_significance_claim
30m,all_projects,02_100_250,,2025-03,overlap_exposure,27,48,1.2751701977620218,0.6196812143276499,0.6554889834343719,0.6654086099355826,0.6654148678512551,observed_standardization_no_causal_or_significance_claim
30m,all_projects,02_100_250,,2025-03,equal_project,27,48,0.4364144673485465,0.19867183178756986,0.23774263556097663,0.6654086099355826,0.6654148678512551,observed_standardization_no_causal_or_significance_claim
30m,all_projects,02_100_250,,2025-04,overlap_exposure,27,48,1.4752398993963463,0.7379041770717324,0.7373357223246139,0.7578784412978559,0.7578076311222687,observed_standardization_no_causal_or_significance_claim
30m,all_projects,02_100_250,,2025-04,equal_project,27,48,0.3585981067923247,0.1688050812108095,0.18979302558151517,0.7578784412978559,0.7578076311222687,observed_standardization_no_causal_or_significance_claim
30m,all_projects,02_100_250,,2025-05,overlap_exposure,30,51,1.3536639004609115,0.5082470964908153,0.8454168039700962,0.8864725947548363,0.8864500676801459,observed_standardization_no_causal_or_significance_claim
30m,all_projects,02_100_250,,2025-05,equal_project,30,51,0.29080725367497523,0.10308837722960093,0.18771887644537433,0.8864725947548363,0.8864500676801459,observed_standardization_no_causal_or_significance_claim
30m,all_projects,02_100_250,,2025-06,overlap_exposure,29,48,1.5103745010270557,0.5812955345065104,0.9290789665205454,0.9744048678502284,0.9743785227948112,observed_standardization_no_causal_or_significance_claim
30m,all_projects,02_100_250,,2025-06,equal_project,29,48,0.35278826790154977,0.09893525651238803,0.2538530113891617,0.9744048678502284,0.9743785227948112,observed_standardization_no_causal_or_significance_claim
30m,all_projects,02_100_250,,2025-07,overlap_exposure,27,48,1.2645865388294715,0.44242018590412374,0.8221663529253478,0.8466105921124758,0.846514766524352,observed_standardization_no_causal_or_significance_claim
30m,all_projects,02_100_250,,2025-07,equal_project,27,48,0.31093645160945066,0.16448024687668936,0.14645620473276127,0.8466105921124758,0.846514766524352,observed_standardization_no_causal_or_significance_claim
30m,all_projects,02_100_250,,2025-08,overlap_exposure,30,49,1.1463843853573654,0.4169591285017237,0.7294252568556417,0.7342034272871757,0.7341935470045128,observed_standardization_no_causal_or_significance_claim
30m,all_projects,02_100_250,,2025-08,equal_project,30,49,0.3478095139072571,0.14034693559607944,0.2074625783111777,0.7342034272871757,0.7341935470045128,observed_standardization_no_causal_or_significance_claim
30m,all_projects,02_100_250,,2025-09,overlap_exposure,29,48,1.0159874038484225,0.3576150046310458,0.6583723992173768,0.6687060867437472,0.6687774738161066,observed_standardization_no_causal_or_significance_claim
30m,all_projects,02_100_250,,2025-09,equal_project,29,48,0.3685008946047833,0.09839419434768952,0.2701067002570938,0.6687060867437472,0.6687774738161066,observed_standardization_no_causal_or_significance_claim
30m,all_projects,02_100_250,,2025-10,overlap_exposure,29,49,0.9303512311661516,0.36354936034990293,0.5668018708162487,0.5585358810424864,0.5585246714417368,observed_standardization_no_causal_or_significance_claim
30m,all_projects,02_100_250,,2025-10,equal_project,29,49,0.2830688549429197,0.24334210198932302,0.03972675295359673,0.5585358810424864,0.5585246714417368,observed_standardization_no_causal_or_significance_claim
30m,all_projects,02_100_250,,2025-11,overlap_exposure,30,48,0.8672259801950222,0.3733827693423676,0.4938432108526546,0.4632858543313205,0.463256965604498,observed_standardization_no_causal_or_significance_claim
30m,all_projects,02_100_250,,2025-11,equal_project,30,48,0.31485481312851865,0.260380843933253,0.05447396919526565,0.4632858543313205,0.463256965604498,observed_standardization_no_causal_or_significance_claim
30m,all_projects,02_100_250,,2025-12,overlap_exposure,29,47,1.2014666668787133,0.5752994158049967,0.6261672510737167,0.6157601219337507,0.615751087785239,observed_standardization_no_causal_or_significance_claim
30m,all_projects,02_100_250,,2025-12,equal_project,29,47,0.47598023395846845,0.2158075337413685,0.2601727002171,0.6157601219337507,0.615751087785239,observed_standardization_no_causal_or_significance_claim
30m,all_projects,02_100_250,,2026-01,overlap_exposure,29,48,1.2222911126380034,0.6721655485114987,0.5501255641265047,0.5686898929362668,0.5685206352186708,observed_standardization_no_causal_or_significance_claim
30m,all_projects,02_100_250,,2026-01,equal_project,29,48,0.7398283691072334,0.2721856114085342,0.4676427576986992,0.5686898929362668,0.5685206352186708,observed_standardization_no_causal_or_significance_claim
30m,all_projects,02_100_250,,2026-02,overlap_exposure,29,48,0.8256164618768504,0.5899877549585962,0.23562870691825427,0.2275584019672203,0.22750896696296766,observed_standardization_no_causal_or_significance_claim
30m,all_projects,02_100_250,,2026-02,equal_project,29,48,0.46613762296767736,0.4292372587541985,0.036900364213478865,0.2275584019672203,0.22750896696296766,observed_standardization_no_causal_or_significance_claim
30m,all_projects,02_100_250,,2026-03,overlap_exposure,28,48,0.9204736965543256,0.7027432132428078,0.2177304833115179,0.21761865963650467,0.2176023516331089,observed_standardization_no_causal_or_significance_claim
30m,all_projects,02_100_250,,2026-03,equal_project,28,48,0.38511019668638546,0.3324567442979521,0.052653452388433386,0.21761865963650467,0.2176023516331089,observed_standardization_no_causal_or_significance_claim
30m,all_projects,02_100_250,,2026-04,overlap_exposure,28,47,1.4382629715243012,0.8134697746333149,0.6247931968909862,0.6884543877377234,0.6883256271417528,observed_standardization_no_causal_or_significance_claim
30m,all_projects,02_100_250,,2026-04,equal_project,28,47,0.5551806887967391,0.4128903357379902,0.14229035305874885,0.6884543877377234,0.6883256271417528,observed_standardization_no_causal_or_significance_claim
30m,all_projects,02_100_250,,2026-05,overlap_exposure,29,48,1.0024449220395457,0.6646244577747603,0.33782046426478535,0.3420991010504836,0.34205449818187006,observed_standardization_no_causal_or_significance_claim
30m,all_projects,02_100_250,,2026-05,equal_project,29,48,0.5022141102934635,0.3592165605477065,0.14299754974575704,0.3420991010504836,0.34205449818187006,observed_standardization_no_causal_or_significance_claim
30m,all_projects,02_100_250,,2026-06,overlap_exposure,28,47,0.6246036066167246,0.413815994847997,0.21078761176872765,0.21668103697040736,0.21661641891926484,observed_standardization_no_causal_or_significance_claim
30m,all_projects,02_100_250,,2026-06,equal_project,28,47,0.33982000682937824,0.2067127589384534,0.13310724789092482,0.21668103697040736,0.21661641891926484,observed_standardization_no_causal_or_significance_claim
30m,all_projects,03_250_500,,2024-01,overlap_exposure,23,40,2.6143637769600976,0.5885533897475047,2.025810387212593,2.0827850175143756,2.0828305399598164,observed_standardization_no_causal_or_significance_claim
30m,all_projects,03_250_500,,2024-01,equal_project,23,40,0.4474378775708471,0.039889449257636295,0.4075484283132108,2.0827850175143756,2.0828305399598164,observed_standardization_no_causal_or_significance_claim
30m,all_projects,03_250_500,,2024-02,overlap_exposure,23,39,1.926781287103423,0.5050719127666059,1.421709374336817,1.399613842445624,1.3995944692132687,observed_standardization_no_causal_or_significance_claim
30m,all_projects,03_250_500,,2024-02,equal_project,23,39,0.29427743924957145,0.031782096569787296,0.26249534267978414,1.399613842445624,1.3995944692132687,observed_standardization_no_causal_or_significance_claim
30m,all_projects,03_250_500,,2024-03,overlap_exposure,22,42,0.6683096413125508,0.20315353698474792,0.4651561043278029,0.46965296535452317,0.46964865055626837,observed_standardization_no_causal_or_significance_claim
30m,all_projects,03_250_500,,2024-03,equal_project,22,42,0.1744090077440118,0.03884709744737302,0.13556191029663878,0.46965296535452317,0.46964865055626837,observed_standardization_no_causal_or_significance_claim
30m,all_projects,03_250_500,,2024-04,overlap_exposure,23,41,2.129394670099697,0.4829032125992734,1.6464914575004235,1.6773574575634345,1.6773222011891817,observed_standardization_no_causal_or_significance_claim
30m,all_projects,03_250_500,,2024-04,equal_project,23,41,0.5298475235493674,0.07937143380397445,0.4504760897453929,1.6773574575634345,1.6773222011891817,observed_standardization_no_causal_or_significance_claim
30m,all_projects,03_250_500,,2024-05,overlap_exposure,24,42,3.392804435798564,0.7576431296673738,2.63516130613119,2.6625908112069787,2.662567277287095,observed_standardization_no_causal_or_significance_claim
30m,all_projects,03_250_500,,2024-05,equal_project,24,42,0.835511378740447,0.06839686875018232,0.7671145099902648,2.6625908112069787,2.662567277287095,observed_standardization_no_causal_or_significance_claim
30m,all_projects,03_250_500,,2024-06,overlap_exposure,24,42,2.9560994714034656,0.6021375810314281,2.353961890372038,2.417237537969937,2.4172239529375035,observed_standardization_no_causal_or_significance_claim
30m,all_projects,03_250_500,,2024-06,equal_project,24,42,0.6246487153757123,0.1956526500067752,0.42899606536893714,2.417237537969937,2.4172239529375035,observed_standardization_no_causal_or_significance_claim
30m,all_projects,03_250_500,,2024-07,overlap_exposure,23,42,3.755062813751158,0.7494591336183012,3.0056036801328565,3.0637772356112634,3.0637384787939266,observed_standardization_no_causal_or_significance_claim
30m,all_projects,03_250_500,,2024-07,equal_project,23,42,0.9815888161779078,0.09651545792756534,0.8850733582503425,3.0637772356112634,3.0637384787939266,observed_standardization_no_causal_or_significance_claim
30m,all_projects,03_250_500,,2024-08,overlap_exposure,24,43,3.175584171408128,0.7847012936896618,2.3908828777184663,2.464832428952587,2.4647993247098805,observed_standardization_no_causal_or_significance_claim
30m,all_projects,03_250_500,,2024-08,equal_project,24,43,0.7611531603014416,0.1274384166344004,0.6337147436670413,2.464832428952587,2.4647993247098805,observed_standardization_no_causal_or_significance_claim
30m,all_projects,03_250_500,,2024-09,overlap_exposure,25,45,2.4960532492700462,0.7450298172423798,1.7510234320276665,1.8010304710039498,1.8009797703279067,observed_standardization_no_causal_or_significance_claim
30m,all_projects,03_250_500,,2024-09,equal_project,25,45,0.6015589542138748,0.17599905959175746,0.42555989462211746,1.8010304710039498,1.8009797703279067,observed_standardization_no_causal_or_significance_claim
30m,all_projects,03_250_500,,2024-10,overlap_exposure,25,43,1.8187476406218477,0.3788407795094574,1.4399068611123902,1.4611774080661297,1.461155548281411,observed_standardization_no_causal_or_significance_claim
30m,all_projects,03_250_500,,2024-10,equal_project,25,43,0.6328012204073159,0.04362537582361173,0.5891758445837041,1.4611774080661297,1.461155548281411,observed_standardization_no_causal_or_significance_claim
30m,all_projects,03_250_500,,2024-11,overlap_exposure,24,43,1.1502419010872096,0.23644865172977245,0.913793249357437,0.9260820719836773,0.926060614531252,observed_standardization_no_causal_or_significance_claim
30m,all_projects,03_250_500,,2024-11,equal_project,24,43,0.7183608902516327,0.0762801643779882,0.6420807258736445,0.9260820719836773,0.926060614531252,observed_standardization_no_causal_or_significance_claim
30m,all_projects,03_250_500,,2024-12,overlap_exposure,25,47,0.8217416561880414,0.1426354436952712,0.6791062124927701,0.692907835067815,0.6928985282722815,observed_standardization_no_causal_or_significance_claim
30m,all_projects,03_250_500,,2024-12,equal_project,25,47,0.35857761272979627,0.025275298467818223,0.33330231426197804,0.692907835067815,0.6928985282722815,observed_standardization_no_causal_or_significance_claim
30m,all_projects,03_250_500,,2025-01,overlap_exposure,27,48,1.032149238821738,0.18429926429359153,0.8478499745281463,0.8636418953425463,0.863629938081122,observed_standardization_no_causal_or_significance_claim
30m,all_projects,03_250_500,,2025-01,equal_project,27,48,0.33481746839544885,0.05501449738141798,0.2798029710140309,0.8636418953425463,0.863629938081122,observed_standardization_no_causal_or_significance_claim
30m,all_projects,03_250_500,,2025-02,overlap_exposure,26,45,1.800082682029295,0.4580111699109877,1.342071512118307,1.3264968164320952,1.3264684204096007,observed_standardization_no_causal_or_significance_claim
30m,all_projects,03_250_500,,2025-02,equal_project,26,45,0.5228029604413394,0.16440595905600242,0.35839700138533703,1.3264968164320952,1.3264684204096007,observed_standardization_no_causal_or_significance_claim
30m,all_projects,03_250_500,,2025-03,overlap_exposure,27,47,1.5645906222315944,0.6212594310599391,0.9433311911716553,0.9366130165673957,0.9366187922625006,observed_standardization_no_causal_or_significance_claim
30m,all_projects,03_250_500,,2025-03,equal_project,27,47,0.4645985100557541,0.20263762044174272,0.2619608896140113,0.9366130165673957,0.9366187922625006,observed_standardization_no_causal_or_significance_claim
30m,all_projects,03_250_500,,2025-04,overlap_exposure,26,46,1.4451513133177611,0.7285177155304493,0.716633597787312,0.705019343999906,0.7049184555313536,observed_standardization_no_causal_or_significance_claim
30m,all_projects,03_250_500,,2025-04,equal_project,26,46,0.5796012705829925,0.1896234500259004,0.3899778205570921,0.705019343999906,0.7049184555313536,observed_standardization_no_causal_or_significance_claim
30m,all_projects,03_250_500,,2025-05,overlap_exposure,29,49,1.7856194599471316,0.5018824716876029,1.2837369882595286,1.2985502588803581,1.2985002359744369,observed_standardization_no_causal_or_significance_claim
30m,all_projects,03_250_500,,2025-05,equal_project,29,49,0.44168739276297414,0.11249208949829666,0.32919530326467744,1.2985502588803581,1.2985002359744369,observed_standardization_no_causal_or_significance_claim
30m,all_projects,03_250_500,,2025-06,overlap_exposure,26,45,1.982784880427985,0.581899854161426,1.400885026266559,1.4417656741783775,1.4416738991801075,observed_standardization_no_causal_or_significance_claim
30m,all_projects,03_250_500,,2025-06,equal_project,26,45,0.6672012267444473,0.11035086303304821,0.5568503637113991,1.4417656741783775,1.4416738991801075,observed_standardization_no_causal_or_significance_claim
30m,all_projects,03_250_500,,2025-07,overlap_exposure,27,48,1.7334749094289374,0.43962850434146217,1.2938464050874752,1.3040089964857449,1.3039137100734166,observed_standardization_no_causal_or_significance_claim
30m,all_projects,03_250_500,,2025-07,equal_project,27,48,0.6061876969150116,0.16448024687668936,0.4417074500383223,1.3040089964857449,1.3039137100734166,observed_standardization_no_causal_or_significance_claim
30m,all_projects,03_250_500,,2025-08,overlap_exposure,30,49,1.5013575249283169,0.4058168896213137,1.0955406353070032,1.0633994188573213,1.0633895385746586,observed_standardization_no_causal_or_significance_claim
30m,all_projects,03_250_500,,2025-08,equal_project,30,49,0.4016258388900211,0.14034693559607944,0.2612789032939417,1.0633994188573213,1.0633895385746586,observed_standardization_no_causal_or_significance_claim
30m,all_projects,03_250_500,,2025-09,overlap_exposure,28,48,1.3860871855406776,0.3466740222656515,1.0394131632750259,1.0131377364770382,1.01320746918281,observed_standardization_no_causal_or_significance_claim
30m,all_projects,03_250_500,,2025-09,equal_project,28,48,0.5220816646216463,0.0979593084899351,0.4241223561317111,1.0131377364770382,1.01320746918281,observed_standardization_no_causal_or_significance_claim
30m,all_projects,03_250_500,,2025-10,overlap_exposure,28,47,1.160043502330484,0.3557896237240651,0.804253878606419,0.763770578187634,0.7638057762656765,observed_standardization_no_causal_or_significance_claim
30m,all_projects,03_250_500,,2025-10,equal_project,28,47,0.4862909797028986,0.18268476374552975,0.30360621595736886,0.763770578187634,0.7638057762656765,observed_standardization_no_causal_or_significance_claim
30m,all_projects,03_250_500,,2025-11,overlap_exposure,29,47,0.9595568433932969,0.36436893017681576,0.5951879132164812,0.5439915675675333,0.5440368350464999,observed_standardization_no_causal_or_significance_claim
30m,all_projects,03_250_500,,2025-11,equal_project,29,47,0.37883889521369074,0.18725768748431756,0.19158120772937315,0.5439915675675333,0.5440368350464999,observed_standardization_no_causal_or_significance_claim
30m,all_projects,03_250_500,,2025-12,overlap_exposure,29,47,1.0360672269304092,0.5744614298838085,0.4616057970466007,0.44193914881736074,0.44193011466884907,observed_standardization_no_causal_or_significance_claim
30m,all_projects,03_250_500,,2025-12,equal_project,29,47,0.4835781515773259,0.2158075337413685,0.2677706178359574,0.44193914881736074,0.44193011466884907,observed_standardization_no_causal_or_significance_claim
30m,all_projects,03_250_500,,2026-01,overlap_exposure,27,46,1.0787199529962985,0.6722467246404916,0.4064732283558069,0.3889175180733566,0.38872974381406666,observed_standardization_no_causal_or_significance_claim
30m,all_projects,03_250_500,,2026-01,equal_project,27,46,0.9008455023301094,0.2923475085499071,0.6084979937802023,0.3889175180733566,0.38872974381406666,observed_standardization_no_causal_or_significance_claim
30m,all_projects,03_250_500,,2026-02,overlap_exposure,28,48,0.7663711558765849,0.579534306643126,0.18683684923345883,0.16138194588296512,0.16133029941277796,observed_standardization_no_causal_or_significance_claim
30m,all_projects,03_250_500,,2026-02,equal_project,28,48,0.4150560412891197,0.44456716085256276,-0.029511119563443034,0.16138194588296512,0.16133029941277796,observed_standardization_no_causal_or_significance_claim
30m,all_projects,03_250_500,,2026-03,overlap_exposure,28,48,0.7893274815978402,0.6649429766708677,0.12438450492697249,0.07608728208988733,0.07605358309379821,observed_standardization_no_causal_or_significance_claim
30m,all_projects,03_250_500,,2026-03,equal_project,28,48,0.3216921379750492,0.35044882778121944,-0.028756689806170223,0.07608728208988733,0.07605358309379821,observed_standardization_no_causal_or_significance_claim
30m,all_projects,03_250_500,,2026-04,overlap_exposure,27,46,1.4508989634874352,0.7748064030297488,0.6760925604576865,0.6615257180896494,0.6613938815326666,observed_standardization_no_causal_or_significance_claim
30m,all_projects,03_250_500,,2026-04,equal_project,27,46,0.5313783222068301,0.42818257039495283,0.10319575181187728,0.6615257180896494,0.6613938815326666,observed_standardization_no_causal_or_significance_claim
30m,all_projects,03_250_500,,2026-05,overlap_exposure,27,46,0.9539080151828777,0.6501345605737529,0.30377345460912486,0.28028619127777243,0.2802555768576258,observed_standardization_no_causal_or_significance_claim
30m,all_projects,03_250_500,,2026-05,equal_project,27,46,0.5593498895856864,0.3489724214911703,0.2103774680945161,0.28028619127777243,0.2802555768576258,observed_standardization_no_causal_or_significance_claim
30m,all_projects,03_250_500,,2026-06,overlap_exposure,27,46,0.5299007627014855,0.4002075836394258,0.12969317906205963,0.11031549077061745,0.11025005235176626,observed_standardization_no_causal_or_significance_claim
30m,all_projects,03_250_500,,2026-06,equal_project,27,46,0.38414838002970375,0.21436878704728501,0.16977959298241874,0.11031549077061745,0.11025005235176626,observed_standardization_no_causal_or_significance_claim
30m,all_projects,04_500_1000,,2024-01,overlap_exposure,23,40,3.4655740187861004,0.572121431076667,2.893452587709433,2.8507168860338092,2.8507780974551573,observed_standardization_no_causal_or_significance_claim
30m,all_projects,04_500_1000,,2024-01,equal_project,23,40,0.7013738637057895,0.039889449257636295,0.6614844144481532,2.8507168860338092,2.8507780974551573,observed_standardization_no_causal_or_significance_claim
30m,all_projects,04_500_1000,,2024-02,overlap_exposure,22,38,2.6178267401430966,0.4970769204308133,2.1207498197122834,2.0143426127862076,2.014322360216716,observed_standardization_no_causal_or_significance_claim
30m,all_projects,04_500_1000,,2024-02,equal_project,22,38,0.4637254484475564,0.03322673732295944,0.430498711124597,2.0143426127862076,2.014322360216716,observed_standardization_no_causal_or_significance_claim
30m,all_projects,04_500_1000,,2024-03,overlap_exposure,22,40,1.2263194988138097,0.20285304671926116,1.0234664520945485,1.0154601621501134,1.0154500939993938,observed_standardization_no_causal_or_significance_claim
30m,all_projects,04_500_1000,,2024-03,equal_project,22,40,0.4019083754480918,0.03884709744737302,0.3630612780007188,1.0154601621501134,1.0154500939993938,observed_standardization_no_causal_or_significance_claim
30m,all_projects,04_500_1000,,2024-04,overlap_exposure,23,40,3.020584909255854,0.4743474921003464,2.546237417155508,2.5132923072226374,2.5132392132548547,observed_standardization_no_causal_or_significance_claim
30m,all_projects,04_500_1000,,2024-04,equal_project,23,40,0.9343167447369609,0.07937143380397445,0.8549453109329865,2.5132923072226374,2.5132392132548547,observed_standardization_no_causal_or_significance_claim
30m,all_projects,04_500_1000,,2024-05,overlap_exposure,25,42,4.863704787909418,0.739369750039082,4.124335037870336,4.031482602771519,4.031457520383606,observed_standardization_no_causal_or_significance_claim
30m,all_projects,04_500_1000,,2024-05,equal_project,25,42,1.1218700238633426,0.06566099400017503,1.0562090298631674,4.031482602771519,4.031457520383606,observed_standardization_no_causal_or_significance_claim
30m,all_projects,04_500_1000,,2024-06,overlap_exposure,22,40,4.19926346793771,0.5926216884583888,3.606641779479321,3.614430357270642,3.6144449384357733,observed_standardization_no_causal_or_significance_claim
30m,all_projects,04_500_1000,,2024-06,equal_project,22,40,1.1036354740265373,0.06681168857044098,1.0368237854560962,3.614430357270642,3.6144449384357733,observed_standardization_no_causal_or_significance_claim
30m,all_projects,04_500_1000,,2024-07,overlap_exposure,23,42,4.936153282323135,0.7324786351284746,4.203674647194661,4.157605036895559,4.157551979152422,observed_standardization_no_causal_or_significance_claim
30m,all_projects,04_500_1000,,2024-07,equal_project,23,42,1.1411076180576474,0.09651545792756534,1.044592160130082,4.157605036895559,4.157551979152422,observed_standardization_no_causal_or_significance_claim
30m,all_projects,04_500_1000,,2024-08,overlap_exposure,22,40,3.801403349148475,0.7645815740432481,3.0368217751052273,3.0229369757117226,3.02288612071701,observed_standardization_no_causal_or_significance_claim
30m,all_projects,04_500_1000,,2024-08,equal_project,22,40,0.8372993081131864,0.13902372723752773,0.6982755808756587,3.0229369757117226,3.02288612071701,observed_standardization_no_causal_or_significance_claim
30m,all_projects,04_500_1000,,2024-09,overlap_exposure,25,45,3.388042296701078,0.7303956716434856,2.657646625057592,2.6435358080643003,2.6434834544875,observed_standardization_no_causal_or_significance_claim
30m,all_projects,04_500_1000,,2024-09,equal_project,25,45,0.8526899830697402,0.17599905959175746,0.6766909234779828,2.6435358080643003,2.6434834544875,observed_standardization_no_causal_or_significance_claim
30m,all_projects,04_500_1000,,2024-10,overlap_exposure,25,43,2.8631434446816266,0.3738522815575836,2.489291163124043,2.4614662105432425,2.4614421480664586,observed_standardization_no_causal_or_significance_claim
30m,all_projects,04_500_1000,,2024-10,equal_project,25,43,0.8847807368651779,0.043407475295202946,0.8413732615699748,2.4614662105432425,2.4614421480664586,observed_standardization_no_causal_or_significance_claim
30m,all_projects,04_500_1000,,2024-11,overlap_exposure,26,45,1.797114453225669,0.2332283862926488,1.5638860669330203,1.5453683936964049,1.5453598575119831,observed_standardization_no_causal_or_significance_claim
30m,all_projects,04_500_1000,,2024-11,equal_project,26,45,0.849280915384996,0.07041245942583525,0.7788684559591607,1.5453683936964049,1.5453598575119831,observed_standardization_no_causal_or_significance_claim
30m,all_projects,04_500_1000,,2024-12,overlap_exposure,26,47,1.1504276152970967,0.142441513944556,1.0079861013525406,1.0160561057646005,1.0160490416859993,observed_standardization_no_causal_or_significance_claim
30m,all_projects,04_500_1000,,2024-12,equal_project,26,47,0.5832423294726482,0.024303171603671368,0.5589391578689767,1.0160561057646005,1.0160490416859993,observed_standardization_no_causal_or_significance_claim
30m,all_projects,04_500_1000,,2025-01,overlap_exposure,26,46,1.6153735986719358,0.1833090970443115,1.4320645016276243,1.4336346738530719,1.4336195639542575,observed_standardization_no_causal_or_significance_claim
30m,all_projects,04_500_1000,,2025-01,equal_project,26,46,0.8040365795826491,0.05874511374715035,0.7452914658354987,1.4336346738530719,1.4336195639542575,observed_standardization_no_causal_or_significance_claim
30m,all_projects,04_500_1000,,2025-02,overlap_exposure,27,47,1.8344350010857522,0.45347760692015704,1.380957394165595,1.3374597272393614,1.3374238207166291,observed_standardization_no_causal_or_significance_claim
30m,all_projects,04_500_1000,,2025-02,equal_project,27,47,0.6939532927424832,0.1745611639512642,0.519392128791219,1.3374597272393614,1.3374238207166291,observed_standardization_no_causal_or_significance_claim
30m,all_projects,04_500_1000,,2025-03,overlap_exposure,27,46,1.4447484930755323,0.6144571625635467,0.8302913305119857,0.7978858121710999,0.7978701282741495,observed_standardization_no_causal_or_significance_claim
30m,all_projects,04_500_1000,,2025-03,equal_project,27,46,0.679051220115156,0.22549998898312362,0.45355123113203233,0.7978858121710999,0.7978701282741495,observed_standardization_no_causal_or_significance_claim
30m,all_projects,04_500_1000,,2025-04,overlap_exposure,26,45,1.4163268048589002,0.7095042560703959,0.7068225487885041,0.6423583027280919,0.6422566668323322,observed_standardization_no_causal_or_significance_claim
30m,all_projects,04_500_1000,,2025-04,equal_project,26,45,0.8412323613150212,0.19413709730550827,0.647095264009513,0.6423583027280919,0.6422566668323322,observed_standardization_no_causal_or_significance_claim
30m,all_projects,04_500_1000,,2025-05,overlap_exposure,27,47,2.1323029137519494,0.4907293988073819,1.6415735149445672,1.6010094680472737,1.6009492119206374,observed_standardization_no_causal_or_significance_claim
30m,all_projects,04_500_1000,,2025-05,equal_project,27,47,0.7341547604548172,0.11626850516105254,0.6178862552937647,1.6010094680472737,1.6009492119206374,observed_standardization_no_causal_or_significance_claim
30m,all_projects,04_500_1000,,2025-06,overlap_exposure,26,46,2.3914540493085097,0.5731145689114018,1.8183394803971082,1.8238356808474547,1.8237453512809438,observed_standardization_no_causal_or_significance_claim
30m,all_projects,04_500_1000,,2025-06,equal_project,26,46,0.8895970331843382,0.10566201539791292,0.7839350177864253,1.8238356808474547,1.8237453512809438,observed_standardization_no_causal_or_significance_claim
30m,all_projects,04_500_1000,,2025-07,overlap_exposure,29,50,1.8179704869276614,0.43376772350078774,1.3842027634268737,1.368143571261162,1.3680654126830358,observed_standardization_no_causal_or_significance_claim
30m,all_projects,04_500_1000,,2025-07,equal_project,29,50,0.7486805726585759,0.1548472358715099,0.593833336787066,1.368143571261162,1.3680654126830358,observed_standardization_no_causal_or_significance_claim
30m,all_projects,04_500_1000,,2025-08,overlap_exposure,29,48,1.4859487519206098,0.3966728816878311,1.0892758702327787,1.025013148987265,1.0250031426965012,observed_standardization_no_causal_or_significance_claim
30m,all_projects,04_500_1000,,2025-08,equal_project,29,48,0.5559141974899059,0.14518648509939253,0.41072771239051337,1.025013148987265,1.0250031426965012,observed_standardization_no_causal_or_significance_claim
30m,all_projects,04_500_1000,,2025-09,overlap_exposure,29,49,1.1699451543920256,0.3437713345263423,0.8261738198656834,0.7904195134865727,0.7905042530901293,observed_standardization_no_causal_or_significance_claim
30m,all_projects,04_500_1000,,2025-09,equal_project,29,49,0.8064487189377676,0.09839419434768952,0.708054524590078,0.7904195134865727,0.7905042530901293,observed_standardization_no_causal_or_significance_claim
30m,all_projects,04_500_1000,,2025-10,overlap_exposure,28,47,1.1481120080080232,0.3512798437352221,0.796832164272801,0.7449687932566992,0.7450039913347415,observed_standardization_no_causal_or_significance_claim
30m,all_projects,04_500_1000,,2025-10,equal_project,28,47,0.6096627556898977,0.18268476374552975,0.426977991944368,0.7449687932566992,0.7450039913347415,observed_standardization_no_causal_or_significance_claim
30m,all_projects,04_500_1000,,2025-11,overlap_exposure,27,45,0.9622034037013558,0.36346829842941475,0.5987351052719412,0.5454693772117101,0.5455122843109398,observed_standardization_no_causal_or_significance_claim
30m,all_projects,04_500_1000,,2025-11,equal_project,27,45,0.7829819128197373,0.2011286272979707,0.5818532855217665,0.5454693772117101,0.5455122843109398,observed_standardization_no_causal_or_significance_claim
30m,all_projects,04_500_1000,,2025-12,overlap_exposure,28,46,0.9088662455831225,0.562100734883955,0.34676551069916745,0.30837323970032277,0.30836073186785284,observed_standardization_no_causal_or_significance_claim
30m,all_projects,04_500_1000,,2025-12,equal_project,28,46,0.4061046904923123,0.2235149456607031,0.1825897448316092,0.30837323970032277,0.30836073186785284,observed_standardization_no_causal_or_significance_claim
30m,all_projects,04_500_1000,,2026-01,overlap_exposure,27,45,0.8722010227227628,0.6526157754885149,0.21958524723424794,0.17055929142926257,0.1703705498597236,observed_standardization_no_causal_or_significance_claim
30m,all_projects,04_500_1000,,2026-01,equal_project,27,45,0.7624560608322337,0.2923475085499071,0.4701085522823266,0.17055929142926257,0.1703705498597236,observed_standardization_no_causal_or_significance_claim
30m,all_projects,04_500_1000,,2026-02,overlap_exposure,27,47,0.7388183130043132,0.561942057756122,0.17687625524819112,0.11446608094204148,0.11440806015404065,observed_standardization_no_causal_or_significance_claim
30m,all_projects,04_500_1000,,2026-02,equal_project,27,47,0.8720008026839232,0.4610326112545095,0.41096819142941365,0.11446608094204148,0.11440806015404065,observed_standardization_no_causal_or_significance_claim
30m,all_projects,04_500_1000,,2026-03,overlap_exposure,28,47,0.6365704606066799,0.6467111339720293,-0.010140673365349392,-0.0870348846748123,-0.08706933573805449,observed_standardization_no_causal_or_significance_claim
30m,all_projects,04_500_1000,,2026-03,equal_project,28,47,0.7103487916909048,0.35044882778121944,0.35989996390968537,-0.0870348846748123,-0.08706933573805449,observed_standardization_no_causal_or_significance_claim
30m,all_projects,04_500_1000,,2026-04,overlap_exposure,28,47,1.4389059104940114,0.7192976136806868,0.7196082968133245,0.6115283745169022,0.6114000540052438,observed_standardization_no_causal_or_significance_claim
30m,all_projects,04_500_1000,,2026-04,equal_project,28,47,0.8610948882294717,0.4128903357379902,0.44820455249148144,0.6115283745169022,0.6114000540052438,observed_standardization_no_causal_or_significance_claim
30m,all_projects,04_500_1000,,2026-05,overlap_exposure,27,46,1.1054098743035659,0.6163877462879026,0.4890221280156633,0.41372234373179595,0.41369294716266153,observed_standardization_no_causal_or_significance_claim
30m,all_projects,04_500_1000,,2026-05,equal_project,27,46,0.6204009875159371,0.3489724214911703,0.2714285660247668,0.41372234373179595,0.41369294716266153,observed_standardization_no_causal_or_significance_claim
30m,all_projects,04_500_1000,,2026-06,overlap_exposure,26,44,0.7445366245372638,0.37065953080687314,0.37387709373039063,0.3162064066683646,0.316201765695707,observed_standardization_no_causal_or_significance_claim
30m,all_projects,04_500_1000,,2026-06,equal_project,26,44,0.3795005192713819,0.16517551678006556,0.21432500249131634,0.3162064066683646,0.316201765695707,observed_standardization_no_causal_or_significance_claim
30m,all_projects,05_1000_2500,,2024-01,overlap_exposure,23,40,4.92909573760768,0.5522164145486089,4.376879323059071,4.0472855787819135,4.047365137546791,observed_standardization_no_causal_or_significance_claim
30m,all_projects,05_1000_2500,,2024-01,equal_project,23,40,1.1915038660160744,0.039889449257636295,1.151614416758438,4.0472855787819135,4.047365137546791,observed_standardization_no_causal_or_significance_claim
30m,all_projects,05_1000_2500,,2024-02,overlap_exposure,22,39,3.6378964674015903,0.48800379805966043,3.1498926693419307,2.842875435285388,2.8428839521064533,observed_standardization_no_causal_or_significance_claim
30m,all_projects,05_1000_2500,,2024-02,equal_project,22,39,0.7546419948364247,0.03322673732295944,0.7214152575134652,2.842875435285388,2.8428839521064533,observed_standardization_no_causal_or_significance_claim
30m,all_projects,05_1000_2500,,2024-03,overlap_exposure,22,40,2.070879367842226,0.20255295967830386,1.8683264081639224,1.823473571775254,1.8234849983866197,observed_standardization_no_causal_or_significance_claim
30m,all_projects,05_1000_2500,,2024-03,equal_project,22,40,0.7611162104904857,0.03884709744737302,0.7222691130431127,1.823473571775254,1.8234849983866197,observed_standardization_no_causal_or_significance_claim
30m,all_projects,05_1000_2500,,2024-04,overlap_exposure,23,40,4.305196012452214,0.462329953985184,3.8428660584670293,3.6286724980032776,3.6286224816910644,observed_standardization_no_causal_or_significance_claim
30m,all_projects,05_1000_2500,,2024-04,equal_project,23,40,1.2998132875981738,0.07937143380397445,1.2204418537941994,3.6286724980032776,3.6286224816910644,observed_standardization_no_causal_or_significance_claim
30m,all_projects,05_1000_2500,,2024-05,overlap_exposure,24,41,6.139279965059955,0.7165204656181259,5.422759499441829,5.05262640372703,5.052552915295296,observed_standardization_no_causal_or_significance_claim
30m,all_projects,05_1000_2500,,2024-05,equal_project,24,41,1.4957115955171811,0.06839686875018232,1.4273147267669988,5.05262640372703,5.052552915295296,observed_standardization_no_causal_or_significance_claim
30m,all_projects,05_1000_2500,,2024-06,overlap_exposure,22,40,5.430559415501693,0.5782057157967444,4.852353699704948,4.676629606819539,4.676647942870078,observed_standardization_no_causal_or_significance_claim
30m,all_projects,05_1000_2500,,2024-06,equal_project,22,40,1.7258934428874377,0.06681168857044098,1.659081754316997,4.676629606819539,4.676647942870078,observed_standardization_no_causal_or_significance_claim
30m,all_projects,05_1000_2500,,2024-07,overlap_exposure,22,40,5.42292959824362,0.7081699558344617,4.714759642409158,4.418639102209091,4.41858436106842,observed_standardization_no_causal_or_significance_claim
30m,all_projects,05_1000_2500,,2024-07,equal_project,22,40,1.2167553384250633,0.10090252419700013,1.1158528142280633,4.418639102209091,4.41858436106842,observed_standardization_no_causal_or_significance_claim
30m,all_projects,05_1000_2500,,2024-08,overlap_exposure,22,40,3.9741791288844004,0.7322598836021142,3.2419192452822863,3.005466069873214,3.0054182525780804,observed_standardization_no_causal_or_significance_claim
30m,all_projects,05_1000_2500,,2024-08,equal_project,22,40,0.9597810864405343,0.13902372723752773,0.8207573592030065,3.005466069873214,3.0054182525780804,observed_standardization_no_causal_or_significance_claim
30m,all_projects,05_1000_2500,,2024-09,overlap_exposure,25,44,4.043550803327762,0.7110295481964506,3.332521255131312,3.141805176876606,3.1417502216824653,observed_standardization_no_causal_or_significance_claim
30m,all_projects,05_1000_2500,,2024-09,equal_project,25,44,0.9834839238542071,0.17599905959175746,0.8074848642624496,3.141805176876606,3.1417502216824653,observed_standardization_no_causal_or_significance_claim
30m,all_projects,05_1000_2500,,2024-10,overlap_exposure,26,44,3.851797177735756,0.36786450940277204,3.483932668332984,3.3216896289292484,3.321666403460793,observed_standardization_no_causal_or_significance_claim
30m,all_projects,05_1000_2500,,2024-10,equal_project,26,44,0.7076993780844384,0.041737957014618216,0.6659614210698203,3.3216896289292484,3.321666403460793,observed_standardization_no_causal_or_significance_claim
30m,all_projects,05_1000_2500,,2024-11,overlap_exposure,25,42,2.5164604276757836,0.22859725220457133,2.2878631754712124,2.1660718710299163,2.166056217416855,observed_standardization_no_causal_or_significance_claim
30m,all_projects,05_1000_2500,,2024-11,equal_project,25,42,1.1920416489494827,0.07329656419843368,1.118745084751049,2.1660718710299163,2.166056217416855,observed_standardization_no_causal_or_significance_claim
30m,all_projects,05_1000_2500,,2024-12,overlap_exposure,26,45,1.6379081910583535,0.14056450438648102,1.4973436866718726,1.460749734475808,1.4607431021254502,observed_standardization_no_causal_or_significance_claim
30m,all_projects,05_1000_2500,,2024-12,equal_project,26,45,0.7699056102130684,0.024303171603671368,0.745602438609397,1.460749734475808,1.4607431021254502,observed_standardization_no_causal_or_significance_claim
30m,all_projects,05_1000_2500,,2025-01,overlap_exposure,26,45,1.80491611311306,0.18165830449108528,1.6232578086219747,1.591885613858407,1.5918700691042638,observed_standardization_no_causal_or_significance_claim
30m,all_projects,05_1000_2500,,2025-01,equal_project,26,45,1.0015431631839062,0.06358913622341465,0.9379540269604916,1.591885613858407,1.5918700691042638,observed_standardization_no_causal_or_significance_claim
30m,all_projects,05_1000_2500,,2025-02,overlap_exposure,26,45,1.7497947121639368,0.44697782669483277,1.302816885469104,1.2041555940869788,1.2041282835343523,observed_standardization_no_causal_or_significance_claim
30m,all_projects,05_1000_2500,,2025-02,equal_project,26,45,1.9678591711580276,0.16440595905600242,1.8034532121020252,1.2041555940869788,1.2041282835343523,observed_standardization_no_causal_or_significance_claim
30m,all_projects,05_1000_2500,,2025-03,overlap_exposure,26,46,1.562510974953348,0.5957415187897986,0.9667694561635493,0.8564917671838933,0.8564710195661263,observed_standardization_no_causal_or_significance_claim
30m,all_projects,05_1000_2500,,2025-03,equal_project,26,46,1.0705945045204104,0.23005474649544885,0.8405397580249616,0.8564917671838933,0.8564710195661263,observed_standardization_no_causal_or_significance_claim
30m,all_projects,05_1000_2500,,2025-04,overlap_exposure,26,46,1.3439837680747433,0.6799643727786957,0.6640193952960475,0.5248312910528753,0.5247339726587595,observed_standardization_no_causal_or_significance_claim
30m,all_projects,05_1000_2500,,2025-04,equal_project,26,46,1.102715305723876,0.1896234500259004,0.9130918556979756,0.5248312910528753,0.5247339726587595,observed_standardization_no_causal_or_significance_claim
30m,all_projects,05_1000_2500,,2025-05,overlap_exposure,27,47,1.7172961290918924,0.47243198786303825,1.2448641412288544,1.1227957320364343,1.1227353134742653,observed_standardization_no_causal_or_significance_claim
30m,all_projects,05_1000_2500,,2025-05,equal_project,27,47,1.002234748906767,0.11626850516105254,0.8859662437457144,1.1227957320364343,1.1227353134742653,observed_standardization_no_causal_or_significance_claim
30m,all_projects,05_1000_2500,,2025-06,overlap_exposure,26,46,1.7329672580464048,0.549613245080108,1.1833540129662967,1.110450144609129,1.1103795524799638,observed_standardization_no_causal_or_significance_claim
30m,all_projects,05_1000_2500,,2025-06,equal_project,26,46,0.9066801542424983,0.10566201539791292,0.8010181388445854,1.110450144609129,1.1103795524799638,observed_standardization_no_causal_or_significance_claim
30m,all_projects,05_1000_2500,,2025-07,overlap_exposure,28,49,1.346424318835981,0.4292478720660027,0.9171764467699784,0.8818290844973714,0.8817531782472317,observed_standardization_no_causal_or_significance_claim
30m,all_projects,05_1000_2500,,2025-07,equal_project,28,49,0.9589405735280316,0.16037749429549242,0.7985630792325391,0.8818290844973714,0.8817531782472317,observed_standardization_no_causal_or_significance_claim
30m,all_projects,05_1000_2500,,2025-08,overlap_exposure,29,49,1.1049944632618491,0.3977820513033632,0.7072124119584859,0.6598219046657694,0.6598289087718647,observed_standardization_no_causal_or_significance_claim
30m,all_projects,05_1000_2500,,2025-08,equal_project,29,49,0.6807016945238195,0.14518648509939253,0.535515209424427,0.6598219046657694,0.6598289087718647,observed_standardization_no_causal_or_significance_claim
30m,all_projects,05_1000_2500,,2025-09,overlap_exposure,28,47,0.8249845624101786,0.34563926183127225,0.47934530057890634,0.4412164314362029,0.4412860459723363,observed_standardization_no_causal_or_significance_claim
30m,all_projects,05_1000_2500,,2025-09,equal_project,28,47,0.9597286624230638,0.10190827271724988,0.8578203897058139,0.4412164314362029,0.4412860459723363,observed_standardization_no_causal_or_significance_claim
30m,all_projects,05_1000_2500,,2025-10,overlap_exposure,27,46,0.7873746925673494,0.35114057640114477,0.4362341161662046,0.36454954509215826,0.3645806368666787,observed_standardization_no_causal_or_significance_claim
30m,all_projects,05_1000_2500,,2025-10,equal_project,27,46,0.7939844294477789,0.1894508661064753,0.6045335633413036,0.36454954509215826,0.3645806368666787,observed_standardization_no_causal_or_significance_claim
30m,all_projects,05_1000_2500,,2025-11,overlap_exposure,27,45,0.8082194119560621,0.37022983174956325,0.4379895802064988,0.37340998065543324,0.3734514265525804,observed_standardization_no_causal_or_significance_claim
30m,all_projects,05_1000_2500,,2025-11,equal_project,27,45,0.6863674063588742,0.2011286272979707,0.48523877906090346,0.37340998065543324,0.3734514265525804,observed_standardization_no_causal_or_significance_claim
30m,all_projects,05_1000_2500,,2025-12,overlap_exposure,28,46,0.8405979429287679,0.5322656005017569,0.308332342427011,0.22810744896574267,0.2280435578484264,observed_standardization_no_causal_or_significance_claim
30m,all_projects,05_1000_2500,,2025-12,equal_project,28,46,0.6268181296239691,1.1163720885178459,-0.48955395889387676,0.22810744896574267,0.2280435578484264,observed_standardization_no_causal_or_significance_claim
30m,all_projects,05_1000_2500,,2026-01,overlap_exposure,28,46,0.8225087215528797,0.6278659213710209,0.19464280018185878,0.1063814769425092,0.10625297963515025,observed_standardization_no_causal_or_significance_claim
30m,all_projects,05_1000_2500,,2026-01,equal_project,28,46,0.5828685975793652,0.2819065261016961,0.30096207147766907,0.1063814769425092,0.10625297963515025,observed_standardization_no_causal_or_significance_claim
30m,all_projects,05_1000_2500,,2026-02,overlap_exposure,27,46,0.6318584951474984,0.5415147930554707,0.09034370209202768,-0.00044825370979677606,-0.0005067948563342549,observed_standardization_no_causal_or_significance_claim
30m,all_projects,05_1000_2500,,2026-02,equal_project,27,46,1.1898129231229182,0.4610326112545095,0.7287803118684086,-0.00044825370979677606,-0.0005067948563342549,observed_standardization_no_causal_or_significance_claim
30m,all_projects,05_1000_2500,,2026-03,overlap_exposure,27,46,0.5880711213323322,0.6119076767175589,-0.023836555385226606,-0.13764795112926617,-0.13769900674272414,observed_standardization_no_causal_or_significance_claim
30m,all_projects,05_1000_2500,,2026-03,equal_project,27,46,0.27415000358529173,0.34476995704972807,-0.07061995346443634,-0.13764795112926617,-0.13769900674272414,observed_standardization_no_causal_or_significance_claim
30m,all_projects,05_1000_2500,,2026-04,overlap_exposure,26,45,1.2133377374757595,0.6768142014458445,0.536523536029915,0.3696551916840121,0.36952172118220655,observed_standardization_no_causal_or_significance_claim
30m,all_projects,05_1000_2500,,2026-04,equal_project,26,45,0.5466574646005343,0.4446511307947586,0.1020063338057757,0.3696551916840121,0.36952172118220655,observed_standardization_no_causal_or_significance_claim
30m,all_projects,05_1000_2500,,2026-05,overlap_exposure,26,45,0.7529802489562489,0.5994737384565808,0.15350651049966818,0.06474266003374113,0.06471870917487688,observed_standardization_no_causal_or_significance_claim
30m,all_projects,05_1000_2500,,2026-05,equal_project,26,45,0.46905571243375094,0.3623944377023692,0.10666127473138177,0.06474266003374113,0.06471870917487688,observed_standardization_no_causal_or_significance_claim
30m,all_projects,05_1000_2500,,2026-06,overlap_exposure,26,45,0.6194805661244289,0.3464573954911556,0.27302317063327325,0.19800712807479734,0.19821097649316563,observed_standardization_no_causal_or_significance_claim
30m,all_projects,05_1000_2500,,2026-06,equal_project,26,45,0.30709950429345845,0.16282896558457596,0.1442705387088825,0.19800712807479734,0.19821097649316563,observed_standardization_no_causal_or_significance_claim
30m,all_projects,06_2500_5000,,2024-01,overlap_exposure,24,40,6.305589538649476,0.5041837705087285,5.8014057681407465,5.0716700043242335,5.071716002721467,observed_standardization_no_causal_or_significance_claim
30m,all_projects,06_2500_5000,,2024-01,equal_project,24,40,1.8978750631228398,0.03822738887190145,1.8596476742509385,5.0716700043242335,5.071716002721467,observed_standardization_no_causal_or_significance_claim
30m,all_projects,06_2500_5000,,2024-02,overlap_exposure,22,38,5.196285219990977,0.46082253763474096,4.7354626823562365,4.140534196149101,4.140582050978371,observed_standardization_no_causal_or_significance_claim
30m,all_projects,06_2500_5000,,2024-02,equal_project,22,38,1.9153888031184243,0.03322673732295944,1.882162065795465,4.140534196149101,4.140582050978371,observed_standardization_no_causal_or_significance_claim
30m,all_projects,06_2500_5000,,2024-03,overlap_exposure,21,38,3.7925026418756573,0.2010875388040931,3.591415103071564,3.3761803123423744,3.3761610347473257,observed_standardization_no_causal_or_significance_claim
30m,all_projects,06_2500_5000,,2024-03,equal_project,21,38,1.5090020704934541,0.04069695923058126,1.4683051112628729,3.3761803123423744,3.3761610347473257,observed_standardization_no_causal_or_significance_claim
30m,all_projects,06_2500_5000,,2024-04,overlap_exposure,23,40,6.009373021574814,0.4375559510868621,5.571817070487952,5.108610223572048,5.1085571296042644,observed_standardization_no_causal_or_significance_claim
30m,all_projects,06_2500_5000,,2024-04,equal_project,23,40,1.7644987212196674,0.07937143380397445,1.685127287415693,5.108610223572048,5.1085571296042644,observed_standardization_no_causal_or_significance_claim
30m,all_projects,06_2500_5000,,2024-05,overlap_exposure,24,41,6.78722241301684,0.6666262854456231,6.120596127571217,5.484019175957967,5.483953853629368,observed_standardization_no_causal_or_significance_claim
30m,all_projects,06_2500_5000,,2024-05,equal_project,24,41,2.2679497891798825,0.06839686875018232,2.1995529204297,5.484019175957967,5.483953853629368,observed_standardization_no_causal_or_significance_claim
30m,all_projects,06_2500_5000,,2024-06,overlap_exposure,22,40,6.325467145137331,0.5451771350198835,5.780290010117447,5.290927980230784,5.290942561395915,observed_standardization_no_causal_or_significance_claim
30m,all_projects,06_2500_5000,,2024-06,equal_project,22,40,2.0332105412964454,0.06681168857044098,1.9663988527260046,5.290927980230784,5.290942561395915,observed_standardization_no_causal_or_significance_claim
30m,all_projects,06_2500_5000,,2024-07,overlap_exposure,23,41,5.0578855529266,0.6503695574258508,4.40751599550075,3.8593806398033728,3.8593473495731376,observed_standardization_no_causal_or_significance_claim
30m,all_projects,06_2500_5000,,2024-07,equal_project,23,41,1.197182754292987,0.09651545792756534,1.1006672963654218,3.8593806398033728,3.8593473495731376,observed_standardization_no_causal_or_significance_claim
30m,all_projects,06_2500_5000,,2024-08,overlap_exposure,22,40,3.822315170124972,0.6608928986776543,3.161422271447318,2.6832217419704953,2.6831708869757827,observed_standardization_no_causal_or_significance_claim
30m,all_projects,06_2500_5000,,2024-08,equal_project,22,40,1.2398715198719685,0.13902372723752773,1.1008477926344409,2.6832217419704953,2.6831708869757827,observed_standardization_no_causal_or_significance_claim
30m,all_projects,06_2500_5000,,2024-09,overlap_exposure,25,44,3.551992404897132,0.6581444312466889,2.8938479736504434,2.5558426668642915,2.555787711670151,observed_standardization_no_causal_or_significance_claim
30m,all_projects,06_2500_5000,,2024-09,equal_project,25,44,1.0605186914435127,0.17599905959175746,0.8845196318517552,2.5558426668642915,2.555787711670151,observed_standardization_no_causal_or_significance_claim
30m,all_projects,06_2500_5000,,2024-10,overlap_exposure,26,43,3.4260606466604586,0.34563320598952785,3.0804274406709307,2.810233520647479,2.810209876675333,observed_standardization_no_causal_or_significance_claim
30m,all_projects,06_2500_5000,,2024-10,equal_project,26,43,0.7372466864965183,0.041947476753472816,0.6952992097430455,2.810233520647479,2.810209876675333,observed_standardization_no_causal_or_significance_claim
30m,all_projects,06_2500_5000,,2024-11,overlap_exposure,25,43,2.662009105374208,0.21744587467857376,2.444563230695634,2.23076942271372,2.2307858831344416,observed_standardization_no_causal_or_significance_claim
30m,all_projects,06_2500_5000,,2024-11,equal_project,25,43,0.9140088392247099,0.07322895780286867,0.8407798814218412,2.23076942271372,2.2307858831344416,observed_standardization_no_causal_or_significance_claim
30m,all_projects,06_2500_5000,,2024-12,overlap_exposure,26,44,2.085780073845418,0.13621938909883208,1.949560684746586,1.8474254683154074,1.8474175071588415,observed_standardization_no_causal_or_significance_claim
30m,all_projects,06_2500_5000,,2024-12,equal_project,26,44,0.9581365329273718,0.024587895404188882,0.9335486375231828,1.8474254683154074,1.8474175071588415,observed_standardization_no_causal_or_significance_claim
30m,all_projects,06_2500_5000,,2025-01,overlap_exposure,26,45,2.2427880627996446,0.175653972894663,2.0671340899049815,1.986465135971005,1.9864524626266273,observed_standardization_no_causal_or_significance_claim
30m,all_projects,06_2500_5000,,2025-01,equal_project,26,45,0.8075298195341393,0.06358913622341465,0.7439406833107245,1.986465135971005,1.9864524626266273,observed_standardization_no_causal_or_significance_claim
30m,all_projects,06_2500_5000,,2025-02,overlap_exposure,26,45,2.0358035654918143,0.4267590262552946,1.6090445392365198,1.429852561756427,1.429824965689035,observed_standardization_no_causal_or_significance_claim
30m,all_projects,06_2500_5000,,2025-02,equal_project,26,45,4.8871197516705145,0.16440595905600242,4.722713792614512,1.429852561756427,1.429824965689035,observed_standardization_no_causal_or_significance_claim
30m,all_projects,06_2500_5000,,2025-03,overlap_exposure,26,46,1.843850032514,0.5529243375996922,1.2909256949143078,1.1037041366762776,1.1036833890585105,observed_standardization_no_causal_or_significance_claim
30m,all_projects,06_2500_5000,,2025-03,equal_project,26,46,0.9587112431321413,0.23005474649544885,0.7286564966366924,1.1037041366762776,1.1036833890585105,observed_standardization_no_causal_or_significance_claim
30m,all_projects,06_2500_5000,,2025-04,overlap_exposure,26,46,1.5843533798857259,0.6125595905539132,0.9717937893318127,0.7507781165294701,0.750693628945334,observed_standardization_no_causal_or_significance_claim
30m,all_projects,06_2500_5000,,2025-04,equal_project,26,46,1.3889037216071811,0.1896234500259004,1.1992802715812807,0.7507781165294701,0.750693628945334,observed_standardization_no_causal_or_significance_claim
30m,all_projects,06_2500_5000,,2025-05,overlap_exposure,27,47,1.6309935600749237,0.4253405042214143,1.2056530558535092,1.0380160472068811,1.037955628644712,observed_standardization_no_causal_or_significance_claim
30m,all_projects,06_2500_5000,,2025-05,equal_project,27,47,0.7926597264865465,0.11626850516105254,0.676391221325494,1.0380160472068811,1.037955628644712,observed_standardization_no_causal_or_significance_claim
30m,all_projects,06_2500_5000,,2025-06,overlap_exposure,26,46,1.6456973798004135,0.5002718879622798,1.1454254918381337,1.0118342310042532,1.0119385007662918,observed_standardization_no_causal_or_significance_claim
30m,all_projects,06_2500_5000,,2025-06,equal_project,26,46,0.7927889490805152,0.10566201539791292,0.6871269336826022,1.0118342310042532,1.0119385007662918,observed_standardization_no_causal_or_significance_claim
30m,all_projects,06_2500_5000,,2025-07,overlap_exposure,28,48,1.2072202790667355,0.4119173918284198,0.7953028872383157,0.7386489446631594,0.7386515216080433,observed_standardization_no_causal_or_significance_claim
30m,all_projects,06_2500_5000,,2025-07,equal_project,28,48,0.7996955798959805,0.16037749429549242,0.6393180856004881,0.7386489446631594,0.7386515216080433,observed_standardization_no_causal_or_significance_claim
30m,all_projects,06_2500_5000,,2025-08,overlap_exposure,29,48,0.9004980571860706,0.38838611170800313,0.5121119454780675,0.47455822583300605,0.4745569139204785,observed_standardization_no_causal_or_significance_claim
30m,all_projects,06_2500_5000,,2025-08,equal_project,29,48,0.9449159738236558,0.14518648509939253,0.7997294887242632,0.47455822583300605,0.4745569139204785,observed_standardization_no_causal_or_significance_claim
30m,all_projects,06_2500_5000,,2025-09,overlap_exposure,28,47,0.886066039433312,0.33430680238391836,0.5517592370493936,0.5110224340794867,0.51109204861562,observed_standardization_no_causal_or_significance_claim
30m,all_projects,06_2500_5000,,2025-09,equal_project,28,47,0.7781569066363916,0.10190827271724988,0.6762486339191418,0.5110224340794867,0.51109204861562,observed_standardization_no_causal_or_significance_claim
30m,all_projects,06_2500_5000,,2025-10,overlap_exposure,27,46,0.7381788532846701,0.3473784046572669,0.3908004486274032,0.3282668071898423,0.32829789896436273,observed_standardization_no_causal_or_significance_claim
30m,all_projects,06_2500_5000,,2025-10,equal_project,27,46,0.5637926324050664,0.1894508661064753,0.37434176629859106,0.3282668071898423,0.32829789896436273,observed_standardization_no_causal_or_significance_claim
30m,all_projects,06_2500_5000,,2025-11,overlap_exposure,26,44,0.7450119202688302,0.35413512864802266,0.39087679162080763,0.3262798409398326,0.32632117443635633,observed_standardization_no_causal_or_significance_claim
30m,all_projects,06_2500_5000,,2025-11,equal_project,26,44,1.441720248699407,0.20886434373250806,1.232855904966899,0.3262798409398326,0.32632117443635633,observed_standardization_no_causal_or_significance_claim
30m,all_projects,06_2500_5000,,2025-12,overlap_exposure,25,43,0.8255985456690059,0.48192530158419666,0.3436732440848093,0.22116815851831642,0.2212993944817696,observed_standardization_no_causal_or_significance_claim
30m,all_projects,06_2500_5000,,2025-12,equal_project,25,43,0.9477199177950966,0.20209926233108205,0.7456206554640145,0.22116815851831642,0.2212993944817696,observed_standardization_no_causal_or_significance_claim
30m,all_projects,06_2500_5000,,2026-01,overlap_exposure,26,43,0.6509249792243343,0.6015355839731271,0.04938939525120714,-0.05631172697390767,-0.05751913971623812,observed_standardization_no_causal_or_significance_claim
30m,all_projects,06_2500_5000,,2026-01,equal_project,26,43,0.4623344884265875,0.3236623879948588,0.13867210043172867,-0.05631172697390767,-0.05751913971623812,observed_standardization_no_causal_or_significance_claim
30m,all_projects,06_2500_5000,,2026-02,overlap_exposure,27,46,0.5783402123551405,0.5108339055437452,0.06750630681139529,-0.043126708476782294,-0.043185249623319766,observed_standardization_no_causal_or_significance_claim
30m,all_projects,06_2500_5000,,2026-02,equal_project,27,46,0.36003104910394906,0.4610326112545095,-0.10100156215056047,-0.043126708476782294,-0.043185249623319766,observed_standardization_no_causal_or_significance_claim
30m,all_projects,06_2500_5000,,2026-03,overlap_exposure,26,45,0.5076949078141735,0.5581741450843436,-0.05047923727017006,-0.20765843163040396,-0.20683595633035345,observed_standardization_no_causal_or_significance_claim
30m,all_projects,06_2500_5000,,2026-03,equal_project,26,45,1.6650965548410648,0.2506403153532476,1.414456239487817,-0.20765843163040396,-0.20683595633035345,observed_standardization_no_causal_or_significance_claim
30m,all_projects,06_2500_5000,,2026-04,overlap_exposure,24,42,1.0948553413085484,0.6036839048587053,0.49117143644984307,0.29401051936557593,0.2961667303740603,observed_standardization_no_causal_or_significance_claim
30m,all_projects,06_2500_5000,,2026-04,equal_project,24,42,0.4638064487125527,0.2853961097557249,0.17841033895682787,0.29401051936557593,0.2961667303740603,observed_standardization_no_causal_or_significance_claim
30m,all_projects,06_2500_5000,,2026-05,overlap_exposure,24,42,0.8113177999083223,0.570098390524921,0.2412194093834014,0.1297932955893766,0.13113902033037636,observed_standardization_no_causal_or_significance_claim
30m,all_projects,06_2500_5000,,2026-05,equal_project,24,42,0.6322102893446692,0.21656287481750053,0.4156474145271686,0.1297932955893766,0.13113902033037636,observed_standardization_no_causal_or_significance_claim
30m,all_projects,06_2500_5000,,2026-06,overlap_exposure,25,42,0.5692919267280666,0.3209506659673778,0.24834126076068874,0.1487404240010098,0.1487215653443937,observed_standardization_no_causal_or_significance_claim
30m,all_projects,06_2500_5000,,2026-06,equal_project,25,42,0.5271842177488837,0.16044901108423484,0.3667352066646488,0.1487404240010098,0.1487215653443937,observed_standardization_no_causal_or_significance_claim
30m,all_projects,07_5000_10000,,2024-01,overlap_exposure,24,40,7.239869402992204,0.4442984172858265,6.795570985706377,5.723210349406292,5.723271770960956,observed_standardization_no_causal_or_significance_claim
30m,all_projects,07_5000_10000,,2024-01,equal_project,24,40,1.7753453805641213,0.03822738887190145,1.73711799169222,5.723210349406292,5.723271770960956,observed_standardization_no_causal_or_significance_claim
30m,all_projects,07_5000_10000,,2024-02,overlap_exposure,21,37,6.28121194783274,0.41441022043595044,5.86680172739679,4.951916228839487,4.9520749499011325,observed_standardization_no_causal_or_significance_claim
30m,all_projects,07_5000_10000,,2024-02,equal_project,21,37,2.5861447863674485,0.03480896290976704,2.5513358234576815,4.951916228839487,4.9520749499011325,observed_standardization_no_causal_or_significance_claim
30m,all_projects,07_5000_10000,,2024-03,overlap_exposure,21,38,5.220670399628688,0.1976101866367637,5.023060212991924,4.480583358145948,4.480586873081585,observed_standardization_no_causal_or_significance_claim
30m,all_projects,07_5000_10000,,2024-03,equal_project,21,38,1.633486495842347,0.04069695923058126,1.5927895366117657,4.480583358145948,4.480586873081585,observed_standardization_no_causal_or_significance_claim
30m,all_projects,07_5000_10000,,2024-04,overlap_exposure,22,39,6.677909353439896,0.39708025393341206,6.280829099506484,5.436998822171642,5.436956482790971,observed_standardization_no_causal_or_significance_claim
30m,all_projects,07_5000_10000,,2024-04,equal_project,22,39,2.076486716586713,0.08297922624960964,1.9935074903371035,5.436998822171642,5.436956482790971,observed_standardization_no_causal_or_significance_claim
30m,all_projects,07_5000_10000,,2024-05,overlap_exposure,23,40,6.589063144649095,0.5973020431126352,5.99176110153646,5.000326402536412,5.000259639143903,observed_standardization_no_causal_or_significance_claim
30m,all_projects,07_5000_10000,,2024-05,equal_project,23,40,2.288262811311994,0.07137064565236416,2.21689216565963,5.000326402536412,5.000259639143903,observed_standardization_no_causal_or_significance_claim
30m,all_projects,07_5000_10000,,2024-06,overlap_exposure,22,40,6.461588284140479,0.49416038142084084,5.967427902719638,5.124532021652186,5.124546602817317,observed_standardization_no_causal_or_significance_claim
30m,all_projects,07_5000_10000,,2024-06,equal_project,22,40,1.2135532242166598,0.06681168857044098,1.1467415356462187,5.124532021652186,5.124546602817317,observed_standardization_no_causal_or_significance_claim
30m,all_projects,07_5000_10000,,2024-07,overlap_exposure,21,39,4.55865259680716,0.5637844614824036,3.994868135324756,3.1883450145263987,3.1882288322843704,observed_standardization_no_causal_or_significance_claim
30m,all_projects,07_5000_10000,,2024-07,equal_project,21,39,2.31769729342415,0.10570740630161919,2.211989887122531,3.1883450145263987,3.1882288322843704,observed_standardization_no_causal_or_significance_claim
30m,all_projects,07_5000_10000,,2024-08,overlap_exposure,22,40,3.571875284267341,0.5676806832855157,3.0041946009818252,2.3941980667762977,2.394147211781585,observed_standardization_no_causal_or_significance_claim
30m,all_projects,07_5000_10000,,2024-08,equal_project,22,40,1.4502835218982084,0.13902372723752773,1.3112597946606808,2.3941980667762977,2.394147211781585,observed_standardization_no_causal_or_significance_claim
30m,all_projects,07_5000_10000,,2024-09,overlap_exposure,24,43,3.334098588807037,0.5825713535272017,2.7515272352798354,2.348136496242667,2.3480369854511647,observed_standardization_no_causal_or_significance_claim
30m,all_projects,07_5000_10000,,2024-09,equal_project,24,43,1.6624666685171752,0.18333235374141402,1.4791343147757612,2.348136496242667,2.3480369854511647,observed_standardization_no_causal_or_significance_claim
30m,all_projects,07_5000_10000,,2024-10,overlap_exposure,24,42,3.363733632746578,0.31466440971938175,3.049069223027196,2.6990436837435237,2.6990000455099836,observed_standardization_no_causal_or_significance_claim
30m,all_projects,07_5000_10000,,2024-10,equal_project,24,42,1.0603986159252703,0.04521612009916974,1.0151824958261007,2.6990436837435237,2.6990000455099836,observed_standardization_no_causal_or_significance_claim
30m,all_projects,07_5000_10000,,2024-11,overlap_exposure,25,43,3.013657446691659,0.19714608131218306,2.8165113653794758,2.454519790794326,2.4548400660883787,observed_standardization_no_causal_or_significance_claim
30m,all_projects,07_5000_10000,,2024-11,equal_project,25,43,3.412421414866133,0.07322895780286867,3.3391924570632647,2.454519790794326,2.4548400660883787,observed_standardization_no_causal_or_significance_claim
30m,all_projects,07_5000_10000,,2024-12,overlap_exposure,26,45,2.1571607628279192,0.1283347418801863,2.028826020947733,1.8106706740798748,1.8106628250586967,observed_standardization_no_causal_or_significance_claim
30m,all_projects,07_5000_10000,,2024-12,equal_project,26,45,1.164994118148403,0.024303171603671368,1.1406909465447317,1.8106706740798748,1.8106628250586967,observed_standardization_no_causal_or_significance_claim
30m,all_projects,07_5000_10000,,2025-01,overlap_exposure,26,45,2.6571418736657684,0.16342860828022768,2.4937132653855403,2.2935242723891047,2.2935179764294165,observed_standardization_no_causal_or_significance_claim
30m,all_projects,07_5000_10000,,2025-01,equal_project,26,45,1.244102821837892,0.06358913622341465,1.1805136856144773,2.2935242723891047,2.2935179764294165,observed_standardization_no_causal_or_significance_claim
30m,all_projects,07_5000_10000,,2025-02,overlap_exposure,25,44,1.750145411642531,0.40705064947375735,1.3430947621687737,1.1218341884899414,1.121800357960042,observed_standardization_no_causal_or_significance_claim
30m,all_projects,07_5000_10000,,2025-02,equal_project,25,44,1.0188461688870267,0.17098219741824253,0.8478639714687841,1.1218341884899414,1.121800357960042,observed_standardization_no_causal_or_significance_claim
30m,all_projects,07_5000_10000,,2025-03,overlap_exposure,26,46,1.0927393450817942,0.5304036688309595,0.5623356762508346,0.4306605202633264,0.43063977264555936,observed_standardization_no_causal_or_significance_claim
30m,all_projects,07_5000_10000,,2025-03,equal_project,26,46,1.2962888642569281,0.23005474649544885,1.0662341177614794,0.4306605202633264,0.43063977264555936,observed_standardization_no_causal_or_significance_claim
30m,all_projects,07_5000_10000,,2025-04,overlap_exposure,25,45,1.1762293749161328,0.5686903296022355,0.6075390453138971,0.38813346945872973,0.38805799104833655,observed_standardization_no_causal_or_significance_claim
30m,all_projects,07_5000_10000,,2025-04,equal_project,25,45,0.8402313771243883,0.16741058738841208,0.6728207897359761,0.38813346945872973,0.38805799104833655,observed_standardization_no_causal_or_significance_claim
30m,all_projects,07_5000_10000,,2025-05,overlap_exposure,26,46,1.3295637236659532,0.37897601762688665,0.9505877060390666,0.739285424362088,0.7383726831763809,observed_standardization_no_causal_or_significance_claim
30m,all_projects,07_5000_10000,,2025-05,equal_project,26,46,0.8742100043801891,0.12074037074416995,0.7534696336360192,0.739285424362088,0.7383726831763809,observed_standardization_no_causal_or_significance_claim
30m,all_projects,07_5000_10000,,2025-06,overlap_exposure,25,44,1.3758363208828588,0.4242061278500558,0.9516301930328029,0.7449814535708835,0.7468143977102946,observed_standardization_no_causal_or_significance_claim
30m,all_projects,07_5000_10000,,2025-06,equal_project,25,44,1.0381344140569433,0.11476489755437014,0.9233695165025733,0.7449814535708835,0.7468143977102946,observed_standardization_no_causal_or_significance_claim
30m,all_projects,07_5000_10000,,2025-07,overlap_exposure,27,47,1.3772961489534556,0.3663785397987487,1.010917609154707,0.8927752142322831,0.8944230892328776,observed_standardization_no_causal_or_significance_claim
30m,all_projects,07_5000_10000,,2025-07,equal_project,27,47,1.4300410372493653,0.16631740149162175,1.2637236357577435,0.8927752142322831,0.8944230892328776,observed_standardization_no_causal_or_significance_claim
30m,all_projects,07_5000_10000,,2025-08,overlap_exposure,28,47,1.069407054565367,0.33674037844529686,0.7326666761200702,0.6212672199423931,0.6211919310986955,observed_standardization_no_causal_or_significance_claim
30m,all_projects,07_5000_10000,,2025-08,equal_project,28,47,1.0511692961944004,0.15037171671008512,0.9007975794843153,0.6212672199423931,0.6211919310986955,observed_standardization_no_causal_or_significance_claim
30m,all_projects,07_5000_10000,,2025-09,overlap_exposure,28,46,0.9746230271076325,0.29485980749280927,0.6797632196148232,0.5664106583422899,0.5664472651385927,observed_standardization_no_causal_or_significance_claim
30m,all_projects,07_5000_10000,,2025-09,equal_project,28,46,0.665246890819584,0.1021092221310921,0.5631376686884919,0.5664106583422899,0.5664472651385927,observed_standardization_no_causal_or_significance_claim
30m,all_projects,07_5000_10000,,2025-10,overlap_exposure,26,44,0.7189099115518865,0.31975180304589795,0.39915810850598854,0.2975423929793377,0.29759628100069324,observed_standardization_no_causal_or_significance_claim
30m,all_projects,07_5000_10000,,2025-10,equal_project,26,44,0.6148351877557038,0.18988516009541848,0.42495002766028533,0.2975423929793377,0.29759628100069324,observed_standardization_no_causal_or_significance_claim
30m,all_projects,07_5000_10000,,2025-11,overlap_exposure,26,45,0.6507153565344193,0.31318693719765445,0.3375284193367648,0.2218750487816788,0.221916494678826,observed_standardization_no_causal_or_significance_claim
30m,all_projects,07_5000_10000,,2025-11,equal_project,26,45,0.39622430434036193,0.20886434373250806,0.18735996060785387,0.2218750487816788,0.221916494678826,observed_standardization_no_causal_or_significance_claim
30m,all_projects,07_5000_10000,,2025-12,overlap_exposure,22,39,0.7488987415637303,0.44116917243180404,0.30772956913192623,0.13140869201081962,0.12799031931662666,observed_standardization_no_causal_or_significance_claim
30m,all_projects,07_5000_10000,,2025-12,equal_project,22,39,0.4860351250715601,0.2280119430711689,0.25802318200039115,0.13140869201081962,0.12799031931662666,observed_standardization_no_causal_or_significance_claim
30m,all_projects,07_5000_10000,,2026-01,overlap_exposure,26,44,0.6460323570562639,0.5772647367378494,0.06876762031841456,-0.06661857174227077,-0.06787298684385948,observed_standardization_no_causal_or_significance_claim
30m,all_projects,07_5000_10000,,2026-01,equal_project,26,44,0.5434763739894082,0.32909864784807985,0.21437772614132827,-0.06661857174227077,-0.06787298684385948,observed_standardization_no_causal_or_significance_claim
30m,all_projects,07_5000_10000,,2026-02,overlap_exposure,27,46,0.5002676813939877,0.4811825736048361,0.01908510778915167,-0.12644477189428394,-0.1265033130408214,observed_standardization_no_causal_or_significance_claim
30m,all_projects,07_5000_10000,,2026-02,equal_project,27,46,0.5289041452471345,0.4610326112545095,0.06787153399262494,-0.12644477189428394,-0.1265033130408214,observed_standardization_no_causal_or_significance_claim
30m,all_projects,07_5000_10000,,2026-03,overlap_exposure,25,44,0.4342217927257981,0.5302742320539555,-0.0960524393281574,-0.2804883867558954,-0.28074722303096206,observed_standardization_no_causal_or_significance_claim
30m,all_projects,07_5000_10000,,2026-03,equal_project,25,44,1.6408355121529952,0.2606659279673775,1.3801695841856179,-0.2804883867558954,-0.28074722303096206,observed_standardization_no_causal_or_significance_claim
30m,all_projects,07_5000_10000,,2026-04,overlap_exposure,22,40,0.9100834238625719,0.5715546583201001,0.3385287655424718,0.09750517485377684,0.09929342599115168,observed_standardization_no_causal_or_significance_claim
30m,all_projects,07_5000_10000,,2026-04,equal_project,22,40,1.3072767631093556,0.2785959280098882,1.0286808350994674,0.09750517485377684,0.09929342599115168,observed_standardization_no_causal_or_significance_claim
30m,all_projects,07_5000_10000,,2026-05,overlap_exposure,21,38,0.6388056973692963,0.5547135223131873,0.08409217505610896,-0.04074958160353616,-0.04067341589608191,observed_standardization_no_causal_or_significance_claim
30m,all_projects,07_5000_10000,,2026-05,equal_project,21,38,2.561895469962208,0.2404445075390277,2.3214509624231807,-0.04074958160353616,-0.04067341589608191,observed_standardization_no_causal_or_significance_claim
30m,all_projects,07_5000_10000,,2026-06,overlap_exposure,23,40,0.6382811655575567,0.3016666637111814,0.33661450184637526,0.207614760368296,0.20820360857024311,observed_standardization_no_causal_or_significance_claim
30m,all_projects,07_5000_10000,,2026-06,equal_project,23,40,2.5815428979859676,0.16679409379803065,2.414748804187937,0.207614760368296,0.20820360857024311,observed_standardization_no_causal_or_significance_claim
30m,all_projects,08_10000_25000,,2024-01,overlap_exposure,24,39,6.860659328855139,0.3752197735743901,6.485439555280749,5.239769575391487,5.2398131940218455,observed_standardization_no_causal_or_significance_claim
30m,all_projects,08_10000_25000,,2024-01,equal_project,24,39,2.2306564844418304,0.03822738887190145,2.192429095569929,5.239769575391487,5.2398131940218455,observed_standardization_no_causal_or_significance_claim
30m,all_projects,08_10000_25000,,2024-02,overlap_exposure,23,38,5.944814397861613,0.3499830360341561,5.594831361827457,4.53006560657517,4.530236639649283,observed_standardization_no_causal_or_significance_claim
30m,all_projects,08_10000_25000,,2024-02,equal_project,23,38,1.7830373327311886,0.031782096569787296,1.7512552361614013,4.53006560657517,4.530236639649283,observed_standardization_no_causal_or_significance_claim
30m,all_projects,08_10000_25000,,2024-03,overlap_exposure,21,38,6.472846456349587,0.19167498891405055,6.281171467435537,5.202142748467271,5.202618587504338,observed_standardization_no_causal_or_significance_claim
30m,all_projects,08_10000_25000,,2024-03,equal_project,21,38,2.348115186077824,0.04069695923058126,2.307418226847243,5.202142748467271,5.202618587504338,observed_standardization_no_causal_or_significance_claim
30m,all_projects,08_10000_25000,,2024-04,overlap_exposure,21,38,6.484893333136927,0.3476448166676716,6.137248516469256,4.81843467439467,4.818436101026631,observed_standardization_no_causal_or_significance_claim
30m,all_projects,08_10000_25000,,2024-04,equal_project,21,38,1.913780808817774,0.08693061797578153,1.8268501908419923,4.81843467439467,4.818436101026631,observed_standardization_no_causal_or_significance_claim
30m,all_projects,08_10000_25000,,2024-05,overlap_exposure,24,40,6.055034106875848,0.5284343443692201,5.526599762506628,4.250370766727029,4.249572319250848,observed_standardization_no_causal_or_significance_claim
30m,all_projects,08_10000_25000,,2024-05,equal_project,24,40,2.257937985623491,0.06612710339904981,2.191810882224441,4.250370766727029,4.249572319250848,observed_standardization_no_causal_or_significance_claim
30m,all_projects,08_10000_25000,,2024-06,overlap_exposure,21,39,6.066599074743283,0.4322961994859719,5.63430287525731,4.540384781106242,4.540369044076256,observed_standardization_no_causal_or_significance_claim
30m,all_projects,08_10000_25000,,2024-06,equal_project,21,39,1.2280874887055233,0.0699931975499858,1.1580942911555376,4.540384781106242,4.540369044076256,observed_standardization_no_causal_or_significance_claim
30m,all_projects,08_10000_25000,,2024-07,overlap_exposure,22,40,3.5945309276184703,0.4634999761609886,3.1310309514574817,2.337241722962655,2.3371831162512664,observed_standardization_no_causal_or_significance_claim
30m,all_projects,08_10000_25000,,2024-07,equal_project,22,40,1.3176970722652603,0.10090252419700013,1.2167945480682603,2.337241722962655,2.3371831162512664,observed_standardization_no_causal_or_significance_claim
30m,all_projects,08_10000_25000,,2024-08,overlap_exposure,21,39,2.769608500536073,0.46923741916815664,2.300371081367916,1.7371198642974766,1.7368499551529484,observed_standardization_no_causal_or_significance_claim
30m,all_projects,08_10000_25000,,2024-08,equal_project,21,39,1.3041489474296144,0.14564390472502903,1.1585050427045853,1.7371198642974766,1.7368499551529484,observed_standardization_no_causal_or_significance_claim
30m,all_projects,08_10000_25000,,2024-09,overlap_exposure,23,42,3.021639975791623,0.4942484998668414,2.527391475924782,2.006063375347089,2.0083274267457694,observed_standardization_no_causal_or_significance_claim
30m,all_projects,08_10000_25000,,2024-09,equal_project,23,42,1.2557637756519726,0.12950505368461374,1.126258721967359,2.006063375347089,2.0083274267457694,observed_standardization_no_causal_or_significance_claim
30m,all_projects,08_10000_25000,,2024-10,overlap_exposure,23,41,3.08426046548342,0.2735718482311652,2.810688617252255,2.448381615634953,2.4473248774590175,observed_standardization_no_causal_or_significance_claim
30m,all_projects,08_10000_25000,,2024-10,equal_project,23,41,1.1877361575647987,0.04471215041493434,1.1430240071498643,2.448381615634953,2.4473248774590175,observed_standardization_no_causal_or_significance_claim
30m,all_projects,08_10000_25000,,2024-11,overlap_exposure,25,42,2.6170279528711142,0.17883631493535043,2.438191637935764,2.0749974741320356,2.0745004941199103,observed_standardization_no_causal_or_significance_claim
30m,all_projects,08_10000_25000,,2024-11,equal_project,25,42,1.2404801565829229,0.07309374501173863,1.1673864115711843,2.0749974741320356,2.0745004941199103,observed_standardization_no_causal_or_significance_claim
30m,all_projects,08_10000_25000,,2024-12,overlap_exposure,26,45,2.115228213378763,0.12032757770625094,1.9949006356725123,1.7340210813906014,1.734021076626078,observed_standardization_no_causal_or_significance_claim
30m,all_projects,08_10000_25000,,2024-12,equal_project,26,45,1.7746677841238203,0.024303171603671368,1.7503646125201489,1.7340210813906014,1.734021076626078,observed_standardization_no_causal_or_significance_claim
30m,all_projects,08_10000_25000,,2025-01,overlap_exposure,25,42,2.148276009151851,0.15212394937525442,1.9961520597765965,1.7491514255258536,1.7481009074725784,observed_standardization_no_causal_or_significance_claim
30m,all_projects,08_10000_25000,,2025-01,equal_project,25,42,1.4557391865076696,0.0685041789964802,1.3872350075111894,1.7491514255258536,1.7481009074725784,observed_standardization_no_causal_or_significance_claim
30m,all_projects,08_10000_25000,,2025-02,overlap_exposure,25,44,0.9965372198980326,0.3936072732521858,0.6029299466458468,0.47613761340422284,0.4761083073938784,observed_standardization_no_causal_or_significance_claim
30m,all_projects,08_10000_25000,,2025-02,equal_project,25,44,1.7727929616149825,0.17098219741824253,1.60181076419674,0.47613761340422284,0.4761083073938784,observed_standardization_no_causal_or_significance_claim
30m,all_projects,08_10000_25000,,2025-03,overlap_exposure,27,47,0.6071070783996041,0.4871030952504739,0.1200039831491302,-0.015836930165349494,-0.015908842233596822,observed_standardization_no_causal_or_significance_claim
30m,all_projects,08_10000_25000,,2025-03,equal_project,27,47,0.8702703248348576,0.2888742676690181,0.5813960571658394,-0.015836930165349494,-0.015908842233596822,observed_standardization_no_causal_or_significance_claim
30m,all_projects,08_10000_25000,,2025-04,overlap_exposure,26,45,0.8027782523150512,0.5123577576055672,0.2904204947094839,0.04410720136334276,0.04383534947451492,observed_standardization_no_causal_or_significance_claim
30m,all_projects,08_10000_25000,,2025-04,equal_project,26,45,1.0275953856053965,0.15493052492433906,0.8726648606810574,0.04410720136334276,0.04383534947451492,observed_standardization_no_causal_or_significance_claim
30m,all_projects,08_10000_25000,,2025-05,overlap_exposure,26,45,0.9880982431706686,0.3472205169732227,0.6408777261974459,0.43285956679753107,0.4297387315198424,observed_standardization_no_causal_or_significance_claim
30m,all_projects,08_10000_25000,,2025-05,equal_project,26,45,1.6729816808065383,0.11189054963351885,1.5610911311730196,0.43285956679753107,0.4297387315198424,observed_standardization_no_causal_or_significance_claim
30m,all_projects,08_10000_25000,,2025-06,overlap_exposure,23,41,0.9001341761615154,0.37605343779001427,0.5240807383715012,0.2907756322562715,0.293818886409743,observed_standardization_no_causal_or_significance_claim
30m,all_projects,08_10000_25000,,2025-06,equal_project,23,41,1.405488700106161,0.10425248901925563,1.3012362110869053,0.2907756322562715,0.293818886409743,observed_standardization_no_causal_or_significance_claim
30m,all_projects,08_10000_25000,,2025-07,overlap_exposure,26,46,1.1068187337433921,0.3244877269459531,0.7823310067974389,0.5974002400702569,0.6011051310930904,observed_standardization_no_causal_or_significance_claim
30m,all_projects,08_10000_25000,,2025-07,equal_project,26,46,1.100298343938802,0.1688985958102861,0.931399748128516,0.5974002400702569,0.6011051310930904,observed_standardization_no_causal_or_significance_claim
30m,all_projects,08_10000_25000,,2025-08,overlap_exposure,27,46,0.9229501847039041,0.2906761295718159,0.6322740551320881,0.4398796984873688,0.4398205586045691,observed_standardization_no_causal_or_significance_claim
30m,all_projects,08_10000_25000,,2025-08,equal_project,27,46,0.8100466293587535,0.1559410395511994,0.6541055898075542,0.4398796984873688,0.4398205586045691,observed_standardization_no_causal_or_significance_claim
30m,all_projects,08_10000_25000,,2025-09,overlap_exposure,27,45,0.7967990535985079,0.2557663271151529,0.541032726483355,0.3699807922975514,0.3699928487694254,observed_standardization_no_causal_or_significance_claim
30m,all_projects,08_10000_25000,,2025-09,equal_project,27,45,0.4646844630451302,0.10610373596049967,0.3585807270846305,0.3699807922975514,0.3699928487694254,observed_standardization_no_causal_or_significance_claim
30m,all_projects,08_10000_25000,,2025-10,overlap_exposure,27,45,0.6851317692503865,0.2906052946715827,0.39452647457880397,0.2574761660512585,0.2575306091019,observed_standardization_no_causal_or_significance_claim
30m,all_projects,08_10000_25000,,2025-10,equal_project,27,45,0.6753717393125207,0.18285237638818072,0.49251936292434,0.2574761660512585,0.2575306091019,observed_standardization_no_causal_or_significance_claim
30m,all_projects,08_10000_25000,,2025-11,overlap_exposure,24,39,0.5753355474717049,0.2821280578453498,0.29320748962635507,0.1269080907893098,0.1201927517346135,observed_standardization_no_causal_or_significance_claim
30m,all_projects,08_10000_25000,,2025-11,equal_project,24,39,0.985123793762632,0.20448043198341004,0.780643361779222,0.1269080907893098,0.1201927517346135,observed_standardization_no_causal_or_significance_claim
30m,all_projects,08_10000_25000,,2025-12,overlap_exposure,22,39,0.7509646793819338,0.4077716574424718,0.34319302193946194,0.11324339245173962,0.1037880055970288,observed_standardization_no_causal_or_significance_claim
30m,all_projects,08_10000_25000,,2025-12,equal_project,22,39,0.3130551779219278,0.22488378464276543,0.08817139327916236,0.11324339245173962,0.1037880055970288,observed_standardization_no_causal_or_significance_claim
30m,all_projects,08_10000_25000,,2026-01,overlap_exposure,22,38,0.5807666495270475,0.5524651804375942,0.028301469089453326,-0.13286145469293148,-0.14101980491153912,observed_standardization_no_causal_or_significance_claim
30m,all_projects,08_10000_25000,,2026-01,equal_project,22,38,0.39406188545309956,0.38801183372257797,0.006050051730521538,-0.13286145469293148,-0.14101980491153912,observed_standardization_no_causal_or_significance_claim
30m,all_projects,08_10000_25000,,2026-02,overlap_exposure,23,41,0.43318554260531805,0.4193808973495487,0.013804645255769375,-0.19778396883612148,-0.19978299945405442,observed_standardization_no_causal_or_significance_claim
30m,all_projects,08_10000_25000,,2026-02,equal_project,23,41,0.8593360733378111,0.315100084748698,0.5442359885891132,-0.19778396883612148,-0.19978299945405442,observed_standardization_no_causal_or_significance_claim
30m,all_projects,08_10000_25000,,2026-03,overlap_exposure,22,39,0.3413303955130113,0.473725288941892,-0.13239489342888067,-0.3778540718773016,-0.3892976737464303,observed_standardization_no_causal_or_significance_claim
30m,all_projects,08_10000_25000,,2026-03,equal_project,22,39,0.2866228249652068,0.3020499571986711,-0.015427132233464345,-0.3778540718773016,-0.3892976737464303,observed_standardization_no_causal_or_significance_claim
30m,all_projects,08_10000_25000,,2026-04,overlap_exposure,23,40,0.7872078706339446,0.5174339555401745,0.2697739150937702,-0.03777599329411767,-0.03628209426271836,observed_standardization_no_causal_or_significance_claim
30m,all_projects,08_10000_25000,,2026-04,equal_project,23,40,0.5861786469628693,0.27026498286913697,0.3159136640937323,-0.03777599329411767,-0.03628209426271836,observed_standardization_no_causal_or_significance_claim
30m,all_projects,08_10000_25000,,2026-05,overlap_exposure,22,39,0.5101679022858905,0.5398897297292753,-0.029721827443384818,-0.16874233681415585,-0.16818096937439844,observed_standardization_no_causal_or_significance_claim
30m,all_projects,08_10000_25000,,2026-05,equal_project,22,39,0.3676835634699113,0.27474361517915785,0.09293994829075347,-0.16874233681415585,-0.16818096937439844,observed_standardization_no_causal_or_significance_claim
30m,all_projects,08_10000_25000,,2026-06,overlap_exposure,21,36,0.526511134619851,0.28683774941238277,0.23967338520746828,0.08790195551677087,0.08531563938472993,observed_standardization_no_causal_or_significance_claim
30m,all_projects,08_10000_25000,,2026-06,equal_project,21,36,0.2509701047862355,0.1823750115141505,0.06859509327208496,0.08790195551677087,0.08531563938472993,observed_standardization_no_causal_or_significance_claim
30m,all_projects,09_25000_50000,,2024-01,overlap_exposure,24,39,4.675334812529563,0.29735724284468346,4.37797756968488,3.535570911729661,3.5356145303600193,observed_standardization_no_causal_or_significance_claim
30m,all_projects,09_25000_50000,,2024-01,equal_project,24,39,1.8775462639358222,0.03822738887190145,1.8393188750639209,3.535570911729661,3.5356145303600193,observed_standardization_no_causal_or_significance_claim
30m,all_projects,09_25000_50000,,2024-02,overlap_exposure,22,37,4.622229243415394,0.2721439273747575,4.350085316040637,3.7154505607057295,3.715507324241571,observed_standardization_no_causal_or_significance_claim
30m,all_projects,09_25000_50000,,2024-02,equal_project,22,37,3.3661753147601017,0.03322673732295944,3.332948577437142,3.7154505607057295,3.715507324241571,observed_standardization_no_causal_or_significance_claim
30m,all_projects,09_25000_50000,,2024-03,overlap_exposure,21,38,5.73779139894673,0.17853634114272487,5.559255057804005,4.689995797531102,4.6899983426498535,observed_standardization_no_causal_or_significance_claim
30m,all_projects,09_25000_50000,,2024-03,equal_project,21,38,2.0851734940561197,0.04069695923058126,2.0444765348255385,4.689995797531102,4.6899983426498535,observed_standardization_no_causal_or_significance_claim
30m,all_projects,09_25000_50000,,2024-04,overlap_exposure,21,37,4.539143623873253,0.26789158433391236,4.27125203953934,3.417463024127699,3.417400388565439,observed_standardization_no_causal_or_significance_claim
30m,all_projects,09_25000_50000,,2024-04,equal_project,21,37,1.849196452719482,0.08756997146153672,1.7616264812579452,3.417463024127699,3.417400388565439,observed_standardization_no_causal_or_significance_claim
30m,all_projects,09_25000_50000,,2024-05,overlap_exposure,21,38,3.7061592916325354,0.4020692212289542,3.304090070403581,2.5777834368771853,2.5776258751265813,observed_standardization_no_causal_or_significance_claim
30m,all_projects,09_25000_50000,,2024-05,equal_project,21,38,2.476173405172175,0.07816785000020836,2.398005555171967,2.5777834368771853,2.5776258751265813,observed_standardization_no_causal_or_significance_claim
30m,all_projects,09_25000_50000,,2024-06,overlap_exposure,21,38,3.8446700660776036,0.3192286032414525,3.5254414628361515,2.9010150277608164,2.9002184296446805,observed_standardization_no_causal_or_significance_claim
30m,all_projects,09_25000_50000,,2024-06,equal_project,21,38,1.2602850523049987,0.07763698600139823,1.1826480663036005,2.9010150277608164,2.9002184296446805,observed_standardization_no_causal_or_significance_claim
30m,all_projects,09_25000_50000,,2024-07,overlap_exposure,19,36,1.9366450961291315,0.3445119676350522,1.5921331284940794,1.0456287323918807,1.0437687345370625,observed_standardization_no_causal_or_significance_claim
30m,all_projects,09_25000_50000,,2024-07,equal_project,19,36,2.0983168057981985,0.1068985811365703,1.991418224661628,1.0456287323918807,1.0437687345370625,observed_standardization_no_causal_or_significance_claim
30m,all_projects,09_25000_50000,,2024-08,overlap_exposure,21,37,3.0661983759995364,0.41709771216563074,2.6491006638339054,1.9679181066692981,1.9647792906341863,observed_standardization_no_causal_or_significance_claim
30m,all_projects,09_25000_50000,,2024-08,equal_project,21,37,1.246499370203321,0.14091177267322516,1.1055875975300955,1.9679181066692981,1.9647792906341863,observed_standardization_no_causal_or_significance_claim
30m,all_projects,09_25000_50000,,2024-09,overlap_exposure,22,39,2.579658820950002,0.43503274180891877,2.1446260791410836,1.5955382964721023,1.5941920086522898,observed_standardization_no_causal_or_significance_claim
30m,all_projects,09_25000_50000,,2024-09,equal_project,22,39,1.01254374941421,0.195192991396629,0.8173507580175811,1.5955382964721023,1.5941920086522898,observed_standardization_no_causal_or_significance_claim
30m,all_projects,09_25000_50000,,2024-10,overlap_exposure,23,39,2.369690951378375,0.22248653293746923,2.147204418440906,1.7968868208531903,1.793918560560162,observed_standardization_no_causal_or_significance_claim
30m,all_projects,09_25000_50000,,2024-10,equal_project,23,39,1.598730255754282,0.04494899881537867,1.5537812569389031,1.7968868208531903,1.793918560560162,observed_standardization_no_causal_or_significance_claim
30m,all_projects,09_25000_50000,,2024-11,overlap_exposure,24,42,1.6268059983570449,0.14646694704307198,1.480339051313973,1.255111418307065,1.2587138495310062,observed_standardization_no_causal_or_significance_claim
30m,all_projects,09_25000_50000,,2024-11,equal_project,24,42,1.072296976766139,0.027830551974887423,1.0444664247912516,1.255111418307065,1.2587138495310062,observed_standardization_no_causal_or_significance_claim
30m,all_projects,09_25000_50000,,2024-12,overlap_exposure,24,42,1.5388786632506302,0.10363755627246084,1.4352411069781694,1.2612014620369154,1.2611333698922413,observed_standardization_no_causal_or_significance_claim
30m,all_projects,09_25000_50000,,2024-12,equal_project,24,42,0.7734155201703469,0.026328435903977314,0.7470870842663695,1.2612014620369154,1.2611333698922413,observed_standardization_no_causal_or_significance_claim
30m,all_projects,09_25000_50000,,2025-01,overlap_exposure,23,40,1.2498736154899799,0.1274351119361149,1.1224385035538649,0.9170245352059616,0.9152649622395947,observed_standardization_no_causal_or_significance_claim
30m,all_projects,09_25000_50000,,2025-01,equal_project,23,40,0.46382119431290875,0.06469611724876297,0.3991250770641458,0.9170245352059616,0.9152649622395947,observed_standardization_no_causal_or_significance_claim
30m,all_projects,09_25000_50000,,2025-02,overlap_exposure,23,40,0.6380605536212929,0.35538281463225385,0.2826777389890391,0.15641555100188217,0.15428129127084836,observed_standardization_no_causal_or_significance_claim
30m,all_projects,09_25000_50000,,2025-02,equal_project,23,40,1.2934483243447814,0.17384357898967218,1.1196047453551092,0.15641555100188217,0.15428129127084836,observed_standardization_no_causal_or_significance_claim
30m,all_projects,09_25000_50000,,2025-03,overlap_exposure,23,39,0.4982245156248042,0.43965860518654154,0.05856591043826263,-0.11117586571675096,-0.11989445605991396,observed_standardization_no_causal_or_significance_claim
30m,all_projects,09_25000_50000,,2025-03,equal_project,23,39,0.8554512884602384,0.18528846424671142,0.670162824213527,-0.11117586571675096,-0.11989445605991396,observed_standardization_no_causal_or_significance_claim
30m,all_projects,09_25000_50000,,2025-04,overlap_exposure,22,38,0.8647917649378171,0.45209591727412274,0.4126958476636943,0.07840511925299251,0.06643772679051467,observed_standardization_no_causal_or_significance_claim
30m,all_projects,09_25000_50000,,2025-04,equal_project,22,38,0.8795161596257343,0.1551468948270699,0.7243692647986644,0.07840511925299251,0.06643772679051467,observed_standardization_no_causal_or_significance_claim
30m,all_projects,09_25000_50000,,2025-05,overlap_exposure,22,40,0.6712115657578416,0.2949028336082776,0.37630873214956395,0.17688603309064616,0.1724568752996071,observed_standardization_no_causal_or_significance_claim
30m,all_projects,09_25000_50000,,2025-05,equal_project,22,40,1.0585985526360717,0.10671381313675553,0.9518847394993164,0.17688603309064616,0.1724568752996071,observed_standardization_no_causal_or_significance_claim
30m,all_projects,09_25000_50000,,2025-06,overlap_exposure,21,36,0.7025549953707738,0.32411275629685754,0.3784422390739162,0.11930392465148752,0.1151366031119809,observed_standardization_no_causal_or_significance_claim
30m,all_projects,09_25000_50000,,2025-06,equal_project,21,36,1.0561775431006617,0.11088100576955962,0.945296537331102,0.11930392465148752,0.1151366031119809,observed_standardization_no_causal_or_significance_claim
30m,all_projects,09_25000_50000,,2025-07,overlap_exposure,23,39,0.7969384681264695,0.2894648449529553,0.5074736231735142,0.2724325384177765,0.2764243811505953,observed_standardization_no_causal_or_significance_claim
30m,all_projects,09_25000_50000,,2025-07,equal_project,23,39,0.7332380963663782,0.1669448221725223,0.5662932741938558,0.2724325384177765,0.2764243811505953,observed_standardization_no_causal_or_significance_claim
30m,all_projects,09_25000_50000,,2025-08,overlap_exposure,26,44,0.7530051770242351,0.25296680251258535,0.5000383745116497,0.2740096613889523,0.2747137290976792,observed_standardization_no_causal_or_significance_claim
30m,all_projects,09_25000_50000,,2025-08,equal_project,26,44,0.3483895457962275,0.13939056936244762,0.20899897643377985,0.2740096613889523,0.2747137290976792,observed_standardization_no_causal_or_significance_claim
30m,all_projects,09_25000_50000,,2025-09,overlap_exposure,26,41,0.7411160830626712,0.21989703120398152,0.5212190518586898,0.31525055686989023,0.31499034676714616,observed_standardization_no_causal_or_significance_claim
30m,all_projects,09_25000_50000,,2025-09,equal_project,26,41,1.085989500307016,0.10250076308322786,0.9834887372237882,0.31525055686989023,0.31499034676714616,observed_standardization_no_causal_or_significance_claim
30m,all_projects,09_25000_50000,,2025-10,overlap_exposure,22,40,0.5897931594269417,0.2645313805292032,0.3252617788977385,0.1603344785229552,0.15949359270832314,observed_standardization_no_causal_or_significance_claim
30m,all_projects,09_25000_50000,,2025-10,equal_project,22,40,0.7136250935365591,0.10544737509215951,0.6081777184443996,0.1603344785229552,0.15949359270832314,observed_standardization_no_causal_or_significance_claim
30m,all_projects,09_25000_50000,,2025-11,overlap_exposure,21,37,0.5781357511740091,0.2533133744156175,0.3248223767583915,0.10505869066886019,0.0967324786548184,observed_standardization_no_causal_or_significance_claim
30m,all_projects,09_25000_50000,,2025-11,equal_project,21,37,0.32319825685435666,0.2694562200883027,0.0537420367660539,0.10505869066886019,0.0967324786548184,observed_standardization_no_causal_or_significance_claim
30m,all_projects,09_25000_50000,,2025-12,overlap_exposure,20,33,0.7882466816952816,0.356707149454503,0.43153953224077857,0.13755087490934342,0.12377138788564829,observed_standardization_no_causal_or_significance_claim
30m,all_projects,09_25000_50000,,2025-12,equal_project,20,33,0.31715803129267345,0.25864180901933975,0.058516222273333716,0.13755087490934342,0.12377138788564829,observed_standardization_no_causal_or_significance_claim
30m,all_projects,09_25000_50000,,2026-01,overlap_exposure,21,35,0.7519469695923756,0.5102422084970261,0.24170476109534955,0.014402190464135513,9.236872235123678e-05,observed_standardization_no_causal_or_significance_claim
30m,all_projects,09_25000_50000,,2026-01,equal_project,21,35,0.3148071499854849,0.40946062222559965,-0.09465347224011474,0.014402190464135513,9.236872235123678e-05,observed_standardization_no_causal_or_significance_claim
30m,all_projects,09_25000_50000,,2026-02,overlap_exposure,21,37,0.47991143166933287,0.38605082517840544,0.09386060649092744,-0.14238755360406405,-0.14609269537732067,observed_standardization_no_causal_or_significance_claim
30m,all_projects,09_25000_50000,,2026-02,equal_project,21,37,5.325518848153251,0.3343444892171445,4.991174358936107,-0.14238755360406405,-0.14609269537732067,observed_standardization_no_causal_or_significance_claim
30m,all_projects,09_25000_50000,,2026-03,overlap_exposure,20,36,0.48361793762327787,0.4359359869109525,0.04768195071232538,-0.23802434031886957,-0.25249152008864006,observed_standardization_no_causal_or_significance_claim
30m,all_projects,09_25000_50000,,2026-03,equal_project,20,36,0.3271107217135856,0.30382544297427366,0.0232852787393119,-0.23802434031886957,-0.25249152008864006,observed_standardization_no_causal_or_significance_claim
30m,all_projects,09_25000_50000,,2026-04,overlap_exposure,19,35,0.8370619667563105,0.46938521683793416,0.3676767499183763,0.011770583156523861,0.008434787097909551,observed_standardization_no_causal_or_significance_claim
30m,all_projects,09_25000_50000,,2026-04,equal_project,19,35,0.6383915093131828,0.2969338113021607,0.34145769801102216,0.011770583156523861,0.008434787097909551,observed_standardization_no_causal_or_significance_claim
30m,all_projects,09_25000_50000,,2026-05,overlap_exposure,17,31,0.5916178405116002,0.516374644707467,0.07524319580413324,-0.11159653600496378,-0.11905418307551224,observed_standardization_no_causal_or_significance_claim
30m,all_projects,09_25000_50000,,2026-05,equal_project,17,31,0.35853632838660177,0.300739741925265,0.057796586461336806,-0.11159653600496378,-0.11905418307551224,observed_standardization_no_causal_or_significance_claim
30m,all_projects,09_25000_50000,,2026-06,overlap_exposure,17,33,0.6237576428699779,0.2691525422352067,0.3546051006347713,0.1751994573401489,0.17098001893564818,observed_standardization_no_causal_or_significance_claim
30m,all_projects,09_25000_50000,,2026-06,equal_project,17,33,0.16799016881841677,0.19934532339828856,-0.031355154579871786,0.1751994573401489,0.17098001893564818,observed_standardization_no_causal_or_significance_claim
30m,all_projects,10_50000_100000,,2024-01,overlap_exposure,21,34,2.3613767939433314,0.25161944608254266,2.1097573478607887,1.6981178727255706,1.6971256891464677,observed_standardization_no_causal_or_significance_claim
30m,all_projects,10_50000_100000,,2024-01,equal_project,21,34,2.0986756551441004,0.049749176468663996,2.0489264786754364,1.6981178727255706,1.6971256891464677,observed_standardization_no_causal_or_significance_claim
30m,all_projects,10_50000_100000,,2024-02,overlap_exposure,20,33,2.769881595613449,0.21827930781434876,2.5516022877991,2.0748169452673513,2.0742716087063977,observed_standardization_no_causal_or_significance_claim
30m,all_projects,10_50000_100000,,2024-02,equal_project,20,33,4.056018529924661,0.03777095671162529,4.018247573213036,2.0748169452673513,2.0742716087063977,observed_standardization_no_causal_or_significance_claim
30m,all_projects,10_50000_100000,,2024-03,overlap_exposure,21,37,4.093857778220979,0.16479412596880927,3.9290636522521702,3.244822375031757,3.244796483463662,observed_standardization_no_causal_or_significance_claim
30m,all_projects,10_50000_100000,,2024-03,equal_project,21,37,2.306198346197558,0.04069695923058126,2.2655013869669767,3.244822375031757,3.244796483463662,observed_standardization_no_causal_or_significance_claim
30m,all_projects,10_50000_100000,,2024-04,overlap_exposure,22,37,2.4918458742610157,0.20096402874697827,2.290881845514037,1.7474193889926264,1.747265466416418,observed_standardization_no_causal_or_significance_claim
30m,all_projects,10_50000_100000,,2024-04,equal_project,22,37,2.77116448842237,0.0867774389862973,2.6843870494360726,1.7474193889926264,1.747265466416418,observed_standardization_no_causal_or_significance_claim
30m,all_projects,10_50000_100000,,2024-05,overlap_exposure,20,35,2.261857389327133,0.32692419452196014,1.9349331948051731,1.2901260595038935,1.2831587808661429,observed_standardization_no_causal_or_significance_claim
30m,all_projects,10_50000_100000,,2024-05,equal_project,20,35,2.6785277738173963,0.0905882365448126,2.5879395372725837,1.2901260595038935,1.2831587808661429,observed_standardization_no_causal_or_significance_claim
30m,all_projects,10_50000_100000,,2024-06,overlap_exposure,19,36,2.257647506790474,0.25626107812456844,2.0013864286659055,1.5689556424618878,1.5675507007631582,observed_standardization_no_causal_or_significance_claim
30m,all_projects,10_50000_100000,,2024-06,equal_project,19,36,1.5296079032656498,0.08251570964478365,1.4470921936208663,1.5689556424618878,1.5675507007631582,observed_standardization_no_causal_or_significance_claim
30m,all_projects,10_50000_100000,,2024-07,overlap_exposure,20,34,1.1849224867180193,0.2753881761858346,0.9095343105321847,0.4193768594645272,0.4162026908647586,observed_standardization_no_causal_or_significance_claim
30m,all_projects,10_50000_100000,,2024-07,equal_project,20,34,2.6169262996903244,0.12411115670104146,2.4928151429892833,0.4193768594645272,0.4162026908647586,observed_standardization_no_causal_or_significance_claim
30m,all_projects,10_50000_100000,,2024-08,overlap_exposure,21,38,1.2957143963339857,0.36432836302083205,0.9313860333131536,0.4663354713041982,0.46490745856498994,observed_standardization_no_causal_or_significance_claim
30m,all_projects,10_50000_100000,,2024-08,equal_project,21,38,1.28284534949654,0.13108595681336668,1.1517593926831735,0.4663354713041982,0.46490745856498994,observed_standardization_no_causal_or_significance_claim
30m,all_projects,10_50000_100000,,2024-09,overlap_exposure,20,35,0.9859105140076695,0.4038508102965086,0.5820597037111609,0.21292849554960092,0.2087944546179242,observed_standardization_no_causal_or_significance_claim
30m,all_projects,10_50000_100000,,2024-09,equal_project,20,35,0.7580638684337828,0.2267553091112141,0.5313085593225688,0.21292849554960092,0.2087944546179242,observed_standardization_no_causal_or_significance_claim
30m,all_projects,10_50000_100000,,2024-10,overlap_exposure,21,36,1.3466658459736367,0.18881814273229997,1.1578477032413368,0.8625231366238915,0.8591141478887722,observed_standardization_no_causal_or_significance_claim
30m,all_projects,10_50000_100000,,2024-10,equal_project,21,36,0.8378259268356518,0.05423470507917876,0.7835912217564731,0.8625231366238915,0.8591141478887722,observed_standardization_no_causal_or_significance_claim
30m,all_projects,10_50000_100000,,2024-11,overlap_exposure,23,38,1.0095270842456245,0.10373668958353983,0.9057903946620847,0.6902668375015347,0.6948767827244424,observed_standardization_no_causal_or_significance_claim
30m,all_projects,10_50000_100000,,2024-11,equal_project,23,38,1.8559674453002006,0.03352830664867971,1.8224391386515209,0.6902668375015347,0.6948767827244424,observed_standardization_no_causal_or_significance_claim
30m,all_projects,10_50000_100000,,2024-12,overlap_exposure,22,37,0.9308762232842908,0.09491785354899779,0.8359583697352931,0.7076483603487066,0.7070863183355229,observed_standardization_no_causal_or_significance_claim
30m,all_projects,10_50000_100000,,2024-12,equal_project,22,37,0.7950747577288688,0.036561303009178134,0.7585134547196907,0.7076483603487066,0.7070863183355229,observed_standardization_no_causal_or_significance_claim
30m,all_projects,10_50000_100000,,2025-01,overlap_exposure,22,35,0.8159504952710749,0.10822261940710697,0.7077278758639679,0.516842349479733,0.51554878580864,observed_standardization_no_causal_or_significance_claim
30m,all_projects,10_50000_100000,,2025-01,equal_project,22,35,0.45756417036601305,0.05947734294587003,0.398086827420143,0.516842349479733,0.51554878580864,observed_standardization_no_causal_or_significance_claim
30m,all_projects,10_50000_100000,,2025-02,overlap_exposure,20,35,0.5959508031650599,0.33971868735768734,0.2562321158073725,0.10575167749130865,0.10076204633192926,observed_standardization_no_causal_or_significance_claim
30m,all_projects,10_50000_100000,,2025-02,equal_project,20,35,0.41939356309813836,0.18127748691392204,0.23811607618421635,0.10575167749130865,0.10076204633192926,observed_standardization_no_causal_or_significance_claim
30m,all_projects,10_50000_100000,,2025-03,overlap_exposure,21,36,0.5984169266146059,0.4299901471568151,0.16842677945779075,-0.036483303071869165,-0.05036063911855824,observed_standardization_no_causal_or_significance_claim
30m,all_projects,10_50000_100000,,2025-03,equal_project,21,36,2.2882450017978915,0.20598987043996572,2.082255131357926,-0.036483303071869165,-0.05036063911855824,observed_standardization_no_causal_or_significance_claim
30m,all_projects,10_50000_100000,,2025-04,overlap_exposure,22,37,1.0407347075613365,0.4272373975891223,0.6134973099722141,0.1799885021449392,0.1628988256408832,observed_standardization_no_causal_or_significance_claim
30m,all_projects,10_50000_100000,,2025-04,equal_project,22,37,2.9558964567453607,0.17232319354118633,2.7835732632041745,0.1799885021449392,0.1628988256408832,observed_standardization_no_causal_or_significance_claim
30m,all_projects,10_50000_100000,,2025-05,overlap_exposure,20,36,0.761402072676549,0.2721769431641585,0.4892251295123905,0.20495467002721018,0.20162797856025338,observed_standardization_no_causal_or_significance_claim
30m,all_projects,10_50000_100000,,2025-05,equal_project,20,36,1.0046186084790314,0.10796917009031573,0.8966494383887157,0.20495467002721018,0.20162797856025338,observed_standardization_no_causal_or_significance_claim
30m,all_projects,10_50000_100000,,2025-06,overlap_exposure,22,36,0.7251324183632666,0.2981063043151067,0.42702611404815993,0.08312574323767744,0.08116516737540395,observed_standardization_no_causal_or_significance_claim
30m,all_projects,10_50000_100000,,2025-06,equal_project,22,36,0.4918407465786626,0.11136075147629435,0.3804799951023683,0.08312574323767744,0.08116516737540395,observed_standardization_no_causal_or_significance_claim
30m,all_projects,10_50000_100000,,2025-07,overlap_exposure,22,36,0.8917067242729657,0.2703198528410679,0.6213868714318977,0.31860200626347235,0.3243033509301507,observed_standardization_no_causal_or_significance_claim
30m,all_projects,10_50000_100000,,2025-07,equal_project,22,36,0.625724303110555,0.15905661031571786,0.46666769279483716,0.31860200626347235,0.3243033509301507,observed_standardization_no_causal_or_significance_claim
30m,all_projects,10_50000_100000,,2025-08,overlap_exposure,23,38,1.0680331384925366,0.22711359509837875,0.8409195433941579,0.5129329811435145,0.5095960177979899,observed_standardization_no_causal_or_significance_claim
30m,all_projects,10_50000_100000,,2025-08,equal_project,23,38,0.3194731466684757,0.16223315233998065,0.15723999432849506,0.5129329811435145,0.5095960177979899,observed_standardization_no_causal_or_significance_claim
30m,all_projects,10_50000_100000,,2025-09,overlap_exposure,23,36,0.9712459245988989,0.19401371203056278,0.7772322125683361,0.4899540744625931,0.48692032994866863,observed_standardization_no_causal_or_significance_claim
30m,all_projects,10_50000_100000,,2025-09,equal_project,23,36,1.3696720310835975,0.18709771315794768,1.1825743179256498,0.4899540744625931,0.48692032994866863,observed_standardization_no_causal_or_significance_claim
30m,all_projects,10_50000_100000,,2025-10,overlap_exposure,20,36,0.6292707291035673,0.2454395439895316,0.3838311851140357,0.18106099638668297,0.17731336012971655,observed_standardization_no_causal_or_significance_claim
30m,all_projects,10_50000_100000,,2025-10,equal_project,20,36,0.3657366683372369,0.14637132439721773,0.2193653439400192,0.18106099638668297,0.17731336012971655,observed_standardization_no_causal_or_significance_claim
30m,all_projects,10_50000_100000,,2025-11,overlap_exposure,19,33,0.6111375908276049,0.23978729740546725,0.3713502934221376,0.13617369874106955,0.1267679238026561,observed_standardization_no_causal_or_significance_claim
30m,all_projects,10_50000_100000,,2025-11,equal_project,19,33,0.2667131487901687,0.16915190900255386,0.09756123978761486,0.13617369874106955,0.1267679238026561,observed_standardization_no_causal_or_significance_claim
30m,all_projects,10_50000_100000,,2025-12,overlap_exposure,20,33,0.6538440181806925,0.3602368571972265,0.293607160983466,0.009408094615021272,-0.010967037700876456,observed_standardization_no_causal_or_significance_claim
30m,all_projects,10_50000_100000,,2025-12,equal_project,20,33,0.303158600112934,0.2993067039383783,0.003851896174555643,0.009408094615021272,-0.010967037700876456,observed_standardization_no_causal_or_significance_claim
30m,all_projects,10_50000_100000,,2026-01,overlap_exposure,20,32,0.7451495830512029,0.6235398934523466,0.12160968959885636,-0.0006528397689505895,-0.020011816406362206,observed_standardization_no_causal_or_significance_claim
30m,all_projects,10_50000_100000,,2026-01,equal_project,20,32,0.3472269417407318,0.3581675031342483,-0.010940561393516478,-0.0006528397689505895,-0.020011816406362206,observed_standardization_no_causal_or_significance_claim
30m,all_projects,10_50000_100000,,2026-02,overlap_exposure,20,34,0.7138103014160015,0.4712312974057846,0.24257900401021687,0.08654821568059205,0.07061861131628212,observed_standardization_no_causal_or_significance_claim
30m,all_projects,10_50000_100000,,2026-02,equal_project,20,34,0.44290968226993355,0.3534700152145539,0.08943966705537965,0.08654821568059205,0.07061861131628212,observed_standardization_no_causal_or_significance_claim
30m,all_projects,10_50000_100000,,2026-03,overlap_exposure,20,32,0.6639041919404162,0.5127579611380005,0.15114623080241554,-0.059119870742913375,-0.08324159891193554,observed_standardization_no_causal_or_significance_claim
30m,all_projects,10_50000_100000,,2026-03,equal_project,20,32,0.41306606990468,0.3441349770361494,0.06893109286853055,-0.059119870742913375,-0.08324159891193554,observed_standardization_no_causal_or_significance_claim
30m,all_projects,10_50000_100000,,2026-04,overlap_exposure,20,33,0.9518946233860204,0.5786119143435171,0.3732827090425033,0.11086556176055493,0.10274936399035607,observed_standardization_no_causal_or_significance_claim
30m,all_projects,10_50000_100000,,2026-04,equal_project,20,33,0.2716623258310314,0.3007841796931143,-0.02912185386208287,0.11086556176055493,0.10274936399035607,observed_standardization_no_causal_or_significance_claim
30m,all_projects,10_50000_100000,,2026-05,overlap_exposure,16,28,0.5846974707778518,0.6407041167055346,-0.056006645927682716,-0.10898754785916452,-0.1209639474138856,observed_standardization_no_causal_or_significance_claim
30m,all_projects,10_50000_100000,,2026-05,equal_project,16,28,0.3531285181630779,0.2973604477499966,0.055768070413081273,-0.10898754785916452,-0.1209639474138856,observed_standardization_no_causal_or_significance_claim
30m,all_projects,10_50000_100000,,2026-06,overlap_exposure,17,32,0.6886082149165869,0.27745288592353146,0.4111553289930554,0.24079172082351147,0.23502421594939335,observed_standardization_no_causal_or_significance_claim
30m,all_projects,10_50000_100000,,2026-06,equal_project,17,32,0.09608745599260671,0.20498129641016105,-0.10889384041755433,0.24079172082351147,0.23502421594939335,observed_standardization_no_causal_or_significance_claim
30m,all_projects,11_100000_plus,,2024-01,overlap_exposure,19,34,2.4102781508597864,0.23372888604314604,2.17654926481664,1.6830028454261723,1.680288709102704,observed_standardization_no_causal_or_significance_claim
30m,all_projects,11_100000_plus,,2024-01,equal_project,19,34,4.653555642562409,0.046465435769473304,4.607090206792936,1.6830028454261723,1.680288709102704,observed_standardization_no_causal_or_significance_claim
30m,all_projects,11_100000_plus,,2024-02,overlap_exposure,19,30,2.2744389350122005,0.2272884646770528,2.0471504703351475,1.6443644348273883,1.6410634631079235,observed_standardization_no_causal_or_significance_claim
30m,all_projects,11_100000_plus,,2024-02,equal_project,19,30,1.6266688369505944,0.042739939690702396,1.5839288972598922,1.6443644348273883,1.6410634631079235,observed_standardization_no_causal_or_significance_claim
30m,all_projects,11_100000_plus,,2024-03,overlap_exposure,19,32,2.5610448297832518,0.15700781238265052,2.404037017400601,1.9877501193470228,1.9875113767593224,observed_standardization_no_causal_or_significance_claim
30m,all_projects,11_100000_plus,,2024-03,equal_project,19,32,2.7200011935814046,0.05074422530391148,2.669256968277493,1.9877501193470228,1.9875113767593224,observed_standardization_no_causal_or_significance_claim
30m,all_projects,11_100000_plus,,2024-04,overlap_exposure,19,34,2.5250985389313056,0.17876678180394717,2.3463317571273583,1.7805162752918986,1.7757528556790894,observed_standardization_no_causal_or_significance_claim
30m,all_projects,11_100000_plus,,2024-04,equal_project,19,34,3.71024770301417,0.11673793136118175,3.593509771652988,1.7805162752918986,1.7757528556790894,observed_standardization_no_causal_or_significance_claim
30m,all_projects,11_100000_plus,,2024-05,overlap_exposure,18,30,2.1917062527592037,0.30621759174315544,1.8854886610160482,1.2657800146628173,1.256884420748387,observed_standardization_no_causal_or_significance_claim
30m,all_projects,11_100000_plus,,2024-05,equal_project,18,30,2.3921831435550165,0.10310066310585692,2.2890824804491596,1.2657800146628173,1.256884420748387,observed_standardization_no_causal_or_significance_claim
30m,all_projects,11_100000_plus,,2024-06,overlap_exposure,19,32,1.8219310785119043,0.2506655206810319,1.5712655578308723,1.2726911596239632,1.270685429787494,observed_standardization_no_causal_or_significance_claim
30m,all_projects,11_100000_plus,,2024-06,equal_project,19,32,3.257192156045472,0.0895325329801328,3.1676596230653393,1.2726911596239632,1.270685429787494,observed_standardization_no_causal_or_significance_claim
30m,all_projects,11_100000_plus,,2024-07,overlap_exposure,15,31,1.2287886944576227,0.2654503542941804,0.9633383401634424,0.5143004019854697,0.509396429249609,observed_standardization_no_causal_or_significance_claim
30m,all_projects,11_100000_plus,,2024-07,equal_project,15,31,0.9182337312638735,0.15282252897288484,0.7654112022909887,0.5143004019854697,0.509396429249609,observed_standardization_no_causal_or_significance_claim
30m,all_projects,11_100000_plus,,2024-08,overlap_exposure,17,33,1.3972430130104359,0.3685054723341927,1.0287375406762433,0.5541007982715492,0.5518770385792434,observed_standardization_no_causal_or_significance_claim
30m,all_projects,11_100000_plus,,2024-08,equal_project,17,33,0.6676800663885579,0.17576128315911432,0.4919187832294436,0.5541007982715492,0.5518770385792434,observed_standardization_no_causal_or_significance_claim
30m,all_projects,11_100000_plus,,2024-09,overlap_exposure,16,32,1.0220134091019113,0.3967341911343449,0.6252792179675665,0.25844262196070383,0.2579923860696199,observed_standardization_no_causal_or_significance_claim
30m,all_projects,11_100000_plus,,2024-09,equal_project,16,32,3.981526803917758,0.20486317000164395,3.7766636339161135,0.25844262196070383,0.2579923860696199,observed_standardization_no_causal_or_significance_claim
30m,all_projects,11_100000_plus,,2024-10,overlap_exposure,19,33,1.4240359497076907,0.170050824975028,1.2539851247326628,0.9432517434048184,0.9408150185459245,observed_standardization_no_causal_or_significance_claim
30m,all_projects,11_100000_plus,,2024-10,equal_project,19,33,0.43263906991453194,0.05970723009988423,0.37293183981464767,0.9432517434048184,0.9408150185459245,observed_standardization_no_causal_or_significance_claim
30m,all_projects,11_100000_plus,,2024-11,overlap_exposure,22,36,1.0355469401859199,0.09057378794869972,0.9449731522372202,0.7777863443421539,0.7797931581186621,observed_standardization_no_causal_or_significance_claim
30m,all_projects,11_100000_plus,,2024-11,equal_project,22,36,10.90136386444204,0.031817687678284926,10.869546176763755,0.7777863443421539,0.7797931581186621,observed_standardization_no_causal_or_significance_claim
30m,all_projects,11_100000_plus,,2024-12,overlap_exposure,22,35,0.8868784563528567,0.08477254613309226,0.8021059102197645,0.6813110181642151,0.6794709475931308,observed_standardization_no_causal_or_significance_claim
30m,all_projects,11_100000_plus,,2024-12,equal_project,22,35,1.138302114210899,0.029689059194835266,1.1086130550160638,0.6813110181642151,0.6794709475931308,observed_standardization_no_causal_or_significance_claim
30m,all_projects,11_100000_plus,,2025-01,overlap_exposure,18,31,0.8636699352130196,0.1018445242646898,0.7618254109483298,0.630503901088153,0.6280902306667014,observed_standardization_no_causal_or_significance_claim
30m,all_projects,11_100000_plus,,2025-01,equal_project,18,31,6.613054932964711,0.06349865654315358,6.549556276421558,0.630503901088153,0.6280902306667014,observed_standardization_no_causal_or_significance_claim
30m,all_projects,11_100000_plus,,2025-02,overlap_exposure,18,33,0.8475100554582196,0.3259148923594085,0.521595163098811,0.5198474273033956,0.5151492884078807,observed_standardization_no_causal_or_significance_claim
30m,all_projects,11_100000_plus,,2025-02,equal_project,18,33,0.6880408432094175,0.19813543490065735,0.4899054083087601,0.5198474273033956,0.5151492884078807,observed_standardization_no_causal_or_significance_claim
30m,all_projects,11_100000_plus,,2025-03,overlap_exposure,19,32,0.8536105565366668,0.4178874923942046,0.43572306414246226,0.4636113268762164,0.44939841137863906,observed_standardization_no_causal_or_significance_claim
30m,all_projects,11_100000_plus,,2025-03,equal_project,19,32,0.5942225548629552,0.20417916992759352,0.3900433849353617,0.4636113268762164,0.44939841137863906,observed_standardization_no_causal_or_significance_claim
30m,all_projects,11_100000_plus,,2025-04,overlap_exposure,18,34,1.3897593098330592,0.42924284828505643,0.9605164615480027,0.637196708748229,0.6206103233709147,observed_standardization_no_causal_or_significance_claim
30m,all_projects,11_100000_plus,,2025-04,equal_project,18,34,0.5283799415012461,0.17237304437735756,0.35600689712388855,0.637196708748229,0.6206103233709147,observed_standardization_no_causal_or_significance_claim
30m,all_projects,11_100000_plus,,2025-05,overlap_exposure,21,35,1.1073977074939207,0.2620652378518872,0.8453324696420337,0.6044446960240696,0.6002301463851882,observed_standardization_no_causal_or_significance_claim
30m,all_projects,11_100000_plus,,2025-05,equal_project,21,35,0.7177759544602743,0.12063421288043483,0.5971417415798395,0.6044446960240696,0.6002301463851882,observed_standardization_no_causal_or_significance_claim
30m,all_projects,11_100000_plus,,2025-06,overlap_exposure,20,34,1.0810183621820162,0.2785853960695404,0.8024329661124759,0.43464253710437906,0.43319224815243484,observed_standardization_no_causal_or_significance_claim
30m,all_projects,11_100000_plus,,2025-06,equal_project,20,34,0.462243786882959,0.11556329215340132,0.34668049472955764,0.43464253710437906,0.43319224815243484,observed_standardization_no_causal_or_significance_claim
30m,all_projects,11_100000_plus,,2025-07,overlap_exposure,19,33,1.2064563548081293,0.242481341761038,0.9639750130470912,0.6029918649706488,0.60553698878737,observed_standardization_no_causal_or_significance_claim
30m,all_projects,11_100000_plus,,2025-07,equal_project,19,33,7.534732165310832,0.17567692682037064,7.359055238490461,0.6029918649706488,0.60553698878737,observed_standardization_no_causal_or_significance_claim
30m,all_projects,11_100000_plus,,2025-08,overlap_exposure,25,39,1.3683990568703834,0.21083659471682883,1.1575624621535545,0.7140578391539438,0.7120295075861772,observed_standardization_no_causal_or_significance_claim
30m,all_projects,11_100000_plus,,2025-08,equal_project,25,39,0.3624067819352973,0.1545490356762388,0.2078577462590585,0.7140578391539438,0.7120295075861772,observed_standardization_no_causal_or_significance_claim
30m,all_projects,11_100000_plus,,2025-09,overlap_exposure,23,35,1.1012678902216275,0.1853179850037678,0.9159499052178598,0.5033803967394059,0.5012529761240869,observed_standardization_no_causal_or_significance_claim
30m,all_projects,11_100000_plus,,2025-09,equal_project,23,35,0.42894704665478367,0.09243264669338663,0.3365143999613971,0.5033803967394059,0.5012529761240869,observed_standardization_no_causal_or_significance_claim
30m,all_projects,11_100000_plus,,2025-10,overlap_exposure,22,37,0.734995414424644,0.23993576320455326,0.4950596512200907,0.23683336215917444,0.2315207097484507,observed_standardization_no_causal_or_significance_claim
30m,all_projects,11_100000_plus,,2025-10,equal_project,22,37,0.20992557589703445,0.13140329512615648,0.07852228077087796,0.23683336215917444,0.2315207097484507,observed_standardization_no_causal_or_significance_claim
30m,all_projects,11_100000_plus,,2025-11,overlap_exposure,21,35,0.7199107694413112,0.2442166833435564,0.47569408609775476,0.22965423123293216,0.2242196092400323,observed_standardization_no_causal_or_significance_claim
30m,all_projects,11_100000_plus,,2025-11,equal_project,21,35,0.36212164463251184,0.17901222190332153,0.1831094227291903,0.22965423123293216,0.2242196092400323,observed_standardization_no_causal_or_significance_claim
30m,all_projects,11_100000_plus,,2025-12,overlap_exposure,19,30,0.6428708501481867,0.46704776725346664,0.17582308289472004,0.012111947809229345,-0.008383402904992097,observed_standardization_no_causal_or_significance_claim
30m,all_projects,11_100000_plus,,2025-12,equal_project,19,30,0.37224189640247274,0.34431017564654615,0.027931720755926606,0.012111947809229345,-0.008383402904992097,observed_standardization_no_causal_or_significance_claim
30m,all_projects,11_100000_plus,,2026-01,overlap_exposure,20,32,0.7600796643534178,0.8541458570889924,-0.09406619273557466,0.025677960851834807,0.013283734385515639,observed_standardization_no_causal_or_significance_claim
30m,all_projects,11_100000_plus,,2026-01,equal_project,20,32,0.38549670491874594,0.33774318916824897,0.04775351575049699,0.025677960851834807,0.013283734385515639,observed_standardization_no_causal_or_significance_claim
30m,all_projects,11_100000_plus,,2026-02,overlap_exposure,23,38,1.1444763549577932,0.6336202924466156,0.5108560625111777,0.5226571896132325,0.5118399721727418,observed_standardization_no_causal_or_significance_claim
30m,all_projects,11_100000_plus,,2026-02,equal_project,23,38,0.4822149805394493,0.3115352604689525,0.17067972007049673,0.5226571896132325,0.5118399721727418,observed_standardization_no_causal_or_significance_claim
30m,all_projects,11_100000_plus,,2026-03,overlap_exposure,21,34,0.9245462962867459,0.6364261377043194,0.2881201585824265,0.21502645324780165,0.19877434272342812,observed_standardization_no_causal_or_significance_claim
30m,all_projects,11_100000_plus,,2026-03,equal_project,21,34,0.5149588312311331,0.4546696935535938,0.06028913767753925,0.21502645324780165,0.19877434272342812,observed_standardization_no_causal_or_significance_claim
30m,all_projects,11_100000_plus,,2026-04,overlap_exposure,20,32,1.117885683132682,0.7709155252759572,0.34697015785672475,0.24378137821970342,0.23191066302848656,observed_standardization_no_causal_or_significance_claim
30m,all_projects,11_100000_plus,,2026-04,equal_project,20,32,0.546426365176982,0.4509907978563625,0.09543556732061945,0.24378137821970342,0.23191066302848656,observed_standardization_no_causal_or_significance_claim
30m,all_projects,11_100000_plus,,2026-05,overlap_exposure,17,27,0.9160087979945855,0.7562025440811874,0.15980625391339803,0.19031754041191315,0.17840511021391914,observed_standardization_no_causal_or_significance_claim
30m,all_projects,11_100000_plus,,2026-05,equal_project,17,27,0.24348152309492996,0.38634935387813396,-0.14286783078320398,0.19031754041191315,0.17840511021391914,observed_standardization_no_causal_or_significance_claim
30m,all_projects,11_100000_plus,,2026-06,overlap_exposure,19,29,1.1274855099637464,0.28808644541733486,0.8393990645464117,0.6551458351213594,0.6478626915726702,observed_standardization_no_causal_or_significance_claim
30m,all_projects,11_100000_plus,,2026-06,equal_project,19,29,0.0826304213183122,0.2649380473873492,-0.18230762606903703,0.6551458351213594,0.6478626915726702,observed_standardization_no_causal_or_significance_claim
30m,exclude_primary_dominant_project,02_100_250,uniswap,2024-01,overlap_exposure,23,38,0.33697706198988575,0.07172266189387613,0.26525440009600965,0.26310356301160553,0.26421313978062705,observed_standardization_no_causal_or_significance_claim
30m,exclude_primary_dominant_project,02_100_250,uniswap,2024-01,equal_project,23,38,0.1430400413654023,0.025281203623732887,0.11775883774166941,0.26310356301160553,0.26421313978062705,observed_standardization_no_causal_or_significance_claim
30m,exclude_primary_dominant_project,02_100_250,uniswap,2024-02,overlap_exposure,21,36,0.1433268957446595,0.05976197679701214,0.08356491894764738,0.07827322962607933,0.07823054071836918,observed_standardization_no_causal_or_significance_claim
30m,exclude_primary_dominant_project,02_100_250,uniswap,2024-02,equal_project,21,36,0.04524200083672,0.02120999176401871,0.024032009072701293,0.07827322962607933,0.07823054071836918,observed_standardization_no_causal_or_significance_claim
30m,exclude_primary_dominant_project,02_100_250,uniswap,2024-03,overlap_exposure,20,38,0.0774595545853374,0.0963906551346557,-0.018931100549318278,-0.020135845329650983,-0.020185642439927064,observed_standardization_no_causal_or_significance_claim
30m,exclude_primary_dominant_project,02_100_250,uniswap,2024-03,equal_project,20,38,0.040934265410728886,0.03634815246046844,0.004586112950260446,-0.020135845329650983,-0.020185642439927064,observed_standardization_no_causal_or_significance_claim
30m,exclude_primary_dominant_project,02_100_250,uniswap,2024-04,overlap_exposure,24,41,0.28597555973229133,0.13535448401072556,0.15062107572156577,0.15305195957211049,0.15303092637315346,observed_standardization_no_causal_or_significance_claim
30m,exclude_primary_dominant_project,02_100_250,uniswap,2024-04,equal_project,24,41,0.12414342696611112,0.06472310332053846,0.05942032364557266,0.15305195957211049,0.15303092637315346,observed_standardization_no_causal_or_significance_claim
30m,exclude_primary_dominant_project,02_100_250,uniswap,2024-05,overlap_exposure,23,39,0.6329334041745621,0.1427096580555263,0.4902237461190358,0.45943143393685343,0.45938041321115475,observed_standardization_no_causal_or_significance_claim
30m,exclude_primary_dominant_project,02_100_250,uniswap,2024-05,equal_project,23,39,0.2460606019943123,0.053134077166736904,0.19292652482757539,0.45943143393685343,0.45938041321115475,observed_standardization_no_causal_or_significance_claim
30m,exclude_primary_dominant_project,02_100_250,uniswap,2024-06,overlap_exposure,23,40,0.506766666663404,0.17545105071970277,0.3313156159437012,0.33188954047894836,0.33183700195658006,observed_standardization_no_causal_or_significance_claim
30m,exclude_primary_dominant_project,02_100_250,uniswap,2024-06,equal_project,23,40,0.2782470718798108,0.19020106457405578,0.088046007305755,0.33188954047894836,0.33183700195658006,observed_standardization_no_causal_or_significance_claim
30m,exclude_primary_dominant_project,02_100_250,uniswap,2024-07,overlap_exposure,22,39,0.8898485761895062,0.21996483878712597,0.6698837374023803,0.7050813449281511,0.7050141461759035,observed_standardization_no_causal_or_significance_claim
30m,exclude_primary_dominant_project,02_100_250,uniswap,2024-07,equal_project,22,39,0.5420876039714042,0.08287708217413395,0.45921052179727023,0.7050813449281511,0.7050141461759035,observed_standardization_no_causal_or_significance_claim
30m,exclude_primary_dominant_project,02_100_250,uniswap,2024-08,overlap_exposure,24,43,1.1717129209868276,0.30355448414446307,0.8681584368423645,0.9329904843663913,0.9329349180209301,observed_standardization_no_causal_or_significance_claim
30m,exclude_primary_dominant_project,02_100_250,uniswap,2024-08,equal_project,24,43,0.4802437858065207,0.17719764274752062,0.30304614305900013,0.9329904843663913,0.9329349180209301,observed_standardization_no_causal_or_significance_claim
30m,exclude_primary_dominant_project,02_100_250,uniswap,2024-09,overlap_exposure,23,42,0.8968835844129386,0.3160911835446283,0.5807924008683103,0.6257667022944489,0.6255873551884021,observed_standardization_no_causal_or_significance_claim
30m,exclude_primary_dominant_project,02_100_250,uniswap,2024-09,equal_project,23,42,0.35138939448635215,0.17213096883304677,0.17925842565330535,0.6257667022944489,0.6255873551884021,observed_standardization_no_causal_or_significance_claim
30m,exclude_primary_dominant_project,02_100_250,uniswap,2024-10,overlap_exposure,24,41,0.38158919945353226,0.0633388546731401,0.31825034478039216,0.32989971077972224,0.3298592647726778,observed_standardization_no_causal_or_significance_claim
30m,exclude_primary_dominant_project,02_100_250,uniswap,2024-10,equal_project,24,41,0.21421659803700013,0.036457633940082675,0.17775896409691747,0.32989971077972224,0.3298592647726778,observed_standardization_no_causal_or_significance_claim
30m,exclude_primary_dominant_project,02_100_250,uniswap,2024-11,overlap_exposure,25,42,0.34058331096637356,0.05166361577471224,0.28891969519166133,0.3124821390085689,0.31246994710239845,observed_standardization_no_causal_or_significance_claim
30m,exclude_primary_dominant_project,02_100_250,uniswap,2024-11,equal_project,25,42,1.2912374128621482,0.06755714389570977,1.2236802689664383,0.3124821390085689,0.31246994710239845,observed_standardization_no_causal_or_significance_claim
30m,exclude_primary_dominant_project,02_100_250,uniswap,2024-12,overlap_exposure,24,43,0.18911236173379012,0.05516036503312887,0.13395199670066124,0.13634338306723803,0.1363251929615048,observed_standardization_no_causal_or_significance_claim
30m,exclude_primary_dominant_project,02_100_250,uniswap,2024-12,equal_project,24,43,0.062211002596822156,0.022076215838855526,0.040134786757966626,0.13634338306723803,0.1363251929615048,observed_standardization_no_causal_or_significance_claim
30m,exclude_primary_dominant_project,02_100_250,uniswap,2025-01,overlap_exposure,26,43,0.3205489613370415,0.09571584317754539,0.22483311815949614,0.23509304824276234,0.23504834138326844,observed_standardization_no_causal_or_significance_claim
30m,exclude_primary_dominant_project,02_100_250,uniswap,2025-01,equal_project,26,43,0.1368412111956137,0.0545263727014646,0.08231483849414911,0.23509304824276234,0.23504834138326844,observed_standardization_no_causal_or_significance_claim
30m,exclude_primary_dominant_project,02_100_250,uniswap,2025-02,overlap_exposure,26,42,1.0987740436993176,0.3888038486907936,0.7099701950085241,0.7119914909786859,0.7119673051850667,observed_standardization_no_causal_or_significance_claim
30m,exclude_primary_dominant_project,02_100_250,uniswap,2025-02,equal_project,26,42,0.6080767570587763,0.15092668038424273,0.45715007667453356,0.7119914909786859,0.7119673051850667,observed_standardization_no_causal_or_significance_claim
30m,exclude_primary_dominant_project,02_100_250,uniswap,2025-03,overlap_exposure,26,44,0.5860337214798189,0.34261236557579344,0.24342135590402547,0.23388091939190092,0.23414195842173727,observed_standardization_no_causal_or_significance_claim
30m,exclude_primary_dominant_project,02_100_250,uniswap,2025-03,equal_project,26,44,0.4135676172726395,0.1877301545880814,0.22583746268455812,0.23388091939190092,0.23414195842173727,observed_standardization_no_causal_or_significance_claim
30m,exclude_primary_dominant_project,02_100_250,uniswap,2025-04,overlap_exposure,26,44,0.6925285880702992,0.3413206023226906,0.3512079857476085,0.3422821740210782,0.3420894902071391,observed_standardization_no_causal_or_significance_claim
30m,exclude_primary_dominant_project,02_100_250,uniswap,2025-04,equal_project,26,44,0.33138914620901283,0.14770914016849523,0.1836800060405176,0.3422821740210782,0.3420894902071391,observed_standardization_no_causal_or_significance_claim
30m,exclude_primary_dominant_project,02_100_250,uniswap,2025-05,overlap_exposure,29,47,0.5131299492737843,0.20694379898438392,0.30618615028940044,0.28915071055899694,0.2890807964985058,observed_standardization_no_causal_or_significance_claim
30m,exclude_primary_dominant_project,02_100_250,uniswap,2025-05,equal_project,29,47,0.2677303364244838,0.09241537346544108,0.17531496295904275,0.28915071055899694,0.2890807964985058,observed_standardization_no_causal_or_significance_claim
30m,exclude_primary_dominant_project,02_100_250,uniswap,2025-06,overlap_exposure,28,44,0.651581598515704,0.21546545684857102,0.436116141667133,0.48598863942207166,0.4859403858570672,observed_standardization_no_causal_or_significance_claim
30m,exclude_primary_dominant_project,02_100_250,uniswap,2025-06,equal_project,28,44,0.3179229729246308,0.08793721709200472,0.2299857558326261,0.48598863942207166,0.4859403858570672,observed_standardization_no_causal_or_significance_claim
30m,exclude_primary_dominant_project,02_100_250,uniswap,2025-07,overlap_exposure,26,44,0.5833452162853658,0.1808791821845192,0.40246603410084664,0.4198608057341499,0.41963631604626467,observed_standardization_no_causal_or_significance_claim
30m,exclude_primary_dominant_project,02_100_250,uniswap,2025-07,equal_project,26,44,0.28644214857891553,0.1549432749277442,0.13149887365117133,0.4198608057341499,0.41963631604626467,observed_standardization_no_causal_or_significance_claim
30m,exclude_primary_dominant_project,02_100_250,uniswap,2025-08,overlap_exposure,29,45,0.4921468952415443,0.18224101729776362,0.3099058779437807,0.289270807789283,0.28934800657536547,observed_standardization_no_causal_or_significance_claim
30m,exclude_primary_dominant_project,02_100_250,uniswap,2025-08,equal_project,29,45,0.3334778658996593,0.13354425329772557,0.19993361260193368,0.289270807789283,0.28934800657536547,observed_standardization_no_causal_or_significance_claim
30m,exclude_primary_dominant_project,02_100_250,uniswap,2025-09,overlap_exposure,28,44,0.4555007211069583,0.14819715244423878,0.30730356866271946,0.2843352675750364,0.28484368431882573,observed_standardization_no_causal_or_significance_claim
30m,exclude_primary_dominant_project,02_100_250,uniswap,2025-09,equal_project,28,44,0.3541011405341633,0.0895820950501664,0.2645190454839969,0.2843352675750364,0.28484368431882573,observed_standardization_no_causal_or_significance_claim
30m,exclude_primary_dominant_project,02_100_250,uniswap,2025-10,overlap_exposure,28,45,0.37169515056581853,0.22122410377311766,0.1504710467927009,0.14825496374873728,0.1482223274142253,observed_standardization_no_causal_or_significance_claim
30m,exclude_primary_dominant_project,02_100_250,uniswap,2025-10,equal_project,28,45,0.2641656511558499,0.23956566006691055,0.024599991088939323,0.14825496374873728,0.1482223274142253,observed_standardization_no_causal_or_significance_claim
30m,exclude_primary_dominant_project,02_100_250,uniswap,2025-11,overlap_exposure,29,44,0.4907824556327458,0.2729091610970937,0.2178732945356521,0.19833284009779878,0.19823497859568665,observed_standardization_no_causal_or_significance_claim
30m,exclude_primary_dominant_project,02_100_250,uniswap,2025-11,equal_project,29,44,0.2991900523261683,0.25786865167721046,0.04132140064895787,0.19833284009779878,0.19823497859568665,observed_standardization_no_causal_or_significance_claim
30m,exclude_primary_dominant_project,02_100_250,uniswap,2025-12,overlap_exposure,28,43,0.8911285581457398,0.5324036694230677,0.35872488872267205,0.29533434228410244,0.2953376198429168,observed_standardization_no_causal_or_significance_claim
30m,exclude_primary_dominant_project,02_100_250,uniswap,2025-12,equal_project,28,43,0.45747151452350576,0.20677540453342513,0.25069610999008063,0.29533434228410244,0.2953376198429168,observed_standardization_no_causal_or_significance_claim
30m,exclude_primary_dominant_project,02_100_250,uniswap,2026-01,overlap_exposure,28,44,1.941465754998097,0.5131997349694766,1.4282660200286204,1.4321175549404035,1.4315372926786585,observed_standardization_no_causal_or_significance_claim
30m,exclude_primary_dominant_project,02_100_250,uniswap,2026-01,equal_project,28,44,0.7391226743946896,0.2614574132197444,0.47766526117494523,1.4321175549404035,1.4315372926786585,observed_standardization_no_causal_or_significance_claim
30m,exclude_primary_dominant_project,02_100_250,uniswap,2026-02,overlap_exposure,28,44,0.7733529443549796,0.6713521624403604,0.10200078191461917,0.07662120998569764,0.07636367801612201,observed_standardization_no_causal_or_significance_claim
30m,exclude_primary_dominant_project,02_100_250,uniswap,2026-02,equal_project,28,44,0.4598448582330073,0.42769514074219983,0.03214971749080746,0.07662120998569764,0.07636367801612201,observed_standardization_no_causal_or_significance_claim
30m,exclude_primary_dominant_project,02_100_250,uniswap,2026-03,overlap_exposure,27,44,0.8065857173699943,0.6346659618548055,0.17191975551518876,0.17216731300229968,0.1721752467201074,observed_standardization_no_causal_or_significance_claim
30m,exclude_primary_dominant_project,02_100_250,uniswap,2026-03,equal_project,27,44,0.3714721608638035,0.32373079146369066,0.04774136940011286,0.17216731300229968,0.1721752467201074,observed_standardization_no_causal_or_significance_claim
30m,exclude_primary_dominant_project,02_100_250,uniswap,2026-04,overlap_exposure,27,43,1.211560012319846,0.6196050342658114,0.5919549780540347,0.6334251818476843,0.6328613958102742,observed_standardization_no_causal_or_significance_claim
30m,exclude_primary_dominant_project,02_100_250,uniswap,2026-04,equal_project,27,43,0.5386927240199909,0.40694514241424806,0.13174758160574285,0.6334251818476843,0.6328613958102742,observed_standardization_no_causal_or_significance_claim
30m,exclude_primary_dominant_project,02_100_250,uniswap,2026-05,overlap_exposure,28,44,1.1219757694953427,0.40548156509056477,0.7164942044047778,0.6831321447149538,0.6829432859685407,observed_standardization_no_causal_or_significance_claim
30m,exclude_primary_dominant_project,02_100_250,uniswap,2026-05,equal_project,28,44,0.49048593727030515,0.3520748077447817,0.13841112952552348,0.6831321447149538,0.6829432859685407,observed_standardization_no_causal_or_significance_claim
30m,exclude_primary_dominant_project,02_100_250,uniswap,2026-06,overlap_exposure,27,43,0.6243439323624613,0.39526398774092475,0.22907994462153655,0.29404165378308317,0.2937535525967366,observed_standardization_no_causal_or_significance_claim
30m,exclude_primary_dominant_project,02_100_250,uniswap,2026-06,equal_project,27,43,0.3292840544912769,0.20170337232925853,0.12758068216201837,0.29404165378308317,0.2937535525967366,observed_standardization_no_causal_or_significance_claim
30m,exclude_primary_dominant_project,03_250_500,uniswap,2024-01,overlap_exposure,22,37,0.9952651494745828,0.07606216477544493,0.9192029846991379,0.9241395398099211,0.9252361658206241,observed_standardization_no_causal_or_significance_claim
30m,exclude_primary_dominant_project,03_250_500,uniswap,2024-01,equal_project,22,37,0.40325565651135276,0.026430349242993475,0.3768253072683593,0.9241395398099211,0.9252361658206241,observed_standardization_no_causal_or_significance_claim
30m,exclude_primary_dominant_project,03_250_500,uniswap,2024-02,overlap_exposure,22,36,0.5903497187492983,0.06106989821429185,0.5292798205350063,0.5089089924660929,0.5088850146791655,observed_standardization_no_causal_or_significance_claim
30m,exclude_primary_dominant_project,03_250_500,uniswap,2024-02,equal_project,22,36,0.25839977134476266,0.02024590122929059,0.2381538701154721,0.5089089924660929,0.5088850146791655,observed_standardization_no_causal_or_significance_claim
30m,exclude_primary_dominant_project,03_250_500,uniswap,2024-03,overlap_exposure,21,39,0.35022644445359924,0.10196607431293071,0.2482603701406685,0.23953343464504576,0.2395076840097847,observed_standardization_no_causal_or_significance_claim
30m,exclude_primary_dominant_project,03_250_500,uniswap,2024-03,equal_project,21,39,0.16415141847334652,0.034617288057588985,0.12953413041575754,0.23953343464504576,0.2395076840097847,observed_standardization_no_causal_or_significance_claim
30m,exclude_primary_dominant_project,03_250_500,uniswap,2024-04,overlap_exposure,22,38,0.9576492937507489,0.14631304210389023,0.8113362516468587,0.7892605629231352,0.7891611753514861,observed_standardization_no_causal_or_significance_claim
30m,exclude_primary_dominant_project,03_250_500,uniswap,2024-04,equal_project,22,38,0.5030454223977262,0.07060702180422376,0.43243840059350247,0.7892605629231352,0.7891611753514861,observed_standardization_no_causal_or_significance_claim
30m,exclude_primary_dominant_project,03_250_500,uniswap,2024-05,overlap_exposure,23,39,1.6078261858373466,0.1483298268442624,1.4594963589930843,1.3545591419890768,1.3545081212633778,observed_standardization_no_causal_or_significance_claim
30m,exclude_primary_dominant_project,03_250_500,uniswap,2024-05,equal_project,23,39,0.7922146962540112,0.053134077166736904,0.7390806190872743,1.3545591419890768,1.3545081212633778,observed_standardization_no_causal_or_significance_claim
30m,exclude_primary_dominant_project,03_250_500,uniswap,2024-06,overlap_exposure,23,39,1.1575139860123866,0.1865590588158859,0.9709549271965008,0.9646314053073862,0.9645896306602614,observed_standardization_no_causal_or_significance_claim
30m,exclude_primary_dominant_project,03_250_500,uniswap,2024-06,equal_project,23,39,0.5848314901549101,0.19020106457405578,0.3946304255808542,0.9646314053073862,0.9645896306602614,observed_standardization_no_causal_or_significance_claim
30m,exclude_primary_dominant_project,03_250_500,uniswap,2024-07,overlap_exposure,22,39,1.4828876967227262,0.23262481825040757,1.2502628784723187,1.3656593152722905,1.365523785553921,observed_standardization_no_causal_or_significance_claim
30m,exclude_primary_dominant_project,03_250_500,uniswap,2024-07,equal_project,22,39,0.9376926399029323,0.08287708217413395,0.8548155577287984,1.3656593152722905,1.365523785553921,observed_standardization_no_causal_or_significance_claim
30m,exclude_primary_dominant_project,03_250_500,uniswap,2024-08,overlap_exposure,23,40,1.5522924975628247,0.3188890102198419,1.2334034873429829,1.3409333076049992,1.34108833485558,observed_standardization_no_causal_or_significance_claim
30m,exclude_primary_dominant_project,03_250_500,uniswap,2024-08,equal_project,23,40,0.7170619931608726,0.11315731925267201,0.6039046739082007,1.3409333076049992,1.34108833485558,observed_standardization_no_causal_or_significance_claim
30m,exclude_primary_dominant_project,03_250_500,uniswap,2024-09,overlap_exposure,24,42,1.3810137043179387,0.3261117210066227,1.054901983311316,1.1666003557492868,1.1663116462653782,observed_standardization_no_causal_or_significance_claim
30m,exclude_primary_dominant_project,03_250_500,uniswap,2024-09,equal_project,24,42,0.5683140307591293,0.1649588451316698,0.40335518562745953,1.1666003557492868,1.1663116462653782,observed_standardization_no_causal_or_significance_claim
30m,exclude_primary_dominant_project,03_250_500,uniswap,2024-10,overlap_exposure,24,40,0.9373505544989601,0.06620665203170217,0.8711439024672579,0.8879296274774139,0.887892141899696,observed_standardization_no_causal_or_significance_claim
30m,exclude_primary_dominant_project,03_250_500,uniswap,2024-10,equal_project,24,40,0.6129328799398234,0.03668461365717516,0.5762482662826482,0.8879296274774139,0.887892141899696,observed_standardization_no_causal_or_significance_claim
30m,exclude_primary_dominant_project,03_250_500,uniswap,2024-11,overlap_exposure,23,40,0.9668844526119146,0.05617189441628367,0.9107125581956308,0.9699831977499027,0.9699532493525179,observed_standardization_no_causal_or_significance_claim
30m,exclude_primary_dominant_project,03_250_500,uniswap,2024-11,equal_project,23,40,0.7212836639933442,0.0734316781475106,0.6478519858458336,0.9699831977499027,0.9699532493525179,observed_standardization_no_causal_or_significance_claim
30m,exclude_primary_dominant_project,03_250_500,uniswap,2024-12,overlap_exposure,24,44,0.609726239941196,0.06297254796448791,0.5467536919767081,0.587759081047854,0.5877325894032424,observed_standardization_no_causal_or_significance_claim
30m,exclude_primary_dominant_project,03_250_500,uniswap,2024-12,equal_project,24,44,0.34328427644207427,0.022076215838855526,0.32120806060321877,0.587759081047854,0.5877325894032424,observed_standardization_no_causal_or_significance_claim
30m,exclude_primary_dominant_project,03_250_500,uniswap,2025-01,overlap_exposure,26,44,0.7178502235416164,0.0969817940572489,0.6208684294843675,0.6658610728679749,0.6658207654401312,observed_standardization_no_causal_or_significance_claim
30m,exclude_primary_dominant_project,03_250_500,uniswap,2025-01,equal_project,26,44,0.3263245478086139,0.052911698542709835,0.27341284926590403,0.6658610728679749,0.6658207654401312,observed_standardization_no_causal_or_significance_claim
30m,exclude_primary_dominant_project,03_250_500,uniswap,2025-02,overlap_exposure,25,41,0.892223058157354,0.37662937012111886,0.5155936880362353,0.48681962274055995,0.4867148721278157,observed_standardization_no_causal_or_significance_claim
30m,exclude_primary_dominant_project,03_250_500,uniswap,2025-02,equal_project,25,41,0.4973980853681371,0.15696374759961243,0.3404343377685247,0.48681962274055995,0.4867148721278157,observed_standardization_no_causal_or_significance_claim
30m,exclude_primary_dominant_project,03_250_500,uniswap,2025-03,overlap_exposure,26,43,0.682068344326135,0.3465549083446337,0.33551343598150124,0.29965351624442765,0.299912874557031,observed_standardization_no_causal_or_significance_claim
30m,exclude_primary_dominant_project,03_250_500,uniswap,2025-03,equal_project,26,43,0.4372599925719133,0.19184847357510706,0.24541151899680624,0.29965351624442765,0.299912874557031,observed_standardization_no_causal_or_significance_claim
30m,exclude_primary_dominant_project,03_250_500,uniswap,2025-04,overlap_exposure,25,42,0.7166913234910344,0.33868287914916706,0.3780084443418673,0.35914565797080195,0.3588703649943335,observed_standardization_no_causal_or_significance_claim
30m,exclude_primary_dominant_project,03_250_500,uniswap,2025-04,equal_project,25,42,0.5603962136040105,0.1685164060944972,0.39187980750951323,0.35914565797080195,0.3588703649943335,observed_standardization_no_causal_or_significance_claim
30m,exclude_primary_dominant_project,03_250_500,uniswap,2025-05,overlap_exposure,28,45,0.6885111071378034,0.2000273507176163,0.48848375642018704,0.4446528496718392,0.4444957065343929,observed_standardization_no_causal_or_significance_claim
30m,exclude_primary_dominant_project,03_250_500,uniswap,2025-05,equal_project,28,45,0.4153820400673357,0.10177375389501311,0.3136082861723226,0.4446528496718392,0.4444957065343929,observed_standardization_no_causal_or_significance_claim
30m,exclude_primary_dominant_project,03_250_500,uniswap,2025-06,overlap_exposure,25,41,1.3092426659097884,0.21341565392489953,1.095827011984889,1.1377535696810661,1.137572906627768,observed_standardization_no_causal_or_significance_claim
30m,exclude_primary_dominant_project,03_250_500,uniswap,2025-06,equal_project,25,41,0.6411464035641139,0.09848968314304529,0.5426567204210686,1.1377535696810661,1.137572906627768,observed_standardization_no_causal_or_significance_claim
30m,exclude_primary_dominant_project,03_250_500,uniswap,2025-07,overlap_exposure,26,44,1.0787054790943313,0.17901818642477002,0.8996872926695614,0.9055532114287153,0.9053329686394043,observed_standardization_no_causal_or_significance_claim
30m,exclude_primary_dominant_project,03_250_500,uniswap,2025-07,equal_project,26,44,0.5859069243793317,0.1549432749277442,0.4309636494515875,0.9055532114287153,0.9053329686394043,observed_standardization_no_causal_or_significance_claim
30m,exclude_primary_dominant_project,03_250_500,uniswap,2025-08,overlap_exposure,29,45,0.6837312484064986,0.1678408003688216,0.515890448037677,0.45940651948454553,0.459483718270628,observed_standardization_no_causal_or_significance_claim
30m,exclude_primary_dominant_project,03_250_500,uniswap,2025-08,equal_project,29,45,0.3784892627149308,0.13354425329772557,0.24494500941720518,0.45940651948454553,0.459483718270628,observed_standardization_no_causal_or_significance_claim
30m,exclude_primary_dominant_project,03_250_500,uniswap,2025-09,overlap_exposure,27,44,0.6503052809259571,0.13513078604735024,0.5151744948786069,0.45143506475818684,0.4519391921958143,observed_standardization_no_causal_or_significance_claim
30m,exclude_primary_dominant_project,03_250_500,uniswap,2025-09,equal_project,27,44,0.4988425149053956,0.088804728260735,0.4100377866446606,0.45143506475818684,0.4519391921958143,observed_standardization_no_causal_or_significance_claim
30m,exclude_primary_dominant_project,03_250_500,uniswap,2025-10,overlap_exposure,27,43,0.4698132046006032,0.2083074103709968,0.2615057942296064,0.21260087989280319,0.2128287527987462,observed_standardization_no_causal_or_significance_claim
30m,exclude_primary_dominant_project,03_250_500,uniswap,2025-10,equal_project,27,43,0.46575895554318064,0.1765218855206653,0.2892370700225154,0.21260087989280319,0.2128287527987462,observed_standardization_no_causal_or_significance_claim
30m,exclude_primary_dominant_project,03_250_500,uniswap,2025-11,overlap_exposure,28,43,0.6159264790134622,0.2818574436255026,0.3340690353879596,0.3041283638509855,0.3043938235156197,observed_standardization_no_causal_or_significance_claim
30m,exclude_primary_dominant_project,03_250_500,uniswap,2025-11,equal_project,28,43,0.3619310140527952,0.1820442327745258,0.17988678127826943,0.3041283638509855,0.3043938235156197,observed_standardization_no_causal_or_significance_claim
30m,exclude_primary_dominant_project,03_250_500,uniswap,2025-12,overlap_exposure,28,43,0.8997151066935004,0.5260806142140512,0.37363449247944924,0.27965486085720836,0.2796581384160227,observed_standardization_no_causal_or_significance_claim
30m,exclude_primary_dominant_project,03_250_500,uniswap,2025-12,equal_project,28,43,0.4722192231593969,0.20677540453342513,0.2654438186259718,0.27965486085720836,0.2796581384160227,observed_standardization_no_causal_or_significance_claim
30m,exclude_primary_dominant_project,03_250_500,uniswap,2026-01,overlap_exposure,26,42,1.190052304596677,0.5316108897788715,0.6584414148178057,0.5730865237188324,0.5724410174056705,observed_standardization_no_causal_or_significance_claim
30m,exclude_primary_dominant_project,03_250_500,uniswap,2026-01,equal_project,26,42,0.9063156579589751,0.28156952192895546,0.6247461360300195,0.5730865237188324,0.5724410174056705,observed_standardization_no_causal_or_significance_claim
30m,exclude_primary_dominant_project,03_250_500,uniswap,2026-02,overlap_exposure,27,44,0.7671696565642256,0.6551217732435597,0.11204788332066593,0.05735936350852447,0.057091654176451116,observed_standardization_no_causal_or_significance_claim
30m,exclude_primary_dominant_project,03_250_500,uniswap,2026-02,equal_project,27,44,0.40833751715126965,0.4435357015104295,-0.03519818435915979,0.05735936350852447,0.057091654176451116,observed_standardization_no_causal_or_significance_claim
30m,exclude_primary_dominant_project,03_250_500,uniswap,2026-03,overlap_exposure,27,44,0.7036532335451553,0.5307154879925239,0.17293774555263136,0.04794199260525324,0.04786056555858738,observed_standardization_no_causal_or_significance_claim
30m,exclude_primary_dominant_project,03_250_500,uniswap,2026-03,equal_project,27,44,0.3098985560493358,0.3423892484093013,-0.03249069235996549,0.04794199260525324,0.04786056555858738,observed_standardization_no_causal_or_significance_claim
30m,exclude_primary_dominant_project,03_250_500,uniswap,2026-04,overlap_exposure,26,42,1.2238818835868335,0.6194759751823358,0.6044059084044977,0.5990830462722709,0.5985008757751326,observed_standardization_no_causal_or_significance_claim
30m,exclude_primary_dominant_project,03_250_500,uniswap,2026-04,equal_project,26,42,0.5122763262257352,0.4225968786609499,0.0896794475647853,0.5990830462722709,0.5985008757751326,observed_standardization_no_causal_or_significance_claim
30m,exclude_primary_dominant_project,03_250_500,uniswap,2026-05,overlap_exposure,26,42,1.0319339203279887,0.41520614736315065,0.6167277729648382,0.5626134159136822,0.5625850587981815,observed_standardization_no_causal_or_significance_claim
30m,exclude_primary_dominant_project,03_250_500,uniswap,2026-05,equal_project,26,42,0.5530905486907691,0.34088729773969223,0.2122032509510769,0.5626134159136822,0.5625850587981815,observed_standardization_no_causal_or_significance_claim
30m,exclude_primary_dominant_project,03_250_500,uniswap,2026-06,overlap_exposure,26,42,0.41214627216531136,0.3589031331213476,0.05324313904396375,0.031519722498803485,0.03122706190303924,observed_standardization_no_causal_or_significance_claim
30m,exclude_primary_dominant_project,03_250_500,uniswap,2026-06,equal_project,26,42,0.3823624549318787,0.20946119434192234,0.17290126058995633,0.031519722498803485,0.03122706190303924,observed_standardization_no_causal_or_significance_claim
30m,exclude_primary_dominant_project,04_500_1000,uniswap,2024-01,overlap_exposure,22,37,1.3741883288892507,0.07547563426051145,1.2987126946287393,1.2223253376749517,1.2235224650977783,observed_standardization_no_causal_or_significance_claim
30m,exclude_primary_dominant_project,04_500_1000,uniswap,2024-01,equal_project,22,37,0.6446141774023589,0.026430349242993475,0.6181838281593655,1.2223253376749517,1.2235224650977783,observed_standardization_no_causal_or_significance_claim
30m,exclude_primary_dominant_project,04_500_1000,uniswap,2024-02,overlap_exposure,21,35,1.020009513651261,0.061505589740442915,0.9585039239108182,0.8493907768379584,0.8493931978865567,observed_standardization_no_causal_or_significance_claim
30m,exclude_primary_dominant_project,04_500_1000,uniswap,2024-02,equal_project,21,35,0.41426296946654856,0.02120999176401871,0.39305297770252984,0.8493907768379584,0.8493931978865567,observed_standardization_no_causal_or_significance_claim
30m,exclude_primary_dominant_project,04_500_1000,uniswap,2024-03,overlap_exposure,21,37,0.8495766502091422,0.10467544866621854,0.7449012015429237,0.7030297074419298,0.7029696009881705,observed_standardization_no_causal_or_significance_claim
30m,exclude_primary_dominant_project,04_500_1000,uniswap,2024-03,equal_project,21,37,0.38723330838351,0.034617288057588985,0.352616020325921,0.7030297074419298,0.7029696009881705,observed_standardization_no_causal_or_significance_claim
30m,exclude_primary_dominant_project,04_500_1000,uniswap,2024-04,overlap_exposure,22,37,1.5996605425024184,0.14397756295911568,1.4556829795433026,1.3812424821879405,1.3810927541507054,observed_standardization_no_causal_or_significance_claim
30m,exclude_primary_dominant_project,04_500_1000,uniswap,2024-04,equal_project,22,37,0.9024645124238148,0.07060702180422376,0.8318574906195909,1.3812424821879405,1.3810927541507054,observed_standardization_no_causal_or_significance_claim
30m,exclude_primary_dominant_project,04_500_1000,uniswap,2024-05,overlap_exposure,24,39,1.8553671307708268,0.15477430660847039,1.7005928241623565,1.5810763782932429,1.5810363528825861,observed_standardization_no_causal_or_significance_claim
30m,exclude_primary_dominant_project,04_500_1000,uniswap,2024-05,equal_project,24,39,1.0557856907585694,0.05092015728478955,1.00486553347378,1.5810763782932429,1.5810363528825861,observed_standardization_no_causal_or_significance_claim
30m,exclude_primary_dominant_project,04_500_1000,uniswap,2024-06,overlap_exposure,21,37,1.5697108232880703,0.19780832917695412,1.3719024941111162,1.3688746027720293,1.3695162392092997,observed_standardization_no_causal_or_significance_claim
30m,exclude_primary_dominant_project,04_500_1000,uniswap,2024-06,equal_project,21,37,1.0479930734047536,0.05470562064716091,0.9932874527575926,1.3688746027720293,1.3695162392092997,observed_standardization_no_causal_or_significance_claim
30m,exclude_primary_dominant_project,04_500_1000,uniswap,2024-07,overlap_exposure,22,39,1.6776903163010397,0.24046554977599421,1.4372247665250453,1.6027599647796011,1.6025582382869448,observed_standardization_no_causal_or_significance_claim
30m,exclude_primary_dominant_project,04_500_1000,uniswap,2024-07,equal_project,22,39,1.0804756343738005,0.08287708217413395,0.9975985521996664,1.6027599647796011,1.6025582382869448,observed_standardization_no_causal_or_significance_claim
30m,exclude_primary_dominant_project,04_500_1000,uniswap,2024-08,overlap_exposure,21,37,1.296801915953011,0.3032985436289918,0.9935033723240193,1.0490382560011553,1.0491368323171548,observed_standardization_no_causal_or_significance_claim
30m,exclude_primary_dominant_project,04_500_1000,uniswap,2024-08,equal_project,21,37,0.776014421879868,0.12393420680054552,0.6520802150793226,1.0490382560011553,1.0491368323171548,observed_standardization_no_causal_or_significance_claim
30m,exclude_primary_dominant_project,04_500_1000,uniswap,2024-09,overlap_exposure,24,42,1.1824146632087484,0.31991502596560084,0.8624996372431476,0.9165661595059894,0.9162521626437736,observed_standardization_no_causal_or_significance_claim
30m,exclude_primary_dominant_project,04_500_1000,uniswap,2024-09,equal_project,24,42,0.8123154382026703,0.1649588451316698,0.6473565930710005,0.9165661595059894,0.9162521626437736,observed_standardization_no_causal_or_significance_claim
30m,exclude_primary_dominant_project,04_500_1000,uniswap,2024-10,overlap_exposure,24,40,1.1203265717360391,0.069233388057724,1.051093183678315,1.0625591490881523,1.0625024100771745,observed_standardization_no_causal_or_significance_claim
30m,exclude_primary_dominant_project,04_500_1000,uniswap,2024-10,equal_project,24,40,0.8556435164088785,0.036457633940082675,0.8191858824687959,1.0625591490881523,1.0625024100771745,observed_standardization_no_causal_or_significance_claim
30m,exclude_primary_dominant_project,04_500_1000,uniswap,2024-11,overlap_exposure,25,42,1.1938278017203163,0.05788376439441902,1.1359440373258973,1.1472075962015318,1.1471910481159078,observed_standardization_no_causal_or_significance_claim
30m,exclude_primary_dominant_project,04_500_1000,uniswap,2024-11,equal_project,25,42,0.8429573340514781,0.06755714389570977,0.7754001901557682,1.1472075962015318,1.1471910481159078,observed_standardization_no_causal_or_significance_claim
30m,exclude_primary_dominant_project,04_500_1000,uniswap,2024-12,overlap_exposure,25,44,0.8362783822404903,0.06935492211004117,0.7669234601304491,0.8360784296493362,0.8360583240429362,observed_standardization_no_causal_or_significance_claim
30m,exclude_primary_dominant_project,04_500_1000,uniswap,2024-12,equal_project,25,44,0.5714179550522658,0.021193167205301306,0.5502247878469644,0.8360784296493362,0.8360583240429362,observed_standardization_no_causal_or_significance_claim
30m,exclude_primary_dominant_project,04_500_1000,uniswap,2025-01,overlap_exposure,25,42,1.1254260190495349,0.1038472982692879,1.021578720780247,1.0797313452318138,1.0796804050834254,observed_standardization_no_causal_or_significance_claim
30m,exclude_primary_dominant_project,04_500_1000,uniswap,2025-01,equal_project,25,42,0.8050524544742205,0.05670742760952319,0.7483450268646973,1.0797313452318138,1.0796804050834254,observed_standardization_no_causal_or_significance_claim
30m,exclude_primary_dominant_project,04_500_1000,uniswap,2025-02,overlap_exposure,26,43,0.8387177740047935,0.35661801901585105,0.4820997549889424,0.4164005633057915,0.4161838327477637,observed_standardization_no_causal_or_significance_claim
30m,exclude_primary_dominant_project,04_500_1000,uniswap,2025-02,equal_project,26,43,0.6758215182379049,0.16779577620070696,0.508025742037198,0.4164005633057915,0.4161838327477637,observed_standardization_no_causal_or_significance_claim
30m,exclude_primary_dominant_project,04_500_1000,uniswap,2025-03,overlap_exposure,26,42,0.6008300708848376,0.32841083362949075,0.2724192372553469,0.20555729780324306,0.2057418466109716,observed_standardization_no_causal_or_significance_claim
30m,exclude_primary_dominant_project,04_500_1000,uniswap,2025-03,equal_project,26,42,0.6542438183833995,0.21559016398346414,0.4386536543999354,0.20555729780324306,0.2057418466109716,observed_standardization_no_causal_or_significance_claim
30m,exclude_primary_dominant_project,04_500_1000,uniswap,2025-04,overlap_exposure,25,41,0.6121579630300085,0.3211135454299442,0.29104441760006433,0.2153925194097764,0.2151151854269845,observed_standardization_no_causal_or_significance_claim
30m,exclude_primary_dominant_project,04_500_1000,uniswap,2025-04,equal_project,25,41,0.8293362144290223,0.1732105992652894,0.6561256151637328,0.2153925194097764,0.2151151854269845,observed_standardization_no_causal_or_significance_claim
30m,exclude_primary_dominant_project,04_500_1000,uniswap,2025-05,overlap_exposure,26,43,0.7406113137981254,0.19064942510936983,0.5499618886887556,0.4795493152490594,0.4793599997392553,observed_standardization_no_causal_or_significance_claim
30m,exclude_primary_dominant_project,04_500_1000,uniswap,2025-05,equal_project,26,43,0.7117060787298463,0.1048709289599301,0.6068351497699161,0.4795493152490594,0.4793599997392553,observed_standardization_no_causal_or_significance_claim
30m,exclude_primary_dominant_project,04_500_1000,uniswap,2025-06,overlap_exposure,25,42,1.4844045711585576,0.201725585285884,1.2826789858726737,1.2351560976424765,1.2349782045465822,observed_standardization_no_causal_or_significance_claim
30m,exclude_primary_dominant_project,04_500_1000,uniswap,2025-06,equal_project,25,42,0.8624123453088384,0.0936132816025046,0.7687990637063338,1.2351560976424765,1.2349782045465822,observed_standardization_no_causal_or_significance_claim
30m,exclude_primary_dominant_project,04_500_1000,uniswap,2025-07,overlap_exposure,28,46,1.4464354967589974,0.16861431391204934,1.277821182846948,1.252181126023081,1.2520036428982906,observed_standardization_no_causal_or_significance_claim
30m,exclude_primary_dominant_project,04_500_1000,uniswap,2025-07,equal_project,28,46,0.7332050984852195,0.14564744009730443,0.5875576583879151,1.252181126023081,1.2520036428982906,observed_standardization_no_causal_or_significance_claim
30m,exclude_primary_dominant_project,04_500_1000,uniswap,2025-08,overlap_exposure,28,44,0.9443123445877891,0.15428289916316068,0.7900294454246285,0.6789080139767338,0.678984846458974,observed_standardization_no_causal_or_significance_claim
30m,exclude_primary_dominant_project,04_500_1000,uniswap,2025-08,equal_project,28,44,0.5329107150033019,0.13831369091550147,0.3945970240878005,0.6789080139767338,0.678984846458974,observed_standardization_no_causal_or_significance_claim
30m,exclude_primary_dominant_project,04_500_1000,uniswap,2025-09,overlap_exposure,28,45,0.7216312689632165,0.12309023243969779,0.5985410365235186,0.4783354050354585,0.4788784340318247,observed_standardization_no_causal_or_significance_claim
30m,exclude_primary_dominant_project,04_500_1000,uniswap,2025-09,equal_project,28,45,0.7992373859708489,0.0895820950501664,0.7096552909206825,0.4783354050354585,0.4788784340318247,observed_standardization_no_causal_or_significance_claim
30m,exclude_primary_dominant_project,04_500_1000,uniswap,2025-10,overlap_exposure,27,43,0.6868616116199849,0.19984327058250798,0.4870183410374769,0.4038466618009969,0.40407453470693994,observed_standardization_no_causal_or_significance_claim
30m,exclude_primary_dominant_project,04_500_1000,uniswap,2025-10,equal_project,27,43,0.5967539868408532,0.1765218855206653,0.420232101320188,0.4038466618009969,0.40407453470693994,observed_standardization_no_causal_or_significance_claim
30m,exclude_primary_dominant_project,04_500_1000,uniswap,2025-11,overlap_exposure,26,41,0.6495781037909073,0.28873417763041087,0.3608439261604964,0.2863993821397887,0.28665685137107794,observed_standardization_no_causal_or_significance_claim
30m,exclude_primary_dominant_project,04_500_1000,uniswap,2025-11,equal_project,26,41,0.7825612319063289,0.19604763529564315,0.5865135966106857,0.2863993821397887,0.28665685137107794,observed_standardization_no_causal_or_significance_claim
30m,exclude_primary_dominant_project,04_500_1000,uniswap,2025-12,overlap_exposure,27,42,0.889388909397933,0.5098497597072222,0.3795391496907108,0.24786619062963722,0.24785650016505142,observed_standardization_no_causal_or_significance_claim
30m,exclude_primary_dominant_project,04_500_1000,uniswap,2025-12,equal_project,27,42,0.3959120965478993,0.21443375284947794,0.18147834369842136,0.24786619062963722,0.24785650016505142,observed_standardization_no_causal_or_significance_claim
30m,exclude_primary_dominant_project,04_500_1000,uniswap,2026-01,overlap_exposure,26,41,0.8591582712366587,0.5003117362293619,0.3588465350072967,0.20995830140031513,0.2093093863907704,observed_standardization_no_causal_or_significance_claim
30m,exclude_primary_dominant_project,04_500_1000,uniswap,2026-01,equal_project,26,41,0.7660593542321612,0.28156952192895546,0.4844898323032058,0.20995830140031513,0.2093093863907704,observed_standardization_no_causal_or_significance_claim
30m,exclude_primary_dominant_project,04_500_1000,uniswap,2026-02,overlap_exposure,26,43,0.5910273814629133,0.6185429147643606,-0.02751553330144728,-0.14217535453102192,-0.14247240037752132,observed_standardization_no_causal_or_significance_claim
30m,exclude_primary_dominant_project,04_500_1000,uniswap,2026-02,equal_project,26,43,0.8824289492544747,0.4605947669531383,0.42183418230133646,-0.14217535453102192,-0.14247240037752132,observed_standardization_no_causal_or_significance_claim
30m,exclude_primary_dominant_project,04_500_1000,uniswap,2026-03,overlap_exposure,27,43,0.6308017415632673,0.5238712149415541,0.1069305266217132,-0.04914304812724934,-0.04922718582528879,observed_standardization_no_causal_or_significance_claim
30m,exclude_primary_dominant_project,04_500_1000,uniswap,2026-03,equal_project,27,43,0.7185984271590906,0.3423892484093013,0.3762091787497893,-0.04914304812724934,-0.04922718582528879,observed_standardization_no_causal_or_significance_claim
30m,exclude_primary_dominant_project,04_500_1000,uniswap,2026-04,overlap_exposure,27,43,0.9362089473503268,0.5932671440349904,0.34294180331533647,0.2720348492756819,0.27146679624683573,observed_standardization_no_causal_or_significance_claim
30m,exclude_primary_dominant_project,04_500_1000,uniswap,2026-04,equal_project,27,43,0.8504621400168121,0.40694514241424806,0.4435169976025641,0.2720348492756819,0.27146679624683573,observed_standardization_no_causal_or_significance_claim
30m,exclude_primary_dominant_project,04_500_1000,uniswap,2026-05,overlap_exposure,26,42,0.8033035535862095,0.3813245659909563,0.42197898759525326,0.2984457062303387,0.2984197026892111,observed_standardization_no_causal_or_significance_claim
30m,exclude_primary_dominant_project,04_500_1000,uniswap,2026-05,equal_project,26,42,0.6093835810726788,0.34088729773969223,0.26849628333298653,0.2984457062303387,0.2984197026892111,observed_standardization_no_causal_or_significance_claim
30m,exclude_primary_dominant_project,04_500_1000,uniswap,2026-06,overlap_exposure,25,40,0.422447030491482,0.31758869489084074,0.10485833560064128,0.03317088553587487,0.033417359355129114,observed_standardization_no_causal_or_significance_claim
30m,exclude_primary_dominant_project,04_500_1000,uniswap,2026-06,equal_project,25,40,0.37069439545075555,0.15810388955579963,0.21259050589495587,0.03317088553587487,0.033417359355129114,observed_standardization_no_causal_or_significance_claim
30m,exclude_primary_dominant_project,05_1000_2500,uniswap,2024-01,overlap_exposure,22,37,1.7946116119025683,0.07559610729637459,1.7190155046061937,1.4881244244593932,1.4893771289793345,observed_standardization_no_causal_or_significance_claim
30m,exclude_primary_dominant_project,05_1000_2500,uniswap,2024-01,equal_project,22,37,1.1141291624345069,0.026430349242993475,1.0876988131915135,1.4881244244593932,1.4893771289793345,observed_standardization_no_causal_or_significance_claim
30m,exclude_primary_dominant_project,05_1000_2500,uniswap,2024-02,overlap_exposure,21,36,1.2556278424558287,0.0617700612312154,1.1938577812246132,1.0410354193786557,1.0411918735577164,observed_standardization_no_causal_or_significance_claim
30m,exclude_primary_dominant_project,05_1000_2500,uniswap,2024-02,equal_project,21,36,0.6885895302356272,0.02120999176401871,0.6673795384716085,1.0410354193786557,1.0411918735577164,observed_standardization_no_causal_or_significance_claim
30m,exclude_primary_dominant_project,05_1000_2500,uniswap,2024-03,overlap_exposure,21,37,1.102823925681497,0.10925409364004687,0.99356983204145,0.9676217729839889,0.967767153321588,observed_standardization_no_causal_or_significance_claim
30m,exclude_primary_dominant_project,05_1000_2500,uniswap,2024-03,equal_project,21,37,0.7385046264632655,0.034617288057588985,0.7038873384056765,0.9676217729839889,0.967767153321588,observed_standardization_no_causal_or_significance_claim
30m,exclude_primary_dominant_project,05_1000_2500,uniswap,2024-04,overlap_exposure,22,37,1.8067838606396165,0.14751346301947482,1.659270397620142,1.63577710347985,1.6356466961888232,observed_standardization_no_causal_or_significance_claim
30m,exclude_primary_dominant_project,05_1000_2500,uniswap,2024-04,equal_project,22,37,1.2449606661440678,0.07060702180422376,1.174353644339844,1.63577710347985,1.6356466961888232,observed_standardization_no_causal_or_significance_claim
30m,exclude_primary_dominant_project,05_1000_2500,uniswap,2024-05,overlap_exposure,23,38,1.9744069818597676,0.1537284243541725,1.820678557505595,1.8425397653760314,1.842380336106042,observed_standardization_no_causal_or_significance_claim
30m,exclude_primary_dominant_project,05_1000_2500,uniswap,2024-05,equal_project,23,38,1.4053138985852973,0.053134077166736904,1.3521798214185605,1.8425397653760314,1.842380336106042,observed_standardization_no_causal_or_significance_claim
30m,exclude_primary_dominant_project,05_1000_2500,uniswap,2024-06,overlap_exposure,21,37,1.9798371289339416,0.18554930898732588,1.7942878199466157,1.948496615082184,1.9491658829999619,observed_standardization_no_causal_or_significance_claim
30m,exclude_primary_dominant_project,05_1000_2500,uniswap,2024-06,equal_project,21,37,1.670106667942341,0.05470562064716091,1.6154010472951803,1.948496615082184,1.9491658829999619,observed_standardization_no_causal_or_significance_claim
30m,exclude_primary_dominant_project,05_1000_2500,uniswap,2024-07,overlap_exposure,21,37,1.608306113066401,0.22387318241199744,1.3844329306544036,1.4074569477911971,1.4072518360645334,observed_standardization_no_causal_or_significance_claim
30m,exclude_primary_dominant_project,05_1000_2500,uniswap,2024-07,equal_project,21,37,1.1313335232158277,0.08682360989671177,1.0445099133191158,1.4074569477911971,1.4072518360645334,observed_standardization_no_causal_or_significance_claim
30m,exclude_primary_dominant_project,05_1000_2500,uniswap,2024-08,overlap_exposure,21,37,0.9408229679320177,0.2884312052414994,0.6523917626905182,0.5488551660460371,0.5489602843450913,observed_standardization_no_causal_or_significance_claim
30m,exclude_primary_dominant_project,05_1000_2500,uniswap,2024-08,equal_project,21,37,0.8845145708147308,0.12393420680054552,0.7605803640141853,0.5488551660460371,0.5489602843450913,observed_standardization_no_causal_or_significance_claim
30m,exclude_primary_dominant_project,05_1000_2500,uniswap,2024-09,overlap_exposure,24,41,0.868529277505007,0.3121736458090577,0.5563556316959493,0.479392249118335,0.4790626329504927,observed_standardization_no_causal_or_significance_claim
30m,exclude_primary_dominant_project,05_1000_2500,uniswap,2024-09,equal_project,24,41,0.9309078625762786,0.1649588451316698,0.7659490174446087,0.479392249118335,0.4790626329504927,observed_standardization_no_causal_or_significance_claim
30m,exclude_primary_dominant_project,05_1000_2500,uniswap,2024-10,overlap_exposure,25,41,0.9939609350332432,0.07156643811152097,0.9223944969217222,0.8891343467090372,0.8890795830956955,observed_standardization_no_causal_or_significance_claim
30m,exclude_primary_dominant_project,05_1000_2500,uniswap,2024-10,equal_project,25,41,0.6449988810221362,0.034999328582479367,0.6099995524396569,0.8891343467090372,0.8890795830956955,observed_standardization_no_causal_or_significance_claim
30m,exclude_primary_dominant_project,05_1000_2500,uniswap,2024-11,overlap_exposure,24,39,1.093983255901122,0.05831647232453448,1.0356667835765876,0.9814491660761845,0.9814334796520052,observed_standardization_no_causal_or_significance_claim
30m,exclude_primary_dominant_project,05_1000_2500,uniswap,2024-11,equal_project,24,39,1.1825854565722058,0.07044244822007789,1.1121430083521278,0.9814491660761845,0.9814334796520052,observed_standardization_no_causal_or_significance_claim
30m,exclude_primary_dominant_project,05_1000_2500,uniswap,2024-12,overlap_exposure,25,42,0.8021943906297013,0.07353294142374554,0.7286614492059559,0.7365931980693029,0.7365780396879217,observed_standardization_no_causal_or_significance_claim
30m,exclude_primary_dominant_project,05_1000_2500,uniswap,2024-12,equal_project,25,42,0.7531458459417155,0.021193167205301306,0.7319526787364141,0.7365931980693029,0.7365780396879217,observed_standardization_no_causal_or_significance_claim
30m,exclude_primary_dominant_project,05_1000_2500,uniswap,2025-01,overlap_exposure,25,41,0.9169820098038226,0.10692679713385134,0.8100552126699712,0.810037721653299,0.809985314719066,observed_standardization_no_causal_or_significance_claim
30m,exclude_primary_dominant_project,05_1000_2500,uniswap,2025-01,equal_project,25,41,1.0031599109633231,0.06174521098483805,0.941414699978485,0.810037721653299,0.809985314719066,observed_standardization_no_causal_or_significance_claim
30m,exclude_primary_dominant_project,05_1000_2500,uniswap,2025-02,overlap_exposure,25,41,0.9263948526636037,0.3347782573012957,0.5916165953623079,0.3304632896077978,0.33035886150761384,observed_standardization_no_causal_or_significance_claim
30m,exclude_primary_dominant_project,05_1000_2500,uniswap,2025-02,equal_project,25,41,1.998243052090845,0.15696374759961243,1.8412793044912328,0.3304632896077978,0.33035886150761384,observed_standardization_no_causal_or_significance_claim
30m,exclude_primary_dominant_project,05_1000_2500,uniswap,2025-03,overlap_exposure,25,42,0.6433194161257354,0.286987884277748,0.35633153184798744,0.1487496130133304,0.1489165051222244,observed_standardization_no_causal_or_significance_claim
30m,exclude_primary_dominant_project,05_1000_2500,uniswap,2025-03,equal_project,25,42,1.057274260257629,0.219930718796296,0.837343541461333,0.1487496130133304,0.1489165051222244,observed_standardization_no_causal_or_significance_claim
30m,exclude_primary_dominant_project,05_1000_2500,uniswap,2025-04,overlap_exposure,25,42,0.5894785383809165,0.2950665103729805,0.294412028007936,0.11783099915881698,0.1175620377722402,observed_standardization_no_causal_or_significance_claim
30m,exclude_primary_dominant_project,05_1000_2500,uniswap,2025-04,equal_project,25,42,1.0986573772690367,0.1685164060944972,0.9301409711745393,0.11783099915881698,0.1175620377722402,observed_standardization_no_causal_or_significance_claim
30m,exclude_primary_dominant_project,05_1000_2500,uniswap,2025-05,overlap_exposure,26,43,0.5810049650622328,0.18014043333801572,0.400864531724217,0.26598727076795037,0.2657974445048334,observed_standardization_no_causal_or_significance_claim
30m,exclude_primary_dominant_project,05_1000_2500,uniswap,2025-05,equal_project,26,43,0.9956036345081717,0.1048709289599301,0.8907327055482415,0.26598727076795037,0.2657974445048334,observed_standardization_no_causal_or_significance_claim
30m,exclude_primary_dominant_project,05_1000_2500,uniswap,2025-06,overlap_exposure,25,42,1.2130603162500986,0.18283913413016784,1.0302211821199307,0.8023615465949084,0.8022750958186892,observed_standardization_no_causal_or_significance_claim
30m,exclude_primary_dominant_project,05_1000_2500,uniswap,2025-06,equal_project,25,42,0.8936961589260212,0.0936132816025046,0.8000828773235167,0.8023615465949084,0.8022750958186892,observed_standardization_no_causal_or_significance_claim
30m,exclude_primary_dominant_project,05_1000_2500,uniswap,2025-07,overlap_exposure,27,45,1.366993284472803,0.15793018153466776,1.2090631029381353,1.0189066613974018,1.018744922888259,observed_standardization_no_causal_or_significance_claim
30m,exclude_primary_dominant_project,05_1000_2500,uniswap,2025-07,equal_project,27,45,0.9551067628009801,0.15104178973053795,0.8040649730704421,1.0189066613974018,1.018744922888259,observed_standardization_no_causal_or_significance_claim
30m,exclude_primary_dominant_project,05_1000_2500,uniswap,2025-08,overlap_exposure,28,45,1.129668157160746,0.139050202418387,0.990617954742359,0.8009232735523995,0.8010495441464175,observed_standardization_no_causal_or_significance_claim
30m,exclude_primary_dominant_project,05_1000_2500,uniswap,2025-08,equal_project,28,45,0.6569245935579638,0.13831369091550147,0.5186109026424625,0.8009232735523995,0.8010495441464175,observed_standardization_no_causal_or_significance_claim
30m,exclude_primary_dominant_project,05_1000_2500,uniswap,2025-09,overlap_exposure,27,43,0.8671966528431796,0.10812430293381625,0.7590723499093633,0.5374118341513192,0.5379156552009694,observed_standardization_no_causal_or_significance_claim
30m,exclude_primary_dominant_project,05_1000_2500,uniswap,2025-09,equal_project,27,43,0.9695043181294015,0.09289995042239478,0.8766043677070068,0.5374118341513192,0.5379156552009694,observed_standardization_no_causal_or_significance_claim
30m,exclude_primary_dominant_project,05_1000_2500,uniswap,2025-10,overlap_exposure,26,42,0.7612707535276955,0.21639429146371988,0.5448764620639756,0.35951855353656736,0.3597344802605262,observed_standardization_no_causal_or_significance_claim
30m,exclude_primary_dominant_project,05_1000_2500,uniswap,2025-10,equal_project,26,42,0.8011571488797072,0.18331118880992164,0.6178459600697855,0.35951855353656736,0.3597344802605262,observed_standardization_no_causal_or_significance_claim
30m,exclude_primary_dominant_project,05_1000_2500,uniswap,2025-11,overlap_exposure,26,41,0.6468655271804934,0.30613889485935136,0.34072663232114203,0.17687998134072705,0.1771325038826798,observed_standardization_no_causal_or_significance_claim
30m,exclude_primary_dominant_project,05_1000_2500,uniswap,2025-11,equal_project,26,41,0.6902564837776354,0.19604763529564315,0.49420884848199226,0.17687998134072705,0.1771325038826798,observed_standardization_no_causal_or_significance_claim
30m,exclude_primary_dominant_project,05_1000_2500,uniswap,2025-12,overlap_exposure,27,42,0.8044127958759641,0.4720464729378536,0.33236632293811047,0.12280001494027852,0.12257998531460934,observed_standardization_no_causal_or_significance_claim
30m,exclude_primary_dominant_project,05_1000_2500,uniswap,2025-12,equal_project,27,42,0.6276285439912993,1.1403596787754038,-0.5127311347841045,0.12280001494027852,0.12257998531460934,observed_standardization_no_causal_or_significance_claim
30m,exclude_primary_dominant_project,05_1000_2500,uniswap,2026-01,overlap_exposure,27,42,0.8487595246061694,0.4554102752540645,0.3933492493521049,0.16748784624762234,0.16705116379971902,observed_standardization_no_causal_or_significance_claim
30m,exclude_primary_dominant_project,05_1000_2500,uniswap,2026-01,equal_project,27,42,0.5797599233846913,0.27114102111677196,0.3086189022679193,0.16748784624762234,0.16705116379971902,observed_standardization_no_causal_or_significance_claim
30m,exclude_primary_dominant_project,05_1000_2500,uniswap,2026-02,overlap_exposure,26,42,0.5630460922510441,0.6094139720479957,-0.04636787979695172,-0.1845085253521319,-0.18480796613175943,observed_standardization_no_causal_or_significance_claim
30m,exclude_primary_dominant_project,05_1000_2500,uniswap,2026-02,equal_project,26,42,1.214341783846992,0.4605947669531383,0.7537470168938538,-0.1845085253521319,-0.18480796613175943,observed_standardization_no_causal_or_significance_claim
30m,exclude_primary_dominant_project,05_1000_2500,uniswap,2026-03,overlap_exposure,26,42,0.5706048905123559,0.5198990093895817,0.05070588112277424,-0.10569765604543585,-0.1058149808962198,observed_standardization_no_causal_or_significance_claim
30m,exclude_primary_dominant_project,05_1000_2500,uniswap,2026-03,equal_project,26,42,0.26788040178105404,0.3361819757507557,-0.06830157396970163,-0.10569765604543585,-0.1058149808962198,observed_standardization_no_causal_or_significance_claim
30m,exclude_primary_dominant_project,05_1000_2500,uniswap,2026-04,overlap_exposure,25,41,0.68044685986177,0.5774641981531874,0.10298266170858261,0.028831366924244803,0.02824197495543872,observed_standardization_no_causal_or_significance_claim
30m,exclude_primary_dominant_project,05_1000_2500,uniswap,2026-04,equal_project,25,41,0.526360244684232,0.43950075380738785,0.08685949087684419,0.028831366924244803,0.02824197495543872,observed_standardization_no_causal_or_significance_claim
30m,exclude_primary_dominant_project,05_1000_2500,uniswap,2026-05,overlap_exposure,25,41,0.6813976073194793,0.4077037119529936,0.2736938953664857,0.19938854489116326,0.1993901842355649,observed_standardization_no_causal_or_significance_claim
30m,exclude_primary_dominant_project,05_1000_2500,uniswap,2026-05,equal_project,25,41,0.4607259512885045,0.3545227896492799,0.10620316163922461,0.19938854489116326,0.1993901842355649,observed_standardization_no_causal_or_significance_claim
30m,exclude_primary_dominant_project,05_1000_2500,uniswap,2026-06,overlap_exposure,25,41,0.5530308234760412,0.3136319291042347,0.23939889437180648,0.16127482997698467,0.1624375889367893,observed_standardization_no_causal_or_significance_claim
30m,exclude_primary_dominant_project,05_1000_2500,uniswap,2026-06,equal_project,25,41,0.3011194422532929,0.15566347631249042,0.14545596594080248,0.16127482997698467,0.1624375889367893,observed_standardization_no_causal_or_significance_claim
30m,exclude_primary_dominant_project,06_2500_5000,uniswap,2024-01,overlap_exposure,23,37,2.2287950260182705,0.074090553986424,2.1547044720318467,1.889274324261566,1.8903717598356948,observed_standardization_no_causal_or_significance_claim
30m,exclude_primary_dominant_project,06_2500_5000,uniswap,2024-01,equal_project,23,37,1.8020882015564506,0.025281203623732887,1.776806997932718,1.889274324261566,1.8903717598356948,observed_standardization_no_causal_or_significance_claim
30m,exclude_primary_dominant_project,06_2500_5000,uniswap,2024-02,overlap_exposure,21,35,1.5883149602960764,0.06190447357817647,1.5264104867179,1.357840661366874,1.358116889540307,observed_standardization_no_causal_or_significance_claim
30m,exclude_primary_dominant_project,06_2500_5000,uniswap,2024-02,equal_project,21,35,1.852063118374924,0.02120999176401871,1.8308531266109054,1.357840661366874,1.358116889540307,observed_standardization_no_causal_or_significance_claim
30m,exclude_primary_dominant_project,06_2500_5000,uniswap,2024-03,overlap_exposure,20,35,1.5429066522049162,0.11749520807895844,1.4254114441259578,1.3036815875193044,1.3035655427742316,observed_standardization_no_causal_or_significance_claim
30m,exclude_primary_dominant_project,06_2500_5000,uniswap,2024-03,equal_project,20,35,1.4608974716428669,0.036348152460468436,1.4245493191823984,1.3036815875193044,1.3035655427742316,observed_standardization_no_causal_or_significance_claim
30m,exclude_primary_dominant_project,06_2500_5000,uniswap,2024-04,overlap_exposure,22,37,2.2033244109874155,0.16276949216513933,2.0405549188222762,2.0135009529312047,2.01335122489397,observed_standardization_no_causal_or_significance_claim
30m,exclude_primary_dominant_project,06_2500_5000,uniswap,2024-04,equal_project,22,37,1.6755786903261243,0.07060702180422376,1.6049716685219004,2.0135009529312047,2.01335122489397,observed_standardization_no_causal_or_significance_claim
30m,exclude_primary_dominant_project,06_2500_5000,uniswap,2024-05,overlap_exposure,23,38,2.1129756380861395,0.14215135314437677,1.9708242849417628,1.9272979162396606,1.9271562187299993,observed_standardization_no_causal_or_significance_claim
30m,exclude_primary_dominant_project,06_2500_5000,uniswap,2024-05,equal_project,23,38,2.1804563389097225,0.053134077166736904,2.1273222617429854,1.9272979162396606,1.9271562187299993,observed_standardization_no_causal_or_significance_claim
30m,exclude_primary_dominant_project,06_2500_5000,uniswap,2024-06,overlap_exposure,21,37,1.9280693970660616,0.15425012122481932,1.7738192758412423,1.656253664806516,1.6568953012437864,observed_standardization_no_causal_or_significance_claim
30m,exclude_primary_dominant_project,06_2500_5000,uniswap,2024-06,equal_project,21,37,1.956980769498019,0.05470562064716091,1.9022751488508582,1.656253664806516,1.6568953012437864,observed_standardization_no_causal_or_significance_claim
30m,exclude_primary_dominant_project,06_2500_5000,uniswap,2024-07,overlap_exposure,22,38,1.2085185776456189,0.2033723556999315,1.0051462219456873,0.8062599063252764,0.8061333785178864,observed_standardization_no_causal_or_significance_claim
30m,exclude_primary_dominant_project,06_2500_5000,uniswap,2024-07,equal_project,22,38,1.0586367917993893,0.08287708217413395,0.9757597096252555,0.8062599063252764,0.8061333785178864,observed_standardization_no_causal_or_significance_claim
30m,exclude_primary_dominant_project,06_2500_5000,uniswap,2024-08,overlap_exposure,21,37,0.9774170452531092,0.27147956379079985,0.7059374814623095,0.515265260808336,0.5153638371243355,observed_standardization_no_causal_or_significance_claim
30m,exclude_primary_dominant_project,06_2500_5000,uniswap,2024-08,equal_project,21,37,1.174578784371974,0.12393420680054552,1.0506445775714284,0.515265260808336,0.5153638371243355,observed_standardization_no_causal_or_significance_claim
30m,exclude_primary_dominant_project,06_2500_5000,uniswap,2024-09,overlap_exposure,24,41,0.7844657714757265,0.3060598363690769,0.4784059351066495,0.39009609556940966,0.3897664794015673,observed_standardization_no_causal_or_significance_claim
30m,exclude_primary_dominant_project,06_2500_5000,uniswap,2024-09,equal_project,24,41,1.0123393446668005,0.1649588451316698,0.8473804995351306,0.39009609556940966,0.3897664794015673,observed_standardization_no_causal_or_significance_claim
30m,exclude_primary_dominant_project,06_2500_5000,uniswap,2024-10,overlap_exposure,25,40,0.8655622695583178,0.07229482713176394,0.7932674424265538,0.6512520933255267,0.6511963420302012,observed_standardization_no_causal_or_significance_claim
30m,exclude_primary_dominant_project,06_2500_5000,uniswap,2024-10,equal_project,25,40,0.6860346896822671,0.03521722911088814,0.650817460571379,0.6512520933255267,0.6511963420302012,observed_standardization_no_causal_or_significance_claim
30m,exclude_primary_dominant_project,06_2500_5000,uniswap,2024-11,overlap_exposure,24,40,0.8770146207655913,0.05827874727522609,0.8187358734903653,0.667854212324501,0.6679369150093144,observed_standardization_no_causal_or_significance_claim
30m,exclude_primary_dominant_project,06_2500_5000,uniswap,2024-11,equal_project,24,40,0.8463932260064316,0.07037202489136433,0.7760212011150672,0.667854212324501,0.6679369150093144,observed_standardization_no_causal_or_significance_claim
30m,exclude_primary_dominant_project,06_2500_5000,uniswap,2024-12,overlap_exposure,25,41,0.7592895928648098,0.07809134334988516,0.6811982495149247,0.621673285237172,0.6216506254067636,observed_standardization_no_causal_or_significance_claim
30m,exclude_primary_dominant_project,06_2500_5000,uniswap,2024-12,equal_project,25,41,0.9244991951920596,0.021489279957839523,0.9030099152342199,0.621673285237172,0.6216506254067636,observed_standardization_no_causal_or_significance_claim
30m,exclude_primary_dominant_project,06_2500_5000,uniswap,2025-01,overlap_exposure,25,41,1.058804716734742,0.09413926727243706,0.964665449462305,0.8059014055133756,0.8058606737295325,observed_standardization_no_causal_or_significance_claim
30m,exclude_primary_dominant_project,06_2500_5000,uniswap,2025-01,equal_project,25,41,0.7946642112393,0.06174521098483805,0.7329190002544619,0.8059014055133756,0.8058606737295325,observed_standardization_no_causal_or_significance_claim
30m,exclude_primary_dominant_project,06_2500_5000,uniswap,2025-02,overlap_exposure,25,41,0.8062558040886036,0.28135134356352726,0.5249044605250764,0.21815297537357206,0.2180443888179676,observed_standardization_no_causal_or_significance_claim
30m,exclude_primary_dominant_project,06_2500_5000,uniswap,2025-02,equal_project,25,41,5.012211606449771,0.15696374759961243,4.855247858850158,0.21815297537357206,0.2180443888179676,observed_standardization_no_causal_or_significance_claim
30m,exclude_primary_dominant_project,06_2500_5000,uniswap,2025-03,overlap_exposure,25,42,0.5545703846598345,0.23394350901125388,0.3206268756485806,0.15346278173285513,0.15362967384174916,observed_standardization_no_causal_or_significance_claim
30m,exclude_primary_dominant_project,06_2500_5000,uniswap,2025-03,equal_project,25,42,0.9389497653798222,0.219930718796296,0.7190190465835262,0.15346278173285513,0.15362967384174916,observed_standardization_no_causal_or_significance_claim
30m,exclude_primary_dominant_project,06_2500_5000,uniswap,2025-04,overlap_exposure,25,42,0.5505109853854759,0.2659828058732059,0.28452817951227005,0.13763458637289064,0.13738224835525945,observed_standardization_no_causal_or_significance_claim
30m,exclude_primary_dominant_project,06_2500_5000,uniswap,2025-04,equal_project,25,42,1.3925706091685526,0.1685164060944972,1.2240542030740553,0.13763458637289064,0.13738224835525945,observed_standardization_no_causal_or_significance_claim
30m,exclude_primary_dominant_project,06_2500_5000,uniswap,2025-05,overlap_exposure,26,43,0.651263950186218,0.15928605572598908,0.49197789446022894,0.30720443505227113,0.30701460878915415,observed_standardization_no_causal_or_significance_claim
30m,exclude_primary_dominant_project,06_2500_5000,uniswap,2025-05,equal_project,26,43,0.7820175305180607,0.1048709289599301,0.6771466015581306,0.30720443505227113,0.30701460878915415,observed_standardization_no_causal_or_significance_claim
30m,exclude_primary_dominant_project,06_2500_5000,uniswap,2025-06,overlap_exposure,25,42,0.8676753830628612,0.16611030400960788,0.7015650790532533,0.48084145568223846,0.481160610664956,observed_standardization_no_causal_or_significance_claim
30m,exclude_primary_dominant_project,06_2500_5000,uniswap,2025-06,equal_project,25,42,0.7094156685161892,0.0936132816025046,0.6158023869136846,0.48084145568223846,0.481160610664956,observed_standardization_no_causal_or_significance_claim
30m,exclude_primary_dominant_project,06_2500_5000,uniswap,2025-07,overlap_exposure,27,44,1.1073078929037246,0.13994757465903437,0.96736031824469,0.708820205127197,0.7090518639282551,observed_standardization_no_causal_or_significance_claim
30m,exclude_primary_dominant_project,06_2500_5000,uniswap,2025-07,equal_project,27,44,0.7980577724154033,0.15104178973053795,0.6470159826848654,0.708820205127197,0.7090518639282551,observed_standardization_no_causal_or_significance_claim
30m,exclude_primary_dominant_project,06_2500_5000,uniswap,2025-08,overlap_exposure,28,44,1.3332371485140817,0.12437057517364809,1.2088665733404336,0.9212533191615236,0.9213554232607856,observed_standardization_no_causal_or_significance_claim
30m,exclude_primary_dominant_project,06_2500_5000,uniswap,2025-08,equal_project,28,44,0.9551482254197216,0.13831369091550147,0.8168345345042201,0.9212533191615236,0.9213554232607856,observed_standardization_no_causal_or_significance_claim
30m,exclude_primary_dominant_project,06_2500_5000,uniswap,2025-09,overlap_exposure,27,43,0.8447689361427498,0.09472551022818117,0.7500434259145687,0.5902121261048204,0.5907159471544705,observed_standardization_no_causal_or_significance_claim
30m,exclude_primary_dominant_project,06_2500_5000,uniswap,2025-09,equal_project,27,43,0.7826441685145611,0.09289995042239478,0.6897442180921662,0.5902121261048204,0.5907159471544705,observed_standardization_no_causal_or_significance_claim
30m,exclude_primary_dominant_project,06_2500_5000,uniswap,2025-10,overlap_exposure,26,42,0.6516425643971746,0.23296231454951744,0.41868024984765717,0.2750888350964343,0.2753047618203931,observed_standardization_no_causal_or_significance_claim
30m,exclude_primary_dominant_project,06_2500_5000,uniswap,2025-10,equal_project,26,42,0.5632752701437369,0.18331118880992164,0.37996408133381526,0.2750888350964343,0.2753047618203931,observed_standardization_no_causal_or_significance_claim
30m,exclude_primary_dominant_project,06_2500_5000,uniswap,2025-11,overlap_exposure,25,40,0.5574551762774693,0.2854007338922928,0.27205444238517645,0.13693775437518702,0.13718989639527102,observed_standardization_no_causal_or_significance_claim
30m,exclude_primary_dominant_project,06_2500_5000,uniswap,2025-11,equal_project,25,40,1.4783373619240272,0.2038895407074689,1.2744478212165584,0.13693775437518702,0.13718989639527102,observed_standardization_no_causal_or_significance_claim
30m,exclude_primary_dominant_project,06_2500_5000,uniswap,2025-12,overlap_exposure,24,39,0.6931656880138115,0.39273356637706086,0.30043212163675065,0.05818794631795299,0.05883573995163005,observed_standardization_no_causal_or_significance_claim
30m,exclude_primary_dominant_project,06_2500_5000,uniswap,2025-12,equal_project,24,39,0.9606941594158745,0.19099060027971954,0.7697035591361551,0.05818794631795299,0.05883573995163005,observed_standardization_no_causal_or_significance_claim
30m,exclude_primary_dominant_project,06_2500_5000,uniswap,2026-01,overlap_exposure,25,39,0.6793096348981021,0.4312938179354254,0.24801581696267672,0.018646870035028337,0.014558391816395753,observed_standardization_no_causal_or_significance_claim
30m,exclude_primary_dominant_project,06_2500_5000,uniswap,2026-01,equal_project,25,39,0.4546110405962975,0.31370587708686726,0.14090516350943025,0.018646870035028337,0.014558391816395753,observed_standardization_no_causal_or_significance_claim
30m,exclude_primary_dominant_project,06_2500_5000,uniswap,2026-02,overlap_exposure,26,42,0.5516056800171629,0.5409645375227183,0.010641142494444492,-0.20398893154893227,-0.2042883723285598,observed_standardization_no_causal_or_significance_claim
30m,exclude_primary_dominant_project,06_2500_5000,uniswap,2026-02,equal_project,26,42,0.3551568517929044,0.4605947669531383,-0.10543791516023386,-0.20398893154893227,-0.2042883723285598,observed_standardization_no_causal_or_significance_claim
30m,exclude_primary_dominant_project,06_2500_5000,uniswap,2026-03,overlap_exposure,25,41,0.6286016812705253,0.4445442118094513,0.18405746946107399,-0.04927960517910647,-0.04552185946358851,observed_standardization_no_causal_or_significance_claim
30m,exclude_primary_dominant_project,06_2500_5000,uniswap,2026-03,equal_project,25,41,1.717178055153603,0.23794362913445705,1.479234426019146,-0.04927960517910647,-0.04552185946358851,observed_standardization_no_causal_or_significance_claim
30m,exclude_primary_dominant_project,06_2500_5000,uniswap,2026-04,overlap_exposure,23,38,0.8876131052861227,0.6029361369517083,0.2846769683344143,0.26220978494296066,0.2786286712312453,observed_standardization_no_causal_or_significance_claim
30m,exclude_primary_dominant_project,06_2500_5000,uniswap,2026-04,equal_project,23,38,0.4403283388509655,0.27287374255036384,0.1674545963006017,0.26220978494296066,0.2786286712312453,observed_standardization_no_causal_or_significance_claim
30m,exclude_primary_dominant_project,06_2500_5000,uniswap,2026-05,overlap_exposure,23,38,0.8274125769647614,0.41929684140468115,0.40811573556008035,0.3350852798472257,0.3469054577544298,observed_standardization_no_causal_or_significance_claim
30m,exclude_primary_dominant_project,06_2500_5000,uniswap,2026-05,equal_project,23,38,0.6240876553466757,0.20166623289523525,0.42242142245144043,0.3350852798472257,0.3469054577544298,observed_standardization_no_causal_or_significance_claim
30m,exclude_primary_dominant_project,06_2500_5000,uniswap,2026-06,overlap_exposure,24,38,0.6000919604746336,0.28071680867847365,0.31937515179616,0.19158386706488884,0.1923947574161217,observed_standardization_no_causal_or_significance_claim
30m,exclude_primary_dominant_project,06_2500_5000,uniswap,2026-06,equal_project,24,38,0.5301376816945917,0.15288579498829818,0.3772518867062935,0.19158386706488884,0.1923947574161217,observed_standardization_no_causal_or_significance_claim
30m,exclude_primary_dominant_project,07_5000_10000,uniswap,2024-01,overlap_exposure,23,37,1.999166856582913,0.06859081133107872,1.9305760452518343,1.6347802089876875,1.635909093534772,observed_standardization_no_causal_or_significance_claim
30m,exclude_primary_dominant_project,07_5000_10000,uniswap,2024-01,equal_project,23,37,1.6171695862789832,0.025281203623732887,1.5918883826552506,1.6347802089876875,1.635909093534772,observed_standardization_no_causal_or_significance_claim
30m,exclude_primary_dominant_project,07_5000_10000,uniswap,2024-02,overlap_exposure,20,34,1.8845782996101708,0.06047632251220549,1.8241019770979652,1.6900530812354642,1.6906442795067902,observed_standardization_no_causal_or_significance_claim
30m,exclude_primary_dominant_project,07_5000_10000,uniswap,2024-02,equal_project,20,34,2.50028292871649,0.022270491352219646,2.4780124373642702,1.6900530812354642,1.6906442795067902,observed_standardization_no_causal_or_significance_claim
30m,exclude_primary_dominant_project,07_5000_10000,uniswap,2024-03,overlap_exposure,20,35,1.9174161413672686,0.11880189279609081,1.7986142485711776,1.5580280677423637,1.5579967386670135,observed_standardization_no_causal_or_significance_claim
30m,exclude_primary_dominant_project,07_5000_10000,uniswap,2024-03,equal_project,20,35,1.552592140515659,0.036348152460468436,1.5162439880551906,1.5580280677423637,1.5579967386670135,observed_standardization_no_causal_or_significance_claim
30m,exclude_primary_dominant_project,07_5000_10000,uniswap,2024-04,overlap_exposure,21,36,1.819118532668746,0.16525005581940277,1.6538684768493432,1.4359862195177149,1.4358581853967434,observed_standardization_no_causal_or_significance_claim
30m,exclude_primary_dominant_project,07_5000_10000,uniswap,2024-04,equal_project,21,36,1.962915635563303,0.07396926093775824,1.8889463746255448,1.4359862195177149,1.4358581853967434,observed_standardization_no_causal_or_significance_claim
30m,exclude_primary_dominant_project,07_5000_10000,uniswap,2024-05,overlap_exposure,22,37,1.810838382692911,0.1322007995616542,1.678637583131257,1.268898373323544,1.26875354699606,observed_standardization_no_causal_or_significance_claim
30m,exclude_primary_dominant_project,07_5000_10000,uniswap,2024-05,equal_project,22,37,2.1830813521669588,0.05554926249249768,2.127532089674461,1.268898373323544,1.26875354699606,observed_standardization_no_causal_or_significance_claim
30m,exclude_primary_dominant_project,07_5000_10000,uniswap,2024-06,overlap_exposure,21,37,1.552323630682225,0.13170138330285303,1.420622247379372,0.9473272544209564,0.9479688908582267,observed_standardization_no_causal_or_significance_claim
30m,exclude_primary_dominant_project,07_5000_10000,uniswap,2024-06,equal_project,21,37,1.072133279099354,0.05470562064716091,1.017427658452193,0.9473272544209564,0.9479688908582267,observed_standardization_no_causal_or_significance_claim
30m,exclude_primary_dominant_project,07_5000_10000,uniswap,2024-07,overlap_exposure,20,36,1.0129487211186412,0.1762313229196856,0.8367173981989556,0.5143298972367181,0.5138876987850319,observed_standardization_no_causal_or_significance_claim
30m,exclude_primary_dominant_project,07_5000_10000,uniswap,2024-07,equal_project,20,36,2.275823743020122,0.09116479039154735,2.1846589526285745,0.5143298972367181,0.5138876987850319,observed_standardization_no_causal_or_significance_claim
30m,exclude_primary_dominant_project,07_5000_10000,uniswap,2024-08,overlap_exposure,21,37,1.241729184889603,0.22931136040090622,1.0124178244886968,0.8161849504076129,0.8162835267236124,observed_standardization_no_causal_or_significance_claim
30m,exclude_primary_dominant_project,07_5000_10000,uniswap,2024-08,equal_project,21,37,1.3846205568458942,0.12393420680054552,1.2606863500453487,0.8161849504076129,0.8162835267236124,observed_standardization_no_causal_or_significance_claim
30m,exclude_primary_dominant_project,07_5000_10000,uniswap,2024-09,overlap_exposure,23,40,1.2481868777709273,0.28590553170814564,0.9622813460627816,0.9921188277851847,0.9915214810717147,observed_standardization_no_causal_or_significance_claim
30m,exclude_primary_dominant_project,07_5000_10000,uniswap,2024-09,equal_project,23,40,1.38899126830021,0.17213096883304677,1.2168602994671631,0.9921188277851847,0.9915214810717147,observed_standardization_no_causal_or_significance_claim
30m,exclude_primary_dominant_project,07_5000_10000,uniswap,2024-10,overlap_exposure,23,39,0.8644643046479978,0.06320680719597147,0.8012574974520265,0.5661236215126915,0.5660177430069677,observed_standardization_no_causal_or_significance_claim
30m,exclude_primary_dominant_project,07_5000_10000,uniswap,2024-10,equal_project,23,39,1.0087306336179502,0.038042748459216694,0.9706878851587334,0.5661236215126915,0.5660177430069677,observed_standardization_no_causal_or_significance_claim
30m,exclude_primary_dominant_project,07_5000_10000,uniswap,2024-11,overlap_exposure,24,40,0.6704248980487165,0.05344562737144453,0.6169792706772721,0.5057801756673771,0.5062874579262006,observed_standardization_no_causal_or_significance_claim
30m,exclude_primary_dominant_project,07_5000_10000,uniswap,2024-11,equal_project,24,40,3.469038932062838,0.07037202489136433,3.3986669071714735,0.5057801756673771,0.5062874579262006,observed_standardization_no_causal_or_significance_claim
30m,exclude_primary_dominant_project,07_5000_10000,uniswap,2024-12,overlap_exposure,25,42,0.5739605668947195,0.07354854086234057,0.5004120260323789,0.42625356253151103,0.4262312219930498,observed_standardization_no_causal_or_significance_claim
30m,exclude_primary_dominant_project,07_5000_10000,uniswap,2024-12,equal_project,25,42,1.1489797314336891,0.021193167205301306,1.127786564228388,0.42625356253151103,0.4262312219930498,observed_standardization_no_causal_or_significance_claim
30m,exclude_primary_dominant_project,07_5000_10000,uniswap,2025-01,overlap_exposure,25,41,0.8156528994767601,0.060711860717860194,0.7549410387589,0.5146635096226752,0.5146271246279388,observed_standardization_no_causal_or_significance_claim
30m,exclude_primary_dominant_project,07_5000_10000,uniswap,2025-01,equal_project,25,41,0.9872394099917421,0.06174521098483805,0.925494199006904,0.5146635096226752,0.5146271246279388,observed_standardization_no_causal_or_significance_claim
30m,exclude_primary_dominant_project,07_5000_10000,uniswap,2025-02,overlap_exposure,24,40,0.54896257061823,0.24000723152732542,0.30895533909090456,0.08494211429448938,0.08480931397549714,observed_standardization_no_causal_or_significance_claim
30m,exclude_primary_dominant_project,07_5000_10000,uniswap,2025-02,equal_project,24,40,0.9426053011562096,0.16350390374959628,0.7791013974066132,0.08494211429448938,0.08480931397549714,observed_standardization_no_causal_or_significance_claim
30m,exclude_primary_dominant_project,07_5000_10000,uniswap,2025-03,overlap_exposure,25,42,0.5660470147885611,0.20191316039316343,0.36413385439539764,0.24392158705060984,0.24408847915950385,observed_standardization_no_causal_or_significance_claim
30m,exclude_primary_dominant_project,07_5000_10000,uniswap,2025-03,equal_project,25,42,1.308865477881686,0.219930718796296,1.08893475908539,0.24392158705060984,0.24408847915950385,observed_standardization_no_causal_or_significance_claim
30m,exclude_primary_dominant_project,07_5000_10000,uniswap,2025-04,overlap_exposure,24,41,0.6581757103196052,0.2475120292721586,0.41066368104744655,0.2662195651662269,0.2685908450814621,observed_standardization_no_causal_or_significance_claim
30m,exclude_primary_dominant_project,07_5000_10000,uniswap,2025-04,equal_project,24,41,0.8240011254221509,0.14449854734997178,0.6795025780721791,0.2662195651662269,0.2685908450814621,observed_standardization_no_causal_or_significance_claim
30m,exclude_primary_dominant_project,07_5000_10000,uniswap,2025-05,overlap_exposure,25,42,0.8060375392938736,0.15511054936197688,0.6509269899318967,0.43610069959189657,0.43320047030152004,observed_standardization_no_causal_or_significance_claim
30m,exclude_primary_dominant_project,07_5000_10000,uniswap,2025-05,equal_project,25,42,0.8705092952902875,0.10906576611832731,0.7614435291719602,0.43610069959189657,0.43320047030152004,observed_standardization_no_causal_or_significance_claim
30m,exclude_primary_dominant_project,07_5000_10000,uniswap,2025-06,overlap_exposure,24,40,0.9804850238492335,0.1641491100756803,0.8163359137735533,0.5527259271585924,0.5585782029177297,observed_standardization_no_causal_or_significance_claim
30m,exclude_primary_dominant_project,07_5000_10000,uniswap,2025-06,equal_project,24,40,0.9279782947364507,0.10259341994067218,0.8253848747957785,0.5527259271585924,0.5585782029177297,observed_standardization_no_causal_or_significance_claim
30m,exclude_primary_dominant_project,07_5000_10000,uniswap,2025-07,overlap_exposure,26,43,1.1202626915613454,0.13154238697017762,0.9887203045911678,0.6679335658975132,0.6733153641614886,observed_standardization_no_causal_or_significance_claim
30m,exclude_primary_dominant_project,07_5000_10000,uniswap,2025-07,equal_project,26,43,1.4535886951782089,0.15685108933555864,1.2967376058426503,0.6679335658975132,0.6733153641614886,observed_standardization_no_causal_or_significance_claim
30m,exclude_primary_dominant_project,07_5000_10000,uniswap,2025-08,overlap_exposure,27,43,1.2012359033084719,0.11508274666565917,1.0861531566428126,0.710323549948989,0.7102104449819052,observed_standardization_no_causal_or_significance_claim
30m,exclude_primary_dominant_project,07_5000_10000,uniswap,2025-08,equal_project,27,43,0.9591985800930647,0.1434364202086682,0.8157621598843965,0.710323549948989,0.7102104449819052,observed_standardization_no_causal_or_significance_claim
30m,exclude_primary_dominant_project,07_5000_10000,uniswap,2025-09,overlap_exposure,27,43,0.7780632703673076,0.07751874820958198,0.7005445221577256,0.43369014409183865,0.4341939651414888,observed_standardization_no_causal_or_significance_claim
30m,exclude_primary_dominant_project,07_5000_10000,uniswap,2025-09,equal_project,27,43,0.65363554007434,0.09289995042239478,0.5607355896519453,0.43369014409183865,0.4341939651414888,observed_standardization_no_causal_or_significance_claim
30m,exclude_primary_dominant_project,07_5000_10000,uniswap,2025-10,overlap_exposure,25,40,0.5623771325721607,0.2023557293210964,0.3600214032510643,0.17043686549979517,0.1709706330047381,observed_standardization_no_causal_or_significance_claim
30m,exclude_primary_dominant_project,07_5000_10000,uniswap,2025-10,equal_project,25,40,0.615603352201474,0.18351726746656039,0.43208608473491356,0.17043686549979517,0.1709706330047381,observed_standardization_no_causal_or_significance_claim
30m,exclude_primary_dominant_project,07_5000_10000,uniswap,2025-11,overlap_exposure,25,41,0.5744921727770171,0.2033822832931063,0.3711098894839109,0.12569449406598537,0.1259470166079381,observed_standardization_no_causal_or_significance_claim
30m,exclude_primary_dominant_project,07_5000_10000,uniswap,2025-11,equal_project,25,41,0.39210211491143376,0.2038895407074689,0.18821257420396487,0.12569449406598537,0.1259470166079381,observed_standardization_no_causal_or_significance_claim
30m,exclude_primary_dominant_project,07_5000_10000,uniswap,2025-12,overlap_exposure,21,35,0.5687242373081958,0.3369575719352546,0.23176666537294122,-0.06695578827280958,-0.07958523530116421,observed_standardization_no_causal_or_significance_claim
30m,exclude_primary_dominant_project,07_5000_10000,uniswap,2025-12,equal_project,21,35,0.47715421861912527,0.21655026647628256,0.2606039521428427,-0.06695578827280958,-0.07958523530116421,observed_standardization_no_causal_or_significance_claim
30m,exclude_primary_dominant_project,07_5000_10000,uniswap,2026-01,overlap_exposure,25,40,0.5311453012499303,0.4013560994077091,0.12978920184222126,-0.13304383605669276,-0.13742203637750802,observed_standardization_no_causal_or_significance_claim
30m,exclude_primary_dominant_project,07_5000_10000,uniswap,2026-01,equal_project,25,40,0.53986735082098,0.3193595873342171,0.2205077634867629,-0.13304383605669276,-0.13742203637750802,observed_standardization_no_causal_or_significance_claim
30m,exclude_primary_dominant_project,07_5000_10000,uniswap,2026-02,overlap_exposure,26,42,0.4362627203243433,0.4536796394259218,-0.017416919101578485,-0.3163610769150461,-0.3166605176946736,observed_standardization_no_causal_or_significance_claim
30m,exclude_primary_dominant_project,07_5000_10000,uniswap,2026-02,equal_project,26,42,0.5311156448339817,0.4605947669531383,0.07052087788084341,-0.3163610769150461,-0.3166605176946736,observed_standardization_no_causal_or_significance_claim
30m,exclude_primary_dominant_project,07_5000_10000,uniswap,2026-03,overlap_exposure,24,40,0.5582864784573932,0.40283685835619226,0.1554496201012009,-0.11550640152192927,-0.11565147475567691,observed_standardization_no_causal_or_significance_claim
30m,exclude_primary_dominant_project,07_5000_10000,uniswap,2026-03,equal_project,24,40,1.6966192229271235,0.24785794701505942,1.4487612759120643,-0.11550640152192927,-0.11565147475567691,observed_standardization_no_causal_or_significance_claim
30m,exclude_primary_dominant_project,07_5000_10000,uniswap,2026-04,overlap_exposure,21,36,0.7405274403136796,0.6462882650526264,0.09423917526105319,0.0834574584398293,0.09942970798895472,observed_standardization_no_causal_or_significance_claim
30m,exclude_primary_dominant_project,07_5000_10000,uniswap,2026-04,equal_project,21,36,1.3138733978981367,0.2645571362256435,1.0493162616724934,0.0834574584398293,0.09942970798895472,observed_standardization_no_causal_or_significance_claim
30m,exclude_primary_dominant_project,07_5000_10000,uniswap,2026-05,overlap_exposure,20,34,0.734352410591641,0.42335133825853266,0.3110010723331084,0.21314458667966865,0.22089362836760434,observed_standardization_no_causal_or_significance_claim
30m,exclude_primary_dominant_project,07_5000_10000,uniswap,2026-05,equal_project,20,34,2.6534775195679936,0.224507450964499,2.428970068603495,0.21314458667966865,0.22089362836760434,observed_standardization_no_causal_or_significance_claim
30m,exclude_primary_dominant_project,07_5000_10000,uniswap,2026-06,overlap_exposure,22,36,0.8874725644941959,0.2472048829621579,0.6402676815320381,0.386585456907117,0.3910044760528768,observed_standardization_no_causal_or_significance_claim
30m,exclude_primary_dominant_project,07_5000_10000,uniswap,2026-06,equal_project,22,36,2.39164336769105,0.15883172545309046,2.232811642237959,0.386585456907117,0.3910044760528768,observed_standardization_no_causal_or_significance_claim
30m,exclude_primary_dominant_project,08_10000_25000,uniswap,2024-01,overlap_exposure,23,36,2.3105786000894737,0.05346234682841929,2.2571162532610543,1.409596639956536,1.410690027525452,observed_standardization_no_causal_or_significance_claim
30m,exclude_primary_dominant_project,08_10000_25000,uniswap,2024-01,equal_project,23,36,2.079979266253395,0.025281203623732887,2.0546980626296625,1.409596639956536,1.410690027525452,observed_standardization_no_causal_or_significance_claim
30m,exclude_primary_dominant_project,08_10000_25000,uniswap,2024-02,overlap_exposure,22,35,2.0518742039160967,0.05726209872439785,1.994612105191699,1.5947135156155912,1.5950935827854513,observed_standardization_no_causal_or_significance_claim
30m,exclude_primary_dominant_project,08_10000_25000,uniswap,2024-02,equal_project,22,35,1.6533315026710114,0.02024590122929059,1.6330856014417208,1.5947135156155912,1.5950935827854513,observed_standardization_no_causal_or_significance_claim
30m,exclude_primary_dominant_project,08_10000_25000,uniswap,2024-03,overlap_exposure,20,35,2.3691678147251443,0.11510539741386887,2.254062417311275,1.6244177404409488,1.6254545862533256,observed_standardization_no_causal_or_significance_claim
30m,exclude_primary_dominant_project,08_10000_25000,uniswap,2024-03,equal_project,20,35,2.253570741868261,0.036348152460468436,2.2172225894077924,1.6244177404409488,1.6254545862533256,observed_standardization_no_causal_or_significance_claim
30m,exclude_primary_dominant_project,08_10000_25000,uniswap,2024-04,overlap_exposure,20,35,2.3193907015503337,0.17974765930861414,2.1396430422417194,1.3073800969774234,1.3073042719150385,observed_standardization_no_causal_or_significance_claim
30m,exclude_primary_dominant_project,08_10000_25000,uniswap,2024-04,equal_project,20,35,1.7715656424013313,0.07766772398464614,1.6938979184166851,1.3073800969774234,1.3073042719150385,observed_standardization_no_causal_or_significance_claim
30m,exclude_primary_dominant_project,08_10000_25000,uniswap,2024-05,overlap_exposure,23,37,2.423586338004364,0.11425880876380005,2.309327529240564,1.554588083811531,1.5569692003459012,observed_standardization_no_causal_or_significance_claim
30m,exclude_primary_dominant_project,08_10000_25000,uniswap,2024-05,equal_project,23,37,1.9069747537164954,0.05076562636555517,1.8562091273509402,1.554588083811531,1.5569692003459012,observed_standardization_no_causal_or_significance_claim
30m,exclude_primary_dominant_project,08_10000_25000,uniswap,2024-06,overlap_exposure,20,36,1.5349915522840671,0.09777550387454038,1.4372160484095267,0.9819532195535567,0.9824251004741235,observed_standardization_no_causal_or_significance_claim
30m,exclude_primary_dominant_project,08_10000_25000,uniswap,2024-06,equal_project,20,36,1.0649412685423834,0.05744090167951896,1.0075003668628644,0.9819532195535567,0.9824251004741235,observed_standardization_no_causal_or_significance_claim
30m,exclude_primary_dominant_project,08_10000_25000,uniswap,2024-07,overlap_exposure,21,37,1.1617943907015909,0.13685803109815933,1.0249363596034318,0.6736036165657613,0.6733807719097613,observed_standardization_no_causal_or_significance_claim
30m,exclude_primary_dominant_project,08_10000_25000,uniswap,2024-07,equal_project,21,37,1.243168183931957,0.08682360989671177,1.1563445740352454,0.6736036165657613,0.6733807719097613,observed_standardization_no_causal_or_significance_claim
30m,exclude_primary_dominant_project,08_10000_25000,uniswap,2024-08,overlap_exposure,20,36,1.4467167790653315,0.1853520824138025,1.261364696651529,0.8777415976676268,0.877276987931696,observed_standardization_no_causal_or_significance_claim
30m,exclude_primary_dominant_project,08_10000_25000,uniswap,2024-08,equal_project,20,36,1.252985682233616,0.13013091714057282,1.1228547650930432,0.8777415976676268,0.877276987931696,observed_standardization_no_causal_or_significance_claim
30m,exclude_primary_dominant_project,08_10000_25000,uniswap,2024-09,overlap_exposure,22,39,0.9370757978216573,0.2813718916594746,0.6557039061621827,0.4296998494336861,0.4860959556404126,observed_standardization_no_causal_or_significance_claim
30m,exclude_primary_dominant_project,08_10000_25000,uniswap,2024-09,equal_project,22,39,0.6942384314524289,0.11534781945964795,0.5788906119927809,0.4296998494336861,0.4860959556404126,observed_standardization_no_causal_or_significance_claim
30m,exclude_primary_dominant_project,08_10000_25000,uniswap,2024-10,overlap_exposure,22,38,0.8446138640466626,0.05030410313915165,0.7943097609075109,0.5956132249358705,0.5952687357300018,observed_standardization_no_causal_or_significance_claim
30m,exclude_primary_dominant_project,08_10000_25000,uniswap,2024-10,equal_project,22,38,1.137682896086819,0.03718980871479092,1.1004930873720282,0.5956132249358705,0.5952687357300018,observed_standardization_no_causal_or_significance_claim
30m,exclude_primary_dominant_project,08_10000_25000,uniswap,2024-11,overlap_exposure,24,39,0.7308360142095176,0.036470227558615766,0.6943657866509018,0.5655546897193074,0.5649819865268938,observed_standardization_no_causal_or_significance_claim
30m,exclude_primary_dominant_project,08_10000_25000,uniswap,2024-11,equal_project,24,39,1.0395227066066544,0.07023117823393722,0.969291528372717,0.5655546897193074,0.5649819865268938,observed_standardization_no_causal_or_significance_claim
30m,exclude_primary_dominant_project,08_10000_25000,uniswap,2024-12,overlap_exposure,25,42,0.5082468456534482,0.0588197639252752,0.4494270817281731,0.3449309406260074,0.3449178829546247,observed_standardization_no_causal_or_significance_claim
30m,exclude_primary_dominant_project,08_10000_25000,uniswap,2024-12,equal_project,25,42,1.5145154188652847,0.021193167205301306,1.4933222516599836,0.3449309406260074,0.3449178829546247,observed_standardization_no_causal_or_significance_claim
30m,exclude_primary_dominant_project,08_10000_25000,uniswap,2025-01,overlap_exposure,24,39,0.5932270080099777,0.04011233689225419,0.5531146711177236,0.3267171298906439,0.3235357319882397,observed_standardization_no_causal_or_significance_claim
30m,exclude_primary_dominant_project,08_10000_25000,uniswap,2025-01,equal_project,24,39,1.4493063781253714,0.06526478272200968,1.3840415954033618,0.3267171298906439,0.3235357319882397,observed_standardization_no_causal_or_significance_claim
30m,exclude_primary_dominant_project,08_10000_25000,uniswap,2025-02,overlap_exposure,24,40,0.5549035324433618,0.19915032240518585,0.35575321003817595,0.18173811724042968,0.18161688004250912,observed_standardization_no_causal_or_significance_claim
30m,exclude_primary_dominant_project,08_10000_25000,uniswap,2025-02,equal_project,24,40,1.7529196241873186,0.16350390374959628,1.5894157204377222,0.18173811724042968,0.18161688004250912,observed_standardization_no_causal_or_significance_claim
30m,exclude_primary_dominant_project,08_10000_25000,uniswap,2025-03,overlap_exposure,26,43,0.6361916764178095,0.16296631101948067,0.4732253653983288,0.30104834468545444,0.3007982188972012,observed_standardization_no_causal_or_significance_claim
30m,exclude_primary_dominant_project,08_10000_25000,uniswap,2025-03,equal_project,26,43,0.8766885333370025,0.28140191492650846,0.5952866184104941,0.30104834468545444,0.3007982188972012,observed_standardization_no_causal_or_significance_claim
30m,exclude_primary_dominant_project,08_10000_25000,uniswap,2025-04,overlap_exposure,25,41,0.847661223006305,0.20982598645639008,0.6378352365499149,0.43968408979966994,0.4432693786404136,observed_standardization_no_causal_or_significance_claim
30m,exclude_primary_dominant_project,08_10000_25000,uniswap,2025-04,equal_project,25,41,1.019706431458712,0.1324357639888734,0.8872706674698386,0.43968408979966994,0.4432693786404136,observed_standardization_no_causal_or_significance_claim
30m,exclude_primary_dominant_project,08_10000_25000,uniswap,2025-05,overlap_exposure,25,41,0.9690336615266989,0.14322795024496499,0.825805711281734,0.5905659623041802,0.5834228616590678,observed_standardization_no_causal_or_significance_claim
30m,exclude_primary_dominant_project,08_10000_25000,uniswap,2025-05,equal_project,25,41,0.7038761715110184,0.09986195216325015,0.6040142193477683,0.5905659623041802,0.5834228616590678,observed_standardization_no_causal_or_significance_claim
30m,exclude_primary_dominant_project,08_10000_25000,uniswap,2025-06,overlap_exposure,22,37,1.153732545731632,0.14485827356094289,1.0088742721706891,0.6477861496601648,0.667835585419682,observed_standardization_no_causal_or_significance_claim
30m,exclude_primary_dominant_project,08_10000_25000,uniswap,2025-06,equal_project,22,37,1.440776725673376,0.09049667668907993,1.350280048984296,0.6477861496601648,0.667835585419682,observed_standardization_no_causal_or_significance_claim
30m,exclude_primary_dominant_project,08_10000_25000,uniswap,2025-07,overlap_exposure,25,42,1.091903522689081,0.12424113252298558,0.9676623901660953,0.5921078571168785,0.6050712521320655,observed_standardization_no_causal_or_significance_claim
30m,exclude_primary_dominant_project,08_10000_25000,uniswap,2025-07,equal_project,25,42,1.117428326818562,0.159156878940727,0.9582714478778351,0.5921078571168785,0.6050712521320655,observed_standardization_no_causal_or_significance_claim
30m,exclude_primary_dominant_project,08_10000_25000,uniswap,2025-08,overlap_exposure,26,42,1.1051232928106693,0.09753921356156613,1.007584079249103,0.522394137430119,0.5223550730637407,observed_standardization_no_causal_or_significance_claim
30m,exclude_primary_dominant_project,08_10000_25000,uniswap,2025-08,equal_project,26,42,0.816779917273587,0.14895320560130929,0.6678267116722778,0.522394137430119,0.5223550730637407,observed_standardization_no_causal_or_significance_claim
30m,exclude_primary_dominant_project,08_10000_25000,uniswap,2025-09,overlap_exposure,26,41,0.7870520193669714,0.06275230368259045,0.724299715684381,0.349697720863436,0.3500521887772609,observed_standardization_no_causal_or_significance_claim
30m,exclude_primary_dominant_project,08_10000_25000,uniswap,2025-09,equal_project,26,41,0.4575561311769616,0.0969103037021213,0.36064582747484025,0.349697720863436,0.3500521887772609,observed_standardization_no_causal_or_significance_claim
30m,exclude_primary_dominant_project,08_10000_25000,uniswap,2025-10,overlap_exposure,26,41,0.6372731154786734,0.126860262484726,0.5104128529939473,0.20851313429925525,0.20904851602191266,observed_standardization_no_causal_or_significance_claim
30m,exclude_primary_dominant_project,08_10000_25000,uniswap,2025-10,equal_project,26,41,0.6793668991158992,0.17645891102553884,0.5029079880903603,0.20851313429925525,0.20904851602191266,observed_standardization_no_causal_or_significance_claim
30m,exclude_primary_dominant_project,08_10000_25000,uniswap,2025-11,overlap_exposure,23,35,0.6601592438798933,0.15234207615264944,0.5078171677272438,0.14078009844112568,0.12079324462413882,observed_standardization_no_causal_or_significance_claim
30m,exclude_primary_dominant_project,08_10000_25000,uniswap,2025-11,equal_project,23,35,1.0058064010884529,0.19888243253231974,0.8069239685561332,0.14078009844112568,0.12079324462413882,observed_standardization_no_causal_or_significance_claim
30m,exclude_primary_dominant_project,08_10000_25000,uniswap,2025-12,overlap_exposure,21,35,0.6349487433679004,0.29078926968628116,0.34415947368161925,-0.04310166233208179,-0.07992866010889249,observed_standardization_no_causal_or_significance_claim
30m,exclude_primary_dominant_project,08_10000_25000,uniswap,2025-12,equal_project,21,35,0.29597380237606197,0.21327314812271703,0.08270065425334495,-0.04310166233208179,-0.07992866010889249,observed_standardization_no_causal_or_significance_claim
30m,exclude_primary_dominant_project,08_10000_25000,uniswap,2026-01,overlap_exposure,21,34,0.49245877088637013,0.3264189141575906,0.16603985672877952,-0.17216299508204044,-0.2010487406315812,observed_standardization_no_causal_or_significance_claim
30m,exclude_primary_dominant_project,08_10000_25000,uniswap,2026-01,equal_project,21,34,0.38026548557999484,0.37922310386676517,0.0010423817132296578,-0.17216299508204044,-0.2010487406315812,observed_standardization_no_causal_or_significance_claim
30m,exclude_primary_dominant_project,08_10000_25000,uniswap,2026-02,overlap_exposure,22,38,0.2627462321500805,0.27098811763628516,-0.00824188548620465,-0.4540649654978326,-0.45914606018886606,observed_standardization_no_causal_or_significance_claim
30m,exclude_primary_dominant_project,08_10000_25000,uniswap,2026-02,equal_project,22,38,0.8653922248190812,0.303230652392537,0.5621615724265441,-0.4540649654978326,-0.45914606018886606,observed_standardization_no_causal_or_significance_claim
30m,exclude_primary_dominant_project,08_10000_25000,uniswap,2026-03,overlap_exposure,21,36,0.4358577689980348,0.27756591677300935,0.15829185222502543,-0.24050374878353478,-0.2769405057867114,observed_standardization_no_causal_or_significance_claim
30m,exclude_primary_dominant_project,08_10000_25000,uniswap,2026-03,equal_project,21,36,0.28137554920632785,0.28171169842504107,-0.00033614921871320987,-0.24050374878353478,-0.2769405057867114,observed_standardization_no_causal_or_significance_claim
30m,exclude_primary_dominant_project,08_10000_25000,uniswap,2026-04,overlap_exposure,22,36,0.6876925473171582,0.5506798978167059,0.13701264950045236,-0.007466050779363249,0.007248472832728069,observed_standardization_no_causal_or_significance_claim
30m,exclude_primary_dominant_project,08_10000_25000,uniswap,2026-04,equal_project,22,36,0.5594608443998266,0.2564856386595964,0.30297520574023024,-0.007466050779363249,0.007248472832728069,observed_standardization_no_causal_or_significance_claim
30m,exclude_primary_dominant_project,08_10000_25000,uniswap,2026-05,overlap_exposure,21,35,0.7281944445712639,0.3945400810370251,0.33365436353423883,0.1700457701916471,0.18077196280736585,observed_standardization_no_causal_or_significance_claim
30m,exclude_primary_dominant_project,08_10000_25000,uniswap,2026-05,equal_project,21,35,0.3629035882388029,0.2611987569005653,0.1017048313382376,0.1700457701916471,0.18077196280736585,observed_standardization_no_causal_or_significance_claim
30m,exclude_primary_dominant_project,08_10000_25000,uniswap,2026-06,overlap_exposure,20,33,0.6582331920793749,0.22171364098988108,0.43651955108949386,0.1584115685737383,0.15013936774177275,observed_standardization_no_causal_or_significance_claim
30m,exclude_primary_dominant_project,08_10000_25000,uniswap,2026-06,equal_project,20,33,0.2397097807013371,0.16960487516043074,0.07010490554090637,0.1584115685737383,0.15013936774177275,observed_standardization_no_causal_or_significance_claim
30m,exclude_primary_dominant_project,09_25000_50000,uniswap,2024-01,overlap_exposure,23,36,2.435146898102425,0.0356214185538275,2.3995254795485974,1.7258043139253565,1.7268977014942721,observed_standardization_no_causal_or_significance_claim
30m,exclude_primary_dominant_project,09_25000_50000,uniswap,2024-01,equal_project,23,36,1.7726195662483986,0.025281203623732887,1.7473383626246657,1.7258043139253565,1.7268977014942721,observed_standardization_no_causal_or_significance_claim
30m,exclude_primary_dominant_project,09_25000_50000,uniswap,2024-02,overlap_exposure,21,34,2.8984899047960666,0.05127561432393652,2.84721429047213,2.5730574956968595,2.5732993666113275,observed_standardization_no_causal_or_significance_claim
30m,exclude_primary_dominant_project,09_25000_50000,uniswap,2024-02,equal_project,21,34,3.331557765549162,0.02120999176401871,3.310347773785143,2.5730574956968595,2.5732993666113275,observed_standardization_no_causal_or_significance_claim
30m,exclude_primary_dominant_project,09_25000_50000,uniswap,2024-03,overlap_exposure,20,35,2.9382399082948867,0.10902893304898008,2.8292109752459065,2.140340613420056,2.1402630951271666,observed_standardization_no_causal_or_significance_claim
30m,exclude_primary_dominant_project,09_25000_50000,uniswap,2024-03,equal_project,20,35,1.5590838903376114,0.036348152460468436,1.522735737877143,2.140340613420056,2.1402630951271666,observed_standardization_no_causal_or_significance_claim
30m,exclude_primary_dominant_project,09_25000_50000,uniswap,2024-04,overlap_exposure,20,34,2.414652236874863,0.20940526986602503,2.205246967008838,1.791356409912757,1.791179738442535,observed_standardization_no_causal_or_significance_claim
30m,exclude_primary_dominant_project,09_25000_50000,uniswap,2024-04,equal_project,20,34,1.7322057339295835,0.0783390451446891,1.6538666887848945,1.791356409912757,1.791179738442535,observed_standardization_no_causal_or_significance_claim
30m,exclude_primary_dominant_project,09_25000_50000,uniswap,2024-05,overlap_exposure,20,35,3.2487719143487657,0.0973520607855193,3.151419853563246,2.4706196138768783,2.4702773983519952,observed_standardization_no_causal_or_significance_claim
30m,exclude_primary_dominant_project,09_25000_50000,uniswap,2024-05,equal_project,20,35,2.4069269225905616,0.06110418874174746,2.345822733848814,2.4706196138768783,2.4702773983519952,observed_standardization_no_causal_or_significance_claim
30m,exclude_primary_dominant_project,09_25000_50000,uniswap,2024-06,overlap_exposure,20,36,2.3259920000518592,0.06650602517182383,2.2594859748800356,2.048270162094042,2.0486905699514155,observed_standardization_no_causal_or_significance_claim
30m,exclude_primary_dominant_project,09_25000_50000,uniswap,2024-06,equal_project,20,36,1.0407658787855758,0.05744090167951896,0.9833249771060568,2.048270162094042,2.0486905699514155,observed_standardization_no_causal_or_significance_claim
30m,exclude_primary_dominant_project,09_25000_50000,uniswap,2024-07,overlap_exposure,18,33,1.5685652328231052,0.11338292175587185,1.4551823110672333,1.1240004705528748,1.1232537902742739,observed_standardization_no_causal_or_significance_claim
30m,exclude_primary_dominant_project,09_25000_50000,uniswap,2024-07,equal_project,18,33,1.1774432004140918,0.09080629539398777,1.0866369050201041,1.1240004705528748,1.1232537902742739,observed_standardization_no_causal_or_significance_claim
30m,exclude_primary_dominant_project,09_25000_50000,uniswap,2024-08,overlap_exposure,20,35,1.9772350725407977,0.14554113074013716,1.8316939418006606,1.24032485864546,1.2393262733806203,observed_standardization_no_causal_or_significance_claim
30m,exclude_primary_dominant_project,09_25000_50000,uniswap,2024-08,equal_project,20,35,0.9886148906002933,0.11448692166120487,0.8741279689390884,1.24032485864546,1.2393262733806203,observed_standardization_no_causal_or_significance_claim
30m,exclude_primary_dominant_project,09_25000_50000,uniswap,2024-09,overlap_exposure,21,36,1.0948532727248244,0.27266759880337316,0.8221856739214513,0.5460347312120538,0.5392780934125502,observed_standardization_no_causal_or_significance_claim
30m,exclude_primary_dominant_project,09_25000_50000,uniswap,2024-09,equal_project,21,36,0.9078756292428266,0.18348960019485602,0.7243860290479706,0.5460347312120538,0.5392780934125502,observed_standardization_no_causal_or_significance_claim
30m,exclude_primary_dominant_project,09_25000_50000,uniswap,2024-10,overlap_exposure,22,36,0.7015376088549243,0.05052394947111118,0.6510136593838132,0.48576151996165245,0.4802655136239458,observed_standardization_no_causal_or_significance_claim
30m,exclude_primary_dominant_project,09_25000_50000,uniswap,2024-10,equal_project,22,36,1.5706977023196813,0.03743742295161908,1.5332602793680623,0.48576151996165245,0.4802655136239458,observed_standardization_no_causal_or_significance_claim
30m,exclude_primary_dominant_project,09_25000_50000,uniswap,2024-11,overlap_exposure,23,39,0.9354931825727788,0.02342043303233403,0.9120727495404448,0.7681975911648025,0.7803969370878039,observed_standardization_no_causal_or_significance_claim
30m,exclude_primary_dominant_project,09_25000_50000,uniswap,2024-11,equal_project,23,39,1.0623787823877093,0.022875560857318494,1.0395032215303908,0.7681975911648025,0.7803969370878039,observed_standardization_no_causal_or_significance_claim
30m,exclude_primary_dominant_project,09_25000_50000,uniswap,2024-12,overlap_exposure,23,39,0.529727454997951,0.04944905144375632,0.4802784035541947,0.40524727807831756,0.40505290236344127,observed_standardization_no_causal_or_significance_claim
30m,exclude_primary_dominant_project,09_25000_50000,uniswap,2024-12,equal_project,23,39,0.749986077903722,0.02303605131011012,0.7269500265936119,0.40524727807831756,0.40505290236344127,observed_standardization_no_causal_or_significance_claim
30m,exclude_primary_dominant_project,09_25000_50000,uniswap,2025-01,overlap_exposure,22,36,0.5969868777600612,0.027881872433130964,0.5691050053269303,0.35734028520133554,0.3532377775193076,observed_standardization_no_causal_or_significance_claim
30m,exclude_primary_dominant_project,09_25000_50000,uniswap,2025-01,equal_project,22,36,0.4415750243750332,0.06265106497880539,0.3789239593962278,0.35734028520133554,0.3532377775193076,observed_standardization_no_causal_or_significance_claim
30m,exclude_primary_dominant_project,09_25000_50000,uniswap,2025-02,overlap_exposure,22,37,0.6734104848501237,0.14634671681078448,0.5270637680393392,0.22785856055415735,0.21954188843051384,observed_standardization_no_causal_or_significance_claim
30m,exclude_primary_dominant_project,09_25000_50000,uniswap,2025-02,equal_project,22,37,1.3128815347808525,0.16410391630043444,1.1487776184804182,0.22785856055415735,0.21954188843051384,observed_standardization_no_causal_or_significance_claim
30m,exclude_primary_dominant_project,09_25000_50000,uniswap,2025-03,overlap_exposure,22,36,0.76045697571445,0.12737439170777679,0.6330825840066733,0.29643956154478385,0.27664257089525435,observed_standardization_no_causal_or_significance_claim
30m,exclude_primary_dominant_project,09_25000_50000,uniswap,2025-03,equal_project,22,36,0.844246905746253,0.1688478529148925,0.6753990528313606,0.29643956154478385,0.27664257089525435,observed_standardization_no_causal_or_significance_claim
30m,exclude_primary_dominant_project,09_25000_50000,uniswap,2025-04,overlap_exposure,21,34,1.1542983305841943,0.1514996742893734,1.002798656294821,0.5359441705920938,0.5161849018920058,observed_standardization_no_causal_or_significance_claim
30m,exclude_primary_dominant_project,09_25000_50000,uniswap,2025-04,equal_project,21,34,0.8278730928660069,0.1283777208516456,0.6994953720143613,0.5359441705920938,0.5161849018920058,observed_standardization_no_causal_or_significance_claim
30m,exclude_primary_dominant_project,09_25000_50000,uniswap,2025-05,overlap_exposure,21,36,1.2842237526666493,0.10172202823340575,1.1825017244332436,0.7582692691718829,0.7502209502920422,observed_standardization_no_causal_or_significance_claim
30m,exclude_primary_dominant_project,09_25000_50000,uniswap,2025-05,equal_project,21,36,1.0688367995736014,0.09214754298182787,0.9766892565917735,0.7582692691718829,0.7502209502920422,observed_standardization_no_causal_or_significance_claim
30m,exclude_primary_dominant_project,09_25000_50000,uniswap,2025-06,overlap_exposure,20,32,1.7060579338301858,0.09940531332976452,1.6066526205004212,0.9327873280947623,0.9683412451513069,observed_standardization_no_causal_or_significance_claim
30m,exclude_primary_dominant_project,09_25000_50000,uniswap,2025-06,equal_project,20,32,1.0754789515613186,0.09608103804388153,0.9793979135174371,0.9327873280947623,0.9683412451513069,observed_standardization_no_causal_or_significance_claim
30m,exclude_primary_dominant_project,09_25000_50000,uniswap,2025-07,overlap_exposure,22,36,1.4798765902012614,0.09266835521360477,1.3872082349876567,0.6849523502483589,0.7207412135994713,observed_standardization_no_causal_or_significance_claim
30m,exclude_primary_dominant_project,09_25000_50000,uniswap,2025-07,equal_project,22,36,0.7185123177256612,0.15580381763398848,0.5627085000916726,0.6849523502483589,0.7207412135994713,observed_standardization_no_causal_or_significance_claim
30m,exclude_primary_dominant_project,09_25000_50000,uniswap,2025-08,overlap_exposure,25,40,1.146285574139111,0.07187028866211818,1.0744152854769926,0.5495733188489892,0.5584625263366852,observed_standardization_no_causal_or_significance_claim
30m,exclude_primary_dominant_project,09_25000_50000,uniswap,2025-08,equal_project,25,40,0.3419452253299065,0.13146120324701188,0.21048402208289466,0.5495733188489892,0.5584625263366852,observed_standardization_no_causal_or_significance_claim
30m,exclude_primary_dominant_project,09_25000_50000,uniswap,2025-09,overlap_exposure,25,37,0.9512562363506285,0.050538202963544686,0.9007180333870837,0.47879341421021615,0.4971606090087472,observed_standardization_no_causal_or_significance_claim
30m,exclude_primary_dominant_project,09_25000_50000,uniswap,2025-09,equal_project,25,37,1.1011595454958176,0.09279547461942349,1.0083640708763941,0.47879341421021615,0.4971606090087472,observed_standardization_no_causal_or_significance_claim
30m,exclude_primary_dominant_project,09_25000_50000,uniswap,2025-10,overlap_exposure,21,36,0.636597163395653,0.07516080282273119,0.5614363605729218,0.19893722427052782,0.2008465982862189,observed_standardization_no_causal_or_significance_claim
30m,exclude_primary_dominant_project,09_25000_50000,uniswap,2025-10,equal_project,21,36,0.7186769501873423,0.09384570362907803,0.6248312465582643,0.19893722427052782,0.2008465982862189,observed_standardization_no_causal_or_significance_claim
30m,exclude_primary_dominant_project,09_25000_50000,uniswap,2025-11,overlap_exposure,20,33,0.5233810131792188,0.1165368268844279,0.40684418629479085,0.041876469814467604,0.014970127018412629,observed_standardization_no_causal_or_significance_claim
30m,exclude_primary_dominant_project,09_25000_50000,uniswap,2025-11,equal_project,20,33,0.3062872841438622,0.26626731012479354,0.04001997401906865,0.041876469814467604,0.014970127018412629,observed_standardization_no_causal_or_significance_claim
30m,exclude_primary_dominant_project,09_25000_50000,uniswap,2025-12,overlap_exposure,19,30,0.5019842693650048,0.20118400713872425,0.30080026222628053,-0.12634096673967837,-0.17588714738486744,observed_standardization_no_causal_or_significance_claim
30m,exclude_primary_dominant_project,09_25000_50000,uniswap,2025-12,equal_project,19,30,0.2822282760054159,0.24219681397269682,0.04003146203271904,-0.12634096673967837,-0.17588714738486744,observed_standardization_no_causal_or_significance_claim
30m,exclude_primary_dominant_project,09_25000_50000,uniswap,2026-01,overlap_exposure,20,31,0.49718092304677974,0.27661524678294913,0.2205656762638306,-0.1589130093374398,-0.21110468997617488,observed_standardization_no_causal_or_significance_claim
30m,exclude_primary_dominant_project,09_25000_50000,uniswap,2026-01,equal_project,20,31,0.2839845211286155,0.40130489530214725,-0.11732037417353175,-0.1589130093374398,-0.21110468997617488,observed_standardization_no_causal_or_significance_claim
30m,exclude_primary_dominant_project,09_25000_50000,uniswap,2026-02,overlap_exposure,20,34,0.34516023610801017,0.2079689553632701,0.13719128074474005,-0.35913691613920334,-0.37439336337567103,observed_standardization_no_causal_or_significance_claim
30m,exclude_primary_dominant_project,09_25000_50000,uniswap,2026-02,equal_project,20,34,5.562796146607409,0.3222503338487897,5.2405458127586195,-0.35913691613920334,-0.37439336337567103,observed_standardization_no_causal_or_significance_claim
30m,exclude_primary_dominant_project,09_25000_50000,uniswap,2026-03,overlap_exposure,19,33,0.43641524260257275,0.1984833168092869,0.23793192579328581,-0.2147335450898586,-0.26199500217835126,observed_standardization_no_causal_or_significance_claim
30m,exclude_primary_dominant_project,09_25000_50000,uniswap,2026-03,equal_project,19,33,0.30359789591599873,0.28143976147581956,0.02215813444017916,-0.2147335450898586,-0.26199500217835126,observed_standardization_no_causal_or_significance_claim
30m,exclude_primary_dominant_project,09_25000_50000,uniswap,2026-04,overlap_exposure,18,32,0.6180207110245689,0.4524968510167801,0.16552386000778882,-0.04031710703859001,-0.03617196250802575,observed_standardization_no_causal_or_significance_claim
30m,exclude_primary_dominant_project,09_25000_50000,uniswap,2026-04,equal_project,18,32,0.5630841212367541,0.27229199341371835,0.2907921278230358,-0.04031710703859001,-0.03617196250802575,observed_standardization_no_causal_or_significance_claim
30m,exclude_primary_dominant_project,09_25000_50000,uniswap,2026-05,overlap_exposure,16,28,0.4254365852436606,0.39522774049913234,0.030208844744528292,-0.07864157211586909,-0.10272338151394575,observed_standardization_no_causal_or_significance_claim
30m,exclude_primary_dominant_project,09_25000_50000,uniswap,2026-05,equal_project,16,28,0.3158315713811052,0.2760829057849483,0.039748665596156876,-0.07864157211586909,-0.10272338151394575,observed_standardization_no_causal_or_significance_claim
30m,exclude_primary_dominant_project,09_25000_50000,uniswap,2026-06,overlap_exposure,16,29,0.4541523892252911,0.17771679031911247,0.2764355989061786,0.026728388145326985,0.005633584936750842,observed_standardization_no_causal_or_significance_claim
30m,exclude_primary_dominant_project,09_25000_50000,uniswap,2026-06,equal_project,16,29,0.11264823129540323,0.190431518774012,-0.07778328747860876,0.026728388145326985,0.005633584936750842,observed_standardization_no_causal_or_significance_claim
30m,exclude_primary_dominant_project,10_50000_100000,uniswap,2024-01,overlap_exposure,20,32,2.5444054015755007,0.03232270674236688,2.5120826948331336,2.106012146308188,2.1081544728984856,observed_standardization_no_causal_or_significance_claim
30m,exclude_primary_dominant_project,10_50000_100000,uniswap,2024-01,equal_project,20,32,1.971958612675772,0.02703741157361381,1.944921201102158,2.106012146308188,2.1081544728984856,observed_standardization_no_causal_or_significance_claim
30m,exclude_primary_dominant_project,10_50000_100000,uniswap,2024-02,overlap_exposure,19,31,2.1606975735415532,0.04348411757919246,2.1172134559623608,1.8681811679367166,1.8728636315675327,observed_standardization_no_causal_or_significance_claim
30m,exclude_primary_dominant_project,10_50000_100000,uniswap,2024-02,equal_project,19,31,3.987812542963217,0.017213239112707023,3.9705993038505096,1.8681811679367166,1.8728636315675327,observed_standardization_no_causal_or_significance_claim
30m,exclude_primary_dominant_project,10_50000_100000,uniswap,2024-03,overlap_exposure,20,34,2.644882026251434,0.10292588715597069,2.541956139095463,1.68885706440422,1.6887023517322175,observed_standardization_no_causal_or_significance_claim
30m,exclude_primary_dominant_project,10_50000_100000,uniswap,2024-03,equal_project,20,34,2.2157837170502015,0.03634815246046844,2.179435564589733,1.68885706440422,1.6887023517322175,observed_standardization_no_causal_or_significance_claim
30m,exclude_primary_dominant_project,10_50000_100000,uniswap,2024-04,overlap_exposure,21,34,2.9981786937027306,0.2511565375416059,2.7470221561611248,2.0242087684200696,2.023773771952008,observed_standardization_no_causal_or_significance_claim
30m,exclude_primary_dominant_project,10_50000_100000,uniswap,2024-04,equal_project,21,34,2.731408741472586,0.0779483409476215,2.6534604005249642,2.0242087684200696,2.023773771952008,observed_standardization_no_causal_or_significance_claim
30m,exclude_primary_dominant_project,10_50000_100000,uniswap,2024-05,overlap_exposure,19,33,3.720313641784058,0.07659372022594399,3.643719921558114,2.353193507832837,2.344032216530794,observed_standardization_no_causal_or_significance_claim
30m,exclude_primary_dominant_project,10_50000_100000,uniswap,2024-05,equal_project,19,33,2.527826187228983,0.062242269375900626,2.4655839178530825,2.353193507832837,2.344032216530794,observed_standardization_no_causal_or_significance_claim
30m,exclude_primary_dominant_project,10_50000_100000,uniswap,2024-06,overlap_exposure,18,34,2.4581296111781215,0.05883800272847229,2.399291608449649,2.022528672104001,2.021159367683771,observed_standardization_no_causal_or_significance_claim
30m,exclude_primary_dominant_project,10_50000_100000,uniswap,2024-06,equal_project,18,34,1.3563466695845228,0.060346656156217,1.2960000134283058,2.022528672104001,2.021159367683771,observed_standardization_no_causal_or_significance_claim
30m,exclude_primary_dominant_project,10_50000_100000,uniswap,2024-07,overlap_exposure,19,32,2.4829980712084536,0.0835277522464936,2.39947031896196,1.8168457196689025,1.8151091913572928,observed_standardization_no_causal_or_significance_claim
30m,exclude_primary_dominant_project,10_50000_100000,uniswap,2024-07,equal_project,19,32,2.5988872916346732,0.10016195826461585,2.4987253333700576,1.8168457196689025,1.8151091913572928,observed_standardization_no_causal_or_significance_claim
30m,exclude_primary_dominant_project,10_50000_100000,uniswap,2024-08,overlap_exposure,20,35,1.8806729963422,0.12548133999700795,1.7551916563451921,1.1269137061673797,1.1257540685659932,observed_standardization_no_causal_or_significance_claim
30m,exclude_primary_dominant_project,10_50000_100000,uniswap,2024-08,equal_project,20,35,1.292963850594476,0.11484507183332732,1.1781187787611487,1.1269137061673797,1.1257540685659932,observed_standardization_no_causal_or_significance_claim
30m,exclude_primary_dominant_project,10_50000_100000,uniswap,2024-09,overlap_exposure,19,32,1.0227082865944417,0.22728708852631999,0.7954211980681217,0.5196366323136812,0.4970869234970168,observed_standardization_no_causal_or_significance_claim
30m,exclude_primary_dominant_project,10_50000_100000,uniswap,2024-09,equal_project,19,32,0.7488165151522771,0.21548115661002212,0.533335358542255,0.5196366323136812,0.4970869234970168,observed_standardization_no_causal_or_significance_claim
30m,exclude_primary_dominant_project,10_50000_100000,uniswap,2024-10,overlap_exposure,20,34,0.6318121537758347,0.04190479700974615,0.5899073567660885,0.43658721631479197,0.4310183083165036,observed_standardization_no_causal_or_significance_claim
30m,exclude_primary_dominant_project,10_50000_100000,uniswap,2024-10,equal_project,20,34,0.7250607008359983,0.04118116524678098,0.6838795355892173,0.43658721631479197,0.4310183083165036,observed_standardization_no_causal_or_significance_claim
30m,exclude_primary_dominant_project,10_50000_100000,uniswap,2024-11,overlap_exposure,22,36,1.1150294563424792,0.025293339163545616,1.0897361171789335,0.7985482889626913,0.8237312010162753,observed_standardization_no_causal_or_significance_claim
30m,exclude_primary_dominant_project,10_50000_100000,uniswap,2024-11,equal_project,22,36,1.8462112033241207,0.026089177607734847,1.820122025716386,0.7985482889626913,0.8237312010162753,observed_standardization_no_causal_or_significance_claim
30m,exclude_primary_dominant_project,10_50000_100000,uniswap,2024-12,overlap_exposure,21,35,0.624615817413773,0.06957000549699609,0.5550458119167769,0.4269442853725229,0.42599880174814425,observed_standardization_no_causal_or_significance_claim
30m,exclude_primary_dominant_project,10_50000_100000,uniswap,2024-12,equal_project,21,35,0.7640211003122803,0.03186041298370568,0.7321606873285746,0.4269442853725229,0.42599880174814425,observed_standardization_no_causal_or_significance_claim
30m,exclude_primary_dominant_project,10_50000_100000,uniswap,2025-01,overlap_exposure,21,33,0.5369938065093498,0.02447938018886074,0.512514426320489,0.2609683946750389,0.2597959894622895,observed_standardization_no_causal_or_significance_claim
30m,exclude_primary_dominant_project,10_50000_100000,uniswap,2025-01,equal_project,21,33,0.34359245169610086,0.05410233114319759,0.28949012055290324,0.2609683946750389,0.2597959894622895,observed_standardization_no_causal_or_significance_claim
30m,exclude_primary_dominant_project,10_50000_100000,uniswap,2025-02,overlap_exposure,19,31,0.7835155872615132,0.12002933065532072,0.6634862566061924,0.2077488959614199,0.17972129366151307,observed_standardization_no_causal_or_significance_claim
30m,exclude_primary_dominant_project,10_50000_100000,uniswap,2025-02,equal_project,19,31,0.4009630362325648,0.17237307856908884,0.22858995766347592,0.2077488959614199,0.17972129366151307,observed_standardization_no_causal_or_significance_claim
30m,exclude_primary_dominant_project,10_50000_100000,uniswap,2025-03,overlap_exposure,20,33,1.146043869952609,0.09003342963008498,1.0560104403225241,0.41125593699324997,0.37689815719668573,observed_standardization_no_causal_or_significance_claim
30m,exclude_primary_dominant_project,10_50000_100000,uniswap,2025-03,equal_project,20,33,2.355697434462837,0.18894026828462757,2.1667571661782095,0.41125593699324997,0.37689815719668573,observed_standardization_no_causal_or_significance_claim
30m,exclude_primary_dominant_project,10_50000_100000,uniswap,2025-04,overlap_exposure,21,34,1.1693457333955855,0.12003763805497852,1.0493080953406069,0.44324962389691935,0.4119507832872625,observed_standardization_no_causal_or_significance_claim
30m,exclude_primary_dominant_project,10_50000_100000,uniswap,2025-04,equal_project,21,34,2.9690720672410538,0.13744095471127055,2.831631112529783,0.44324962389691935,0.4119507832872625,observed_standardization_no_causal_or_significance_claim
30m,exclude_primary_dominant_project,10_50000_100000,uniswap,2025-05,overlap_exposure,19,32,0.947949653617731,0.06783343284402012,0.8801162207737109,0.44006712162715544,0.47242919493393315,observed_standardization_no_causal_or_significance_claim
30m,exclude_primary_dominant_project,10_50000_100000,uniswap,2025-05,equal_project,19,32,1.0039955115817276,0.09193567975874097,0.9120598318229867,0.44006712162715544,0.47242919493393315,observed_standardization_no_causal_or_significance_claim
30m,exclude_primary_dominant_project,10_50000_100000,uniswap,2025-06,overlap_exposure,21,33,1.0141131239665175,0.0659874146587991,0.9481257093077183,0.40749465937523893,0.43335666524075045,observed_standardization_no_causal_or_significance_claim
30m,exclude_primary_dominant_project,10_50000_100000,uniswap,2025-06,equal_project,21,33,0.4645135849997169,0.09245864053519467,0.3720549444645222,0.40749465937523893,0.43335666524075045,observed_standardization_no_causal_or_significance_claim
30m,exclude_primary_dominant_project,10_50000_100000,uniswap,2025-07,overlap_exposure,21,33,1.4385844017798812,0.07714646870432569,1.3614379330755555,0.5779442324400546,0.614028161244626,observed_standardization_no_causal_or_significance_claim
30m,exclude_primary_dominant_project,10_50000_100000,uniswap,2025-07,equal_project,21,33,0.5842082636523231,0.14700945261550125,0.43719881103682184,0.5779442324400546,0.614028161244626,observed_standardization_no_causal_or_significance_claim
30m,exclude_primary_dominant_project,10_50000_100000,uniswap,2025-08,overlap_exposure,22,35,1.2659433990337454,0.05628261480740253,1.2096607842263427,0.5945183693185325,0.5988760363293355,observed_standardization_no_causal_or_significance_claim
30m,exclude_primary_dominant_project,10_50000_100000,uniswap,2025-08,equal_project,22,35,0.2766296084265052,0.15198530374272917,0.12464430468377603,0.5945183693185325,0.5988760363293355,observed_standardization_no_causal_or_significance_claim
30m,exclude_primary_dominant_project,10_50000_100000,uniswap,2025-09,overlap_exposure,22,33,1.0105638237336578,0.044379329549117816,0.96618449418454,0.5311118116761531,0.5396226840723495,observed_standardization_no_causal_or_significance_claim
30m,exclude_primary_dominant_project,10_50000_100000,uniswap,2025-09,equal_project,22,33,1.3772506497101746,0.17965853838031265,1.197592111329862,0.5311118116761531,0.5396226840723495,observed_standardization_no_causal_or_significance_claim
30m,exclude_primary_dominant_project,10_50000_100000,uniswap,2025-10,overlap_exposure,19,32,0.40686801985467413,0.06388498702140012,0.342983032833274,0.06683489704091337,0.06498832853161535,observed_standardization_no_causal_or_significance_claim
30m,exclude_primary_dominant_project,10_50000_100000,uniswap,2025-10,equal_project,19,32,0.3500932063741486,0.13570231642776234,0.21439088994638628,0.06683489704091337,0.06498832853161535,observed_standardization_no_causal_or_significance_claim
30m,exclude_primary_dominant_project,10_50000_100000,uniswap,2025-11,overlap_exposure,18,30,0.4030039073662202,0.11075906520496875,0.29224484216125146,-0.006427369677655843,-0.033842253203753565,observed_standardization_no_causal_or_significance_claim
30m,exclude_primary_dominant_project,10_50000_100000,uniswap,2025-11,equal_project,18,30,0.22818086585512407,0.15651575753155533,0.07166510832356875,-0.006427369677655843,-0.033842253203753565,observed_standardization_no_causal_or_significance_claim
30m,exclude_primary_dominant_project,10_50000_100000,uniswap,2025-12,overlap_exposure,19,30,0.3396096099715875,0.26058213215437503,0.07902747781721249,-0.24343342844885188,-0.3230557002143545,observed_standardization_no_causal_or_significance_claim
30m,exclude_primary_dominant_project,10_50000_100000,uniswap,2025-12,equal_project,19,30,0.2721931504711611,0.28500196651905324,-0.012808816047892154,-0.24343342844885188,-0.3230557002143545,observed_standardization_no_causal_or_significance_claim
30m,exclude_primary_dominant_project,10_50000_100000,uniswap,2026-01,overlap_exposure,19,29,0.3924836928200638,0.6097159080806008,-0.21723221526053701,-0.2233988146063772,-0.2909124501870992,observed_standardization_no_causal_or_significance_claim
30m,exclude_primary_dominant_project,10_50000_100000,uniswap,2026-01,equal_project,19,29,0.3109740108101632,0.339169785334003,-0.02819577452383981,-0.2233988146063772,-0.2909124501870992,observed_standardization_no_causal_or_significance_claim
30m,exclude_primary_dominant_project,10_50000_100000,uniswap,2026-02,overlap_exposure,19,31,0.5305705235808701,0.47258105300434594,0.05798947057652415,-0.17489721497807612,-0.26167430855176044,observed_standardization_no_causal_or_significance_claim
30m,exclude_primary_dominant_project,10_50000_100000,uniswap,2026-02,equal_project,19,31,0.41472588179340575,0.34174593198457043,0.07297994980883532,-0.17489721497807612,-0.26167430855176044,observed_standardization_no_causal_or_significance_claim
30m,exclude_primary_dominant_project,10_50000_100000,uniswap,2026-03,overlap_exposure,19,29,0.5097519695792881,0.4668790093523195,0.04287296022696865,-0.12423694230786261,-0.2122757834350961,observed_standardization_no_causal_or_significance_claim
30m,exclude_primary_dominant_project,10_50000_100000,uniswap,2026-03,equal_project,19,29,0.3955200363734615,0.32387084996200455,0.071649186411457,-0.12423694230786261,-0.2122757834350961,observed_standardization_no_causal_or_significance_claim
30m,exclude_primary_dominant_project,10_50000_100000,uniswap,2026-04,overlap_exposure,19,30,0.3795533204571012,0.7591779369160744,-0.3796246164589731,-0.22916833529412237,-0.24618555426434138,observed_standardization_no_causal_or_significance_claim
30m,exclude_primary_dominant_project,10_50000_100000,uniswap,2026-04,equal_project,19,30,0.1747688883564845,0.27764195055621904,-0.10287306219973456,-0.22916833529412237,-0.24618555426434138,observed_standardization_no_causal_or_significance_claim
30m,exclude_primary_dominant_project,10_50000_100000,uniswap,2026-05,overlap_exposure,15,25,0.30884968806315155,0.7762913679002097,-0.46744167983705803,-0.1424479651632043,-0.1841033668331367,observed_standardization_no_causal_or_significance_claim
30m,exclude_primary_dominant_project,10_50000_100000,uniswap,2026-05,equal_project,15,25,0.28383015466558015,0.27083453625530773,0.012995618410272403,-0.1424479651632043,-0.1841033668331367,observed_standardization_no_causal_or_significance_claim
30m,exclude_primary_dominant_project,10_50000_100000,uniswap,2026-06,overlap_exposure,16,29,0.525937534037479,0.21594018917713362,0.3099973448603454,0.09920452693688497,0.07659811121777158,observed_standardization_no_causal_or_significance_claim
30m,exclude_primary_dominant_project,10_50000_100000,uniswap,2026-06,equal_project,16,29,0.06777831768126938,0.190431518774012,-0.12265320109274261,0.09920452693688497,0.07659811121777158,observed_standardization_no_causal_or_significance_claim
30m,exclude_primary_dominant_project,11_100000_plus,uniswap,2024-01,overlap_exposure,18,31,2.5440106439414176,0.03740304298280199,2.5066076009586156,1.7505012991112294,1.7487669496547467,observed_standardization_no_causal_or_significance_claim
30m,exclude_primary_dominant_project,11_100000_plus,uniswap,2024-01,equal_project,18,31,4.795453273636928,0.03038075722445635,4.765072516412473,1.7505012991112294,1.7487669496547467,observed_standardization_no_causal_or_significance_claim
30m,exclude_primary_dominant_project,11_100000_plus,uniswap,2024-02,overlap_exposure,18,28,1.5394539465003267,0.04590515601028507,1.4935487904900415,1.2451467641673652,1.2450191939455717,observed_standardization_no_causal_or_significance_claim
30m,exclude_primary_dominant_project,11_100000_plus,uniswap,2024-02,equal_project,18,28,1.6134255740132917,0.021316181279570735,1.592109392733721,1.2451467641673652,1.2450191939455717,observed_standardization_no_causal_or_significance_claim
30m,exclude_primary_dominant_project,11_100000_plus,uniswap,2024-03,overlap_exposure,18,29,1.8202099109949137,0.11219260830440936,1.7080173026905041,1.081981223247993,1.0805369095576707,observed_standardization_no_causal_or_significance_claim
30m,exclude_primary_dominant_project,11_100000_plus,uniswap,2024-03,equal_project,18,29,2.684229974853452,0.04647039923008225,2.63775957562337,1.081981223247993,1.0805369095576707,observed_standardization_no_causal_or_significance_claim
30m,exclude_primary_dominant_project,11_100000_plus,uniswap,2024-04,overlap_exposure,18,31,3.1103548541146253,0.2928777330189082,2.817477121095717,1.7646594394962818,1.752071372976046,observed_standardization_no_causal_or_significance_claim
30m,exclude_primary_dominant_project,11_100000_plus,uniswap,2024-04,equal_project,18,31,3.75937750696963,0.10810178878133134,3.6512757181882987,1.7646594394962818,1.752071372976046,observed_standardization_no_causal_or_significance_claim
30m,exclude_primary_dominant_project,11_100000_plus,uniswap,2024-05,overlap_exposure,17,28,3.1974597321092655,0.06603869030880204,3.131421041800463,1.8718892980291038,1.8597287646975016,observed_standardization_no_causal_or_significance_claim
30m,exclude_primary_dominant_project,11_100000_plus,uniswap,2024-05,equal_project,17,28,2.363840636837107,0.07215590136184026,2.291684735475267,1.8718892980291038,1.8597287646975016,observed_standardization_no_causal_or_significance_claim
30m,exclude_primary_dominant_project,11_100000_plus,uniswap,2024-06,overlap_exposure,18,30,3.0176190242836287,0.04798302288551194,2.9696360013981167,2.282947670177439,2.281521112863316,observed_standardization_no_causal_or_significance_claim
30m,exclude_primary_dominant_project,11_100000_plus,uniswap,2024-06,equal_project,18,30,3.329530472916267,0.06775330301019664,3.261777169906071,2.282947670177439,2.281521112863316,observed_standardization_no_causal_or_significance_claim
30m,exclude_primary_dominant_project,11_100000_plus,uniswap,2024-07,overlap_exposure,14,28,2.197731563468287,0.07071287518699378,2.1270186882812925,1.5967507393687463,1.5802969279071912,observed_standardization_no_causal_or_significance_claim
30m,exclude_primary_dominant_project,11_100000_plus,uniswap,2024-07,equal_project,14,28,0.9238805722935386,0.1354127292921583,0.7884678430013803,1.5967507393687463,1.5802969279071912,observed_standardization_no_causal_or_significance_claim
30m,exclude_primary_dominant_project,11_100000_plus,uniswap,2024-08,overlap_exposure,16,30,1.2786274710275969,0.09777212752705375,1.180855343500543,0.7681741837318549,0.7658523118685234,observed_standardization_no_causal_or_significance_claim
30m,exclude_primary_dominant_project,11_100000_plus,uniswap,2024-08,equal_project,16,30,0.6549659875478913,0.15825238483067436,0.49671360271721693,0.7681741837318549,0.7658523118685234,observed_standardization_no_causal_or_significance_claim
30m,exclude_primary_dominant_project,11_100000_plus,uniswap,2024-09,overlap_exposure,15,29,1.2650162453297238,0.20578808500764512,1.0592281603220786,0.7208647377959562,0.7657877596098928,observed_standardization_no_causal_or_significance_claim
30m,exclude_primary_dominant_project,11_100000_plus,uniswap,2024-09,equal_project,15,29,4.197655742448913,0.18912310089282947,4.008532641556084,0.7208647377959562,0.7657877596098928,observed_standardization_no_causal_or_significance_claim
30m,exclude_primary_dominant_project,11_100000_plus,uniswap,2024-10,overlap_exposure,18,30,1.2614286899926894,0.048718797716120935,1.2127098922765684,0.9328776497035035,0.9273349122516014,observed_standardization_no_causal_or_significance_claim
30m,exclude_primary_dominant_project,11_100000_plus,uniswap,2024-10,equal_project,18,30,0.36063842509189176,0.051346316893317256,0.3092921081985745,0.9328776497035035,0.9273349122516014,observed_standardization_no_causal_or_significance_claim
30m,exclude_primary_dominant_project,11_100000_plus,uniswap,2024-11,overlap_exposure,21,34,1.3557057086690332,0.021364323975813358,1.33434138469322,1.0633141763352276,1.0780855542848715,observed_standardization_no_causal_or_significance_claim
30m,exclude_primary_dominant_project,11_100000_plus,uniswap,2024-11,equal_project,21,34,11.328687631060752,0.023942856351085787,11.304744774709667,1.0633141763352276,1.0780855542848715,observed_standardization_no_causal_or_significance_claim
30m,exclude_primary_dominant_project,11_100000_plus,uniswap,2024-12,overlap_exposure,21,33,0.6458901232949883,0.05347191153219294,0.5924182117627953,0.5061104996083157,0.5028405960159977,observed_standardization_no_causal_or_significance_claim
30m,exclude_primary_dominant_project,11_100000_plus,uniswap,2024-12,equal_project,21,33,1.1055676569256414,0.024660919463917918,1.0809067374617236,0.5061104996083157,0.5028405960159977,observed_standardization_no_causal_or_significance_claim
30m,exclude_primary_dominant_project,11_100000_plus,uniswap,2025-01,overlap_exposure,17,28,0.9073700674369847,0.018373174822060787,0.8889968926149239,0.6382507698205427,0.6344008174622863,observed_standardization_no_causal_or_significance_claim
30m,exclude_primary_dominant_project,11_100000_plus,uniswap,2025-01,equal_project,17,28,6.932021371010324,0.06047494650443746,6.871546424505885,0.6382507698205427,0.6344008174622863,observed_standardization_no_causal_or_significance_claim
30m,exclude_primary_dominant_project,11_100000_plus,uniswap,2025-02,overlap_exposure,17,29,1.3650742384239116,0.08457363122499886,1.2805006071989127,0.9579061950736154,0.936290747168904,observed_standardization_no_causal_or_significance_claim
30m,exclude_primary_dominant_project,11_100000_plus,uniswap,2025-02,equal_project,17,29,0.7102561325004334,0.18917509310271058,0.5210810393977228,0.9579061950736154,0.936290747168904,observed_standardization_no_causal_or_significance_claim
30m,exclude_primary_dominant_project,11_100000_plus,uniswap,2025-03,overlap_exposure,18,29,1.6989322801667335,0.06545604543591368,1.6334762347308198,1.3019781412450249,1.2799634961697293,observed_standardization_no_causal_or_significance_claim
30m,exclude_primary_dominant_project,11_100000_plus,uniswap,2025-03,equal_project,18,29,0.5725883238008725,0.1851345730598638,0.3874537507410088,1.3019781412450249,1.2799634961697293,observed_standardization_no_causal_or_significance_claim
30m,exclude_primary_dominant_project,11_100000_plus,uniswap,2025-04,overlap_exposure,17,30,1.7351357571232813,0.11973915481520132,1.61539660230808,1.1692066889096808,1.1425218465077551,observed_standardization_no_causal_or_significance_claim
30m,exclude_primary_dominant_project,11_100000_plus,uniswap,2025-04,equal_project,17,30,0.5031994285810409,0.140318544145968,0.362880884435073,1.1692066889096808,1.1425218465077551,observed_standardization_no_causal_or_significance_claim
30m,exclude_primary_dominant_project,11_100000_plus,uniswap,2025-05,overlap_exposure,20,32,0.9818572481231771,0.07250858230469721,0.9093486658184798,0.8267363970138901,0.8207092164886293,observed_standardization_no_causal_or_significance_claim
30m,exclude_primary_dominant_project,11_100000_plus,uniswap,2025-05,equal_project,20,32,0.6718746020678815,0.10283880545679755,0.5690357966110839,0.8267363970138901,0.8207092164886293,observed_standardization_no_causal_or_significance_claim
30m,exclude_primary_dominant_project,11_100000_plus,uniswap,2025-06,overlap_exposure,19,31,0.9665854540926517,0.06085308679984672,0.9057323672928049,0.6483988848498123,0.6535554486912487,observed_standardization_no_causal_or_significance_claim
30m,exclude_primary_dominant_project,11_100000_plus,uniswap,2025-06,equal_project,19,31,0.43473865503861325,0.09489267167519154,0.3398459833634217,0.6483988848498123,0.6535554486912487,observed_standardization_no_causal_or_significance_claim
30m,exclude_primary_dominant_project,11_100000_plus,uniswap,2025-07,overlap_exposure,18,30,1.1301939270245271,0.0731871672930581,1.057006759731469,0.6774502627536879,0.690561882002145,observed_standardization_no_causal_or_significance_claim
30m,exclude_primary_dominant_project,11_100000_plus,uniswap,2025-07,equal_project,18,30,7.883319758125906,0.16254526042037643,7.720774497705529,0.6774502627536879,0.690561882002145,observed_standardization_no_causal_or_significance_claim
30m,exclude_primary_dominant_project,11_100000_plus,uniswap,2025-08,overlap_exposure,24,35,1.189713839711516,0.053778400451596826,1.135935439259919,0.6355018866243901,0.6354803520883662,observed_standardization_no_causal_or_significance_claim
30m,exclude_primary_dominant_project,11_100000_plus,uniswap,2025-08,equal_project,24,35,0.3410901877680472,0.14692088206906784,0.19416930569897936,0.6355018866243901,0.6354803520883662,observed_standardization_no_causal_or_significance_claim
30m,exclude_primary_dominant_project,11_100000_plus,uniswap,2025-09,overlap_exposure,22,32,0.9638606669924903,0.038994699756538694,0.9248659672359516,0.46403670815828346,0.47009286422387525,observed_standardization_no_causal_or_significance_claim
30m,exclude_primary_dominant_project,11_100000_plus,uniswap,2025-09,equal_project,22,32,0.40785820068467,0.0806905143491806,0.32716768633548937,0.46403670815828346,0.47009286422387525,observed_standardization_no_causal_or_significance_claim
30m,exclude_primary_dominant_project,11_100000_plus,uniswap,2025-10,overlap_exposure,21,34,0.523795020053857,0.05739965750209794,0.4663953625517591,0.16567885516229527,0.1559643670853989,observed_standardization_no_causal_or_significance_claim
30m,exclude_primary_dominant_project,11_100000_plus,uniswap,2025-10,equal_project,21,34,0.1877677092377469,0.11924203069394587,0.06852567854380104,0.16567885516229527,0.1559643670853989,observed_standardization_no_causal_or_significance_claim
30m,exclude_primary_dominant_project,11_100000_plus,uniswap,2025-11,overlap_exposure,20,31,0.6119884806747028,0.11599154330145377,0.495996937373249,0.19160018887531702,0.17558248118334607,observed_standardization_no_causal_or_significance_claim
30m,exclude_primary_dominant_project,11_100000_plus,uniswap,2025-11,equal_project,20,31,0.35715530529406986,0.17130111203056325,0.1858541932635066,0.19160018887531702,0.17558248118334607,observed_standardization_no_causal_or_significance_claim
30m,exclude_primary_dominant_project,11_100000_plus,uniswap,2025-12,overlap_exposure,18,27,0.3536246441465123,0.4482335767211149,-0.09460893257460262,-0.19924141664466483,-0.27950133580793957,observed_standardization_no_causal_or_significance_claim
30m,exclude_primary_dominant_project,11_100000_plus,uniswap,2025-12,equal_project,18,27,0.3514932581166934,0.3317109234654901,0.019782334651203323,-0.19924141664466483,-0.27950133580793957,observed_standardization_no_causal_or_significance_claim
30m,exclude_primary_dominant_project,11_100000_plus,uniswap,2026-01,overlap_exposure,19,29,0.535511099746771,1.0071067762048482,-0.4715956764580773,-0.06405334488799119,-0.10289436822807138,observed_standardization_no_causal_or_significance_claim
30m,exclude_primary_dominant_project,11_100000_plus,uniswap,2026-01,equal_project,19,29,0.36265973566408605,0.3176705074750564,0.0449892281890297,-0.06405334488799119,-0.10289436822807138,observed_standardization_no_causal_or_significance_claim
30m,exclude_primary_dominant_project,11_100000_plus,uniswap,2026-02,overlap_exposure,22,34,1.1702363741861252,0.8411608278894018,0.3290755462967233,0.4506648294201067,0.3902382989657509,observed_standardization_no_causal_or_significance_claim
30m,exclude_primary_dominant_project,11_100000_plus,uniswap,2026-02,equal_project,22,34,0.4675843432241342,0.3042224739861703,0.16336186923796397,0.4506648294201067,0.3902382989657509,observed_standardization_no_causal_or_significance_claim
30m,exclude_primary_dominant_project,11_100000_plus,uniswap,2026-03,overlap_exposure,20,30,0.8188962579806718,0.7476850629675619,0.07121119501310985,0.21847704984994812,0.15632781174759955,observed_standardization_no_causal_or_significance_claim
30m,exclude_primary_dominant_project,11_100000_plus,uniswap,2026-03,equal_project,20,30,0.5012607439432666,0.44900030469012303,0.05226043925314356,0.21847704984994812,0.15632781174759955,observed_standardization_no_causal_or_significance_claim
30m,exclude_primary_dominant_project,11_100000_plus,uniswap,2026-04,overlap_exposure,19,28,0.3781462343646731,1.12955327152309,-0.751407037158417,-0.18228048172188965,-0.22929560943928126,observed_standardization_no_causal_or_significance_claim
30m,exclude_primary_dominant_project,11_100000_plus,uniswap,2026-04,equal_project,19,28,0.5204346194849153,0.44454765271832747,0.0758869667665878,-0.18228048172188965,-0.22929560943928126,observed_standardization_no_causal_or_significance_claim
30m,exclude_primary_dominant_project,11_100000_plus,uniswap,2026-05,overlap_exposure,16,23,0.36455598014862717,0.9738764209761436,-0.6093204408275165,-0.04045232237166628,-0.07948524526378113,observed_standardization_no_causal_or_significance_claim
30m,exclude_primary_dominant_project,11_100000_plus,uniswap,2026-05,equal_project,16,23,0.21602473128018856,0.3755470860561673,-0.15952235477597873,-0.04045232237166628,-0.07948524526378113,observed_standardization_no_causal_or_significance_claim
30m,exclude_primary_dominant_project,11_100000_plus,uniswap,2026-06,overlap_exposure,18,26,0.3704148129616511,0.25100067637369783,0.11941413658795325,0.03431160157056474,0.006664051264315424,observed_standardization_no_causal_or_significance_claim
30m,exclude_primary_dominant_project,11_100000_plus,uniswap,2026-06,equal_project,18,26,0.032902298089410684,0.25533584232061607,-0.22243354423120537,0.03431160157056474,0.006664051264315424,observed_standardization_no_causal_or_significance_claim
