window,scope,trade_size_bin,excluded_project,month,weighting,matched_projects,matched_cells,standardized_bin_rate_pct,standardized_reference_rate_pct,standardized_difference_pp,pooled_difference_pp,matched_pooled_difference_pp,interpretation,restriction
24m,all_projects,02_100_250,,2024-01,overlap_exposure,18,31,1.6118460934705152,0.5973951244900436,1.0144509689804715,1.081603396236464,1.081603396236464,observed_standardization_no_causal_or_significance_claim,common_bins
24m,all_projects,02_100_250,,2024-01,equal_project,18,31,0.23250225152634907,0.05611770291868343,0.17638454860766564,1.081603396236464,1.081603396236464,observed_standardization_no_causal_or_significance_claim,common_bins
24m,all_projects,02_100_250,,2024-02,overlap_exposure,19,30,1.0650888098954172,0.5093603023830889,0.5557285075123282,0.5556102434649267,0.5556102434649267,observed_standardization_no_causal_or_significance_claim,common_bins
24m,all_projects,02_100_250,,2024-02,equal_project,19,30,0.1000697291704554,0.042739939690702396,0.05732978947975301,0.5556102434649267,0.5556102434649267,observed_standardization_no_causal_or_significance_claim,common_bins
24m,all_projects,02_100_250,,2024-03,overlap_exposure,18,31,0.355476303866051,0.20254951104225058,0.15292679282380042,0.15669586101933033,0.15669586101933033,observed_standardization_no_causal_or_significance_claim,common_bins
24m,all_projects,02_100_250,,2024-03,equal_project,18,31,0.06389501118363336,0.05356334893190656,0.010331662251726798,0.15669586101933033,0.15669586101933033,observed_standardization_no_causal_or_significance_claim,common_bins
24m,all_projects,02_100_250,,2024-04,overlap_exposure,19,33,1.1918529851555495,0.48453791241959776,0.7073150727359517,0.7328131278830554,0.7328131278830554,observed_standardization_no_causal_or_significance_claim,common_bins
24m,all_projects,02_100_250,,2024-04,equal_project,19,33,0.1985391428314448,0.11673793136118175,0.08180121147026305,0.7328131278830554,0.7328131278830554,observed_standardization_no_causal_or_significance_claim,common_bins
24m,all_projects,02_100_250,,2024-05,overlap_exposure,18,29,1.9855260403073824,0.7663944211853359,1.2191316191220465,1.2603053459669988,1.2603053459669988,observed_standardization_no_causal_or_significance_claim,common_bins
24m,all_projects,02_100_250,,2024-05,equal_project,18,29,0.39128780075499725,0.10007430930434694,0.29121349145065034,1.2603053459669988,1.2603053459669988,observed_standardization_no_causal_or_significance_claim,common_bins
24m,all_projects,02_100_250,,2024-06,overlap_exposure,18,31,1.814897940065284,0.6056358988331052,1.2092620412321788,1.2706782229878586,1.2706782229878586,observed_standardization_no_causal_or_significance_claim,common_bins
24m,all_projects,02_100_250,,2024-06,equal_project,18,31,0.36044069772388687,0.0910299946580028,0.2694107030658841,1.2706782229878586,1.2706782229878586,observed_standardization_no_causal_or_significance_claim,common_bins
24m,all_projects,02_100_250,,2024-07,overlap_exposure,14,28,2.2679663221678923,0.7584395622041569,1.5095267599637352,1.5679140457362315,1.5679140457362315,observed_standardization_no_causal_or_significance_claim,common_bins
24m,all_projects,02_100_250,,2024-07,equal_project,14,28,0.7752646803473472,0.17372843725104115,0.601536243096306,1.5679140457362315,1.5679140457362315,observed_standardization_no_causal_or_significance_claim,common_bins
24m,all_projects,02_100_250,,2024-08,overlap_exposure,17,31,2.2195663954976586,0.7944989476218427,1.4250674478758159,1.5117900647701275,1.5117900647701275,observed_standardization_no_causal_or_significance_claim,common_bins
24m,all_projects,02_100_250,,2024-08,equal_project,17,31,0.7907797771435701,0.18789905569188073,0.6028807214516895,1.5117900647701275,1.5117900647701275,observed_standardization_no_causal_or_significance_claim,common_bins
24m,all_projects,02_100_250,,2024-09,overlap_exposure,16,30,1.82602826782944,0.7503429683121812,1.0756852995172588,1.1315795230265016,1.1315795230265016,observed_standardization_no_causal_or_significance_claim,common_bins
24m,all_projects,02_100_250,,2024-09,equal_project,16,30,0.5530787375829848,0.21069289970452623,0.34238583787845855,1.1315795230265016,1.1315795230265016,observed_standardization_no_causal_or_significance_claim,common_bins
24m,all_projects,02_100_250,,2024-10,overlap_exposure,16,28,1.0801171840381434,0.3849002338252487,0.6952169502128946,0.7279111938282972,0.7279111938282972,observed_standardization_no_causal_or_significance_claim,common_bins
24m,all_projects,02_100_250,,2024-10,equal_project,16,28,0.33442760277531625,0.0749421451625575,0.2594854576127587,0.7279111938282972,0.7279111938282972,observed_standardization_no_causal_or_significance_claim,common_bins
24m,all_projects,02_100_250,,2024-11,overlap_exposure,20,32,0.6195835933607483,0.23830031099827662,0.3812832823624717,0.3950997534241811,0.3950997534241811,observed_standardization_no_causal_or_significance_claim,common_bins
24m,all_projects,02_100_250,,2024-11,equal_project,20,32,0.2386926335377051,0.03713713284533665,0.20155550069236844,0.3950997534241811,0.3950997534241811,observed_standardization_no_causal_or_significance_claim,common_bins
24m,all_projects,02_100_250,,2024-12,overlap_exposure,19,31,0.38585595672958206,0.14266669913513103,0.24318925759445106,0.24974503843137813,0.24974503843137813,observed_standardization_no_causal_or_significance_claim,common_bins
24m,all_projects,02_100_250,,2024-12,equal_project,19,31,0.10158228649935795,0.03512515713875251,0.06645712936060545,0.24974503843137813,0.24974503843137813,observed_standardization_no_causal_or_significance_claim,common_bins
24m,all_projects,02_100_250,,2025-01,overlap_exposure,18,30,0.516714749434378,0.18502153080226244,0.33169321863211554,0.3402440450179172,0.3402440450179172,observed_standardization_no_causal_or_significance_claim,common_bins
24m,all_projects,02_100_250,,2025-01,equal_project,18,30,0.19656387020408717,0.06669037118763489,0.12987349901645226,0.3402440450179172,0.3402440450179172,observed_standardization_no_causal_or_significance_claim,common_bins
24m,all_projects,02_100_250,,2025-02,overlap_exposure,17,31,1.216276346240096,0.46492489344550497,0.751351452794591,0.7589989796675414,0.7589989796675414,observed_standardization_no_causal_or_significance_claim,common_bins
24m,all_projects,02_100_250,,2025-02,equal_project,17,31,0.533155360463105,0.1604058681436966,0.37274949231940835,0.7589989796675414,0.7589989796675414,observed_standardization_no_causal_or_significance_claim,common_bins
24m,all_projects,02_100_250,,2025-03,overlap_exposure,18,31,1.2969964189438519,0.6333134289538924,0.6636829899899596,0.6747613819160876,0.6747613819160876,observed_standardization_no_causal_or_significance_claim,common_bins
24m,all_projects,02_100_250,,2025-03,equal_project,18,31,0.29480556092608534,0.21552245714579313,0.07928310378029221,0.6747613819160876,0.6747613819160876,observed_standardization_no_causal_or_significance_claim,common_bins
24m,all_projects,02_100_250,,2025-04,overlap_exposure,17,30,1.505990851092384,0.754856524292082,0.7511343268003019,0.7642705258717123,0.7642705258717123,observed_standardization_no_causal_or_significance_claim,common_bins
24m,all_projects,02_100_250,,2025-04,equal_project,17,30,0.3494686490516174,0.20166792819311571,0.14780072085850168,0.7642705258717123,0.7642705258717123,observed_standardization_no_causal_or_significance_claim,common_bins
24m,all_projects,02_100_250,,2025-05,overlap_exposure,19,31,1.3696530986449642,0.5129162040135048,0.8567368946314595,0.8955049649176927,0.8955049649176927,observed_standardization_no_causal_or_significance_claim,common_bins
24m,all_projects,02_100_250,,2025-05,equal_project,19,31,0.3553579772689078,0.12697746361258366,0.22838051365632406,0.8955049649176927,0.8955049649176927,observed_standardization_no_causal_or_significance_claim,common_bins
24m,all_projects,02_100_250,,2025-06,overlap_exposure,19,30,1.5232839223159482,0.5868659584432709,0.9364179638726773,0.9755385359916928,0.9755385359916928,observed_standardization_no_causal_or_significance_claim,common_bins
24m,all_projects,02_100_250,,2025-06,equal_project,19,30,0.4503222334201997,0.13956428512789948,0.31075794829230025,0.9755385359916928,0.9755385359916928,observed_standardization_no_causal_or_significance_claim,common_bins
24m,all_projects,02_100_250,,2025-07,overlap_exposure,17,30,1.2784043397545668,0.446448220578333,0.8319561191762338,0.8518803552072374,0.8518803552072374,observed_standardization_no_causal_or_significance_claim,common_bins
24m,all_projects,02_100_250,,2025-07,equal_project,17,30,0.35754678162454984,0.18580784634322908,0.17173893528132075,0.8518803552072374,0.8518803552072374,observed_standardization_no_causal_or_significance_claim,common_bins
24m,all_projects,02_100_250,,2025-08,overlap_exposure,22,34,1.1578369489041112,0.4201758106854459,0.7376611382186652,0.7414146978057768,0.7414146978057768,observed_standardization_no_causal_or_significance_claim,common_bins
24m,all_projects,02_100_250,,2025-08,equal_project,22,34,0.3950184600117119,0.15889889822358713,0.2361195617881248,0.7414146978057768,0.7414146978057768,observed_standardization_no_causal_or_significance_claim,common_bins
24m,all_projects,02_100_250,,2025-09,overlap_exposure,19,29,1.0266293014022403,0.3607010316609593,0.665928269741281,0.6747570220302184,0.6747570220302184,observed_standardization_no_causal_or_significance_claim,common_bins
24m,all_projects,02_100_250,,2025-09,equal_project,19,29,0.4073785212630777,0.09676229800520769,0.3106162232578701,0.6747570220302184,0.6747570220302184,observed_standardization_no_causal_or_significance_claim,common_bins
24m,all_projects,02_100_250,,2025-10,overlap_exposure,20,34,0.9452851900318776,0.36793347549910455,0.5773517145327731,0.5646793314749105,0.5646793314749105,observed_standardization_no_causal_or_significance_claim,common_bins
24m,all_projects,02_100_250,,2025-10,equal_project,20,34,0.32021272149563185,0.15169274160820118,0.16851997988743064,0.5646793314749105,0.5646793314749105,observed_standardization_no_causal_or_significance_claim,common_bins
24m,all_projects,02_100_250,,2025-11,overlap_exposure,19,31,0.8889157400414097,0.38137265706642287,0.507543082974987,0.47046111787433154,0.47046111787433154,observed_standardization_no_causal_or_significance_claim,common_bins
24m,all_projects,02_100_250,,2025-11,equal_project,19,31,0.5331722520316795,0.2195966433378709,0.31357560869380857,0.47046111787433154,0.47046111787433154,observed_standardization_no_causal_or_significance_claim,common_bins
24m,all_projects,02_100_250,,2025-12,overlap_exposure,18,29,1.229853713397534,0.5872032512723221,0.6426504621252118,0.6195512984371823,0.6195512984371823,observed_standardization_no_causal_or_significance_claim,common_bins
24m,all_projects,02_100_250,,2025-12,equal_project,18,29,1.1018516505448548,0.35580726110676336,0.7460443894380916,0.6195512984371823,0.6195512984371823,observed_standardization_no_causal_or_significance_claim,common_bins
24m,all_projects,03_250_500,,2024-01,overlap_exposure,18,31,2.6192667946694095,0.5902438670499719,2.0290229276194376,2.082678395661001,2.082678395661001,observed_standardization_no_causal_or_significance_claim,common_bins
24m,all_projects,03_250_500,,2024-01,equal_project,18,31,0.5132143005885326,0.05611770291868343,0.4570965976698491,2.082678395661001,2.082678395661001,observed_standardization_no_causal_or_significance_claim,common_bins
24m,all_projects,03_250_500,,2024-02,overlap_exposure,19,30,1.9328821937663978,0.5067480947835868,1.4261340989828108,1.4006137979135382,1.4006137979135382,observed_standardization_no_causal_or_significance_claim,common_bins
24m,all_projects,03_250_500,,2024-02,equal_project,19,30,0.365955613518208,0.042739939690702396,0.3232156738275056,1.4006137979135382,1.4006137979135382,observed_standardization_no_causal_or_significance_claim,common_bins
24m,all_projects,03_250_500,,2024-03,overlap_exposure,18,31,0.6683515016474741,0.20336982682990926,0.4649816748175649,0.4694771827475056,0.4694771827475056,observed_standardization_no_causal_or_significance_claim,common_bins
24m,all_projects,03_250_500,,2024-03,equal_project,18,31,0.2108500070985825,0.05356334893190656,0.15728665816667595,0.4694771827475056,0.4694771827475056,observed_standardization_no_causal_or_significance_claim,common_bins
24m,all_projects,03_250_500,,2024-04,overlap_exposure,19,33,2.1361819920611063,0.484977478948105,1.6512045131130013,1.6777262631175363,1.6777262631175363,observed_standardization_no_causal_or_significance_claim,common_bins
24m,all_projects,03_250_500,,2024-04,equal_project,19,33,0.6061510493183576,0.11673793136118175,0.4894131179571759,1.6777262631175363,1.6777262631175363,observed_standardization_no_causal_or_significance_claim,common_bins
24m,all_projects,03_250_500,,2024-05,overlap_exposure,18,29,3.4081246470639615,0.7621987057877966,2.6459259412761647,2.6668837983906055,2.6668837983906055,observed_standardization_no_causal_or_significance_claim,common_bins
24m,all_projects,03_250_500,,2024-05,equal_project,18,29,1.0989998566423318,0.10007430930434694,0.9989255473379848,2.6668837983906055,2.6668837983906055,observed_standardization_no_causal_or_significance_claim,common_bins
24m,all_projects,03_250_500,,2024-06,overlap_exposure,18,31,2.964397988286262,0.6039362092468166,2.3604617790394458,2.4232328134063605,2.4232328134063605,observed_standardization_no_causal_or_significance_claim,common_bins
24m,all_projects,03_250_500,,2024-06,equal_project,18,31,0.804915816670412,0.0910299946580028,0.7138858220124092,2.4232328134063605,2.4232328134063605,observed_standardization_no_causal_or_significance_claim,common_bins
24m,all_projects,03_250_500,,2024-07,overlap_exposure,14,28,3.7675200736353394,0.7527376084430178,3.0147824651923214,3.068778394162347,3.068778394162347,observed_standardization_no_causal_or_significance_claim,common_bins
24m,all_projects,03_250_500,,2024-07,equal_project,14,28,1.3581645915003302,0.17372843725104115,1.184436154249289,3.068778394162347,3.068778394162347,observed_standardization_no_causal_or_significance_claim,common_bins
24m,all_projects,03_250_500,,2024-08,overlap_exposure,17,31,3.1942179426679984,0.7896612305494887,2.40455671211851,2.4814333934732775,2.4814333934732775,observed_standardization_no_causal_or_significance_claim,common_bins
24m,all_projects,03_250_500,,2024-08,equal_project,17,31,1.0557073087774593,0.18789905569188073,0.8678082530855786,2.4814333934732775,2.4814333934732775,observed_standardization_no_causal_or_significance_claim,common_bins
24m,all_projects,03_250_500,,2024-09,overlap_exposure,16,30,2.504291014393278,0.747127390397291,1.757163623995987,1.806606025122606,1.806606025122606,observed_standardization_no_causal_or_significance_claim,common_bins
24m,all_projects,03_250_500,,2024-09,equal_project,16,30,0.8822501629426764,0.21069289970452623,0.6715572632381501,1.806606025122606,1.806606025122606,observed_standardization_no_causal_or_significance_claim,common_bins
24m,all_projects,03_250_500,,2024-10,overlap_exposure,16,28,1.824235076592858,0.38041726784764335,1.443817808745215,1.463054254668517,1.463054254668517,observed_standardization_no_causal_or_significance_claim,common_bins
24m,all_projects,03_250_500,,2024-10,equal_project,16,28,0.8848506573771101,0.0749421451625575,0.8099085122145525,1.463054254668517,1.463054254668517,observed_standardization_no_causal_or_significance_claim,common_bins
24m,all_projects,03_250_500,,2024-11,overlap_exposure,20,32,1.1553834903993723,0.23765888188521386,0.9177246085141585,0.9285483138486754,0.9285483138486754,observed_standardization_no_causal_or_significance_claim,common_bins
24m,all_projects,03_250_500,,2024-11,equal_project,20,32,0.7067896939659221,0.03713713284533665,0.6696525611205855,0.9285483138486754,0.9285483138486754,observed_standardization_no_causal_or_significance_claim,common_bins
24m,all_projects,03_250_500,,2024-12,overlap_exposure,19,31,0.8251942846932777,0.1436516299537781,0.6815426547394997,0.6949026205366157,0.6949026205366157,observed_standardization_no_causal_or_significance_claim,common_bins
24m,all_projects,03_250_500,,2024-12,equal_project,19,31,0.39504368158856595,0.03512515713875251,0.3599185244498134,0.6949026205366157,0.6949026205366157,observed_standardization_no_causal_or_significance_claim,common_bins
24m,all_projects,03_250_500,,2025-01,overlap_exposure,18,30,1.0338377645981145,0.1856253925632645,0.8482123720348499,0.8617644870998259,0.8617644870998259,observed_standardization_no_causal_or_significance_claim,common_bins
24m,all_projects,03_250_500,,2025-01,equal_project,18,30,0.3570347430404638,0.06669037118763489,0.2903443718528289,0.8617644870998259,0.8617644870998259,observed_standardization_no_causal_or_significance_claim,common_bins
24m,all_projects,03_250_500,,2025-02,overlap_exposure,17,31,1.8235481871895651,0.4617624174787958,1.3617857697107691,1.3480545707433658,1.3480545707433658,observed_standardization_no_causal_or_significance_claim,common_bins
24m,all_projects,03_250_500,,2025-02,equal_project,17,31,0.4962680656414688,0.1604058681436966,0.3358621974977722,1.3480545707433658,1.3480545707433658,observed_standardization_no_causal_or_significance_claim,common_bins
24m,all_projects,03_250_500,,2025-03,overlap_exposure,18,31,1.5892153842586136,0.6329604071460464,0.956254977112567,0.9462971342108998,0.9462971342108998,observed_standardization_no_causal_or_significance_claim,common_bins
24m,all_projects,03_250_500,,2025-03,equal_project,18,31,0.39176303688061453,0.21552245714579313,0.17624057973482143,0.9462971342108998,0.9462971342108998,observed_standardization_no_causal_or_significance_claim,common_bins
24m,all_projects,03_250_500,,2025-04,overlap_exposure,17,30,1.4599230701576518,0.7402960437318069,0.719627026425845,0.6954845290445835,0.6954845290445835,observed_standardization_no_causal_or_significance_claim,common_bins
24m,all_projects,03_250_500,,2025-04,equal_project,17,30,0.4302609587294806,0.20166792819311571,0.2285930305363649,0.6954845290445835,0.6954845290445835,observed_standardization_no_causal_or_significance_claim,common_bins
24m,all_projects,03_250_500,,2025-05,overlap_exposure,19,31,1.8010515283368265,0.5059368309543153,1.2951146973825112,1.3073390422143778,1.3073390422143778,observed_standardization_no_causal_or_significance_claim,common_bins
24m,all_projects,03_250_500,,2025-05,equal_project,19,31,0.5318561387260423,0.12697746361258366,0.4048786751134587,1.3073390422143778,1.3073390422143778,observed_standardization_no_causal_or_significance_claim,common_bins
24m,all_projects,03_250_500,,2025-06,overlap_exposure,19,30,1.9983795191659097,0.5866561129743421,1.4117234061915678,1.4460792619864185,1.4460792619864185,observed_standardization_no_causal_or_significance_claim,common_bins
24m,all_projects,03_250_500,,2025-06,equal_project,19,30,0.8072338436661235,0.13956428512789948,0.6676695585382241,1.4460792619864185,1.4460792619864185,observed_standardization_no_causal_or_significance_claim,common_bins
24m,all_projects,03_250_500,,2025-07,overlap_exposure,17,30,1.7471515362127548,0.44354944543782954,1.303602090774925,1.310549091073922,1.310549091073922,observed_standardization_no_causal_or_significance_claim,common_bins
24m,all_projects,03_250_500,,2025-07,equal_project,17,30,0.5538569737595858,0.18580784634322908,0.3680491274163567,1.310549091073922,1.310549091073922,observed_standardization_no_causal_or_significance_claim,common_bins
24m,all_projects,03_250_500,,2025-08,overlap_exposure,22,34,1.5166547641045516,0.4090968611312131,1.1075579029733384,1.0743904378224274,1.0743904378224274,observed_standardization_no_causal_or_significance_claim,common_bins
24m,all_projects,03_250_500,,2025-08,equal_project,22,34,0.5423244571942065,0.15889889822358713,0.38342555897061936,1.0743904378224274,1.0743904378224274,observed_standardization_no_causal_or_significance_claim,common_bins
24m,all_projects,03_250_500,,2025-09,overlap_exposure,19,29,1.391968692023966,0.34916769815424437,1.0428009938697218,1.015235383925231,1.015235383925231,observed_standardization_no_causal_or_significance_claim,common_bins
24m,all_projects,03_250_500,,2025-09,equal_project,19,29,0.6601738356730412,0.09676229800520769,0.5634115376678335,1.015235383925231,1.015235383925231,observed_standardization_no_causal_or_significance_claim,common_bins
24m,all_projects,03_250_500,,2025-10,overlap_exposure,20,34,1.1706180046542927,0.3586335790543584,0.8119844255999342,0.7655565828465363,0.7655565828465363,observed_standardization_no_causal_or_significance_claim,common_bins
24m,all_projects,03_250_500,,2025-10,equal_project,20,34,0.5304563662429151,0.15169274160820118,0.3787636246347139,0.7655565828465363,0.7655565828465363,observed_standardization_no_causal_or_significance_claim,common_bins
24m,all_projects,03_250_500,,2025-11,overlap_exposure,19,31,0.9721941762902377,0.3690417525316755,0.6031524237585623,0.5425744271597676,0.5425744271597676,observed_standardization_no_causal_or_significance_claim,common_bins
24m,all_projects,03_250_500,,2025-11,equal_project,19,31,0.5651648308591332,0.2195966433378709,0.3455681875212623,0.5425744271597676,0.5425744271597676,observed_standardization_no_causal_or_significance_claim,common_bins
24m,all_projects,03_250_500,,2025-12,overlap_exposure,18,29,1.049342139772969,0.5802282697220388,0.4691138700509301,0.4324675483814781,0.4324675483814781,observed_standardization_no_causal_or_significance_claim,common_bins
24m,all_projects,03_250_500,,2025-12,equal_project,18,29,1.0438668382198102,0.35580726110676336,0.6880595771130469,0.4324675483814781,0.4324675483814781,observed_standardization_no_causal_or_significance_claim,common_bins
24m,all_projects,04_500_1000,,2024-01,overlap_exposure,18,31,3.468358292442433,0.5734876172654441,2.8948706751769895,2.8493537198487737,2.8493537198487737,observed_standardization_no_causal_or_significance_claim,common_bins
24m,all_projects,04_500_1000,,2024-01,equal_project,18,31,0.7078094051153985,0.05611770291868343,0.6516917021967151,2.8493537198487737,2.8493537198487737,observed_standardization_no_causal_or_significance_claim,common_bins
24m,all_projects,04_500_1000,,2024-02,overlap_exposure,19,30,2.6228358967850984,0.4984788585783043,2.124357038206794,2.0162486533492223,2.0162486533492223,observed_standardization_no_causal_or_significance_claim,common_bins
24m,all_projects,04_500_1000,,2024-02,equal_project,19,30,0.4936427594982415,0.042739939690702396,0.4509028198075391,2.0162486533492223,2.0162486533492223,observed_standardization_no_causal_or_significance_claim,common_bins
24m,all_projects,04_500_1000,,2024-03,overlap_exposure,18,31,1.2256507879596894,0.20306308789658106,1.0225877000631085,1.0152345649845305,1.0152345649845305,observed_standardization_no_causal_or_significance_claim,common_bins
24m,all_projects,04_500_1000,,2024-03,equal_project,18,31,0.4834054557966321,0.05356334893190656,0.42984210686472546,1.0152345649845305,1.0152345649845305,observed_standardization_no_causal_or_significance_claim,common_bins
24m,all_projects,04_500_1000,,2024-04,overlap_exposure,19,33,3.028021334663318,0.47615829683457084,2.551863037828747,2.5150590439947393,2.5150590439947393,observed_standardization_no_causal_or_significance_claim,common_bins
24m,all_projects,04_500_1000,,2024-04,equal_project,19,33,1.059069761348177,0.11673793136118175,0.9423318299869952,2.5150590439947393,2.5150590439947393,observed_standardization_no_causal_or_significance_claim,common_bins
24m,all_projects,04_500_1000,,2024-05,overlap_exposure,18,29,4.87694491621722,0.7435277107223041,4.133417205494917,4.037833406858827,4.037833406858827,observed_standardization_no_causal_or_significance_claim,common_bins
24m,all_projects,04_500_1000,,2024-05,equal_project,18,29,1.2465829122744225,0.10007430930434694,1.1465086029700757,4.037833406858827,4.037833406858827,observed_standardization_no_causal_or_significance_claim,common_bins
24m,all_projects,04_500_1000,,2024-06,overlap_exposure,18,31,4.21104189194375,0.5944113130709223,3.616630578872828,3.6249129084381613,3.6249129084381613,observed_standardization_no_causal_or_significance_claim,common_bins
24m,all_projects,04_500_1000,,2024-06,equal_project,18,31,1.2978887110789434,0.0910299946580028,1.2068587164209408,3.6249129084381613,3.6249129084381613,observed_standardization_no_causal_or_significance_claim,common_bins
24m,all_projects,04_500_1000,,2024-07,overlap_exposure,14,28,4.949082116993705,0.7350657649025453,4.214016352091159,4.165356063707431,4.165356063707431,observed_standardization_no_causal_or_significance_claim,common_bins
24m,all_projects,04_500_1000,,2024-07,equal_project,14,28,1.548940694558325,0.17372843725104115,1.3752122573072838,4.165356063707431,4.165356063707431,observed_standardization_no_causal_or_significance_claim,common_bins
24m,all_projects,04_500_1000,,2024-08,overlap_exposure,17,31,3.825709800273272,0.769409886580214,3.0562999136930578,3.044314101970118,3.044314101970118,observed_standardization_no_causal_or_significance_claim,common_bins
24m,all_projects,04_500_1000,,2024-08,equal_project,17,31,1.010758886878036,0.18789905569188073,0.8228598311861552,3.044314101970118,3.044314101970118,observed_standardization_no_causal_or_significance_claim,common_bins
24m,all_projects,04_500_1000,,2024-09,overlap_exposure,16,30,3.3974982498222404,0.7324449806708048,2.6650532691514353,2.6508012206403953,2.6508012206403953,observed_standardization_no_causal_or_significance_claim,common_bins
24m,all_projects,04_500_1000,,2024-09,equal_project,16,30,0.8259210184108347,0.21069289970452623,0.6152281187063083,2.6508012206403953,2.6508012206403953,observed_standardization_no_causal_or_significance_claim,common_bins
24m,all_projects,04_500_1000,,2024-10,overlap_exposure,16,28,2.868006387712013,0.37505788388885214,2.492948503823161,2.463949404403171,2.463949404403171,observed_standardization_no_causal_or_significance_claim,common_bins
24m,all_projects,04_500_1000,,2024-10,equal_project,16,28,1.034364299282562,0.0749421451625575,0.9594221541200043,2.463949404403171,2.463949404403171,observed_standardization_no_causal_or_significance_claim,common_bins
24m,all_projects,04_500_1000,,2024-11,overlap_exposure,20,32,1.8016901697295182,0.2341441722570141,1.567545997472504,1.5492316786676126,1.5492316786676126,observed_standardization_no_causal_or_significance_claim,common_bins
24m,all_projects,04_500_1000,,2024-11,equal_project,20,32,0.793820123355615,0.03713713284533665,0.7566829905102784,1.5492316786676126,1.5492316786676126,observed_standardization_no_causal_or_significance_claim,common_bins
24m,all_projects,04_500_1000,,2024-12,overlap_exposure,19,31,1.1509975786275681,0.1431994634237515,1.0077981152038167,1.0169954825657805,1.0169954825657805,observed_standardization_no_causal_or_significance_claim,common_bins
24m,all_projects,04_500_1000,,2024-12,equal_project,19,31,0.6446132129381928,0.03512515713875251,0.6094880557994403,1.0169954825657805,1.0169954825657805,observed_standardization_no_causal_or_significance_claim,common_bins
24m,all_projects,04_500_1000,,2025-01,overlap_exposure,18,30,1.6053404290714821,0.1844868631468785,1.4208535659246035,1.4200589521442737,1.4200589521442737,observed_standardization_no_causal_or_significance_claim,common_bins
24m,all_projects,04_500_1000,,2025-01,equal_project,18,30,0.5033748839824239,0.06669037118763489,0.43668451279478904,1.4200589521442737,1.4200589521442737,observed_standardization_no_causal_or_significance_claim,common_bins
24m,all_projects,04_500_1000,,2025-02,overlap_exposure,17,31,1.851547210444496,0.45603107825237693,1.3955161321921192,1.3496282872935557,1.3496282872935557,observed_standardization_no_causal_or_significance_claim,common_bins
24m,all_projects,04_500_1000,,2025-02,equal_project,17,31,0.7207673124668756,0.1604058681436966,0.560361444323179,1.3496282872935557,1.3496282872935557,observed_standardization_no_causal_or_significance_claim,common_bins
24m,all_projects,04_500_1000,,2025-03,overlap_exposure,18,31,1.4592592182651005,0.6227822649800983,0.8364769532850023,0.7988965263985747,0.7988965263985747,observed_standardization_no_causal_or_significance_claim,common_bins
24m,all_projects,04_500_1000,,2025-03,equal_project,18,31,0.4861600279531729,0.21552245714579313,0.2706375708073798,0.7988965263985747,0.7988965263985747,observed_standardization_no_causal_or_significance_claim,common_bins
24m,all_projects,04_500_1000,,2025-04,overlap_exposure,17,30,1.4256097195817325,0.717156628197122,0.7084530913846105,0.6280111550089579,0.6280111550089579,observed_standardization_no_causal_or_significance_claim,common_bins
24m,all_projects,04_500_1000,,2025-04,equal_project,17,30,0.45667978884479865,0.20166792819311571,0.2550118606516829,0.6280111550089579,0.6280111550089579,observed_standardization_no_causal_or_significance_claim,common_bins
24m,all_projects,04_500_1000,,2025-05,overlap_exposure,19,31,2.1466471331242314,0.49396072797776036,1.6526864051464714,1.60843415571486,1.60843415571486,observed_standardization_no_causal_or_significance_claim,common_bins
24m,all_projects,04_500_1000,,2025-05,equal_project,19,31,0.6795883872847271,0.12697746361258366,0.5526109236721435,1.60843415571486,1.60843415571486,observed_standardization_no_causal_or_significance_claim,common_bins
24m,all_projects,04_500_1000,,2025-06,overlap_exposure,19,30,2.4030680900562364,0.5766247100229523,1.8264433800332844,1.8237832778542216,1.8237832778542216,observed_standardization_no_causal_or_significance_claim,common_bins
24m,all_projects,04_500_1000,,2025-06,equal_project,19,30,0.9703927896148016,0.13956428512789948,0.8308285044869022,1.8237832778542216,1.8237832778542216,observed_standardization_no_causal_or_significance_claim,common_bins
24m,all_projects,04_500_1000,,2025-07,overlap_exposure,17,30,1.8293351110771343,0.4369002161593354,1.392434894917799,1.3717909775356385,1.3717909775356385,observed_standardization_no_causal_or_significance_claim,common_bins
24m,all_projects,04_500_1000,,2025-07,equal_project,17,30,0.7406967591583652,0.18580784634322908,0.5548889128151362,1.3717909775356385,1.3717909775356385,observed_standardization_no_causal_or_significance_claim,common_bins
24m,all_projects,04_500_1000,,2025-08,overlap_exposure,22,34,1.4936634178650041,0.3988057738929604,1.0948576439720439,1.0283031821141078,1.0283031821141078,observed_standardization_no_causal_or_significance_claim,common_bins
24m,all_projects,04_500_1000,,2025-08,equal_project,22,34,0.6812447521963029,0.15889889822358713,0.5223458539727157,1.0283031821141078,1.0283031821141078,observed_standardization_no_causal_or_significance_claim,common_bins
24m,all_projects,04_500_1000,,2025-09,overlap_exposure,19,29,1.1671776083021241,0.34550305262446157,0.8216745556776626,0.7847626240679874,0.7847626240679874,observed_standardization_no_causal_or_significance_claim,common_bins
24m,all_projects,04_500_1000,,2025-09,equal_project,19,29,0.7462390446370977,0.09676229800520769,0.6494767466318899,0.7847626240679874,0.7847626240679874,observed_standardization_no_causal_or_significance_claim,common_bins
24m,all_projects,04_500_1000,,2025-10,overlap_exposure,20,34,1.150465536585948,0.35272176402474464,0.7977437725612033,0.7399406299766437,0.7399406299766437,observed_standardization_no_causal_or_significance_claim,common_bins
24m,all_projects,04_500_1000,,2025-10,equal_project,20,34,0.4163494447324648,0.15169274160820118,0.2646567031242636,0.7399406299766437,0.7399406299766437,observed_standardization_no_causal_or_significance_claim,common_bins
24m,all_projects,04_500_1000,,2025-11,overlap_exposure,19,31,0.9661466128805007,0.3659261422772999,0.6002204706032008,0.5370394777109923,0.5370394777109923,observed_standardization_no_causal_or_significance_claim,common_bins
24m,all_projects,04_500_1000,,2025-11,equal_project,19,31,0.506071999310895,0.2195966433378709,0.2864753559730241,0.5370394777109923,0.5370394777109923,observed_standardization_no_causal_or_significance_claim,common_bins
24m,all_projects,04_500_1000,,2025-12,overlap_exposure,18,29,0.9149429426096218,0.5648951032171768,0.350047839392445,0.2924555177745676,0.2924555177745676,observed_standardization_no_causal_or_significance_claim,common_bins
24m,all_projects,04_500_1000,,2025-12,equal_project,18,29,0.955088160703621,0.35580726110676336,0.5992808995968577,0.2924555177745676,0.2924555177745676,observed_standardization_no_causal_or_significance_claim,common_bins
24m,all_projects,05_1000_2500,,2024-01,overlap_exposure,18,31,4.930815315727812,0.553104631419116,4.3777106843086955,4.045491648306015,4.045491648306015,observed_standardization_no_causal_or_significance_claim,common_bins
24m,all_projects,05_1000_2500,,2024-01,equal_project,18,31,1.0844619768933301,0.05611770291868343,1.0283442739746467,4.045491648306015,4.045491648306015,observed_standardization_no_causal_or_significance_claim,common_bins
24m,all_projects,05_1000_2500,,2024-02,overlap_exposure,19,30,3.642792650792108,0.48903293511170476,3.153759715680403,2.8459233137595503,2.8459233137595503,observed_standardization_no_causal_or_significance_claim,common_bins
24m,all_projects,05_1000_2500,,2024-02,equal_project,19,30,0.7032887832393346,0.042739939690702396,0.6605488435486323,2.8459233137595503,2.8459233137595503,observed_standardization_no_causal_or_significance_claim,common_bins
24m,all_projects,05_1000_2500,,2024-03,overlap_exposure,18,31,2.069765583659304,0.20272779284455375,1.86703779081475,1.8235448985652856,1.8235448985652856,observed_standardization_no_causal_or_significance_claim,common_bins
24m,all_projects,05_1000_2500,,2024-03,equal_project,18,31,0.867980809896283,0.05356334893190656,0.8144174609643765,1.8235448985652856,1.8235448985652856,observed_standardization_no_causal_or_significance_claim,common_bins
24m,all_projects,05_1000_2500,,2024-04,overlap_exposure,19,33,4.31299148947872,0.4637739221132309,3.849217567365489,3.630670476685917,3.630670476685917,observed_standardization_no_causal_or_significance_claim,common_bins
24m,all_projects,05_1000_2500,,2024-04,equal_project,19,33,1.3850277376240494,0.11673793136118175,1.2682898062628674,3.630670476685917,3.630670476685917,observed_standardization_no_causal_or_significance_claim,common_bins
24m,all_projects,05_1000_2500,,2024-05,overlap_exposure,18,29,6.162552917753306,0.7198671932627925,5.442685724490513,5.067519183781178,5.067519183781178,observed_standardization_no_causal_or_significance_claim,common_bins
24m,all_projects,05_1000_2500,,2024-05,equal_project,18,29,1.7613625811040485,0.10007430930434694,1.6612882717997015,5.067519183781178,5.067519183781178,observed_standardization_no_causal_or_significance_claim,common_bins
24m,all_projects,05_1000_2500,,2024-06,overlap_exposure,18,31,5.444594737446513,0.5798586522307428,4.86473608521577,4.6901434103539925,4.6901434103539925,observed_standardization_no_causal_or_significance_claim,common_bins
24m,all_projects,05_1000_2500,,2024-06,equal_project,18,31,1.9111786101075865,0.0910299946580028,1.8201486154495836,4.6901434103539925,4.6901434103539925,observed_standardization_no_causal_or_significance_claim,common_bins
24m,all_projects,05_1000_2500,,2024-07,overlap_exposure,14,28,5.434454201617924,0.7100978899581866,4.7243563116597365,4.428109456106142,4.428109456106142,observed_standardization_no_causal_or_significance_claim,common_bins
24m,all_projects,05_1000_2500,,2024-07,equal_project,14,28,1.4302127816549275,0.17372843725104115,1.2564843444038865,4.428109456106142,4.428109456106142,observed_standardization_no_causal_or_significance_claim,common_bins
24m,all_projects,05_1000_2500,,2024-08,overlap_exposure,17,31,3.9904461723273394,0.7356109793240775,3.254835193003262,3.0184193084161137,3.0184193084161137,observed_standardization_no_causal_or_significance_claim,common_bins
24m,all_projects,05_1000_2500,,2024-08,equal_project,17,31,1.108696539235908,0.18789905569188073,0.9207974835440274,3.0184193084161137,3.0184193084161137,observed_standardization_no_causal_or_significance_claim,common_bins
24m,all_projects,05_1000_2500,,2024-09,overlap_exposure,16,30,4.051726249021958,0.712734014621134,3.3389922344008243,3.148693076855791,3.148693076855791,observed_standardization_no_causal_or_significance_claim,common_bins
24m,all_projects,05_1000_2500,,2024-09,equal_project,16,30,0.6830422621403135,0.21069289970452623,0.47234936243578723,3.148693076855791,3.148693076855791,observed_standardization_no_causal_or_significance_claim,common_bins
24m,all_projects,05_1000_2500,,2024-10,overlap_exposure,16,28,3.8585890582120004,0.3687925084642061,3.4897965497477945,3.325480367871432,3.325480367871432,observed_standardization_no_causal_or_significance_claim,common_bins
24m,all_projects,05_1000_2500,,2024-10,equal_project,16,28,0.962470030471836,0.0749421451625575,0.8875278853092784,3.325480367871432,3.325480367871432,observed_standardization_no_causal_or_significance_claim,common_bins
24m,all_projects,05_1000_2500,,2024-11,overlap_exposure,20,32,2.524823289724364,0.22938491331465347,2.2954383764097104,2.173988472880642,2.173988472880642,observed_standardization_no_causal_or_significance_claim,common_bins
24m,all_projects,05_1000_2500,,2024-11,equal_project,20,32,0.9381717626068431,0.03713713284533665,0.9010346297615065,2.173988472880642,2.173988472880642,observed_standardization_no_causal_or_significance_claim,common_bins
24m,all_projects,05_1000_2500,,2024-12,overlap_exposure,19,31,1.642810327595456,0.14118191377365674,1.5016284138217995,1.4670092359707445,1.4670092359707445,observed_standardization_no_causal_or_significance_claim,common_bins
24m,all_projects,05_1000_2500,,2024-12,equal_project,19,31,0.9399302252240883,0.03512515713875251,0.9048050680853358,1.4670092359707445,1.4670092359707445,observed_standardization_no_causal_or_significance_claim,common_bins
24m,all_projects,05_1000_2500,,2025-01,overlap_exposure,18,30,1.79872313878164,0.1826205684792404,1.6161025703023997,1.5848047648239554,1.5848047648239554,observed_standardization_no_causal_or_significance_claim,common_bins
24m,all_projects,05_1000_2500,,2025-01,equal_project,18,30,0.5141694722953787,0.06669037118763489,0.4474791011077438,1.5848047648239554,1.5848047648239554,observed_standardization_no_causal_or_significance_claim,common_bins
24m,all_projects,05_1000_2500,,2025-02,overlap_exposure,17,31,1.7467303257301128,0.44805878439392693,1.2986715413361858,1.1980443661748905,1.1980443661748905,observed_standardization_no_causal_or_significance_claim,common_bins
24m,all_projects,05_1000_2500,,2025-02,equal_project,17,31,0.560280563165092,0.1604058681436966,0.3998746950213954,1.1980443661748905,1.1980443661748905,observed_standardization_no_causal_or_significance_claim,common_bins
24m,all_projects,05_1000_2500,,2025-03,overlap_exposure,18,31,1.574316882693922,0.6010508854853719,0.9732659972085502,0.854648642055652,0.854648642055652,observed_standardization_no_causal_or_significance_claim,common_bins
24m,all_projects,05_1000_2500,,2025-03,equal_project,18,31,0.741928601382949,0.21552245714579313,0.5264061442371559,0.854648642055652,0.854648642055652,observed_standardization_no_causal_or_significance_claim,common_bins
24m,all_projects,05_1000_2500,,2025-04,overlap_exposure,17,30,1.3495673693060861,0.6849527990696982,0.6646145702363879,0.5069515644415984,0.5069515644415984,observed_standardization_no_causal_or_significance_claim,common_bins
24m,all_projects,05_1000_2500,,2025-04,equal_project,17,30,0.6375875238436579,0.20166792819311571,0.43591959565054217,0.5069515644415984,0.5069515644415984,observed_standardization_no_causal_or_significance_claim,common_bins
24m,all_projects,05_1000_2500,,2025-05,overlap_exposure,19,31,1.722904398386496,0.4746149885341799,1.2482894098523163,1.1230150555287337,1.1230150555287337,observed_standardization_no_causal_or_significance_claim,common_bins
24m,all_projects,05_1000_2500,,2025-05,equal_project,19,31,0.6230162329459853,0.12697746361258366,0.49603876933340163,1.1230150555287337,1.1230150555287337,observed_standardization_no_causal_or_significance_claim,common_bins
24m,all_projects,05_1000_2500,,2025-06,overlap_exposure,19,30,1.7368615280614323,0.5514750817284085,1.1853864463330237,1.1031098983621102,1.1031098983621102,observed_standardization_no_causal_or_significance_claim,common_bins
24m,all_projects,05_1000_2500,,2025-06,equal_project,19,30,1.0372688418365874,0.13956428512789948,0.8977045567086881,1.1031098983621102,1.1031098983621102,observed_standardization_no_causal_or_significance_claim,common_bins
24m,all_projects,05_1000_2500,,2025-07,overlap_exposure,17,30,1.3494296596332496,0.43131628584328574,0.9181133737899638,0.8781438553297265,0.8781438553297265,observed_standardization_no_causal_or_significance_claim,common_bins
24m,all_projects,05_1000_2500,,2025-07,equal_project,17,30,0.8525150451692067,0.18580784634322908,0.6667071988259777,0.8781438553297265,0.8781438553297265,observed_standardization_no_causal_or_significance_claim,common_bins
24m,all_projects,05_1000_2500,,2025-08,overlap_exposure,22,34,1.1054803285880557,0.39865173037033785,0.7068285982177178,0.6569575777587748,0.6569575777587748,observed_standardization_no_causal_or_significance_claim,common_bins
24m,all_projects,05_1000_2500,,2025-08,equal_project,22,34,0.7567433663239318,0.15889889822358713,0.5978444681003446,0.6569575777587748,0.6569575777587748,observed_standardization_no_causal_or_significance_claim,common_bins
24m,all_projects,05_1000_2500,,2025-09,overlap_exposure,19,29,0.8193839967503709,0.34653898927302923,0.4728450074773417,0.43341224332602724,0.43341224332602724,observed_standardization_no_causal_or_significance_claim,common_bins
24m,all_projects,05_1000_2500,,2025-09,equal_project,19,29,0.747946497746575,0.09676229800520769,0.6511841997413672,0.43341224332602724,0.43341224332602724,observed_standardization_no_causal_or_significance_claim,common_bins
24m,all_projects,05_1000_2500,,2025-10,overlap_exposure,20,34,0.7869769199036527,0.35213256601734155,0.43484435388631115,0.3577224869431674,0.3577224869431674,observed_standardization_no_causal_or_significance_claim,common_bins
24m,all_projects,05_1000_2500,,2025-10,equal_project,20,34,0.422958450129689,0.15169274160820118,0.2712657085214878,0.3577224869431674,0.3577224869431674,observed_standardization_no_causal_or_significance_claim,common_bins
24m,all_projects,05_1000_2500,,2025-11,overlap_exposure,19,31,0.8093547119104739,0.37172140023884415,0.4376333116716298,0.3637963361024267,0.3637963361024267,observed_standardization_no_causal_or_significance_claim,common_bins
24m,all_projects,05_1000_2500,,2025-11,equal_project,19,31,0.7245213206568538,0.2195966433378709,0.504924677318983,0.3637963361024267,0.3637963361024267,observed_standardization_no_causal_or_significance_claim,common_bins
24m,all_projects,05_1000_2500,,2025-12,overlap_exposure,18,29,0.8442693120531334,0.5341626818476983,0.31010663020543516,0.2106936274528552,0.2106936274528552,observed_standardization_no_causal_or_significance_claim,common_bins
24m,all_projects,05_1000_2500,,2025-12,equal_project,18,29,0.8784209775386945,0.35580726110676336,0.5226137164319312,0.2106936274528552,0.2106936274528552,observed_standardization_no_causal_or_significance_claim,common_bins
24m,all_projects,06_2500_5000,,2024-01,overlap_exposure,18,31,6.307183607850374,0.5045786959516146,5.80260491189876,5.0697617028549535,5.0697617028549535,observed_standardization_no_causal_or_significance_claim,common_bins
24m,all_projects,06_2500_5000,,2024-01,equal_project,18,31,1.9456981883570061,0.05611770291868343,1.889580485438323,5.0697617028549535,5.0697617028549535,observed_standardization_no_causal_or_significance_claim,common_bins
24m,all_projects,06_2500_5000,,2024-02,overlap_exposure,19,30,5.200698838448129,0.4616547514216885,4.739044087026441,4.148521765371329,4.148521765371329,observed_standardization_no_causal_or_significance_claim,common_bins
24m,all_projects,06_2500_5000,,2024-02,equal_project,19,30,1.417042297030829,0.042739939690702396,1.3743023573401265,4.148521765371329,4.148521765371329,observed_standardization_no_causal_or_significance_claim,common_bins
24m,all_projects,06_2500_5000,,2024-03,overlap_exposure,18,31,3.793225895926066,0.20122053820340033,3.5920053577226656,3.3772810927509154,3.3772810927509154,observed_standardization_no_causal_or_significance_claim,common_bins
24m,all_projects,06_2500_5000,,2024-03,equal_project,18,31,1.637124715038759,0.05356334893190656,1.5835613661068524,3.3772810927509154,3.3772810927509154,observed_standardization_no_causal_or_significance_claim,common_bins
24m,all_projects,06_2500_5000,,2024-04,overlap_exposure,19,33,6.018069349934587,0.43841805234885206,5.579651297585735,5.111306892928165,5.111306892928165,observed_standardization_no_causal_or_significance_claim,common_bins
24m,all_projects,06_2500_5000,,2024-04,equal_project,19,33,1.8002907865001847,0.11673793136118175,1.6835528551390029,5.111306892928165,5.111306892928165,observed_standardization_no_causal_or_significance_claim,common_bins
24m,all_projects,06_2500_5000,,2024-05,overlap_exposure,18,29,6.80148294178463,0.6687631017273934,6.132719840057237,5.48789948605237,5.48789948605237,observed_standardization_no_causal_or_significance_claim,common_bins
24m,all_projects,06_2500_5000,,2024-05,equal_project,18,29,2.494318994034159,0.10007430930434694,2.3942446847298116,5.48789948605237,5.48789948605237,observed_standardization_no_causal_or_significance_claim,common_bins
24m,all_projects,06_2500_5000,,2024-06,overlap_exposure,18,31,6.33628249595741,0.5464418387195096,5.7898406572379,5.301714666264391,5.301714666264391,observed_standardization_no_causal_or_significance_claim,common_bins
24m,all_projects,06_2500_5000,,2024-06,equal_project,18,31,2.3130891103948974,0.0910299946580028,2.2220591157368945,5.301714666264391,5.301714666264391,observed_standardization_no_causal_or_significance_claim,common_bins
24m,all_projects,06_2500_5000,,2024-07,overlap_exposure,14,28,5.068319330455687,0.6520505140114671,4.416268816444219,3.8741766974767415,3.8741766974767415,observed_standardization_no_causal_or_significance_claim,common_bins
24m,all_projects,06_2500_5000,,2024-07,equal_project,14,28,1.3135073213488,0.17372843725104115,1.139778884097759,3.8741766974767415,3.8741766974767415,observed_standardization_no_causal_or_significance_claim,common_bins
24m,all_projects,06_2500_5000,,2024-08,overlap_exposure,17,31,3.8306554843155705,0.6640476269250732,3.166607857390497,2.6997058086344268,2.6997058086344268,observed_standardization_no_causal_or_significance_claim,common_bins
24m,all_projects,06_2500_5000,,2024-08,equal_project,17,31,1.0933061251330618,0.18789905569188073,0.9054070694411812,2.6997058086344268,2.6997058086344268,observed_standardization_no_causal_or_significance_claim,common_bins
24m,all_projects,06_2500_5000,,2024-09,overlap_exposure,16,30,3.555957152053171,0.6596557719900688,2.8963013800631026,2.5608440063954734,2.5608440063954734,observed_standardization_no_causal_or_significance_claim,common_bins
24m,all_projects,06_2500_5000,,2024-09,equal_project,16,30,0.8239389068606648,0.21069289970452623,0.6132460071561385,2.5608440063954734,2.5608440063954734,observed_standardization_no_causal_or_significance_claim,common_bins
24m,all_projects,06_2500_5000,,2024-10,overlap_exposure,16,28,3.4291033681093754,0.3463047902695875,3.0827985778397884,2.8127141458061504,2.8127141458061504,observed_standardization_no_causal_or_significance_claim,common_bins
24m,all_projects,06_2500_5000,,2024-10,equal_project,16,28,0.9180001048219326,0.0749421451625575,0.843057959659375,2.8127141458061504,2.8127141458061504,observed_standardization_no_causal_or_significance_claim,common_bins
24m,all_projects,06_2500_5000,,2024-11,overlap_exposure,20,32,2.665449409812504,0.21794552618448104,2.447503883628023,2.2349829032288886,2.2349829032288886,observed_standardization_no_causal_or_significance_claim,common_bins
24m,all_projects,06_2500_5000,,2024-11,equal_project,20,32,0.947558631378982,0.03713713284533665,0.9104214985336454,2.2349829032288886,2.2349829032288886,observed_standardization_no_causal_or_significance_claim,common_bins
24m,all_projects,06_2500_5000,,2024-12,overlap_exposure,19,31,2.089718657346328,0.1366407996191954,1.9530778577271326,1.8512023698404219,1.8512023698404219,observed_standardization_no_causal_or_significance_claim,common_bins
24m,all_projects,06_2500_5000,,2024-12,equal_project,19,31,1.1249037469605592,0.03512515713875251,1.0897785898218069,1.8512023698404219,1.8512023698404219,observed_standardization_no_causal_or_significance_claim,common_bins
24m,all_projects,06_2500_5000,,2025-01,overlap_exposure,18,30,2.244313431531301,0.17629652435662116,2.06801690717468,1.9870492831726885,1.9870492831726885,observed_standardization_no_causal_or_significance_claim,common_bins
24m,all_projects,06_2500_5000,,2025-01,equal_project,18,30,0.6779658879308096,0.06669037118763489,0.6112755167431747,1.9870492831726885,1.9870492831726885,observed_standardization_no_causal_or_significance_claim,common_bins
24m,all_projects,06_2500_5000,,2025-02,overlap_exposure,17,31,2.0259895165558444,0.42677278733072327,1.5992167292251211,1.4192893550301247,1.4192893550301247,observed_standardization_no_causal_or_significance_claim,common_bins
24m,all_projects,06_2500_5000,,2025-02,equal_project,17,31,0.6284178393045557,0.1604058681436966,0.46801197116085913,1.4192893550301247,1.4192893550301247,observed_standardization_no_causal_or_significance_claim,common_bins
24m,all_projects,06_2500_5000,,2025-03,overlap_exposure,18,31,1.8345634780366198,0.5567838621551409,1.277779615881479,1.0836533713889733,1.0836533713889733,observed_standardization_no_causal_or_significance_claim,common_bins
24m,all_projects,06_2500_5000,,2025-03,equal_project,18,31,1.077606076711989,0.21552245714579313,0.8620836195661958,1.0836533713889733,1.0836533713889733,observed_standardization_no_causal_or_significance_claim,common_bins
24m,all_projects,06_2500_5000,,2025-04,overlap_exposure,17,30,1.5803677473637208,0.6157156946816311,0.9646520526820899,0.7259967437973535,0.7259967437973535,observed_standardization_no_causal_or_significance_claim,common_bins
24m,all_projects,06_2500_5000,,2025-04,equal_project,17,30,0.7905480376275886,0.20166792819311571,0.5888801094344729,0.7259967437973535,0.7259967437973535,observed_standardization_no_causal_or_significance_claim,common_bins
24m,all_projects,06_2500_5000,,2025-05,overlap_exposure,19,31,1.6311219599396483,0.4266758491442803,1.204446110795368,1.0331163643093657,1.0331163643093657,observed_standardization_no_causal_or_significance_claim,common_bins
24m,all_projects,06_2500_5000,,2025-05,equal_project,19,31,0.7006785400526078,0.12697746361258366,0.5737010764400242,1.0331163643093657,1.0331163643093657,observed_standardization_no_causal_or_significance_claim,common_bins
24m,all_projects,06_2500_5000,,2025-06,overlap_exposure,19,30,1.6472181384184252,0.5010513021945675,1.1461668362238577,1.0035372017738575,1.0035372017738575,observed_standardization_no_causal_or_significance_claim,common_bins
24m,all_projects,06_2500_5000,,2025-06,equal_project,19,30,1.0132103704486777,0.13956428512789948,0.8736460853207781,1.0035372017738575,1.0035372017738575,observed_standardization_no_causal_or_significance_claim,common_bins
24m,all_projects,06_2500_5000,,2025-07,overlap_exposure,17,30,1.2081161060087224,0.41280497863344395,0.7953111273752783,0.7331550392348858,0.7331550392348858,observed_standardization_no_causal_or_significance_claim,common_bins
24m,all_projects,06_2500_5000,,2025-07,equal_project,17,30,0.8562752332592377,0.18580784634322908,0.6704673869160086,0.7331550392348858,0.7331550392348858,observed_standardization_no_causal_or_significance_claim,common_bins
24m,all_projects,06_2500_5000,,2025-08,overlap_exposure,22,34,0.9004280981637254,0.3887378381401067,0.5116902600236186,0.47116226739666955,0.47116226739666955,observed_standardization_no_causal_or_significance_claim,common_bins
24m,all_projects,06_2500_5000,,2025-08,equal_project,22,34,1.1979896561634304,0.15889889822358713,1.0390907579398434,0.47116226739666955,0.47116226739666955,observed_standardization_no_causal_or_significance_claim,common_bins
24m,all_projects,06_2500_5000,,2025-09,overlap_exposure,19,29,0.8856255056864328,0.3348155690817707,0.550809936604662,0.5066785391544367,0.5066785391544367,observed_standardization_no_causal_or_significance_claim,common_bins
24m,all_projects,06_2500_5000,,2025-09,equal_project,19,29,0.653160742672002,0.09676229800520769,0.5563984446667942,0.5066785391544367,0.5066785391544367,observed_standardization_no_causal_or_significance_claim,common_bins
24m,all_projects,06_2500_5000,,2025-10,overlap_exposure,20,34,0.7388927605157695,0.3479269008061956,0.3909658597095739,0.32206623415778235,0.32206623415778235,observed_standardization_no_causal_or_significance_claim,common_bins
24m,all_projects,06_2500_5000,,2025-10,equal_project,20,34,0.395324880337238,0.15169274160820118,0.24363213872903683,0.32206623415778235,0.32206623415778235,observed_standardization_no_causal_or_significance_claim,common_bins
24m,all_projects,06_2500_5000,,2025-11,overlap_exposure,19,31,0.7459249044177444,0.3548519546420774,0.391072949775667,0.31560083593356714,0.31560083593356714,observed_standardization_no_causal_or_significance_claim,common_bins
24m,all_projects,06_2500_5000,,2025-11,equal_project,19,31,0.6042288407811828,0.2195966433378709,0.38463219744331184,0.31560083593356714,0.31560083593356714,observed_standardization_no_causal_or_significance_claim,common_bins
24m,all_projects,06_2500_5000,,2025-12,overlap_exposure,18,29,0.8274184716858162,0.48296156293535103,0.3444569087504652,0.2016420027008944,0.2016420027008944,observed_standardization_no_causal_or_significance_claim,common_bins
24m,all_projects,06_2500_5000,,2025-12,equal_project,18,29,0.7499635676493237,0.35580726110676336,0.3941563065425603,0.2016420027008944,0.2016420027008944,observed_standardization_no_causal_or_significance_claim,common_bins
24m,all_projects,07_5000_10000,,2024-01,overlap_exposure,18,31,7.243809842652837,0.4445490727253308,6.799260769927507,5.7226569995139975,5.7226569995139975,observed_standardization_no_causal_or_significance_claim,common_bins
24m,all_projects,07_5000_10000,,2024-01,equal_project,18,31,2.4478186900370904,0.05611770291868343,2.391700987118407,5.7226569995139975,5.7226569995139975,observed_standardization_no_causal_or_significance_claim,common_bins
24m,all_projects,07_5000_10000,,2024-02,overlap_exposure,19,30,6.288941025697231,0.4151697115446492,5.873771314152582,4.959067716606555,4.959067716606555,observed_standardization_no_causal_or_significance_claim,common_bins
24m,all_projects,07_5000_10000,,2024-02,equal_project,19,30,2.655580330352562,0.042739939690702396,2.6128403906618596,4.959067716606555,4.959067716606555,observed_standardization_no_causal_or_significance_claim,common_bins
24m,all_projects,07_5000_10000,,2024-03,overlap_exposure,18,31,5.223048027312753,0.19772574575105972,5.025322281561694,4.484415059458676,4.484415059458676,observed_standardization_no_causal_or_significance_claim,common_bins
24m,all_projects,07_5000_10000,,2024-03,equal_project,18,31,1.9231919263470663,0.05356334893190656,1.8696285774151598,4.484415059458676,4.484415059458676,observed_standardization_no_causal_or_significance_claim,common_bins
24m,all_projects,07_5000_10000,,2024-04,overlap_exposure,19,33,6.678772049812828,0.3976495777895667,6.281122472023262,5.430864057102087,5.430864057102087,observed_standardization_no_causal_or_significance_claim,common_bins
24m,all_projects,07_5000_10000,,2024-04,equal_project,19,33,1.4326713661055348,0.11673793136118175,1.315933434744353,5.430864057102087,5.430864057102087,observed_standardization_no_causal_or_significance_claim,common_bins
24m,all_projects,07_5000_10000,,2024-05,overlap_exposure,18,29,6.59986552133527,0.5991719507091392,6.000693570626131,5.011673658757857,5.011673658757857,observed_standardization_no_causal_or_significance_claim,common_bins
24m,all_projects,07_5000_10000,,2024-05,equal_project,18,29,2.292691536534394,0.10007430930434694,2.1926172272300466,5.011673658757857,5.011673658757857,observed_standardization_no_causal_or_significance_claim,common_bins
24m,all_projects,07_5000_10000,,2024-06,overlap_exposure,18,31,6.475625734872185,0.4956165392715843,5.980009195600601,5.14310500962794,5.14310500962794,observed_standardization_no_causal_or_significance_claim,common_bins
24m,all_projects,07_5000_10000,,2024-06,equal_project,18,31,1.3174655769688748,0.0910299946580028,1.2264355823108721,5.14310500962794,5.14310500962794,observed_standardization_no_causal_or_significance_claim,common_bins
24m,all_projects,07_5000_10000,,2024-07,overlap_exposure,14,28,4.568224448874874,0.5659112475863786,4.002313201288495,3.215892872768674,3.215892872768674,observed_standardization_no_causal_or_significance_claim,common_bins
24m,all_projects,07_5000_10000,,2024-07,equal_project,14,28,1.5370735124053947,0.17372843725104115,1.3633450751543537,3.215892872768674,3.215892872768674,observed_standardization_no_causal_or_significance_claim,common_bins
24m,all_projects,07_5000_10000,,2024-08,overlap_exposure,17,31,3.5700250870559382,0.5697534799623687,3.0002716070935698,2.3960323719276313,2.3960323719276313,observed_standardization_no_causal_or_significance_claim,common_bins
24m,all_projects,07_5000_10000,,2024-08,equal_project,17,31,1.071093280757722,0.18789905569188073,0.8831942250658413,2.3960323719276313,2.3960323719276313,observed_standardization_no_causal_or_significance_claim,common_bins
24m,all_projects,07_5000_10000,,2024-09,overlap_exposure,16,30,3.33575974475658,0.5837509865647201,2.75200875819186,2.351466764902033,2.351466764902033,observed_standardization_no_causal_or_significance_claim,common_bins
24m,all_projects,07_5000_10000,,2024-09,equal_project,16,30,1.2149042527406437,0.21069289970452623,1.0042113530361174,2.351466764902033,2.351466764902033,observed_standardization_no_causal_or_significance_claim,common_bins
24m,all_projects,07_5000_10000,,2024-10,overlap_exposure,16,28,3.3679969303706856,0.3151749075140957,3.05282202285659,2.7117902261700593,2.7117902261700593,observed_standardization_no_causal_or_significance_claim,common_bins
24m,all_projects,07_5000_10000,,2024-10,equal_project,16,28,0.95093056335559,0.0749421451625575,0.8759884181930324,2.7117902261700593,2.7117902261700593,observed_standardization_no_causal_or_significance_claim,common_bins
24m,all_projects,07_5000_10000,,2024-11,overlap_exposure,20,32,3.0157602950293687,0.19755830243767036,2.818201992591698,2.4582554668389602,2.4582554668389602,observed_standardization_no_causal_or_significance_claim,common_bins
24m,all_projects,07_5000_10000,,2024-11,equal_project,20,32,0.8274283789227745,0.03713713284533665,0.7902912460774381,2.4582554668389602,2.4582554668389602,observed_standardization_no_causal_or_significance_claim,common_bins
24m,all_projects,07_5000_10000,,2024-12,overlap_exposure,19,31,2.158147022294174,0.1286440400523147,2.0295029822418593,1.8144219544454374,1.8144219544454374,observed_standardization_no_causal_or_significance_claim,common_bins
24m,all_projects,07_5000_10000,,2024-12,equal_project,19,31,0.7668618643769551,0.03512515713875251,0.7317367072382026,1.8144219544454374,1.8144219544454374,observed_standardization_no_causal_or_significance_claim,common_bins
24m,all_projects,07_5000_10000,,2025-01,overlap_exposure,18,30,2.659810740192799,0.163945312917715,2.4958654272750835,2.29819515697039,2.29819515697039,observed_standardization_no_causal_or_significance_claim,common_bins
24m,all_projects,07_5000_10000,,2025-01,equal_project,18,30,0.6383286727310099,0.06669037118763489,0.571638301543375,2.29819515697039,2.29819515697039,observed_standardization_no_causal_or_significance_claim,common_bins
24m,all_projects,07_5000_10000,,2025-02,overlap_exposure,17,31,1.7456069358003763,0.4067802115769813,1.338826724223395,1.1169662355037708,1.1169662355037708,observed_standardization_no_causal_or_significance_claim,common_bins
24m,all_projects,07_5000_10000,,2025-02,equal_project,17,31,0.5575171353584956,0.1604058681436966,0.397111267214799,1.1169662355037708,1.1169662355037708,observed_standardization_no_causal_or_significance_claim,common_bins
24m,all_projects,07_5000_10000,,2025-03,overlap_exposure,18,31,1.0831079657646625,0.5320667767561191,0.5510411890085434,0.40743388744477993,0.40743388744477993,observed_standardization_no_causal_or_significance_claim,common_bins
24m,all_projects,07_5000_10000,,2025-03,equal_project,18,31,0.5997588831128673,0.21552245714579313,0.38423642596707414,0.40743388744477993,0.40743388744477993,observed_standardization_no_causal_or_significance_claim,common_bins
24m,all_projects,07_5000_10000,,2025-04,overlap_exposure,17,30,1.178533098057469,0.5708655622566059,0.6076675358008632,0.36887776983625237,0.36887776983625237,observed_standardization_no_causal_or_significance_claim,common_bins
24m,all_projects,07_5000_10000,,2025-04,equal_project,17,30,0.9511015624523349,0.20166792819311571,0.7494336342592192,0.36887776983625237,0.36887776983625237,observed_standardization_no_causal_or_significance_claim,common_bins
24m,all_projects,07_5000_10000,,2025-05,overlap_exposure,19,31,1.3244913324519159,0.379815073128144,0.9446762593237719,0.7298193745623629,0.7298193745623629,observed_standardization_no_causal_or_significance_claim,common_bins
24m,all_projects,07_5000_10000,,2025-05,equal_project,19,31,1.033476895369244,0.12697746361258366,0.9064994317566601,0.7298193745623629,0.7298193745623629,observed_standardization_no_causal_or_significance_claim,common_bins
24m,all_projects,07_5000_10000,,2025-06,overlap_exposure,19,30,1.3755624735904004,0.4245518405619711,0.9510106330284294,0.7383904350036747,0.7383904350036747,observed_standardization_no_causal_or_significance_claim,common_bins
24m,all_projects,07_5000_10000,,2025-06,equal_project,19,30,1.1801430906873898,0.13956428512789948,1.0405788055594902,0.7383904350036747,0.7383904350036747,observed_standardization_no_causal_or_significance_claim,common_bins
24m,all_projects,07_5000_10000,,2025-07,overlap_exposure,17,30,1.37729560667422,0.36678890313060225,1.0105067035436177,0.8888810009786813,0.8888810009786813,observed_standardization_no_causal_or_significance_claim,common_bins
24m,all_projects,07_5000_10000,,2025-07,equal_project,17,30,1.0281987195704057,0.18580784634322908,0.8423908732271765,0.8888810009786813,0.8888810009786813,observed_standardization_no_causal_or_significance_claim,common_bins
24m,all_projects,07_5000_10000,,2025-08,overlap_exposure,22,34,1.0688168840196026,0.33700660947183353,0.731810274547769,0.6185608921430354,0.6185608921430354,observed_standardization_no_causal_or_significance_claim,common_bins
24m,all_projects,07_5000_10000,,2025-08,equal_project,22,34,1.0871799681205945,0.15889889822358713,0.9282810698970073,0.6185608921430354,0.6185608921430354,observed_standardization_no_causal_or_significance_claim,common_bins
24m,all_projects,07_5000_10000,,2025-09,overlap_exposure,19,29,0.9766307235878846,0.2956442316749278,0.6809864919129568,0.5648358539352015,0.5648358539352015,observed_standardization_no_causal_or_significance_claim,common_bins
24m,all_projects,07_5000_10000,,2025-09,equal_project,19,29,0.8730421686451889,0.09676229800520769,0.7762798706399812,0.5648358539352015,0.5648358539352015,observed_standardization_no_causal_or_significance_claim,common_bins
24m,all_projects,07_5000_10000,,2025-10,overlap_exposure,20,34,0.718699297806492,0.32001367186280016,0.39868562594369183,0.2906029814735444,0.2906029814735444,observed_standardization_no_causal_or_significance_claim,common_bins
24m,all_projects,07_5000_10000,,2025-10,equal_project,20,34,0.41535474774803033,0.15169274160820118,0.2636620061398291,0.2906029814735444,0.2906029814735444,observed_standardization_no_causal_or_significance_claim,common_bins
24m,all_projects,07_5000_10000,,2025-11,overlap_exposure,19,31,0.6515165956007244,0.31336356511628083,0.33815303048444356,0.2108750986093316,0.2108750986093316,observed_standardization_no_causal_or_significance_claim,common_bins
24m,all_projects,07_5000_10000,,2025-11,equal_project,19,31,0.7217320481760522,0.2195966433378709,0.5021354048381813,0.2108750986093316,0.2108750986093316,observed_standardization_no_causal_or_significance_claim,common_bins
24m,all_projects,07_5000_10000,,2025-12,overlap_exposure,18,29,0.7505057534153531,0.4420004576544379,0.3085052957609151,0.11163390926566419,0.11163390926566419,observed_standardization_no_causal_or_significance_claim,common_bins
24m,all_projects,07_5000_10000,,2025-12,equal_project,18,29,0.7396996201291762,0.35580726110676336,0.38389235902241287,0.11163390926566419,0.11163390926566419,observed_standardization_no_causal_or_significance_claim,common_bins
24m,all_projects,08_10000_25000,,2024-01,overlap_exposure,18,31,6.864117176634021,0.37539632277250296,6.488720853861518,5.239490491104558,5.239490491104558,observed_standardization_no_causal_or_significance_claim,common_bins
24m,all_projects,08_10000_25000,,2024-01,equal_project,18,31,3.1663126653084896,0.05611770291868343,3.1101949623898064,5.239490491104558,5.239490491104558,observed_standardization_no_causal_or_significance_claim,common_bins
24m,all_projects,08_10000_25000,,2024-02,overlap_exposure,19,30,5.950222314049175,0.35068892538764973,5.599533388661525,4.53442208660624,4.53442208660624,observed_standardization_no_causal_or_significance_claim,common_bins
24m,all_projects,08_10000_25000,,2024-02,equal_project,19,30,2.131251421518189,0.042739939690702396,2.088511481827487,4.53442208660624,4.53442208660624,observed_standardization_no_causal_or_significance_claim,common_bins
24m,all_projects,08_10000_25000,,2024-03,overlap_exposure,18,31,6.4740510069694395,0.19177462159367456,6.2822763853757655,5.209317223018902,5.209317223018902,observed_standardization_no_causal_or_significance_claim,common_bins
24m,all_projects,08_10000_25000,,2024-03,equal_project,18,31,2.6217822298939986,0.05356334893190656,2.568218880962092,5.209317223018902,5.209317223018902,observed_standardization_no_causal_or_significance_claim,common_bins
24m,all_projects,08_10000_25000,,2024-04,overlap_exposure,19,33,6.486362413359082,0.34796945320147626,6.138392960157605,4.813442601571259,4.813442601571259,observed_standardization_no_causal_or_significance_claim,common_bins
24m,all_projects,08_10000_25000,,2024-04,equal_project,19,33,1.9086079192968588,0.11673793136118175,1.7918699879356772,4.813442601571259,4.813442601571259,observed_standardization_no_causal_or_significance_claim,common_bins
24m,all_projects,08_10000_25000,,2024-05,overlap_exposure,18,29,6.062302668578883,0.5296309009806839,5.532671767598199,4.251934521191432,4.251934521191432,observed_standardization_no_causal_or_significance_claim,common_bins
24m,all_projects,08_10000_25000,,2024-05,equal_project,18,29,2.6885829044629292,0.10007430930434694,2.5885085951585824,4.251934521191432,4.251934521191432,observed_standardization_no_causal_or_significance_claim,common_bins
24m,all_projects,08_10000_25000,,2024-06,overlap_exposure,18,31,6.082437687220244,0.43342650222147105,5.6490111849987725,4.560070007479921,4.560070007479921,observed_standardization_no_causal_or_significance_claim,common_bins
24m,all_projects,08_10000_25000,,2024-06,equal_project,18,31,1.586754234974776,0.0910299946580028,1.4957242403167732,4.560070007479921,4.560070007479921,observed_standardization_no_causal_or_significance_claim,common_bins
24m,all_projects,08_10000_25000,,2024-07,overlap_exposure,14,28,3.599205569651418,0.4651700334513065,3.1340355362001118,2.3491379192167434,2.3491379192167434,observed_standardization_no_causal_or_significance_claim,common_bins
24m,all_projects,08_10000_25000,,2024-07,equal_project,14,28,1.684208924091,0.17372843725104115,1.510480486839959,2.3491379192167434,2.3491379192167434,observed_standardization_no_causal_or_significance_claim,common_bins
24m,all_projects,08_10000_25000,,2024-08,overlap_exposure,17,31,2.771951601588433,0.4702785897744142,2.3016730118140183,1.7365110712246181,1.7365110712246181,observed_standardization_no_causal_or_significance_claim,common_bins
24m,all_projects,08_10000_25000,,2024-08,equal_project,17,31,1.4479767922900804,0.18789905569188073,1.2600777365981997,1.7365110712246181,1.7365110712246181,observed_standardization_no_causal_or_significance_claim,common_bins
24m,all_projects,08_10000_25000,,2024-09,overlap_exposure,16,30,3.025044673553734,0.49494222029132195,2.530102453262412,2.009718031060814,2.009718031060814,observed_standardization_no_causal_or_significance_claim,common_bins
24m,all_projects,08_10000_25000,,2024-09,equal_project,16,30,1.775450572381077,0.21069289970452623,1.5647576726765506,2.009718031060814,2.009718031060814,observed_standardization_no_causal_or_significance_claim,common_bins
24m,all_projects,08_10000_25000,,2024-10,overlap_exposure,16,28,3.0862218284413276,0.2738208326410781,2.8124009958002496,2.4542285646122686,2.4542285646122686,observed_standardization_no_causal_or_significance_claim,common_bins
24m,all_projects,08_10000_25000,,2024-10,equal_project,16,28,1.5222690379111161,0.0749421451625575,1.4473268927485585,2.4542285646122686,2.4542285646122686,observed_standardization_no_causal_or_significance_claim,common_bins
24m,all_projects,08_10000_25000,,2024-11,overlap_exposure,20,32,2.617103222393918,0.17901220620793085,2.4380910161859872,2.0757746250385636,2.0757746250385636,observed_standardization_no_causal_or_significance_claim,common_bins
24m,all_projects,08_10000_25000,,2024-11,equal_project,20,32,1.1643874919745252,0.03713713284533665,1.1272503591291885,2.0757746250385636,2.0757746250385636,observed_standardization_no_causal_or_significance_claim,common_bins
24m,all_projects,08_10000_25000,,2024-12,overlap_exposure,19,31,2.116201399619873,0.12050824240948002,1.995693157210393,1.736261341742791,1.736261341742791,observed_standardization_no_causal_or_significance_claim,common_bins
24m,all_projects,08_10000_25000,,2024-12,equal_project,19,31,0.5008031654880636,0.03512515713875251,0.465678008349311,1.736261341742791,1.736261341742791,observed_standardization_no_causal_or_significance_claim,common_bins
24m,all_projects,08_10000_25000,,2025-01,overlap_exposure,18,30,2.15187962217185,0.15242331789623512,1.9994563042756148,1.7513040127492032,1.7513040127492032,observed_standardization_no_causal_or_significance_claim,common_bins
24m,all_projects,08_10000_25000,,2025-01,equal_project,18,30,0.6307710439734912,0.06669037118763489,0.5640806727858563,1.7513040127492032,1.7513040127492032,observed_standardization_no_causal_or_significance_claim,common_bins
24m,all_projects,08_10000_25000,,2025-02,overlap_exposure,17,31,0.9962544952579854,0.3932950093365001,0.6029594859214853,0.47089695219777294,0.47089695219777294,observed_standardization_no_causal_or_significance_claim,common_bins
24m,all_projects,08_10000_25000,,2025-02,equal_project,17,31,0.6041267261111978,0.1604058681436966,0.44372085796750116,0.47089695219777294,0.47089695219777294,observed_standardization_no_causal_or_significance_claim,common_bins
24m,all_projects,08_10000_25000,,2025-03,overlap_exposure,18,31,0.6026399891611258,0.487852346105498,0.1147876430556278,-0.03447667424550972,-0.03447667424550972,observed_standardization_no_causal_or_significance_claim,common_bins
24m,all_projects,08_10000_25000,,2025-03,equal_project,18,31,0.4654709699381943,0.21552245714579313,0.24994851279240118,-0.03447667424550972,-0.03447667424550972,observed_standardization_no_causal_or_significance_claim,common_bins
24m,all_projects,08_10000_25000,,2025-04,overlap_exposure,17,30,0.8003107884876077,0.513809406981712,0.2865013815058958,0.01748068101134724,0.01748068101134724,observed_standardization_no_causal_or_significance_claim,common_bins
24m,all_projects,08_10000_25000,,2025-04,equal_project,17,30,0.9298800856416114,0.20166792819311571,0.7282121574484957,0.01748068101134724,0.01748068101134724,observed_standardization_no_causal_or_significance_claim,common_bins
24m,all_projects,08_10000_25000,,2025-05,overlap_exposure,19,31,0.9875504570468648,0.3475935642470898,0.6399568927997751,0.4265211091462613,0.4265211091462613,observed_standardization_no_causal_or_significance_claim,common_bins
24m,all_projects,08_10000_25000,,2025-05,equal_project,19,31,0.9574215524060046,0.12697746361258366,0.8304440887934208,0.4265211091462613,0.4265211091462613,observed_standardization_no_causal_or_significance_claim,common_bins
24m,all_projects,08_10000_25000,,2025-06,overlap_exposure,19,30,0.9002103970290906,0.3762895940717692,0.5239208029573215,0.28363993189672665,0.28363993189672665,observed_standardization_no_causal_or_significance_claim,common_bins
24m,all_projects,08_10000_25000,,2025-06,equal_project,19,30,1.3442533564978607,0.13956428512789948,1.2046890713699612,0.28363993189672665,0.28363993189672665,observed_standardization_no_causal_or_significance_claim,common_bins
24m,all_projects,08_10000_25000,,2025-07,overlap_exposure,17,30,1.1070142346389347,0.3246712592906481,0.7823429753482867,0.5948953082598395,0.5948953082598395,observed_standardization_no_causal_or_significance_claim,common_bins
24m,all_projects,08_10000_25000,,2025-07,equal_project,17,30,1.4168649940995994,0.18580784634322908,1.2310571477563703,0.5948953082598395,0.5948953082598395,observed_standardization_no_causal_or_significance_claim,common_bins
24m,all_projects,08_10000_25000,,2025-08,overlap_exposure,22,34,0.922799998165097,0.2908191069189899,0.6319808912461071,0.43630345526188535,0.43630345526188535,observed_standardization_no_causal_or_significance_claim,common_bins
24m,all_projects,08_10000_25000,,2025-08,equal_project,22,34,0.8374649042689596,0.15889889822358713,0.6785660060453725,0.43630345526188535,0.43630345526188535,observed_standardization_no_causal_or_significance_claim,common_bins
24m,all_projects,08_10000_25000,,2025-09,overlap_exposure,19,29,0.7975672262210088,0.25596636515168497,0.5416008610693239,0.36692910625306263,0.36692910625306263,observed_standardization_no_causal_or_significance_claim,common_bins
24m,all_projects,08_10000_25000,,2025-09,equal_project,19,29,0.8243290948521115,0.09676229800520769,0.7275667968469037,0.36692910625306263,0.36692910625306263,observed_standardization_no_causal_or_significance_claim,common_bins
24m,all_projects,08_10000_25000,,2025-10,overlap_exposure,20,34,0.6847865829978821,0.2906311121042355,0.3941554708936466,0.2504778890379094,0.2504778890379094,observed_standardization_no_causal_or_significance_claim,common_bins
24m,all_projects,08_10000_25000,,2025-10,equal_project,20,34,0.7972291640828655,0.15169274160820118,0.6455364224746643,0.2504778890379094,0.2504778890379094,observed_standardization_no_causal_or_significance_claim,common_bins
24m,all_projects,08_10000_25000,,2025-11,overlap_exposure,19,31,0.5756489159038674,0.2821690033349428,0.2934799125689246,0.11549513174574046,0.11549513174574046,observed_standardization_no_causal_or_significance_claim,common_bins
24m,all_projects,08_10000_25000,,2025-11,equal_project,19,31,1.3562464349343244,0.2195966433378709,1.1366497915964535,0.11549513174574046,0.11549513174574046,observed_standardization_no_causal_or_significance_claim,common_bins
24m,all_projects,08_10000_25000,,2025-12,overlap_exposure,18,29,0.7519385212492563,0.40821215370393144,0.3437263675453248,0.09288758342994655,0.09288758342994655,observed_standardization_no_causal_or_significance_claim,common_bins
24m,all_projects,08_10000_25000,,2025-12,equal_project,18,29,0.5605250832869599,0.35580726110676336,0.20471782218019655,0.09288758342994655,0.09288758342994655,observed_standardization_no_causal_or_significance_claim,common_bins
24m,all_projects,09_25000_50000,,2024-01,overlap_exposure,18,31,4.6775840416373,0.29748666778078436,4.380097373856516,3.5335470004400378,3.5335470004400378,observed_standardization_no_causal_or_significance_claim,common_bins
24m,all_projects,09_25000_50000,,2024-01,equal_project,18,31,2.665947298315647,0.05611770291868343,2.6098295953969637,3.5335470004400378,3.5335470004400378,observed_standardization_no_causal_or_significance_claim,common_bins
24m,all_projects,09_25000_50000,,2024-02,overlap_exposure,19,30,4.623958330342644,0.27239965271331307,4.351558677629331,3.713253733719879,3.713253733719879,observed_standardization_no_causal_or_significance_claim,common_bins
24m,all_projects,09_25000_50000,,2024-02,equal_project,19,30,3.9732430583384146,0.042739939690702396,3.9305031186477124,3.713253733719879,3.713253733719879,observed_standardization_no_causal_or_significance_claim,common_bins
24m,all_projects,09_25000_50000,,2024-03,overlap_exposure,18,31,5.739912834016171,0.1786205610087959,5.561292273007376,4.701395602290455,4.701395602290455,observed_standardization_no_causal_or_significance_claim,common_bins
24m,all_projects,09_25000_50000,,2024-03,equal_project,18,31,2.515903083803093,0.05356334893190656,2.4623397348711866,4.701395602290455,4.701395602290455,observed_standardization_no_causal_or_significance_claim,common_bins
24m,all_projects,09_25000_50000,,2024-04,overlap_exposure,19,33,4.541790796218546,0.26802737142953337,4.273763424789013,3.4144462809905782,3.4144462809905782,observed_standardization_no_causal_or_significance_claim,common_bins
24m,all_projects,09_25000_50000,,2024-04,equal_project,19,33,2.265808702012205,0.11673793136118175,2.1490707706510235,3.4144462809905782,3.4144462809905782,observed_standardization_no_causal_or_significance_claim,common_bins
24m,all_projects,09_25000_50000,,2024-05,overlap_exposure,18,29,3.7097303812564544,0.40237218738368796,3.307358193872766,2.5708893608313494,2.5708893608313494,observed_standardization_no_causal_or_significance_claim,common_bins
24m,all_projects,09_25000_50000,,2024-05,equal_project,18,29,3.2290335375096686,0.10007430930434694,3.128959228205322,2.5708893608313494,2.5708893608313494,observed_standardization_no_causal_or_significance_claim,common_bins
24m,all_projects,09_25000_50000,,2024-06,overlap_exposure,18,31,3.854970383314793,0.32005378087340025,3.534916602441393,2.9099830740125343,2.9099830740125343,observed_standardization_no_causal_or_significance_claim,common_bins
24m,all_projects,09_25000_50000,,2024-06,equal_project,18,31,1.6428853546250135,0.0910299946580028,1.5518553599670109,2.9099830740125343,2.9099830740125343,observed_standardization_no_causal_or_significance_claim,common_bins
24m,all_projects,09_25000_50000,,2024-07,overlap_exposure,14,28,1.9395964845049967,0.345587919399781,1.5940085651052156,1.0506916853587995,1.0506916853587995,observed_standardization_no_causal_or_significance_claim,common_bins
24m,all_projects,09_25000_50000,,2024-07,equal_project,14,28,1.709264759925417,0.17372843725104115,1.5355363226743757,1.0506916853587995,1.0506916853587995,observed_standardization_no_causal_or_significance_claim,common_bins
24m,all_projects,09_25000_50000,,2024-08,overlap_exposure,17,31,3.07218979135661,0.4180493231164183,2.654140468240192,1.9687930531502533,1.9687930531502533,observed_standardization_no_causal_or_significance_claim,common_bins
24m,all_projects,09_25000_50000,,2024-08,equal_project,17,31,1.4869307858667475,0.18789905569188073,1.2990317301748668,1.9687930531502533,1.9687930531502533,observed_standardization_no_causal_or_significance_claim,common_bins
24m,all_projects,09_25000_50000,,2024-09,overlap_exposure,16,30,2.583032156008104,0.43551568289333203,2.1475164731147722,1.5967500766056069,1.5967500766056069,observed_standardization_no_causal_or_significance_claim,common_bins
24m,all_projects,09_25000_50000,,2024-09,equal_project,16,30,1.5082424330847084,0.21069289970452623,1.2975495333801823,1.5967500766056069,1.5967500766056069,observed_standardization_no_causal_or_significance_claim,common_bins
24m,all_projects,09_25000_50000,,2024-10,overlap_exposure,16,28,2.369610520567599,0.22270763398107352,2.1469028865865254,1.806790507204685,1.806790507204685,observed_standardization_no_causal_or_significance_claim,common_bins
24m,all_projects,09_25000_50000,,2024-10,equal_project,16,28,0.9399338177840515,0.0749421451625575,0.8649916726214939,1.806790507204685,1.806790507204685,observed_standardization_no_causal_or_significance_claim,common_bins
24m,all_projects,09_25000_50000,,2024-11,overlap_exposure,20,32,1.628072004842774,0.1465604154743535,1.4815115893684205,1.258513895711153,1.258513895711153,observed_standardization_no_causal_or_significance_claim,common_bins
24m,all_projects,09_25000_50000,,2024-11,equal_project,20,32,1.3835951719134274,0.03713713284533665,1.3464580390680907,1.258513895711153,1.258513895711153,observed_standardization_no_causal_or_significance_claim,common_bins
24m,all_projects,09_25000_50000,,2024-12,overlap_exposure,19,31,1.5388199760441206,0.10366947673193011,1.4351504993121904,1.2636568662167693,1.2636568662167693,observed_standardization_no_causal_or_significance_claim,common_bins
24m,all_projects,09_25000_50000,,2024-12,equal_project,19,31,0.7741378265323762,0.03512515713875251,0.7390126693936236,1.2636568662167693,1.2636568662167693,observed_standardization_no_causal_or_significance_claim,common_bins
24m,all_projects,09_25000_50000,,2025-01,overlap_exposure,18,30,1.2511276512395224,0.12760654169575975,1.1235211095437627,0.9154347578680732,0.9154347578680732,observed_standardization_no_causal_or_significance_claim,common_bins
24m,all_projects,09_25000_50000,,2025-01,equal_project,18,30,0.6349202679143029,0.06669037118763489,0.568229896726668,0.9154347578680732,0.9154347578680732,observed_standardization_no_causal_or_significance_claim,common_bins
24m,all_projects,09_25000_50000,,2025-02,overlap_exposure,17,31,0.6335071054038395,0.3549676545504531,0.2785394508533864,0.14549921026957352,0.14549921026957352,observed_standardization_no_causal_or_significance_claim,common_bins
24m,all_projects,09_25000_50000,,2025-02,equal_project,17,31,1.2367230995285143,0.1604058681436966,1.0763172313848177,0.14549921026957352,0.14549921026957352,observed_standardization_no_causal_or_significance_claim,common_bins
24m,all_projects,09_25000_50000,,2025-03,overlap_exposure,18,31,0.49859517330594366,0.43983431019973523,0.05876086310620844,-0.12623385639104132,-0.12623385639104132,observed_standardization_no_causal_or_significance_claim,common_bins
24m,all_projects,09_25000_50000,,2025-03,equal_project,18,31,1.140183639326731,0.21552245714579313,0.924661182180938,-0.12623385639104132,-0.12623385639104132,observed_standardization_no_causal_or_significance_claim,common_bins
24m,all_projects,09_25000_50000,,2025-04,overlap_exposure,17,30,0.8645883953763531,0.45240845404280194,0.41217994133355124,0.05450420339659082,0.05450420339659082,observed_standardization_no_causal_or_significance_claim,common_bins
24m,all_projects,09_25000_50000,,2025-04,equal_project,17,30,1.0595118532090533,0.20166792819311571,0.8578439250159374,0.05450420339659082,0.05450420339659082,observed_standardization_no_causal_or_significance_claim,common_bins
24m,all_projects,09_25000_50000,,2025-05,overlap_exposure,19,31,0.6717807343954878,0.29502098938096694,0.3767597450145208,0.1712835139124326,0.1712835139124326,observed_standardization_no_causal_or_significance_claim,common_bins
24m,all_projects,09_25000_50000,,2025-05,equal_project,19,31,1.2984510062726706,0.12697746361258366,1.1714735426600869,0.1712835139124326,0.1712835139124326,observed_standardization_no_causal_or_significance_claim,common_bins
24m,all_projects,09_25000_50000,,2025-06,overlap_exposure,19,30,0.7030277128695744,0.3241990344214154,0.3788286784481591,0.11468331905267852,0.11468331905267852,observed_standardization_no_causal_or_significance_claim,common_bins
24m,all_projects,09_25000_50000,,2025-06,equal_project,19,30,1.187947865674152,0.13956428512789948,1.0483835805462525,0.11468331905267852,0.11468331905267852,observed_standardization_no_causal_or_significance_claim,common_bins
24m,all_projects,09_25000_50000,,2025-07,overlap_exposure,17,30,0.7971733535141268,0.2895285592426434,0.5076447942714833,0.27140428155981755,0.27140428155981755,observed_standardization_no_causal_or_significance_claim,common_bins
24m,all_projects,09_25000_50000,,2025-07,equal_project,17,30,1.1762722637070926,0.18580784634322908,0.9904644173638635,0.27140428155981755,0.27140428155981755,observed_standardization_no_causal_or_significance_claim,common_bins
24m,all_projects,09_25000_50000,,2025-08,overlap_exposure,22,34,0.7531964247550853,0.2530196113046838,0.5001768134504014,0.27056949566429167,0.27056949566429167,observed_standardization_no_causal_or_significance_claim,common_bins
24m,all_projects,09_25000_50000,,2025-08,equal_project,22,34,0.484501808476967,0.15889889822358713,0.3256029102533799,0.27056949566429167,0.27056949566429167,observed_standardization_no_causal_or_significance_claim,common_bins
24m,all_projects,09_25000_50000,,2025-09,overlap_exposure,19,29,0.7415258115821818,0.21996899538789483,0.521556816194287,0.3115043120596928,0.3115043120596928,observed_standardization_no_causal_or_significance_claim,common_bins
24m,all_projects,09_25000_50000,,2025-09,equal_project,19,29,1.5189717562840048,0.09676229800520769,1.422209458278797,0.3115043120596928,0.3115043120596928,observed_standardization_no_causal_or_significance_claim,common_bins
24m,all_projects,09_25000_50000,,2025-10,overlap_exposure,20,34,0.5901866006859535,0.2645824056871359,0.32560419499881754,0.15388779709780237,0.15388779709780237,observed_standardization_no_causal_or_significance_claim,common_bins
24m,all_projects,09_25000_50000,,2025-10,equal_project,20,34,0.8534576576125666,0.15169274160820118,0.7017649160043654,0.15388779709780237,0.15388779709780237,observed_standardization_no_causal_or_significance_claim,common_bins
24m,all_projects,09_25000_50000,,2025-11,overlap_exposure,19,31,0.5784525426206261,0.25340597849176577,0.3250465641288603,0.09366369003244238,0.09366369003244238,observed_standardization_no_causal_or_significance_claim,common_bins
24m,all_projects,09_25000_50000,,2025-11,equal_project,19,31,0.4327565748759295,0.2195966433378709,0.21315993153805862,0.09366369003244238,0.09366369003244238,observed_standardization_no_causal_or_significance_claim,common_bins
24m,all_projects,09_25000_50000,,2025-12,overlap_exposure,18,29,0.7901780731804672,0.3575576750595294,0.4326203981209377,0.11799811508086208,0.11799811508086208,observed_standardization_no_causal_or_significance_claim,common_bins
24m,all_projects,09_25000_50000,,2025-12,equal_project,18,29,0.3754159594207119,0.35580726110676336,0.019608698313948545,0.11799811508086208,0.11799811508086208,observed_standardization_no_causal_or_significance_claim,common_bins
24m,all_projects,10_50000_100000,,2024-01,overlap_exposure,18,31,2.3616979284578927,0.2516524683690976,2.110045460088795,1.6946904290120943,1.6946904290120943,observed_standardization_no_causal_or_significance_claim,common_bins
24m,all_projects,10_50000_100000,,2024-01,equal_project,18,31,2.4484549310014496,0.05611770291868343,2.3923372280827664,1.6946904290120943,1.6946904290120943,observed_standardization_no_causal_or_significance_claim,common_bins
24m,all_projects,10_50000_100000,,2024-02,overlap_exposure,19,30,2.7704795097415946,0.2183264261757367,2.552153083565858,2.07193291577557,2.07193291577557,observed_standardization_no_causal_or_significance_claim,common_bins
24m,all_projects,10_50000_100000,,2024-02,equal_project,19,30,4.362646426469367,0.042739939690702396,4.319906486778665,2.07193291577557,2.07193291577557,observed_standardization_no_causal_or_significance_claim,common_bins
24m,all_projects,10_50000_100000,,2024-03,overlap_exposure,18,31,4.093891017437463,0.1648469980009939,3.9290440194364695,3.2514959490647333,3.2514959490647333,observed_standardization_no_causal_or_significance_claim,common_bins
24m,all_projects,10_50000_100000,,2024-03,equal_project,18,31,2.3311813699879482,0.05356334893190656,2.2776180210560417,3.2514959490647333,3.2514959490647333,observed_standardization_no_causal_or_significance_claim,common_bins
24m,all_projects,10_50000_100000,,2024-04,overlap_exposure,19,33,2.492099586093666,0.20097978184274298,2.291119804250923,1.7428126282956793,1.7428126282956793,observed_standardization_no_causal_or_significance_claim,common_bins
24m,all_projects,10_50000_100000,,2024-04,equal_project,19,33,3.3091834600192644,0.11673793136118175,3.1924455286580824,1.7428126282956793,1.7428126282956793,observed_standardization_no_causal_or_significance_claim,common_bins
24m,all_projects,10_50000_100000,,2024-05,overlap_exposure,18,29,2.2624412666590743,0.32697515735561566,1.9354661093034589,1.280897081705446,1.280897081705446,observed_standardization_no_causal_or_significance_claim,common_bins
24m,all_projects,10_50000_100000,,2024-05,equal_project,18,29,3.1085222467587785,0.10007430930434694,3.0084479374544317,1.280897081705446,1.280897081705446,observed_standardization_no_causal_or_significance_claim,common_bins
24m,all_projects,10_50000_100000,,2024-06,overlap_exposure,18,31,2.2594658572219157,0.2564347142567947,2.003031142965121,1.5678573183811786,1.5678573183811786,observed_standardization_no_causal_or_significance_claim,common_bins
24m,all_projects,10_50000_100000,,2024-06,equal_project,18,31,1.7504676908184122,0.0910299946580028,1.6594376961604091,1.5678573183811786,1.5678573183811786,observed_standardization_no_causal_or_significance_claim,common_bins
24m,all_projects,10_50000_100000,,2024-07,overlap_exposure,14,28,1.1814224358430574,0.27552138968367035,0.905901046159387,0.4188972704476178,0.4188972704476178,observed_standardization_no_causal_or_significance_claim,common_bins
24m,all_projects,10_50000_100000,,2024-07,equal_project,14,28,1.7904141943628018,0.17372843725104115,1.6166857571117608,0.4188972704476178,0.4188972704476178,observed_standardization_no_causal_or_significance_claim,common_bins
24m,all_projects,10_50000_100000,,2024-08,overlap_exposure,17,31,1.2937935995349656,0.3644860357681205,0.9293075637668451,0.46003653986176296,0.46003653986176296,observed_standardization_no_causal_or_significance_claim,common_bins
24m,all_projects,10_50000_100000,,2024-08,equal_project,17,31,1.0997240625678606,0.18789905569188073,0.91182500687598,0.46003653986176296,0.46003653986176296,observed_standardization_no_causal_or_significance_claim,common_bins
24m,all_projects,10_50000_100000,,2024-09,overlap_exposure,16,30,0.9864256133025893,0.40399796224033513,0.5824276510622541,0.21089215908546619,0.21089215908546619,observed_standardization_no_causal_or_significance_claim,common_bins
24m,all_projects,10_50000_100000,,2024-09,equal_project,16,30,0.9803452352801054,0.21069289970452623,0.7696523355755792,0.21089215908546619,0.21089215908546619,observed_standardization_no_causal_or_significance_claim,common_bins
24m,all_projects,10_50000_100000,,2024-10,overlap_exposure,16,28,1.3477605064184537,0.18896487107890064,1.158795635339553,0.8719935809942703,0.8719935809942703,observed_standardization_no_causal_or_significance_claim,common_bins
24m,all_projects,10_50000_100000,,2024-10,equal_project,16,28,1.4793656511291648,0.0749421451625575,1.4044235059666073,0.8719935809942703,0.8719935809942703,observed_standardization_no_causal_or_significance_claim,common_bins
24m,all_projects,10_50000_100000,,2024-11,overlap_exposure,20,32,1.0100111403167433,0.1037837022300569,0.9062274380866865,0.6951778017383725,0.6951778017383725,observed_standardization_no_causal_or_significance_claim,common_bins
24m,all_projects,10_50000_100000,,2024-11,equal_project,20,32,2.1736317419894102,0.03713713284533665,2.1364946091440737,0.6951778017383725,0.6951778017383725,observed_standardization_no_causal_or_significance_claim,common_bins
24m,all_projects,10_50000_100000,,2024-12,overlap_exposure,19,31,0.931161665401286,0.09494082960570399,0.8362208357955819,0.7113064038794121,0.7113064038794121,observed_standardization_no_causal_or_significance_claim,common_bins
24m,all_projects,10_50000_100000,,2024-12,equal_project,19,31,0.9500433968189375,0.03512515713875251,0.914918239680185,0.7113064038794121,0.7113064038794121,observed_standardization_no_causal_or_significance_claim,common_bins
24m,all_projects,10_50000_100000,,2025-01,overlap_exposure,18,30,0.816222604794244,0.1082459168043393,0.7079766879899048,0.5145651263054887,0.5145651263054887,observed_standardization_no_causal_or_significance_claim,common_bins
24m,all_projects,10_50000_100000,,2025-01,equal_project,18,30,0.5799975305222234,0.06669037118763489,0.5133071593345885,0.5145651263054887,0.5145651263054887,observed_standardization_no_causal_or_significance_claim,common_bins
24m,all_projects,10_50000_100000,,2025-02,overlap_exposure,17,31,0.5968028349950795,0.3388999768302411,0.25790285816483843,0.10091530576058537,0.10091530576058537,observed_standardization_no_causal_or_significance_claim,common_bins
24m,all_projects,10_50000_100000,,2025-02,equal_project,17,31,0.5084938697927911,0.1604058681436966,0.3480880016490944,0.10091530576058537,0.10091530576058537,observed_standardization_no_causal_or_significance_claim,common_bins
24m,all_projects,10_50000_100000,,2025-03,overlap_exposure,18,31,0.5949423797758573,0.43000620348424046,0.1649361762916169,-0.054231041694541904,-0.054231041694541904,observed_standardization_no_causal_or_significance_claim,common_bins
24m,all_projects,10_50000_100000,,2025-03,equal_project,18,31,0.4858813137523237,0.21552245714579313,0.2703588566065306,-0.054231041694541904,-0.054231041694541904,observed_standardization_no_causal_or_significance_claim,common_bins
24m,all_projects,10_50000_100000,,2025-04,overlap_exposure,17,30,1.0395570943388808,0.42734629989646916,0.6122107944424116,0.15542657688547853,0.15542657688547853,observed_standardization_no_causal_or_significance_claim,common_bins
24m,all_projects,10_50000_100000,,2025-04,equal_project,17,30,0.8935432760033921,0.20166792819311571,0.6918753478102764,0.15542657688547853,0.15542657688547853,observed_standardization_no_causal_or_significance_claim,common_bins
24m,all_projects,10_50000_100000,,2025-05,overlap_exposure,19,31,0.7616195801365437,0.27224800619863476,0.489371573937909,0.19905240205367142,0.19905240205367142,observed_standardization_no_causal_or_significance_claim,common_bins
24m,all_projects,10_50000_100000,,2025-05,equal_project,19,31,1.0958434741987395,0.12697746361258366,0.9688660105861557,0.19905240205367142,0.19905240205367142,observed_standardization_no_causal_or_significance_claim,common_bins
24m,all_projects,10_50000_100000,,2025-06,overlap_exposure,19,30,0.725387385169803,0.2982076123673751,0.42717977280242786,0.07979936843181137,0.07979936843181137,observed_standardization_no_causal_or_significance_claim,common_bins
24m,all_projects,10_50000_100000,,2025-06,equal_project,19,30,0.5908513651534296,0.13956428512789948,0.4512870800255302,0.07979936843181137,0.07979936843181137,observed_standardization_no_causal_or_significance_claim,common_bins
24m,all_projects,10_50000_100000,,2025-07,overlap_exposure,17,30,0.8918828835877413,0.2703674061736666,0.6215154774140746,0.3215946875823981,0.3215946875823981,observed_standardization_no_causal_or_significance_claim,common_bins
24m,all_projects,10_50000_100000,,2025-07,equal_project,17,30,0.8269932457973491,0.18580784634322908,0.64118539945412,0.3215946875823981,0.3215946875823981,observed_standardization_no_causal_or_significance_claim,common_bins
24m,all_projects,10_50000_100000,,2025-08,overlap_exposure,22,34,1.0681145095324112,0.22712397940525025,0.8409905301271609,0.5093976270360755,0.5093976270360755,observed_standardization_no_causal_or_significance_claim,common_bins
24m,all_projects,10_50000_100000,,2025-08,equal_project,22,34,0.3782219375110818,0.15889889822358713,0.2193230392874947,0.5093976270360755,0.5093976270360755,observed_standardization_no_causal_or_significance_claim,common_bins
24m,all_projects,10_50000_100000,,2025-09,overlap_exposure,19,29,0.9713695864859038,0.19400157986699207,0.7773680066189117,0.4859045296392923,0.4859045296392923,observed_standardization_no_causal_or_significance_claim,common_bins
24m,all_projects,10_50000_100000,,2025-09,equal_project,19,29,1.6801201840411402,0.09676229800520769,1.5833578860359325,0.4859045296392923,0.4859045296392923,observed_standardization_no_causal_or_significance_claim,common_bins
24m,all_projects,10_50000_100000,,2025-10,overlap_exposure,20,34,0.6336501972255603,0.24550988682330238,0.3881403104022579,0.17772839787267847,0.17772839787267847,observed_standardization_no_causal_or_significance_claim,common_bins
24m,all_projects,10_50000_100000,,2025-10,equal_project,20,34,0.38420206918406774,0.15169274160820118,0.23250932757586654,0.17772839787267847,0.17772839787267847,observed_standardization_no_causal_or_significance_claim,common_bins
24m,all_projects,10_50000_100000,,2025-11,overlap_exposure,19,31,0.6113943499956485,0.23988127913655002,0.3715130708590984,0.12471867403608725,0.12471867403608725,observed_standardization_no_causal_or_significance_claim,common_bins
24m,all_projects,10_50000_100000,,2025-11,equal_project,19,31,0.2699341756535327,0.2195966433378709,0.050337532315661855,0.12471867403608725,0.12471867403608725,observed_standardization_no_causal_or_significance_claim,common_bins
24m,all_projects,10_50000_100000,,2025-12,overlap_exposure,18,29,0.6550239038582869,0.36085252150579755,0.29417138235248935,-0.010789760113785653,-0.010789760113785653,observed_standardization_no_causal_or_significance_claim,common_bins
24m,all_projects,10_50000_100000,,2025-12,equal_project,18,29,0.3368428890143711,0.35580726110676336,-0.018964372092392233,-0.010789760113785653,-0.010789760113785653,observed_standardization_no_causal_or_significance_claim,common_bins
24m,all_projects,11_100000_plus,,2024-01,overlap_exposure,18,31,2.41058952260334,0.23375351457492116,2.1768360080284186,1.6794914206795897,1.6794914206795897,observed_standardization_no_causal_or_significance_claim,common_bins
24m,all_projects,11_100000_plus,,2024-01,equal_project,18,31,4.993844293253686,0.05611770291868343,4.937726590335003,1.6794914206795897,1.6794914206795897,observed_standardization_no_causal_or_significance_claim,common_bins
24m,all_projects,11_100000_plus,,2024-02,overlap_exposure,19,30,2.2744389350122005,0.2272884646770528,2.0471504703351475,1.6410634631079235,1.6410634631079235,observed_standardization_no_causal_or_significance_claim,common_bins
24m,all_projects,11_100000_plus,,2024-02,equal_project,19,30,1.6266688369505944,0.042739939690702396,1.5839288972598922,1.6410634631079235,1.6410634631079235,observed_standardization_no_causal_or_significance_claim,common_bins
24m,all_projects,11_100000_plus,,2024-03,overlap_exposure,18,31,2.5615334683161324,0.15703776893249347,2.404495699383639,1.9972485500672408,1.9972485500672408,observed_standardization_no_causal_or_significance_claim,common_bins
24m,all_projects,11_100000_plus,,2024-03,equal_project,18,31,2.871112371002594,0.05356334893190656,2.8175490220706876,1.9972485500672408,1.9972485500672408,observed_standardization_no_causal_or_significance_claim,common_bins
24m,all_projects,11_100000_plus,,2024-04,overlap_exposure,19,33,2.525124937678583,0.17876865072867296,2.34635628694991,1.7757678338284197,1.7757678338284197,observed_standardization_no_causal_or_significance_claim,common_bins
24m,all_projects,11_100000_plus,,2024-04,equal_project,19,33,3.71024770301417,0.11673793136118175,3.593509771652988,1.7757678338284197,1.7757678338284197,observed_standardization_no_causal_or_significance_claim,common_bins
24m,all_projects,11_100000_plus,,2024-05,overlap_exposure,18,29,2.1919499029303533,0.3062201410160137,1.8857297619143398,1.2562848619259053,1.2562848619259053,observed_standardization_no_causal_or_significance_claim,common_bins
24m,all_projects,11_100000_plus,,2024-05,equal_project,18,29,2.4191938181736257,0.10007430930434694,2.319119508869279,1.2562848619259053,1.2562848619259053,observed_standardization_no_causal_or_significance_claim,common_bins
24m,all_projects,11_100000_plus,,2024-06,overlap_exposure,18,31,1.8219893961154425,0.2506715411066117,1.5713178550088307,1.270197669112254,1.270197669112254,observed_standardization_no_causal_or_significance_claim,common_bins
24m,all_projects,11_100000_plus,,2024-06,equal_project,18,31,3.4381472758257767,0.0910299946580028,3.347117281167774,1.270197669112254,1.270197669112254,observed_standardization_no_causal_or_significance_claim,common_bins
24m,all_projects,11_100000_plus,,2024-07,overlap_exposure,14,28,1.2289999259977062,0.26547573669250585,0.9635241893052003,0.510558536278476,0.510558536278476,observed_standardization_no_causal_or_significance_claim,common_bins
24m,all_projects,11_100000_plus,,2024-07,equal_project,14,28,1.0412584213282883,0.17372843725104115,0.867529984077247,0.510558536278476,0.510558536278476,observed_standardization_no_causal_or_significance_claim,common_bins
24m,all_projects,11_100000_plus,,2024-08,overlap_exposure,17,31,1.3973403020653878,0.36852572066290556,1.0288145814024823,0.5495905354688221,0.5495905354688221,observed_standardization_no_causal_or_significance_claim,common_bins
24m,all_projects,11_100000_plus,,2024-08,equal_project,17,31,0.7382946542728128,0.18789905569188073,0.5503955985809321,0.5495905354688221,0.5495905354688221,observed_standardization_no_causal_or_significance_claim,common_bins
24m,all_projects,11_100000_plus,,2024-09,overlap_exposure,16,30,1.022288010529058,0.39682656482826295,0.6254614457007951,0.2557551701876014,0.2557551701876014,observed_standardization_no_causal_or_significance_claim,common_bins
24m,all_projects,11_100000_plus,,2024-09,equal_project,16,30,4.014322905866783,0.21069289970452623,3.803630006162257,0.2557551701876014,0.2557551701876014,observed_standardization_no_causal_or_significance_claim,common_bins
24m,all_projects,11_100000_plus,,2024-10,overlap_exposure,16,28,1.42441345294814,0.17009097633783984,1.2543224766103,0.9459068722178544,0.9459068722178544,observed_standardization_no_causal_or_significance_claim,common_bins
24m,all_projects,11_100000_plus,,2024-10,equal_project,16,28,0.6703433317351734,0.0749421451625575,0.5954011865726159,0.9459068722178544,0.9459068722178544,observed_standardization_no_causal_or_significance_claim,common_bins
24m,all_projects,11_100000_plus,,2024-11,overlap_exposure,20,32,1.0347897280103622,0.09060452871363973,0.9441851992967223,0.7795291795497163,0.7795291795497163,observed_standardization_no_causal_or_significance_claim,common_bins
24m,all_projects,11_100000_plus,,2024-11,equal_project,20,32,10.810059311529345,0.03713713284533665,10.772922178684007,0.7795291795497163,0.7795291795497163,observed_standardization_no_causal_or_significance_claim,common_bins
24m,all_projects,11_100000_plus,,2024-12,overlap_exposure,19,31,0.8871087255836516,0.0847945564873305,0.8023141690963211,0.6834166974329561,0.6834166974329561,observed_standardization_no_causal_or_significance_claim,common_bins
24m,all_projects,11_100000_plus,,2024-12,equal_project,19,31,1.3527209199604142,0.03512515713875251,1.3175957628216617,0.6834166974329561,0.6834166974329561,observed_standardization_no_causal_or_significance_claim,common_bins
24m,all_projects,11_100000_plus,,2025-01,overlap_exposure,18,30,0.8636781499363607,0.10184549295024492,0.7618326569861158,0.6280661059417949,0.6280661059417949,observed_standardization_no_causal_or_significance_claim,common_bins
24m,all_projects,11_100000_plus,,2025-01,equal_project,18,30,6.646127863136636,0.06669037118763489,6.579437491949001,0.6280661059417949,0.6280661059417949,observed_standardization_no_causal_or_significance_claim,common_bins
24m,all_projects,11_100000_plus,,2025-02,overlap_exposure,17,31,0.8475626566295502,0.325907293822701,0.5216553628068492,0.5144692419186181,0.5144692419186181,observed_standardization_no_causal_or_significance_claim,common_bins
24m,all_projects,11_100000_plus,,2025-02,equal_project,17,31,0.7345997344817784,0.1604058681436966,0.5741938663380818,0.5144692419186181,0.5144692419186181,observed_standardization_no_causal_or_significance_claim,common_bins
24m,all_projects,11_100000_plus,,2025-03,overlap_exposure,18,31,0.8536210279017747,0.41789261868097954,0.43572840922079514,0.44828926163662086,0.44828926163662086,observed_standardization_no_causal_or_significance_claim,common_bins
24m,all_projects,11_100000_plus,,2025-03,equal_project,18,31,0.6272349190220082,0.21552245714579313,0.41171246187621513,0.44828926163662086,0.44828926163662086,observed_standardization_no_causal_or_significance_claim,common_bins
24m,all_projects,11_100000_plus,,2025-04,overlap_exposure,17,30,1.3898989036721474,0.42927715499807406,0.9606217486740734,0.6136268985405406,0.6136268985405406,observed_standardization_no_causal_or_significance_claim,common_bins
24m,all_projects,11_100000_plus,,2025-04,equal_project,17,30,0.5939853930676069,0.20166792819311571,0.39231746487449115,0.6136268985405406,0.6136268985405406,observed_standardization_no_causal_or_significance_claim,common_bins
24m,all_projects,11_100000_plus,,2025-05,overlap_exposure,19,31,1.1076582795806733,0.26201303852356583,0.8456452410571074,0.5985643529984843,0.5985643529984843,observed_standardization_no_causal_or_significance_claim,common_bins
24m,all_projects,11_100000_plus,,2025-05,equal_project,19,31,0.7933313180876715,0.12697746361258366,0.6663538544750879,0.5985643529984843,0.5985643529984843,observed_standardization_no_causal_or_significance_claim,common_bins
24m,all_projects,11_100000_plus,,2025-06,overlap_exposure,19,30,1.0812057855542605,0.2786237809705465,0.8025820045837139,0.43117539154920337,0.43117539154920337,observed_standardization_no_causal_or_significance_claim,common_bins
24m,all_projects,11_100000_plus,,2025-06,equal_project,19,30,0.5190610362250772,0.13956428512789948,0.3794967510971776,0.43117539154920337,0.43117539154920337,observed_standardization_no_causal_or_significance_claim,common_bins
24m,all_projects,11_100000_plus,,2025-07,overlap_exposure,17,30,1.2078018272942714,0.24255477151862762,0.9652470557756438,0.6109639405251286,0.6109639405251286,observed_standardization_no_causal_or_significance_claim,common_bins
24m,all_projects,11_100000_plus,,2025-07,equal_project,17,30,9.435112941935037,0.18580784634322908,9.249305095591808,0.6109639405251286,0.6109639405251286,observed_standardization_no_causal_or_significance_claim,common_bins
24m,all_projects,11_100000_plus,,2025-08,overlap_exposure,22,34,1.3685846898905463,0.21083661821834832,1.1577480716721977,0.7105670330609853,0.7105670330609853,observed_standardization_no_causal_or_significance_claim,common_bins
24m,all_projects,11_100000_plus,,2025-08,equal_project,22,34,0.4972184613485053,0.15889889822358713,0.3383195631249182,0.7105670330609853,0.7105670330609853,observed_standardization_no_causal_or_significance_claim,common_bins
24m,all_projects,11_100000_plus,,2025-09,overlap_exposure,19,29,1.1018351397427364,0.18533355689043085,0.9165015828523057,0.4995134274795572,0.4995134274795572,observed_standardization_no_causal_or_significance_claim,common_bins
24m,all_projects,11_100000_plus,,2025-09,equal_project,19,29,0.5596934318120823,0.09676229800520769,0.46293113380687456,0.4995134274795572,0.4995134274795572,observed_standardization_no_causal_or_significance_claim,common_bins
24m,all_projects,11_100000_plus,,2025-10,overlap_exposure,20,34,0.7352059331899845,0.23994626444764527,0.4952596687423393,0.23022277208702102,0.23022277208702102,observed_standardization_no_causal_or_significance_claim,common_bins
24m,all_projects,11_100000_plus,,2025-10,equal_project,20,34,0.23091813348673787,0.15169274160820118,0.07922539187853667,0.23022277208702102,0.23022277208702102,observed_standardization_no_causal_or_significance_claim,common_bins
24m,all_projects,11_100000_plus,,2025-11,overlap_exposure,19,31,0.7200266313690522,0.24422327114156667,0.4758033602274855,0.21807841135772593,0.21807841135772593,observed_standardization_no_causal_or_significance_claim,common_bins
24m,all_projects,11_100000_plus,,2025-11,equal_project,19,31,0.4083352990043788,0.2195966433378709,0.18873865566650794,0.21807841135772593,0.21807841135772593,observed_standardization_no_causal_or_significance_claim,common_bins
24m,all_projects,11_100000_plus,,2025-12,overlap_exposure,18,29,0.6428919818311144,0.4670586042693762,0.1758333775617382,-0.00899121793705212,-0.00899121793705212,observed_standardization_no_causal_or_significance_claim,common_bins
24m,all_projects,11_100000_plus,,2025-12,equal_project,18,29,0.3929220017581657,0.35580726110676336,0.03711474065140239,-0.00899121793705212,-0.00899121793705212,observed_standardization_no_causal_or_significance_claim,common_bins
24m,exclude_primary_dominant_project,02_100_250,uniswap,2024-01,overlap_exposure,17,29,0.33698481211870207,0.0725078930331372,0.2644769190855649,0.2598855172692604,0.2598855172692604,observed_standardization_no_causal_or_significance_claim,common_bins
24m,exclude_primary_dominant_project,02_100_250,uniswap,2024-01,equal_project,17,29,0.16806077941028552,0.02977259871568436,0.13828818069460116,0.2598855172692604,0.2598855172692604,observed_standardization_no_causal_or_significance_claim,common_bins
24m,exclude_primary_dominant_project,02_100_250,uniswap,2024-02,overlap_exposure,18,28,0.14941821557223325,0.05773586262388922,0.09168235294834404,0.08207185211437604,0.08207185211437604,observed_standardization_no_causal_or_significance_claim,common_bins
24m,exclude_primary_dominant_project,02_100_250,uniswap,2024-02,equal_project,18,28,0.055447867387945965,0.021316181279570735,0.03413168610837523,0.08207185211437604,0.08207185211437604,observed_standardization_no_causal_or_significance_claim,common_bins
24m,exclude_primary_dominant_project,02_100_250,uniswap,2024-03,overlap_exposure,17,28,0.0786837992242721,0.09791410493273059,-0.01923030570845849,-0.020258586003503887,-0.020258586003503887,observed_standardization_no_causal_or_significance_claim,common_bins
24m,exclude_primary_dominant_project,02_100_250,uniswap,2024-03,equal_project,17,28,0.05505057417629711,0.04920395212596944,0.0058466220503276736,-0.020258586003503887,-0.020258586003503887,observed_standardization_no_causal_or_significance_claim,common_bins
24m,exclude_primary_dominant_project,02_100_250,uniswap,2024-04,overlap_exposure,18,30,0.3036239102109142,0.1444033696462683,0.15922054056464593,0.153574405710326,0.153574405710326,observed_standardization_no_causal_or_significance_claim,common_bins
24m,exclude_primary_dominant_project,02_100_250,uniswap,2024-04,equal_project,18,30,0.1746048476808336,0.10810178878133134,0.06650305889950225,0.153574405710326,0.153574405710326,observed_standardization_no_causal_or_significance_claim,common_bins
24m,exclude_primary_dominant_project,02_100_250,uniswap,2024-05,overlap_exposure,17,27,0.6629675945887187,0.14928214082872038,0.5136854537599983,0.4763779048707767,0.4763779048707767,observed_standardization_no_causal_or_significance_claim,common_bins
24m,exclude_primary_dominant_project,02_100_250,uniswap,2024-05,equal_project,17,27,0.3190331818179841,0.06895152674847674,0.2500816550695074,0.4763779048707767,0.4763779048707767,observed_standardization_no_causal_or_significance_claim,common_bins
24m,exclude_primary_dominant_project,02_100_250,uniswap,2024-06,overlap_exposure,17,29,0.5088990088702436,0.17904689378797328,0.3298521150822703,0.3337921738393138,0.3337921738393138,observed_standardization_no_causal_or_significance_claim,common_bins
24m,exclude_primary_dominant_project,02_100_250,uniswap,2024-06,equal_project,17,29,0.2974439739953992,0.06805771949441568,0.22938625450098352,0.3337921738393138,0.3337921738393138,observed_standardization_no_causal_or_significance_claim,common_bins
24m,exclude_primary_dominant_project,02_100_250,uniswap,2024-07,overlap_exposure,13,26,0.9299794398747581,0.23506148248380065,0.6949179573909574,0.7389340214438382,0.7389340214438382,observed_standardization_no_causal_or_significance_claim,common_bins
24m,exclude_primary_dominant_project,02_100_250,uniswap,2024-07,equal_project,13,26,0.7000358125796423,0.14254247650164986,0.5574933360779923,0.7389340214438382,0.7389340214438382,observed_standardization_no_causal_or_significance_claim,common_bins
24m,exclude_primary_dominant_project,02_100_250,uniswap,2024-08,overlap_exposure,16,29,1.251231157046101,0.3206753895735197,0.9305557674725813,1.0362100643327887,1.0362100643327887,observed_standardization_no_causal_or_significance_claim,common_bins
24m,exclude_primary_dominant_project,02_100_250,uniswap,2024-08,equal_project,16,29,0.7294233039797631,0.15780469711552128,0.5716186068642418,1.0362100643327887,1.0362100643327887,observed_standardization_no_causal_or_significance_claim,common_bins
24m,exclude_primary_dominant_project,02_100_250,uniswap,2024-09,overlap_exposure,15,27,0.9941445538720972,0.2979921964145279,0.6961523574575693,0.769877587298181,0.769877587298181,observed_standardization_no_causal_or_significance_claim,common_bins
24m,exclude_primary_dominant_project,02_100_250,uniswap,2024-09,equal_project,15,27,0.5215758310629367,0.19534147924257056,0.32623435182036614,0.769877587298181,0.769877587298181,observed_standardization_no_causal_or_significance_claim,common_bins
24m,exclude_primary_dominant_project,02_100_250,uniswap,2024-10,overlap_exposure,15,26,0.4137153561211901,0.06810796567242285,0.3456073904487672,0.3583334042307392,0.3583334042307392,observed_standardization_no_causal_or_significance_claim,common_bins
24m,exclude_primary_dominant_project,02_100_250,uniswap,2024-10,equal_project,15,26,0.2972338183880081,0.05891792139158569,0.23831589699642242,0.3583334042307392,0.3583334042307392,observed_standardization_no_causal_or_significance_claim,common_bins
24m,exclude_primary_dominant_project,02_100_250,uniswap,2024-11,overlap_exposure,19,30,0.35699865210614606,0.05400949703788017,0.3029891550682659,0.33088887761117425,0.33088887761117425,observed_standardization_no_causal_or_significance_claim,common_bins
24m,exclude_primary_dominant_project,02_100_250,uniswap,2024-11,equal_project,19,30,0.2230165159688571,0.028713342703014018,0.1943031732658431,0.33088887761117425,0.33088887761117425,observed_standardization_no_causal_or_significance_claim,common_bins
24m,exclude_primary_dominant_project,02_100_250,uniswap,2024-12,overlap_exposure,18,29,0.2039568474015476,0.05893062771391166,0.14502621968763593,0.1475146961367728,0.1475146961367728,observed_standardization_no_causal_or_significance_claim,common_bins
24m,exclude_primary_dominant_project,02_100_250,uniswap,2024-12,equal_project,18,29,0.08618504250610241,0.029560999560677665,0.05662404294542475,0.1475146961367728,0.1475146961367728,observed_standardization_no_causal_or_significance_claim,common_bins
24m,exclude_primary_dominant_project,02_100_250,uniswap,2025-01,overlap_exposure,17,28,0.34415130096341384,0.10062971418064255,0.24352158678277125,0.25490813152190195,0.25490813152190195,observed_standardization_no_causal_or_significance_claim,common_bins
24m,exclude_primary_dominant_project,02_100_250,uniswap,2025-01,equal_project,17,28,0.17894029246770893,0.06047494650443746,0.11846534596327146,0.25490813152190195,0.25490813152190195,observed_standardization_no_causal_or_significance_claim,common_bins
24m,exclude_primary_dominant_project,02_100_250,uniswap,2025-02,overlap_exposure,16,28,1.058134335956402,0.4054679518015295,0.6526663841548724,0.6651278513420653,0.6651278513420653,observed_standardization_no_causal_or_significance_claim,common_bins
24m,exclude_primary_dominant_project,02_100_250,uniswap,2025-02,equal_project,16,28,0.4979970185263686,0.14617397501812124,0.35182304350824734,0.6651278513420653,0.6651278513420653,observed_standardization_no_causal_or_significance_claim,common_bins
24m,exclude_primary_dominant_project,02_100_250,uniswap,2025-03,overlap_exposure,17,28,0.5824771399258538,0.3771524679369876,0.2053246719888662,0.21593683729845534,0.21593683729845534,observed_standardization_no_causal_or_significance_claim,common_bins
24m,exclude_primary_dominant_project,02_100_250,uniswap,2025-03,equal_project,17,28,0.24902736928017694,0.19602484206338514,0.053002527216791794,0.21593683729845534,0.21593683729845534,observed_standardization_no_causal_or_significance_claim,common_bins
24m,exclude_primary_dominant_project,02_100_250,uniswap,2025-04,overlap_exposure,16,27,0.7608298893332934,0.38194156794792483,0.37888832138536865,0.3657777316641334,0.3657777316641334,observed_standardization_no_causal_or_significance_claim,common_bins
24m,exclude_primary_dominant_project,02_100_250,uniswap,2025-04,equal_project,16,27,0.2972305496989816,0.15771903564459683,0.13951151405438475,0.3657777316641334,0.3657777316641334,observed_standardization_no_causal_or_significance_claim,common_bins
24m,exclude_primary_dominant_project,02_100_250,uniswap,2025-05,overlap_exposure,18,28,0.540235357194988,0.20188132008786358,0.3383540371071245,0.3435298348735131,0.3435298348735131,observed_standardization_no_causal_or_significance_claim,common_bins
24m,exclude_primary_dominant_project,02_100_250,uniswap,2025-05,equal_project,18,28,0.3194612571235392,0.10755719151588387,0.21190406560765535,0.3435298348735131,0.3435298348735131,observed_standardization_no_causal_or_significance_claim,common_bins
24m,exclude_primary_dominant_project,02_100_250,uniswap,2025-06,overlap_exposure,18,27,0.6896977016237796,0.2223663898383642,0.46733131178541537,0.5303553971845892,0.5303553971845892,observed_standardization_no_causal_or_significance_claim,common_bins
24m,exclude_primary_dominant_project,02_100_250,uniswap,2025-06,equal_project,18,27,0.4070689613840453,0.11907868534392795,0.28799027604011734,0.5303553971845892,0.5303553971845892,observed_standardization_no_causal_or_significance_claim,common_bins
24m,exclude_primary_dominant_project,02_100_250,uniswap,2025-07,overlap_exposure,16,27,0.6079270652648777,0.18059220634540488,0.4273348589194728,0.4501488055767896,0.4501488055767896,observed_standardization_no_causal_or_significance_claim,common_bins
24m,exclude_primary_dominant_project,02_100_250,uniswap,2025-07,equal_project,16,27,0.31344967485605074,0.17166790411341423,0.1417817707426365,0.4501488055767896,0.4501488055767896,observed_standardization_no_causal_or_significance_claim,common_bins
24m,exclude_primary_dominant_project,02_100_250,uniswap,2025-08,overlap_exposure,21,31,0.5105818417548107,0.1830930309582452,0.3274888107965655,0.30989045254348857,0.30989045254348857,observed_standardization_no_causal_or_significance_claim,common_bins
24m,exclude_primary_dominant_project,02_100_250,uniswap,2025-08,equal_project,21,31,0.3693340635075031,0.14800428283044784,0.22132978067705528,0.30989045254348857,0.30989045254348857,observed_standardization_no_causal_or_significance_claim,common_bins
24m,exclude_primary_dominant_project,02_100_250,uniswap,2025-09,overlap_exposure,18,26,0.4489184840371226,0.142598036659049,0.30632044737807357,0.2889568699250918,0.2889568699250918,observed_standardization_no_causal_or_significance_claim,common_bins
24m,exclude_primary_dominant_project,02_100_250,uniswap,2025-09,equal_project,18,26,0.3772908095565094,0.08265133910183484,0.29463947045467453,0.2889568699250918,0.2889568699250918,observed_standardization_no_causal_or_significance_claim,common_bins
24m,exclude_primary_dominant_project,02_100_250,uniswap,2025-10,overlap_exposure,19,31,0.39037843239540315,0.23004170075450445,0.16033673164089873,0.15293798383583154,0.15293798383583154,observed_standardization_no_causal_or_significance_claim,common_bins
24m,exclude_primary_dominant_project,02_100_250,uniswap,2025-10,equal_project,19,31,0.2838626384251008,0.1393192096821813,0.14454342874291945,0.15293798383583154,0.15293798383583154,observed_standardization_no_causal_or_significance_claim,common_bins
24m,exclude_primary_dominant_project,02_100_250,uniswap,2025-11,overlap_exposure,18,28,0.5472794803765462,0.30013780255796707,0.24714167781857913,0.21133114804099004,0.21133114804099004,observed_standardization_no_causal_or_significance_claim,common_bins
24m,exclude_primary_dominant_project,02_100_250,uniswap,2025-11,equal_project,18,28,0.5088767087347884,0.20976297710772326,0.29911373162706517,0.21133114804099004,0.21133114804099004,observed_standardization_no_causal_or_significance_claim,common_bins
24m,exclude_primary_dominant_project,02_100_250,uniswap,2025-12,overlap_exposure,17,26,0.9885138673722064,0.5844229735978679,0.4040908937743386,0.2882988643533435,0.2882988643533435,observed_standardization_no_causal_or_significance_claim,common_bins
24m,exclude_primary_dominant_project,02_100_250,uniswap,2025-12,equal_project,17,26,1.0935104622464793,0.3431431755891873,0.7503672866572919,0.2882988643533435,0.2882988643533435,observed_standardization_no_causal_or_significance_claim,common_bins
24m,exclude_primary_dominant_project,03_250_500,uniswap,2024-01,overlap_exposure,17,29,0.9830350254950857,0.07679496508293264,0.9062400604121531,0.9145270006863122,0.9145270006863122,observed_standardization_no_causal_or_significance_claim,common_bins
24m,exclude_primary_dominant_project,03_250_500,uniswap,2024-01,equal_project,17,29,0.4181580764278825,0.02977259871568436,0.3883854777121981,0.9145270006863122,0.9145270006863122,observed_standardization_no_causal_or_significance_claim,common_bins
24m,exclude_primary_dominant_project,03_250_500,uniswap,2024-02,overlap_exposure,18,28,0.6016002920327143,0.05952598777303959,0.5420743042596746,0.5138869646631915,0.5138869646631915,observed_standardization_no_causal_or_significance_claim,common_bins
24m,exclude_primary_dominant_project,03_250_500,uniswap,2024-02,equal_project,18,28,0.2959876365062725,0.021316181279570735,0.2746714552267018,0.5138869646631915,0.5138869646631915,observed_standardization_no_causal_or_significance_claim,common_bins
24m,exclude_primary_dominant_project,03_250_500,uniswap,2024-03,overlap_exposure,17,28,0.34555807171662645,0.1036736603942204,0.24188441132240607,0.23232614572860985,0.23232614572860985,observed_standardization_no_causal_or_significance_claim,common_bins
24m,exclude_primary_dominant_project,03_250_500,uniswap,2024-03,equal_project,17,28,0.2003224556086178,0.04920395212596944,0.15111850348264838,0.23232614572860985,0.23232614572860985,observed_standardization_no_causal_or_significance_claim,common_bins
24m,exclude_primary_dominant_project,03_250_500,uniswap,2024-04,overlap_exposure,18,30,0.9751450062357725,0.1533118254161859,0.8218331808195867,0.7852028892806789,0.7852028892806789,observed_standardization_no_causal_or_significance_claim,common_bins
24m,exclude_primary_dominant_project,03_250_500,uniswap,2024-04,equal_project,18,30,0.577632010453518,0.10810178878133134,0.4695302216721866,0.7852028892806789,0.7852028892806789,observed_standardization_no_causal_or_significance_claim,common_bins
24m,exclude_primary_dominant_project,03_250_500,uniswap,2024-05,overlap_exposure,17,27,1.647793322273638,0.15451710255307283,1.4932762197205653,1.3901343375651891,1.3901343375651891,observed_standardization_no_causal_or_significance_claim,common_bins
24m,exclude_primary_dominant_project,03_250_500,uniswap,2024-05,equal_project,17,27,1.0020585179805446,0.06895152674847674,0.9331069912320679,1.3901343375651891,1.3901343375651891,observed_standardization_no_causal_or_significance_claim,common_bins
24m,exclude_primary_dominant_project,03_250_500,uniswap,2024-06,overlap_exposure,17,29,1.1866863640396172,0.1916885757742528,0.9949977882653643,1.0068205089116677,1.0068205089116677,observed_standardization_no_causal_or_significance_claim,common_bins
24m,exclude_primary_dominant_project,03_250_500,uniswap,2024-06,equal_project,17,29,0.716342197463892,0.06805771949441568,0.6482844779694763,1.0068205089116677,1.0068205089116677,observed_standardization_no_causal_or_significance_claim,common_bins
24m,exclude_primary_dominant_project,03_250_500,uniswap,2024-07,overlap_exposure,13,26,1.4985316224852674,0.24636419896065936,1.2521674235246079,1.3992490866377043,1.3992490866377043,observed_standardization_no_causal_or_significance_claim,common_bins
24m,exclude_primary_dominant_project,03_250_500,uniswap,2024-07,equal_project,13,26,1.244490865636078,0.14254247650164986,1.101948389134428,1.3992490866377043,1.3992490866377043,observed_standardization_no_causal_or_significance_claim,common_bins
24m,exclude_primary_dominant_project,03_250_500,uniswap,2024-08,overlap_exposure,16,29,1.6368606089892108,0.3384924942193937,1.2983681147698172,1.4463108333007992,1.4463108333007992,observed_standardization_no_causal_or_significance_claim,common_bins
24m,exclude_primary_dominant_project,03_250_500,uniswap,2024-08,equal_project,16,29,0.9621577823970755,0.15780469711552128,0.8043530852815542,1.4463108333007992,1.4463108333007992,observed_standardization_no_causal_or_significance_claim,common_bins
24m,exclude_primary_dominant_project,03_250_500,uniswap,2024-09,overlap_exposure,15,27,1.438418944092528,0.321882439565555,1.1165365045269728,1.29860617003621,1.29860617003621,observed_standardization_no_causal_or_significance_claim,common_bins
24m,exclude_primary_dominant_project,03_250_500,uniswap,2024-09,equal_project,15,27,0.8477710326636705,0.19534147924257056,0.6524295534211,1.29860617003621,1.29860617003621,observed_standardization_no_causal_or_significance_claim,common_bins
24m,exclude_primary_dominant_project,03_250_500,uniswap,2024-10,overlap_exposure,15,26,0.9708669693713762,0.07002642808947768,0.9008405412818985,0.9429073431819309,0.9429073431819309,observed_standardization_no_causal_or_significance_claim,common_bins
24m,exclude_primary_dominant_project,03_250_500,uniswap,2024-10,equal_project,15,26,0.8470008558248479,0.05891792139158569,0.788082934433262,0.9429073431819309,0.9429073431819309,observed_standardization_no_causal_or_significance_claim,common_bins
24m,exclude_primary_dominant_project,03_250_500,uniswap,2024-11,overlap_exposure,19,30,1.012537409620261,0.057930238484382224,0.9546071711358789,1.030207099696406,1.030207099696406,observed_standardization_no_causal_or_significance_claim,common_bins
24m,exclude_primary_dominant_project,03_250_500,uniswap,2024-11,equal_project,19,30,0.6925835914752652,0.028713342703014018,0.6638702487722512,1.030207099696406,1.030207099696406,observed_standardization_no_causal_or_significance_claim,common_bins
24m,exclude_primary_dominant_project,03_250_500,uniswap,2024-12,overlap_exposure,18,29,0.629236218708956,0.0664826402922909,0.5627535784166651,0.614394828189222,0.614394828189222,observed_standardization_no_causal_or_significance_claim,common_bins
24m,exclude_primary_dominant_project,03_250_500,uniswap,2024-12,equal_project,18,29,0.3747373487327269,0.029560999560677665,0.3451763491720492,0.614394828189222,0.614394828189222,observed_standardization_no_causal_or_significance_claim,common_bins
24m,exclude_primary_dominant_project,03_250_500,uniswap,2025-01,overlap_exposure,17,28,0.69157946472638,0.1008048991805669,0.5907745655458131,0.6239195514709823,0.6239195514709823,observed_standardization_no_causal_or_significance_claim,common_bins
24m,exclude_primary_dominant_project,03_250_500,uniswap,2025-01,equal_project,17,28,0.32158080699630487,0.06047494650443746,0.26110586049186746,0.6239195514709823,0.6239195514709823,observed_standardization_no_causal_or_significance_claim,common_bins
24m,exclude_primary_dominant_project,03_250_500,uniswap,2025-02,overlap_exposure,16,28,0.917619732984851,0.3929445426926888,0.5246751902921623,0.5063299371706089,0.5063299371706089,observed_standardization_no_causal_or_significance_claim,common_bins
24m,exclude_primary_dominant_project,03_250_500,uniswap,2025-02,equal_project,16,28,0.43550450713584815,0.14617397501812124,0.2893305321177269,0.5063299371706089,0.5063299371706089,observed_standardization_no_causal_or_significance_claim,common_bins
24m,exclude_primary_dominant_project,03_250_500,uniswap,2025-03,overlap_exposure,17,28,0.661528951329521,0.3779491640533175,0.28357978727620353,0.25322903219624704,0.25322903219624704,observed_standardization_no_causal_or_significance_claim,common_bins
24m,exclude_primary_dominant_project,03_250_500,uniswap,2025-03,equal_project,17,28,0.334264365026205,0.19602484206338514,0.13823952296281983,0.25322903219624704,0.25322903219624704,observed_standardization_no_causal_or_significance_claim,common_bins
24m,exclude_primary_dominant_project,03_250_500,uniswap,2025-04,overlap_exposure,16,27,0.7078199560123554,0.3660886994834852,0.34173125652887015,0.3149876222316322,0.3149876222316322,observed_standardization_no_causal_or_significance_claim,common_bins
24m,exclude_primary_dominant_project,03_250_500,uniswap,2025-04,equal_project,16,27,0.3803056927612942,0.15771903564459683,0.2225866571166974,0.3149876222316322,0.3149876222316322,observed_standardization_no_causal_or_significance_claim,common_bins
24m,exclude_primary_dominant_project,03_250_500,uniswap,2025-05,overlap_exposure,18,28,0.6997803616858648,0.2005832772177099,0.49919708446815486,0.4864169299071663,0.4864169299071663,observed_standardization_no_causal_or_significance_claim,common_bins
24m,exclude_primary_dominant_project,03_250_500,uniswap,2025-05,equal_project,18,28,0.4885857706518851,0.10755719151588387,0.38102857913600124,0.4864169299071663,0.4864169299071663,observed_standardization_no_causal_or_significance_claim,common_bins
24m,exclude_primary_dominant_project,03_250_500,uniswap,2025-06,overlap_exposure,18,27,1.4038071058111767,0.21861146692240133,1.1851956388887757,1.2354032469106657,1.2354032469106657,observed_standardization_no_causal_or_significance_claim,common_bins
24m,exclude_primary_dominant_project,03_250_500,uniswap,2025-06,equal_project,18,27,0.7704184292236844,0.11907868534392795,0.6513397438797565,1.2354032469106657,1.2354032469106657,observed_standardization_no_causal_or_significance_claim,common_bins
24m,exclude_primary_dominant_project,03_250_500,uniswap,2025-07,overlap_exposure,16,27,1.105843755769929,0.18266037840818122,0.9231833773617477,0.9453693902119922,0.9453693902119922,observed_standardization_no_causal_or_significance_claim,common_bins
24m,exclude_primary_dominant_project,03_250_500,uniswap,2025-07,equal_project,16,27,0.5018075224058886,0.17166790411341423,0.3301396182924743,0.9453693902119922,0.9453693902119922,observed_standardization_no_causal_or_significance_claim,common_bins
24m,exclude_primary_dominant_project,03_250_500,uniswap,2025-08,overlap_exposure,21,31,0.7206035389100318,0.1698000624144679,0.5508034764955639,0.49468769617063546,0.49468769617063546,observed_standardization_no_causal_or_significance_claim,common_bins
24m,exclude_primary_dominant_project,03_250_500,uniswap,2025-08,equal_project,21,31,0.5097087654574332,0.14800428283044784,0.3617044826269853,0.49468769617063546,0.49468769617063546,observed_standardization_no_causal_or_significance_claim,common_bins
24m,exclude_primary_dominant_project,03_250_500,uniswap,2025-09,overlap_exposure,18,26,0.6007124893046302,0.13022246435842544,0.4704900249462048,0.4196815806898015,0.4196815806898015,observed_standardization_no_causal_or_significance_claim,common_bins
24m,exclude_primary_dominant_project,03_250_500,uniswap,2025-09,equal_project,18,26,0.62088491762136,0.08265133910183484,0.5382335785195251,0.4196815806898015,0.4196815806898015,observed_standardization_no_causal_or_significance_claim,common_bins
24m,exclude_primary_dominant_project,03_250_500,uniswap,2025-10,overlap_exposure,19,31,0.4719058460171424,0.21321592256914346,0.25868992344799896,0.20177320215094166,0.20177320215094166,observed_standardization_no_causal_or_significance_claim,common_bins
24m,exclude_primary_dominant_project,03_250_500,uniswap,2025-10,equal_project,19,31,0.48926269705663283,0.1393192096821813,0.3499434873744515,0.20177320215094166,0.20177320215094166,observed_standardization_no_causal_or_significance_claim,common_bins
24m,exclude_primary_dominant_project,03_250_500,uniswap,2025-11,overlap_exposure,18,28,0.6454975237758576,0.29845540463883385,0.34704211913702376,0.29092230884546283,0.29092230884546283,observed_standardization_no_causal_or_significance_claim,common_bins
24m,exclude_primary_dominant_project,03_250_500,uniswap,2025-11,equal_project,18,28,0.5341486453396856,0.20976297710772326,0.32438566823196235,0.29092230884546283,0.29092230884546283,observed_standardization_no_causal_or_significance_claim,common_bins
24m,exclude_primary_dominant_project,03_250_500,uniswap,2025-12,overlap_exposure,17,26,0.9510834601888976,0.5494073717641021,0.4016760884247954,0.23437944633962352,0.23437944633962352,observed_standardization_no_causal_or_significance_claim,common_bins
24m,exclude_primary_dominant_project,03_250_500,uniswap,2025-12,equal_project,17,26,1.042397974014753,0.3431431755891873,0.6992547984255657,0.23437944633962352,0.23437944633962352,observed_standardization_no_causal_or_significance_claim,common_bins
24m,exclude_primary_dominant_project,04_500_1000,uniswap,2024-01,overlap_exposure,17,29,1.318167320036257,0.07605269283246396,1.2421146272037928,1.1862942525302744,1.1862942525302744,observed_standardization_no_causal_or_significance_claim,common_bins
24m,exclude_primary_dominant_project,04_500_1000,uniswap,2024-01,equal_project,17,29,0.5773787557944284,0.02977259871568436,0.547606157078744,1.1862942525302744,1.1862942525302744,observed_standardization_no_causal_or_significance_claim,common_bins
24m,exclude_primary_dominant_project,04_500_1000,uniswap,2024-02,overlap_exposure,18,28,1.0057539837337188,0.06028770271027965,0.9454662810234392,0.8443745706289381,0.8443745706289381,observed_standardization_no_causal_or_significance_claim,common_bins
24m,exclude_primary_dominant_project,04_500_1000,uniswap,2024-02,equal_project,18,28,0.3958642316607506,0.021316181279570735,0.37454805038117983,0.8443745706289381,0.8443745706289381,observed_standardization_no_causal_or_significance_claim,common_bins
24m,exclude_primary_dominant_project,04_500_1000,uniswap,2024-03,overlap_exposure,17,28,0.8329261272473231,0.1063798826709831,0.72654624457634,0.6909029446312228,0.6909029446312228,observed_standardization_no_causal_or_significance_claim,common_bins
24m,exclude_primary_dominant_project,04_500_1000,uniswap,2024-03,equal_project,17,28,0.47007137767853324,0.04920395212596944,0.4208674255525638,0.6909029446312228,0.6909029446312228,observed_standardization_no_causal_or_significance_claim,common_bins
24m,exclude_primary_dominant_project,04_500_1000,uniswap,2024-04,overlap_exposure,18,30,1.616651331392541,0.14921737297229587,1.4674339584202452,1.3791072478797268,1.3791072478797268,observed_standardization_no_causal_or_significance_claim,common_bins
24m,exclude_primary_dominant_project,04_500_1000,uniswap,2024-04,equal_project,18,30,1.0270699783327324,0.10810178878133134,0.9189681895514011,1.3791072478797268,1.3791072478797268,observed_standardization_no_causal_or_significance_claim,common_bins
24m,exclude_primary_dominant_project,04_500_1000,uniswap,2024-05,overlap_exposure,17,27,1.7448982040389132,0.16092715892883175,1.5839710451100812,1.5161661234455386,1.5161661234455386,observed_standardization_no_causal_or_significance_claim,common_bins
24m,exclude_primary_dominant_project,04_500_1000,uniswap,2024-05,equal_project,17,27,1.0809794937278092,0.06895152674847674,1.0120279669793326,1.5161661234455386,1.5161661234455386,observed_standardization_no_causal_or_significance_claim,common_bins
24m,exclude_primary_dominant_project,04_500_1000,uniswap,2024-06,overlap_exposure,17,29,1.6070484848553077,0.20382119168629959,1.4032272931690082,1.42610658156231,1.42610658156231,observed_standardization_no_causal_or_significance_claim,common_bins
24m,exclude_primary_dominant_project,04_500_1000,uniswap,2024-06,equal_project,17,29,1.1814933480096121,0.06805771949441568,1.1134356285151965,1.42610658156231,1.42610658156231,observed_standardization_no_causal_or_significance_claim,common_bins
24m,exclude_primary_dominant_project,04_500_1000,uniswap,2024-07,overlap_exposure,13,26,1.667051892148846,0.2512895711417809,1.4157623210070651,1.6255413458142625,1.6255413458142625,observed_standardization_no_causal_or_significance_claim,common_bins
24m,exclude_primary_dominant_project,04_500_1000,uniswap,2024-07,equal_project,13,26,1.38251175655101,0.14254247650164986,1.2399692800493602,1.6255413458142625,1.6255413458142625,observed_standardization_no_causal_or_significance_claim,common_bins
24m,exclude_primary_dominant_project,04_500_1000,uniswap,2024-08,overlap_exposure,16,29,1.3659045984374059,0.32082724316502303,1.0450773552723829,1.119963321214927,1.119963321214927,observed_standardization_no_causal_or_significance_claim,common_bins
24m,exclude_primary_dominant_project,04_500_1000,uniswap,2024-08,equal_project,16,29,0.8747798874004562,0.15780469711552128,0.716975190284935,1.119963321214927,1.119963321214927,observed_standardization_no_causal_or_significance_claim,common_bins
24m,exclude_primary_dominant_project,04_500_1000,uniswap,2024-09,overlap_exposure,15,27,1.182820100946961,0.3271542905373226,0.8556658104096383,0.9823576166912472,0.9823576166912472,observed_standardization_no_causal_or_significance_claim,common_bins
24m,exclude_primary_dominant_project,04_500_1000,uniswap,2024-09,equal_project,15,27,0.7595371489795957,0.19534147924257056,0.5641956697370252,0.9823576166912472,0.9823576166912472,observed_standardization_no_causal_or_significance_claim,common_bins
24m,exclude_primary_dominant_project,04_500_1000,uniswap,2024-10,overlap_exposure,15,26,1.0852799030500604,0.0728572477263206,1.0124226553237397,1.056324556891041,1.056324556891041,observed_standardization_no_causal_or_significance_claim,common_bins
24m,exclude_primary_dominant_project,04_500_1000,uniswap,2024-10,equal_project,15,26,0.9539235254621057,0.05891792139158569,0.8950056040705199,1.056324556891041,1.056324556891041,observed_standardization_no_causal_or_significance_claim,common_bins
24m,exclude_primary_dominant_project,04_500_1000,uniswap,2024-11,overlap_exposure,19,30,1.2059201494286855,0.05921012305402795,1.1467100263746577,1.192376417188465,1.192376417188465,observed_standardization_no_causal_or_significance_claim,common_bins
24m,exclude_primary_dominant_project,04_500_1000,uniswap,2024-11,equal_project,19,30,0.7560708838962047,0.028713342703014018,0.7273575411931906,1.192376417188465,1.192376417188465,observed_standardization_no_causal_or_significance_claim,common_bins
24m,exclude_primary_dominant_project,04_500_1000,uniswap,2024-12,overlap_exposure,18,29,0.8142085570863282,0.0725883687110785,0.7416201883752497,0.8420985189361114,0.8420985189361114,observed_standardization_no_causal_or_significance_claim,common_bins
24m,exclude_primary_dominant_project,04_500_1000,uniswap,2024-12,equal_project,18,29,0.6202901426364514,0.029560999560677665,0.5907291430757738,0.8420985189361114,0.8420985189361114,observed_standardization_no_causal_or_significance_claim,common_bins
24m,exclude_primary_dominant_project,04_500_1000,uniswap,2025-01,overlap_exposure,17,28,0.9247696021399396,0.10831390867745427,0.8164556934624854,0.837872270886723,0.837872270886723,observed_standardization_no_causal_or_significance_claim,common_bins
24m,exclude_primary_dominant_project,04_500_1000,uniswap,2025-01,equal_project,17,28,0.44574426313870763,0.06047494650443746,0.38526931663427016,0.837872270886723,0.837872270886723,observed_standardization_no_causal_or_significance_claim,common_bins
24m,exclude_primary_dominant_project,04_500_1000,uniswap,2025-02,overlap_exposure,16,28,0.8393274456560358,0.36507168815535224,0.4742557575006835,0.4042586872601105,0.4042586872601105,observed_standardization_no_causal_or_significance_claim,common_bins
24m,exclude_primary_dominant_project,04_500_1000,uniswap,2025-02,equal_project,16,28,0.6705771938844723,0.14617397501812124,0.5244032188663511,0.4042586872601105,0.4042586872601105,observed_standardization_no_causal_or_significance_claim,common_bins
24m,exclude_primary_dominant_project,04_500_1000,uniswap,2025-03,overlap_exposure,17,28,0.5570766542861559,0.34380007881623464,0.2132765754699213,0.14809230773982066,0.14809230773982066,observed_standardization_no_causal_or_significance_claim,common_bins
24m,exclude_primary_dominant_project,04_500_1000,uniswap,2025-03,equal_project,17,28,0.43091911788575193,0.19602484206338514,0.2348942758223668,0.14809230773982066,0.14809230773982066,observed_standardization_no_causal_or_significance_claim,common_bins
24m,exclude_primary_dominant_project,04_500_1000,uniswap,2025-04,overlap_exposure,16,27,0.5875196156321834,0.3347979245876803,0.252721691044503,0.15935502669160276,0.15935502669160276,observed_standardization_no_causal_or_significance_claim,common_bins
24m,exclude_primary_dominant_project,04_500_1000,uniswap,2025-04,equal_project,16,27,0.40200727472626263,0.15771903564459683,0.2442882390816658,0.15935502669160276,0.15935502669160276,observed_standardization_no_causal_or_significance_claim,common_bins
24m,exclude_primary_dominant_project,04_500_1000,uniswap,2025-05,overlap_exposure,18,28,0.745231073045484,0.19424995224283312,0.5509811208026509,0.5145202887715883,0.5145202887715883,observed_standardization_no_causal_or_significance_claim,common_bins
24m,exclude_primary_dominant_project,04_500_1000,uniswap,2025-05,equal_project,18,28,0.6304107261284497,0.10755719151588387,0.5228535346125659,0.5145202887715883,0.5145202887715883,observed_standardization_no_causal_or_significance_claim,common_bins
24m,exclude_primary_dominant_project,04_500_1000,uniswap,2025-06,overlap_exposure,18,27,1.5280627491886114,0.2046301230077133,1.323432626180898,1.2708562724113863,1.2708562724113863,observed_standardization_no_causal_or_significance_claim,common_bins
24m,exclude_primary_dominant_project,04_500_1000,uniswap,2025-06,equal_project,18,27,0.9294853568457433,0.11907868534392795,0.8104066715018152,1.2708562724113863,1.2708562724113863,observed_standardization_no_causal_or_significance_claim,common_bins
24m,exclude_primary_dominant_project,04_500_1000,uniswap,2025-07,overlap_exposure,16,27,1.5073472638680763,0.17328937190037733,1.3340578919676989,1.3169419575452876,1.3169419575452876,observed_standardization_no_causal_or_significance_claim,common_bins
24m,exclude_primary_dominant_project,04_500_1000,uniswap,2025-07,equal_project,16,27,0.6972961164132195,0.17166790411341423,0.5256282122998053,1.3169419575452876,1.3169419575452876,observed_standardization_no_causal_or_significance_claim,common_bins
24m,exclude_primary_dominant_project,04_500_1000,uniswap,2025-08,overlap_exposure,21,31,0.9700296344840604,0.15594482731190662,0.8140848071721538,0.7020327847154556,0.7020327847154556,observed_standardization_no_causal_or_significance_claim,common_bins
24m,exclude_primary_dominant_project,04_500_1000,uniswap,2025-08,equal_project,21,31,0.6520848438391698,0.14800428283044784,0.5040805610087219,0.7020327847154556,0.7020327847154556,observed_standardization_no_causal_or_significance_claim,common_bins
24m,exclude_primary_dominant_project,04_500_1000,uniswap,2025-09,overlap_exposure,18,26,0.6642261678366744,0.11982555342032902,0.5444006144163455,0.44448537100710933,0.44448537100710933,observed_standardization_no_causal_or_significance_claim,common_bins
24m,exclude_primary_dominant_project,04_500_1000,uniswap,2025-09,equal_project,18,26,0.7241721793532294,0.08265133910183484,0.6415208402513947,0.44448537100710933,0.44448537100710933,observed_standardization_no_causal_or_significance_claim,common_bins
24m,exclude_primary_dominant_project,04_500_1000,uniswap,2025-10,overlap_exposure,19,31,0.6753691730001241,0.2014948275453007,0.47387434545482343,0.3841119436064798,0.3841119436064798,observed_standardization_no_causal_or_significance_claim,common_bins
24m,exclude_primary_dominant_project,04_500_1000,uniswap,2025-10,equal_project,19,31,0.37102050220160543,0.1393192096821813,0.2317012925194241,0.3841119436064798,0.3841119436064798,observed_standardization_no_causal_or_significance_claim,common_bins
24m,exclude_primary_dominant_project,04_500_1000,uniswap,2025-11,overlap_exposure,18,28,0.6500692445910564,0.29710484228338285,0.35296440230767356,0.25004989073942213,0.25004989073942213,observed_standardization_no_causal_or_significance_claim,common_bins
24m,exclude_primary_dominant_project,04_500_1000,uniswap,2025-11,equal_project,18,28,0.47537824989717775,0.20976297710772326,0.2656152727894545,0.25004989073942213,0.25004989073942213,observed_standardization_no_causal_or_significance_claim,common_bins
24m,exclude_primary_dominant_project,04_500_1000,uniswap,2025-12,overlap_exposure,17,26,0.9168713812063368,0.5207859750267819,0.39608540617955484,0.1827935893872374,0.1827935893872374,observed_standardization_no_causal_or_significance_claim,common_bins
24m,exclude_primary_dominant_project,04_500_1000,uniswap,2025-12,equal_project,17,26,0.9578341523535233,0.3431431755891873,0.614690976764336,0.1827935893872374,0.1827935893872374,observed_standardization_no_causal_or_significance_claim,common_bins
24m,exclude_primary_dominant_project,05_1000_2500,uniswap,2024-01,overlap_exposure,17,29,1.7257155156897068,0.07608160926105444,1.6496339064286523,1.4572104804469321,1.4572104804469321,observed_standardization_no_causal_or_significance_claim,common_bins
24m,exclude_primary_dominant_project,05_1000_2500,uniswap,2024-01,equal_project,17,29,0.892923209815536,0.02977259871568436,0.8631506110998517,1.4572104804469321,1.4572104804469321,observed_standardization_no_causal_or_significance_claim,common_bins
24m,exclude_primary_dominant_project,05_1000_2500,uniswap,2024-02,overlap_exposure,18,28,1.2341425549826548,0.061764622968374656,1.1723779320142802,1.0423977242903064,1.0423977242903064,observed_standardization_no_causal_or_significance_claim,common_bins
24m,exclude_primary_dominant_project,05_1000_2500,uniswap,2024-02,equal_project,18,28,0.5638817363537554,0.021316181279570735,0.5425655550741847,1.0423977242903064,1.0423977242903064,observed_standardization_no_causal_or_significance_claim,common_bins
24m,exclude_primary_dominant_project,05_1000_2500,uniswap,2024-03,overlap_exposure,17,28,1.0721197883933193,0.11073944079676033,0.961380347596559,0.9526883334009811,0.9526883334009811,observed_standardization_no_causal_or_significance_claim,common_bins
24m,exclude_primary_dominant_project,05_1000_2500,uniswap,2024-03,equal_project,17,28,0.8463350060629992,0.04920395212596944,0.7971310539370298,0.9526883334009811,0.9526883334009811,observed_standardization_no_causal_or_significance_claim,common_bins
24m,exclude_primary_dominant_project,05_1000_2500,uniswap,2024-04,overlap_exposure,18,30,1.7825269380406523,0.15139777888448963,1.6311291591561627,1.6089121568296794,1.6089121568296794,observed_standardization_no_causal_or_significance_claim,common_bins
24m,exclude_primary_dominant_project,05_1000_2500,uniswap,2024-04,equal_project,18,30,1.3227197808482456,0.10810178878133134,1.2146179920669142,1.6089121568296794,1.6089121568296794,observed_standardization_no_causal_or_significance_claim,common_bins
24m,exclude_primary_dominant_project,05_1000_2500,uniswap,2024-05,overlap_exposure,17,27,1.9870433918233825,0.15949251904907594,1.8275508727743066,1.8857710676572566,1.8857710676572566,observed_standardization_no_causal_or_significance_claim,common_bins
24m,exclude_primary_dominant_project,05_1000_2500,uniswap,2024-05,equal_project,17,27,1.5495434424968888,0.06895152674847674,1.480591915748412,1.8857710676572566,1.8857710676572566,observed_standardization_no_causal_or_significance_claim,common_bins
24m,exclude_primary_dominant_project,05_1000_2500,uniswap,2024-06,overlap_exposure,17,29,2.0128081893044376,0.19060611550183798,1.8222020738025997,2.020552357228634,2.020552357228634,observed_standardization_no_causal_or_significance_claim,common_bins
24m,exclude_primary_dominant_project,05_1000_2500,uniswap,2024-06,equal_project,17,29,1.7679465533432273,0.06805771949441568,1.6998888338488116,2.020552357228634,2.020552357228634,observed_standardization_no_causal_or_significance_claim,common_bins
24m,exclude_primary_dominant_project,05_1000_2500,uniswap,2024-07,overlap_exposure,13,26,1.6141077801832406,0.23235099557651337,1.3817567846067274,1.437120482074163,1.437120482074163,observed_standardization_no_causal_or_significance_claim,common_bins
24m,exclude_primary_dominant_project,05_1000_2500,uniswap,2024-07,equal_project,13,26,1.216020275055198,0.14254247650164986,1.073477798553548,1.437120482074163,1.437120482074163,observed_standardization_no_causal_or_significance_claim,common_bins
24m,exclude_primary_dominant_project,05_1000_2500,uniswap,2024-08,overlap_exposure,16,29,0.9410851007397226,0.30063577392021884,0.6404493268195038,0.5447209706492583,0.5447209706492583,observed_standardization_no_causal_or_significance_claim,common_bins
24m,exclude_primary_dominant_project,05_1000_2500,uniswap,2024-08,equal_project,16,29,0.9557329513340929,0.15780469711552128,0.7979282542185715,0.5447209706492583,0.5447209706492583,observed_standardization_no_causal_or_significance_claim,common_bins
24m,exclude_primary_dominant_project,05_1000_2500,uniswap,2024-09,overlap_exposure,15,27,0.8339495173625838,0.3229759602481814,0.5109735571144023,0.5057562085563443,0.5057562085563443,observed_standardization_no_causal_or_significance_claim,common_bins
24m,exclude_primary_dominant_project,05_1000_2500,uniswap,2024-09,equal_project,15,27,0.5788911199813683,0.19534147924257056,0.3835496407387977,0.5057562085563443,0.5057562085563443,observed_standardization_no_causal_or_significance_claim,common_bins
24m,exclude_primary_dominant_project,05_1000_2500,uniswap,2024-10,overlap_exposure,15,26,0.9740233240037963,0.07457524385793883,0.8994480801458574,0.8787621248885529,0.8787621248885529,observed_standardization_no_causal_or_significance_claim,common_bins
24m,exclude_primary_dominant_project,05_1000_2500,uniswap,2024-10,equal_project,15,26,0.8236233226273277,0.05891792139158569,0.764705401235742,0.8787621248885529,0.8787621248885529,observed_standardization_no_causal_or_significance_claim,common_bins
24m,exclude_primary_dominant_project,05_1000_2500,uniswap,2024-11,overlap_exposure,19,30,1.1217500406876002,0.05958714981044211,1.062162890877158,1.0292488556137058,1.0292488556137058,observed_standardization_no_causal_or_significance_claim,common_bins
24m,exclude_primary_dominant_project,05_1000_2500,uniswap,2024-11,equal_project,19,30,0.8755236764805621,0.028713342703014018,0.8468103337775481,1.0292488556137058,1.0292488556137058,observed_standardization_no_causal_or_significance_claim,common_bins
24m,exclude_primary_dominant_project,05_1000_2500,uniswap,2024-12,overlap_exposure,18,29,0.8045319255419873,0.0763582529131326,0.7281736726288547,0.7633805760940993,0.7633805760940993,observed_standardization_no_causal_or_significance_claim,common_bins
24m,exclude_primary_dominant_project,05_1000_2500,uniswap,2024-12,equal_project,18,29,0.9041699106765437,0.029560999560677665,0.874608911115866,0.7633805760940993,0.7633805760940993,observed_standardization_no_causal_or_significance_claim,common_bins
24m,exclude_primary_dominant_project,05_1000_2500,uniswap,2025-01,overlap_exposure,17,28,0.732040947151389,0.11057216750036572,0.6214687796510233,0.6231724265217269,0.6231724265217269,observed_standardization_no_causal_or_significance_claim,common_bins
24m,exclude_primary_dominant_project,05_1000_2500,uniswap,2025-01,equal_project,17,28,0.4434448753407224,0.06047494650443746,0.382969928836285,0.6231724265217269,0.6231724265217269,observed_standardization_no_causal_or_significance_claim,common_bins
24m,exclude_primary_dominant_project,05_1000_2500,uniswap,2025-02,overlap_exposure,16,28,0.8167781401402211,0.3337393179289523,0.4830388222112687,0.24222734196410806,0.24222734196410806,observed_standardization_no_causal_or_significance_claim,common_bins
24m,exclude_primary_dominant_project,05_1000_2500,uniswap,2025-02,equal_project,16,28,0.5066519752531305,0.14617397501812124,0.3604780002350093,0.24222734196410806,0.24222734196410806,observed_standardization_no_causal_or_significance_claim,common_bins
24m,exclude_primary_dominant_project,05_1000_2500,uniswap,2025-03,overlap_exposure,17,28,0.622918473691801,0.29137916955039284,0.33153930414140814,0.10985736184225396,0.10985736184225396,observed_standardization_no_causal_or_significance_claim,common_bins
24m,exclude_primary_dominant_project,05_1000_2500,uniswap,2025-03,equal_project,17,28,0.6938102248935645,0.19602484206338514,0.49778538283017926,0.10985736184225396,0.10985736184225396,observed_standardization_no_causal_or_significance_claim,common_bins
24m,exclude_primary_dominant_project,05_1000_2500,uniswap,2025-04,overlap_exposure,16,27,0.5735449846210325,0.30336260794010794,0.2701823766809246,0.06916188408474955,0.06916188408474955,observed_standardization_no_causal_or_significance_claim,common_bins
24m,exclude_primary_dominant_project,05_1000_2500,uniswap,2025-04,equal_project,16,27,0.5953646381271508,0.15771903564459683,0.437645602482554,0.06916188408474955,0.06916188408474955,observed_standardization_no_causal_or_significance_claim,common_bins
24m,exclude_primary_dominant_project,05_1000_2500,uniswap,2025-05,overlap_exposure,18,28,0.5651501605021158,0.18455640070473675,0.38059375979737897,0.2861266541494102,0.2861266541494102,observed_standardization_no_causal_or_significance_claim,common_bins
24m,exclude_primary_dominant_project,05_1000_2500,uniswap,2025-05,equal_project,18,28,0.5826426117442748,0.10755719151588387,0.4750854202283909,0.2861266541494102,0.2861266541494102,observed_standardization_no_causal_or_significance_claim,common_bins
24m,exclude_primary_dominant_project,05_1000_2500,uniswap,2025-06,overlap_exposure,18,27,1.2263143835225367,0.182835105542245,1.0434792779802917,0.806958935769822,0.806958935769822,observed_standardization_no_causal_or_significance_claim,common_bins
24m,exclude_primary_dominant_project,05_1000_2500,uniswap,2025-06,equal_project,18,27,1.0185632719902482,0.11907868534392795,0.8994845866463201,0.806958935769822,0.806958935769822,observed_standardization_no_causal_or_significance_claim,common_bins
24m,exclude_primary_dominant_project,05_1000_2500,uniswap,2025-07,overlap_exposure,16,27,1.3949229938630983,0.16046122795791737,1.2344617659051809,1.0452885037608601,1.0452885037608601,observed_standardization_no_causal_or_significance_claim,common_bins
24m,exclude_primary_dominant_project,05_1000_2500,uniswap,2025-07,equal_project,16,27,0.8351165897528899,0.17166790411341423,0.6634486856394757,1.0452885037608601,1.0452885037608601,observed_standardization_no_causal_or_significance_claim,common_bins
24m,exclude_primary_dominant_project,05_1000_2500,uniswap,2025-08,overlap_exposure,21,31,1.137400601879307,0.1389284742530954,0.9984721276262116,0.8097887224272975,0.8097887224272975,observed_standardization_no_causal_or_significance_claim,common_bins
24m,exclude_primary_dominant_project,05_1000_2500,uniswap,2025-08,equal_project,21,31,0.7449923333844825,0.14800428283044784,0.5969880505540346,0.8097887224272975,0.8097887224272975,observed_standardization_no_causal_or_significance_claim,common_bins
24m,exclude_primary_dominant_project,05_1000_2500,uniswap,2025-09,overlap_exposure,18,26,0.8298096469360635,0.1062912251895331,0.7235184217465304,0.527176248317604,0.527176248317604,observed_standardization_no_causal_or_significance_claim,common_bins
24m,exclude_primary_dominant_project,05_1000_2500,uniswap,2025-09,equal_project,18,26,0.747862331415477,0.08265133910183484,0.6652109923136421,0.527176248317604,0.527176248317604,observed_standardization_no_causal_or_significance_claim,common_bins
24m,exclude_primary_dominant_project,05_1000_2500,uniswap,2025-10,overlap_exposure,19,31,0.7572933952605598,0.21852965123855184,0.538763744022008,0.3462232535654255,0.3462232535654255,observed_standardization_no_causal_or_significance_claim,common_bins
24m,exclude_primary_dominant_project,05_1000_2500,uniswap,2025-10,equal_project,19,31,0.4025882826475578,0.1393192096821813,0.26326907296537644,0.3462232535654255,0.3462232535654255,observed_standardization_no_causal_or_significance_claim,common_bins
24m,exclude_primary_dominant_project,05_1000_2500,uniswap,2025-11,overlap_exposure,18,28,0.6471275834834338,0.3121785682740205,0.3349490152094133,0.1422357464761028,0.1422357464761028,observed_standardization_no_causal_or_significance_claim,common_bins
24m,exclude_primary_dominant_project,05_1000_2500,uniswap,2025-11,equal_project,18,28,0.7214205500658581,0.20976297710772326,0.511657572958135,0.1422357464761028,0.1422357464761028,observed_standardization_no_causal_or_significance_claim,common_bins
24m,exclude_primary_dominant_project,05_1000_2500,uniswap,2025-12,overlap_exposure,17,26,0.8213333625200692,0.4796438001671682,0.34168956235290093,0.051400882417795404,0.051400882417795404,observed_standardization_no_causal_or_significance_claim,common_bins
24m,exclude_primary_dominant_project,05_1000_2500,uniswap,2025-12,equal_project,17,26,0.8826467651032408,0.3431431755891873,0.5395035895140535,0.051400882417795404,0.051400882417795404,observed_standardization_no_causal_or_significance_claim,common_bins
24m,exclude_primary_dominant_project,06_2500_5000,uniswap,2024-01,overlap_exposure,17,29,2.2018287183882084,0.07450880011967918,2.127319918268529,1.8782237226855687,1.8782237226855687,observed_standardization_no_causal_or_significance_claim,common_bins
24m,exclude_primary_dominant_project,06_2500_5000,uniswap,2024-01,equal_project,17,29,1.6983004748059662,0.02977259871568436,1.6685278760902817,1.8782237226855687,1.8782237226855687,observed_standardization_no_causal_or_significance_claim,common_bins
24m,exclude_primary_dominant_project,06_2500_5000,uniswap,2024-02,overlap_exposure,18,28,1.5423491686376223,0.06277072336275401,1.4795784452748681,1.3648646234470572,1.3648646234470572,observed_standardization_no_causal_or_significance_claim,common_bins
24m,exclude_primary_dominant_project,06_2500_5000,uniswap,2024-02,equal_project,18,28,1.2253311871937698,0.021316181279570735,1.2040150059141992,1.3648646234470572,1.3648646234470572,observed_standardization_no_causal_or_significance_claim,common_bins
24m,exclude_primary_dominant_project,06_2500_5000,uniswap,2024-03,overlap_exposure,17,28,1.5310540840119984,0.11869981645719854,1.4123542675547998,1.288206919638558,1.288206919638558,observed_standardization_no_causal_or_significance_claim,common_bins
24m,exclude_primary_dominant_project,06_2500_5000,uniswap,2024-03,equal_project,17,28,1.58806769548191,0.04920395212596944,1.5388637433559404,1.288206919638558,1.288206919638558,observed_standardization_no_causal_or_significance_claim,common_bins
24m,exclude_primary_dominant_project,06_2500_5000,uniswap,2024-04,overlap_exposure,18,30,2.187741879386699,0.16495331646519448,2.0227885629215043,1.99328050664016,1.99328050664016,observed_standardization_no_causal_or_significance_claim,common_bins
24m,exclude_primary_dominant_project,06_2500_5000,uniswap,2024-04,equal_project,18,30,1.6935991968125494,0.10810178878133134,1.585497408031218,1.99328050664016,1.99328050664016,observed_standardization_no_causal_or_significance_claim,common_bins
24m,exclude_primary_dominant_project,06_2500_5000,uniswap,2024-05,overlap_exposure,17,27,2.0766651691039177,0.14562091436942323,1.9310442547344944,1.9012791140645635,1.9012791140645635,observed_standardization_no_causal_or_significance_claim,common_bins
24m,exclude_primary_dominant_project,06_2500_5000,uniswap,2024-05,equal_project,17,27,2.263370186736736,0.06895152674847674,2.194418659988259,1.9012791140645635,1.9012791140645635,observed_standardization_no_causal_or_significance_claim,common_bins
24m,exclude_primary_dominant_project,06_2500_5000,uniswap,2024-06,overlap_exposure,17,29,1.9017155767092646,0.15731389298370996,1.744401683725555,1.653914470136015,1.653914470136015,observed_standardization_no_causal_or_significance_claim,common_bins
24m,exclude_primary_dominant_project,06_2500_5000,uniswap,2024-06,equal_project,17,29,2.1285029625595917,0.06805771949441568,2.060445243065176,1.653914470136015,1.653914470136015,observed_standardization_no_causal_or_significance_claim,common_bins
24m,exclude_primary_dominant_project,06_2500_5000,uniswap,2024-07,overlap_exposure,13,26,1.2151868696684132,0.21031148502623948,1.0048753846421736,0.8188195804461964,0.8188195804461964,observed_standardization_no_causal_or_significance_claim,common_bins
24m,exclude_primary_dominant_project,06_2500_5000,uniswap,2024-07,equal_project,13,26,1.0726452714024552,0.14254247650164986,0.9301027949008053,0.8188195804461964,0.8188195804461964,observed_standardization_no_causal_or_significance_claim,common_bins
24m,exclude_primary_dominant_project,06_2500_5000,uniswap,2024-08,overlap_exposure,16,29,0.9059125266977169,0.2822196226315487,0.6236929040661682,0.4845569738460762,0.4845569738460762,observed_standardization_no_causal_or_significance_claim,common_bins
24m,exclude_primary_dominant_project,06_2500_5000,uniswap,2024-08,equal_project,16,29,0.9168547299502665,0.15780469711552128,0.7590500328347451,0.4845569738460762,0.4845569738460762,observed_standardization_no_causal_or_significance_claim,common_bins
24m,exclude_primary_dominant_project,06_2500_5000,uniswap,2024-09,overlap_exposure,15,27,0.7342402058938753,0.31598732026794885,0.41825288562592644,0.401161277591635,0.401161277591635,observed_standardization_no_causal_or_significance_claim,common_bins
24m,exclude_primary_dominant_project,06_2500_5000,uniswap,2024-09,equal_project,15,27,0.7310799663790688,0.19534147924257056,0.5357384871364983,0.401161277591635,0.401161277591635,observed_standardization_no_causal_or_significance_claim,common_bins
24m,exclude_primary_dominant_project,06_2500_5000,uniswap,2024-10,overlap_exposure,15,26,0.8222360613314064,0.07450069942170558,0.7477353619097009,0.6218862036742384,0.6218862036742384,observed_standardization_no_causal_or_significance_claim,common_bins
24m,exclude_primary_dominant_project,06_2500_5000,uniswap,2024-10,equal_project,15,26,0.7774454511247819,0.05891792139158569,0.7185275297331962,0.6218862036742384,0.6218862036742384,observed_standardization_no_causal_or_significance_claim,common_bins
24m,exclude_primary_dominant_project,06_2500_5000,uniswap,2024-11,overlap_exposure,19,30,0.8619624740765792,0.05950125468699697,0.8024612193895821,0.664214767745775,0.664214767745775,observed_standardization_no_causal_or_significance_claim,common_bins
24m,exclude_primary_dominant_project,06_2500_5000,uniswap,2024-11,equal_project,19,30,0.8682815075913635,0.028713342703014018,0.8395681648883494,0.664214767745775,0.664214767745775,observed_standardization_no_causal_or_significance_claim,common_bins
24m,exclude_primary_dominant_project,06_2500_5000,uniswap,2024-12,overlap_exposure,18,29,0.7528881631508519,0.08057645926918158,0.6723117038816704,0.6201490365595262,0.6201490365595262,observed_standardization_no_causal_or_significance_claim,common_bins
24m,exclude_primary_dominant_project,06_2500_5000,uniswap,2024-12,equal_project,18,29,1.0690415581092876,0.029560999560677665,1.03948055854861,0.6201490365595262,0.6201490365595262,observed_standardization_no_causal_or_significance_claim,common_bins
24m,exclude_primary_dominant_project,06_2500_5000,uniswap,2025-01,overlap_exposure,17,28,0.9972355748133415,0.0965342017335939,0.9007013730797476,0.7570592274501021,0.7570592274501021,observed_standardization_no_causal_or_significance_claim,common_bins
24m,exclude_primary_dominant_project,06_2500_5000,uniswap,2025-01,equal_project,17,28,0.585002701702608,0.06047494650443746,0.5245277551981706,0.7570592274501021,0.7570592274501021,observed_standardization_no_causal_or_significance_claim,common_bins
24m,exclude_primary_dominant_project,06_2500_5000,uniswap,2025-02,overlap_exposure,16,28,0.6612394737996361,0.27390806062915646,0.3873314131704796,0.12590544689330285,0.12590544689330285,observed_standardization_no_causal_or_significance_claim,common_bins
24m,exclude_primary_dominant_project,06_2500_5000,uniswap,2025-02,equal_project,16,28,0.5635590125480527,0.14617397501812124,0.4173850375299315,0.12590544689330285,0.12590544689330285,observed_standardization_no_causal_or_significance_claim,common_bins
24m,exclude_primary_dominant_project,06_2500_5000,uniswap,2025-03,overlap_exposure,17,28,0.40096377272533235,0.23840364206078685,0.1625601306645455,0.041292404387899315,0.041292404387899315,observed_standardization_no_causal_or_significance_claim,common_bins
24m,exclude_primary_dominant_project,06_2500_5000,uniswap,2025-03,equal_project,17,28,1.02705363518994,0.19602484206338514,0.8310287931265546,0.041292404387899315,0.041292404387899315,observed_standardization_no_causal_or_significance_claim,common_bins
24m,exclude_primary_dominant_project,06_2500_5000,uniswap,2025-04,overlap_exposure,16,27,0.4820296057461104,0.27274472152635876,0.2092848842197517,0.0617008905836821,0.0617008905836821,observed_standardization_no_causal_or_significance_claim,common_bins
24m,exclude_primary_dominant_project,06_2500_5000,uniswap,2025-04,equal_project,16,27,0.7318546622649048,0.15771903564459683,0.574135626620308,0.0617008905836821,0.0617008905836821,observed_standardization_no_causal_or_significance_claim,common_bins
24m,exclude_primary_dominant_project,06_2500_5000,uniswap,2025-05,overlap_exposure,18,28,0.620260859249751,0.16259544925921987,0.4576654099905312,0.3162750154480998,0.3162750154480998,observed_standardization_no_causal_or_significance_claim,common_bins
24m,exclude_primary_dominant_project,06_2500_5000,uniswap,2025-05,equal_project,18,28,0.6603935091912951,0.10755719151588387,0.5528363176754113,0.3162750154480998,0.3162750154480998,observed_standardization_no_causal_or_significance_claim,common_bins
24m,exclude_primary_dominant_project,06_2500_5000,uniswap,2025-06,overlap_exposure,18,27,0.866433342322449,0.16591653755155736,0.7005168047708916,0.48350308750626775,0.48350308750626775,observed_standardization_no_causal_or_significance_claim,common_bins
24m,exclude_primary_dominant_project,06_2500_5000,uniswap,2025-06,equal_project,18,27,0.9886548964014278,0.11907868534392795,0.8695762110574999,0.48350308750626775,0.48350308750626775,observed_standardization_no_causal_or_significance_claim,common_bins
24m,exclude_primary_dominant_project,06_2500_5000,uniswap,2025-07,overlap_exposure,16,27,1.1118423502392496,0.14033867215856052,0.9715036780806892,0.7183333878028432,0.7183333878028432,observed_standardization_no_causal_or_significance_claim,common_bins
24m,exclude_primary_dominant_project,06_2500_5000,uniswap,2025-07,equal_project,16,27,0.839466070181976,0.17166790411341423,0.6677981660685618,0.7183333878028432,0.7183333878028432,observed_standardization_no_causal_or_significance_claim,common_bins
24m,exclude_primary_dominant_project,06_2500_5000,uniswap,2025-08,overlap_exposure,21,31,1.336887487477523,0.12408368416237156,1.2128038033151514,0.9277779548933786,0.9277779548933786,observed_standardization_no_causal_or_significance_claim,common_bins
24m,exclude_primary_dominant_project,06_2500_5000,uniswap,2025-08,equal_project,21,31,1.2132327871468436,0.14800428283044784,1.0652285043163958,0.9277779548933786,0.9277779548933786,observed_standardization_no_causal_or_significance_claim,common_bins
24m,exclude_primary_dominant_project,06_2500_5000,uniswap,2025-09,overlap_exposure,18,26,0.8410547250591417,0.09424834580054098,0.7468063792586007,0.5998425892416113,0.5998425892416113,observed_standardization_no_causal_or_significance_claim,common_bins
24m,exclude_primary_dominant_project,06_2500_5000,uniswap,2025-09,equal_project,18,26,0.6407807220111268,0.08265133910183484,0.558129382909292,0.5998425892416113,0.5998425892416113,observed_standardization_no_causal_or_significance_claim,common_bins
24m,exclude_primary_dominant_project,06_2500_5000,uniswap,2025-10,overlap_exposure,19,31,0.6517980737763408,0.23445359838030702,0.4173444753960338,0.26420761394528103,0.26420761394528103,observed_standardization_no_causal_or_significance_claim,common_bins
24m,exclude_primary_dominant_project,06_2500_5000,uniswap,2025-10,equal_project,19,31,0.37562309851641673,0.1393192096821813,0.23630388883423542,0.26420761394528103,0.26420761394528103,observed_standardization_no_causal_or_significance_claim,common_bins
24m,exclude_primary_dominant_project,06_2500_5000,uniswap,2025-11,overlap_exposure,18,28,0.5595971749143552,0.2883758575074497,0.27122131740690547,0.1023070751694988,0.1023070751694988,observed_standardization_no_causal_or_significance_claim,common_bins
24m,exclude_primary_dominant_project,06_2500_5000,uniswap,2025-11,equal_project,18,28,0.5988124861517,0.20976297710772326,0.3890495090439767,0.1023070751694988,0.1023070751694988,observed_standardization_no_causal_or_significance_claim,common_bins
24m,exclude_primary_dominant_project,06_2500_5000,uniswap,2025-12,overlap_exposure,17,26,0.700015059239503,0.39645770588573137,0.3035573533537717,-0.020768371246068177,-0.020768371246068177,observed_standardization_no_causal_or_significance_claim,common_bins
24m,exclude_primary_dominant_project,06_2500_5000,uniswap,2025-12,equal_project,17,26,0.7441701995583878,0.3431431755891873,0.40102702396920054,-0.020768371246068177,-0.020768371246068177,observed_standardization_no_causal_or_significance_claim,common_bins
24m,exclude_primary_dominant_project,07_5000_10000,uniswap,2024-01,overlap_exposure,17,29,2.0078512460393108,0.06887555997116086,1.93897568606815,1.6390754409732224,1.6390754409732224,observed_standardization_no_causal_or_significance_claim,common_bins
24m,exclude_primary_dominant_project,07_5000_10000,uniswap,2024-01,equal_project,17,29,2.1141560851167167,0.02977259871568436,2.084383486401032,1.6390754409732224,1.6390754409732224,observed_standardization_no_causal_or_significance_claim,common_bins
24m,exclude_primary_dominant_project,07_5000_10000,uniswap,2024-02,overlap_exposure,18,28,1.8759939838430921,0.06171070349253753,1.8142832803505549,1.6662972577706714,1.6662972577706714,observed_standardization_no_causal_or_significance_claim,common_bins
24m,exclude_primary_dominant_project,07_5000_10000,uniswap,2024-02,equal_project,18,28,2.444497409312151,0.021316181279570735,2.4231812280325804,1.6662972577706714,1.6662972577706714,observed_standardization_no_causal_or_significance_claim,common_bins
24m,exclude_primary_dominant_project,07_5000_10000,uniswap,2024-03,overlap_exposure,17,28,1.9239089283623907,0.11981340896012349,1.804095519402267,1.5564078099558576,1.5564078099558576,observed_standardization_no_causal_or_significance_claim,common_bins
24m,exclude_primary_dominant_project,07_5000_10000,uniswap,2024-03,equal_project,17,28,1.845063592463005,0.04920395212596944,1.7958596403370355,1.5564078099558576,1.5564078099558576,observed_standardization_no_causal_or_significance_claim,common_bins
24m,exclude_primary_dominant_project,07_5000_10000,uniswap,2024-04,overlap_exposure,18,30,1.7153129319319473,0.16651381635510867,1.5487991155768388,1.3548785056375456,1.3548785056375456,observed_standardization_no_causal_or_significance_claim,common_bins
24m,exclude_primary_dominant_project,07_5000_10000,uniswap,2024-04,equal_project,18,30,1.2644042521070464,0.10810178878133134,1.156302463325715,1.3548785056375456,1.3548785056375456,observed_standardization_no_causal_or_significance_claim,common_bins
24m,exclude_primary_dominant_project,07_5000_10000,uniswap,2024-05,overlap_exposure,17,27,1.7501152713377421,0.13547110867500495,1.6146441626627372,1.2435622172715581,1.2435622172715581,observed_standardization_no_causal_or_significance_claim,common_bins
24m,exclude_primary_dominant_project,07_5000_10000,uniswap,2024-05,equal_project,17,27,2.0214744287567603,0.06895152674847674,1.9525229020082833,1.2435622172715581,1.2435622172715581,observed_standardization_no_causal_or_significance_claim,common_bins
24m,exclude_primary_dominant_project,07_5000_10000,uniswap,2024-06,overlap_exposure,17,29,1.5199727682120723,0.13512832731350002,1.384844440898572,0.9383998831187401,0.9383998831187401,observed_standardization_no_causal_or_significance_claim,common_bins
24m,exclude_primary_dominant_project,07_5000_10000,uniswap,2024-06,equal_project,17,29,1.025842486936448,0.06805771949441568,0.9577847674420323,0.9383998831187401,0.9383998831187401,observed_standardization_no_causal_or_significance_claim,common_bins
24m,exclude_primary_dominant_project,07_5000_10000,uniswap,2024-07,overlap_exposure,13,26,0.9732635194099566,0.18290546803353624,0.7903580513764203,0.5004745578173035,0.5004745578173035,observed_standardization_no_causal_or_significance_claim,common_bins
24m,exclude_primary_dominant_project,07_5000_10000,uniswap,2024-07,equal_project,13,26,1.2912520554937275,0.14254247650164986,1.1487095789920774,0.5004745578173035,0.5004745578173035,observed_standardization_no_causal_or_significance_claim,common_bins
24m,exclude_primary_dominant_project,07_5000_10000,uniswap,2024-08,overlap_exposure,16,29,1.151210787676558,0.2349048127243042,0.9163059749522539,0.7796754150636159,0.7796754150636159,observed_standardization_no_causal_or_significance_claim,common_bins
24m,exclude_primary_dominant_project,07_5000_10000,uniswap,2024-08,equal_project,16,29,0.8727985681803792,0.15780469711552128,0.7149938710648578,0.7796754150636159,0.7796754150636159,observed_standardization_no_causal_or_significance_claim,common_bins
24m,exclude_primary_dominant_project,07_5000_10000,uniswap,2024-09,overlap_exposure,15,27,1.2154902424048626,0.29220509467145833,0.9232851477334044,1.0222769069397204,1.0222769069397204,observed_standardization_no_causal_or_significance_claim,common_bins
24m,exclude_primary_dominant_project,07_5000_10000,uniswap,2024-09,equal_project,15,27,0.7657378113561942,0.19534147924257056,0.5703963321136237,1.0222769069397204,1.0222769069397204,observed_standardization_no_causal_or_significance_claim,common_bins
24m,exclude_primary_dominant_project,07_5000_10000,uniswap,2024-10,overlap_exposure,15,26,0.8642648243550658,0.06445509085784709,0.7998097334972188,0.5844953738028388,0.5844953738028388,observed_standardization_no_causal_or_significance_claim,common_bins
24m,exclude_primary_dominant_project,07_5000_10000,uniswap,2024-10,equal_project,15,26,0.7894497133465995,0.05891792139158569,0.7305317919550138,0.5844953738028388,0.5844953738028388,observed_standardization_no_causal_or_significance_claim,common_bins
24m,exclude_primary_dominant_project,07_5000_10000,uniswap,2024-11,overlap_exposure,19,30,0.6280262933916065,0.05422535360864796,0.5738009397829585,0.4815660499050954,0.4815660499050954,observed_standardization_no_causal_or_significance_claim,common_bins
24m,exclude_primary_dominant_project,07_5000_10000,uniswap,2024-11,equal_project,19,30,0.7088508460651405,0.028713342703014018,0.6801375033621265,0.4815660499050954,0.4815660499050954,observed_standardization_no_causal_or_significance_claim,common_bins
24m,exclude_primary_dominant_project,07_5000_10000,uniswap,2024-12,overlap_exposure,18,29,0.5435843335354434,0.07527123413631569,0.4683130993991278,0.40784988866112876,0.40784988866112876,observed_standardization_no_causal_or_significance_claim,common_bins
24m,exclude_primary_dominant_project,07_5000_10000,uniswap,2024-12,equal_project,18,29,0.6790191524520981,0.029560999560677665,0.6494581528914205,0.40784988866112876,0.40784988866112876,observed_standardization_no_causal_or_significance_claim,common_bins
24m,exclude_primary_dominant_project,07_5000_10000,uniswap,2025-01,overlap_exposure,17,28,0.7613749177417203,0.061402116591772526,0.6999728011499478,0.4773549411481016,0.4773549411481016,observed_standardization_no_causal_or_significance_claim,common_bins
24m,exclude_primary_dominant_project,07_5000_10000,uniswap,2025-01,equal_project,17,28,0.5093258748926406,0.06047494650443746,0.4488509283882032,0.4773549411481016,0.4773549411481016,observed_standardization_no_causal_or_significance_claim,common_bins
24m,exclude_primary_dominant_project,07_5000_10000,uniswap,2025-02,overlap_exposure,16,28,0.48514380858436296,0.2337026875803417,0.2514411210040213,0.03989239770262999,0.03989239770262999,observed_standardization_no_causal_or_significance_claim,common_bins
24m,exclude_primary_dominant_project,07_5000_10000,uniswap,2025-02,equal_project,16,28,0.4938652623384037,0.14617397501812124,0.3476912873202825,0.03989239770262999,0.03989239770262999,observed_standardization_no_causal_or_significance_claim,common_bins
24m,exclude_primary_dominant_project,07_5000_10000,uniswap,2025-03,overlap_exposure,17,28,0.48683451804357086,0.2028105103172997,0.2840240077262711,0.17019956396284527,0.17019956396284527,observed_standardization_no_causal_or_significance_claim,common_bins
24m,exclude_primary_dominant_project,07_5000_10000,uniswap,2025-03,equal_project,17,28,0.558029129285155,0.19602484206338514,0.3620042872217699,0.17019956396284527,0.17019956396284527,observed_standardization_no_causal_or_significance_claim,common_bins
24m,exclude_primary_dominant_project,07_5000_10000,uniswap,2025-04,overlap_exposure,16,27,0.6585897084769395,0.25245205430050033,0.40613765417643916,0.2330238751840536,0.2330238751840536,observed_standardization_no_causal_or_significance_claim,common_bins
24m,exclude_primary_dominant_project,07_5000_10000,uniswap,2025-04,equal_project,16,27,0.9080656252740985,0.15771903564459683,0.7503465896295017,0.2330238751840536,0.2330238751840536,observed_standardization_no_causal_or_significance_claim,common_bins
24m,exclude_primary_dominant_project,07_5000_10000,uniswap,2025-05,overlap_exposure,18,28,0.7542389907831764,0.15727025061479755,0.5969687401683789,0.4334708284428312,0.4334708284428312,observed_standardization_no_causal_or_significance_claim,common_bins
24m,exclude_primary_dominant_project,07_5000_10000,uniswap,2025-05,equal_project,18,28,1.0192828168432588,0.10755719151588387,0.911725625327375,0.4334708284428312,0.4334708284428312,observed_standardization_no_causal_or_significance_claim,common_bins
24m,exclude_primary_dominant_project,07_5000_10000,uniswap,2025-06,overlap_exposure,18,27,0.976835806992656,0.1644693176747587,0.8123664893178975,0.5662031761015228,0.5662031761015228,observed_standardization_no_causal_or_significance_claim,common_bins
24m,exclude_primary_dominant_project,07_5000_10000,uniswap,2025-06,equal_project,18,27,1.1787359660980974,0.11907868534392795,1.0596572807541695,0.5662031761015228,0.5662031761015228,observed_standardization_no_causal_or_significance_claim,common_bins
24m,exclude_primary_dominant_project,07_5000_10000,uniswap,2025-07,overlap_exposure,16,27,1.1174035153400823,0.13205805121977693,0.9853454641203055,0.680899275799515,0.680899275799515,observed_standardization_no_causal_or_significance_claim,common_bins
24m,exclude_primary_dominant_project,07_5000_10000,uniswap,2025-07,equal_project,16,27,1.024310978618603,0.17166790411341423,0.852643074505189,0.680899275799515,0.680899275799515,observed_standardization_no_causal_or_significance_claim,common_bins
24m,exclude_primary_dominant_project,07_5000_10000,uniswap,2025-08,overlap_exposure,21,31,1.2004494650473305,0.11542516587716807,1.0850242991701624,0.7187864193801561,0.7187864193801561,observed_standardization_no_causal_or_significance_claim,common_bins
24m,exclude_primary_dominant_project,07_5000_10000,uniswap,2025-08,equal_project,21,31,1.0909122933864839,0.14800428283044784,0.9429080105560362,0.7187864193801561,0.7187864193801561,observed_standardization_no_causal_or_significance_claim,common_bins
24m,exclude_primary_dominant_project,07_5000_10000,uniswap,2025-09,overlap_exposure,18,26,0.7872023768423158,0.07786707133574533,0.7093353055065704,0.45222127216525676,0.45222127216525676,observed_standardization_no_causal_or_significance_claim,common_bins
24m,exclude_primary_dominant_project,07_5000_10000,uniswap,2025-09,equal_project,18,26,0.8671693246287453,0.08265133910183484,0.7845179855269104,0.45222127216525676,0.45222127216525676,observed_standardization_no_causal_or_significance_claim,common_bins
24m,exclude_primary_dominant_project,07_5000_10000,uniswap,2025-10,overlap_exposure,19,31,0.5567340094117367,0.20276504694561517,0.35396896246612153,0.15647023391071424,0.15647023391071424,observed_standardization_no_causal_or_significance_claim,common_bins
24m,exclude_primary_dominant_project,07_5000_10000,uniswap,2025-10,equal_project,19,31,0.3954168519023863,0.1393192096821813,0.256097642220205,0.15647023391071424,0.15647023391071424,observed_standardization_no_causal_or_significance_claim,common_bins
24m,exclude_primary_dominant_project,07_5000_10000,uniswap,2025-11,overlap_exposure,18,28,0.5778765238181761,0.2035630810285548,0.37431344278962136,0.09177237054218955,0.09177237054218955,observed_standardization_no_causal_or_significance_claim,common_bins
24m,exclude_primary_dominant_project,07_5000_10000,uniswap,2025-11,equal_project,18,28,0.7248446404774206,0.20976297710772326,0.5150816633696973,0.09177237054218955,0.09177237054218955,observed_standardization_no_causal_or_significance_claim,common_bins
24m,exclude_primary_dominant_project,07_5000_10000,uniswap,2025-12,overlap_exposure,17,26,0.5737167885515595,0.3394450888608,0.23427169969075953,-0.1472846126332113,-0.1472846126332113,observed_standardization_no_causal_or_significance_claim,common_bins
24m,exclude_primary_dominant_project,07_5000_10000,uniswap,2025-12,equal_project,17,26,0.7304635851898972,0.3431431755891873,0.3873204096007099,-0.1472846126332113,-0.1472846126332113,observed_standardization_no_causal_or_significance_claim,common_bins
24m,exclude_primary_dominant_project,08_10000_25000,uniswap,2024-01,overlap_exposure,17,29,2.32144494098034,0.053594028036457166,2.267850912943883,1.4132936686380402,1.4132936686380402,observed_standardization_no_causal_or_significance_claim,common_bins
24m,exclude_primary_dominant_project,08_10000_25000,uniswap,2024-01,equal_project,17,29,2.8499576012581804,0.02977259871568436,2.820185002542496,1.4132936686380402,1.4132936686380402,observed_standardization_no_causal_or_significance_claim,common_bins
24m,exclude_primary_dominant_project,08_10000_25000,uniswap,2024-02,overlap_exposure,18,28,2.024453744063846,0.05834256990907662,1.9661111741547694,1.5740713086995082,1.5740713086995082,observed_standardization_no_causal_or_significance_claim,common_bins
24m,exclude_primary_dominant_project,08_10000_25000,uniswap,2024-02,equal_project,18,28,1.8632738120979424,0.021316181279570735,1.8419576308183718,1.5740713086995082,1.5740713086995082,observed_standardization_no_causal_or_significance_claim,common_bins
24m,exclude_primary_dominant_project,08_10000_25000,uniswap,2024-03,overlap_exposure,17,28,2.357467981403049,0.11585929123992926,2.2416086901631194,1.6189149837033476,1.6189149837033476,observed_standardization_no_causal_or_significance_claim,common_bins
24m,exclude_primary_dominant_project,08_10000_25000,uniswap,2024-03,equal_project,17,28,2.526651533401346,0.04920395212596944,2.4774475812753765,1.6189149837033476,1.6189149837033476,observed_standardization_no_causal_or_significance_claim,common_bins
24m,exclude_primary_dominant_project,08_10000_25000,uniswap,2024-04,overlap_exposure,18,30,2.279013095647314,0.18086248520658268,2.0981506104407313,1.2732804699949363,1.2732804699949363,observed_standardization_no_causal_or_significance_claim,common_bins
24m,exclude_primary_dominant_project,08_10000_25000,uniswap,2024-04,equal_project,18,30,1.7503036849718718,0.10810178878133134,1.6422018961905407,1.2732804699949363,1.2732804699949363,observed_standardization_no_causal_or_significance_claim,common_bins
24m,exclude_primary_dominant_project,08_10000_25000,uniswap,2024-05,overlap_exposure,17,27,2.411396838409768,0.11561780218986724,2.2957790362199013,1.5431437889035706,1.5431437889035706,observed_standardization_no_causal_or_significance_claim,common_bins
24m,exclude_primary_dominant_project,08_10000_25000,uniswap,2024-05,equal_project,17,27,2.425452184378793,0.06895152674847674,2.356500657630316,1.5431437889035706,1.5431437889035706,observed_standardization_no_causal_or_significance_claim,common_bins
24m,exclude_primary_dominant_project,08_10000_25000,uniswap,2024-06,overlap_exposure,17,29,1.565714873620296,0.09965588522173575,1.4660589883985602,1.0000632201962603,1.0000632201962603,observed_standardization_no_causal_or_significance_claim,common_bins
24m,exclude_primary_dominant_project,08_10000_25000,uniswap,2024-06,equal_project,17,29,1.2838269642113813,0.06805771949441568,1.2157692447169657,1.0000632201962603,1.0000632201962603,observed_standardization_no_causal_or_significance_claim,common_bins
24m,exclude_primary_dominant_project,08_10000_25000,uniswap,2024-07,overlap_exposure,13,26,1.1305959648371626,0.14050147213448655,0.9900944927026761,0.6509075277544948,0.6509075277544948,observed_standardization_no_causal_or_significance_claim,common_bins
24m,exclude_primary_dominant_project,08_10000_25000,uniswap,2024-07,equal_project,13,26,1.4811322574136199,0.14254247650164986,1.33858978091197,0.6509075277544948,0.6509075277544948,observed_standardization_no_causal_or_significance_claim,common_bins
24m,exclude_primary_dominant_project,08_10000_25000,uniswap,2024-08,overlap_exposure,16,29,1.439641265579035,0.1873948417505729,1.252246423828462,0.8716304051852166,0.8716304051852166,observed_standardization_no_causal_or_significance_claim,common_bins
24m,exclude_primary_dominant_project,08_10000_25000,uniswap,2024-08,equal_project,16,29,1.3202802557441873,0.15780469711552128,1.1624755586286661,0.8716304051852166,0.8716304051852166,observed_standardization_no_causal_or_significance_claim,common_bins
24m,exclude_primary_dominant_project,08_10000_25000,uniswap,2024-09,overlap_exposure,15,27,0.9399280385054266,0.2846921963651378,0.6552358421402887,0.4687131131886596,0.4687131131886596,observed_standardization_no_causal_or_significance_claim,common_bins
24m,exclude_primary_dominant_project,08_10000_25000,uniswap,2024-09,equal_project,15,27,0.9865258540036862,0.19534147924257056,0.7911843747611157,0.4687131131886596,0.4687131131886596,observed_standardization_no_causal_or_significance_claim,common_bins
24m,exclude_primary_dominant_project,08_10000_25000,uniswap,2024-10,overlap_exposure,15,26,0.8410647655594605,0.05065709906475146,0.790407666494709,0.5950692398037225,0.5950692398037225,observed_standardization_no_causal_or_significance_claim,common_bins
24m,exclude_primary_dominant_project,08_10000_25000,uniswap,2024-10,equal_project,15,26,1.3948628494304887,0.05891792139158569,1.3359449280389029,0.5950692398037225,0.5950692398037225,observed_standardization_no_causal_or_significance_claim,common_bins
24m,exclude_primary_dominant_project,08_10000_25000,uniswap,2024-11,overlap_exposure,19,30,0.7100430193435328,0.03657444786235649,0.6734685714811763,0.5588314660185466,0.5588314660185466,observed_standardization_no_causal_or_significance_claim,common_bins
24m,exclude_primary_dominant_project,08_10000_25000,uniswap,2024-11,equal_project,19,30,1.0759242844984451,0.028713342703014018,1.047210941795431,0.5588314660185466,0.5588314660185466,observed_standardization_no_causal_or_significance_claim,common_bins
24m,exclude_primary_dominant_project,08_10000_25000,uniswap,2024-12,overlap_exposure,18,29,0.49679367832913796,0.05959777710301057,0.43719590122612745,0.3410861535799576,0.3410861535799576,observed_standardization_no_causal_or_significance_claim,common_bins
24m,exclude_primary_dominant_project,08_10000_25000,uniswap,2024-12,equal_project,18,29,0.39430804282735527,0.029560999560677665,0.3647470432666776,0.3410861535799576,0.3410861535799576,observed_standardization_no_causal_or_significance_claim,common_bins
24m,exclude_primary_dominant_project,08_10000_25000,uniswap,2025-01,overlap_exposure,17,28,0.5833236812287949,0.03980047668400638,0.5435232045447884,0.3132471334962592,0.3132471334962592,observed_standardization_no_causal_or_significance_claim,common_bins
24m,exclude_primary_dominant_project,08_10000_25000,uniswap,2025-01,equal_project,17,28,0.525805229999918,0.06047494650443746,0.46533028349548045,0.3132471334962592,0.3132471334962592,observed_standardization_no_causal_or_significance_claim,common_bins
24m,exclude_primary_dominant_project,08_10000_25000,uniswap,2025-02,overlap_exposure,16,28,0.5474926287938563,0.19346785382145512,0.3540247749724012,0.15778257839810134,0.15778257839810134,observed_standardization_no_causal_or_significance_claim,common_bins
24m,exclude_primary_dominant_project,08_10000_25000,uniswap,2025-02,equal_project,16,28,0.5846135581699046,0.14617397501812124,0.43843958315178333,0.15778257839810134,0.15778257839810134,observed_standardization_no_causal_or_significance_claim,common_bins
24m,exclude_primary_dominant_project,08_10000_25000,uniswap,2025-03,overlap_exposure,17,28,0.6103268399178582,0.16286844226351113,0.44745839765434703,0.2620190115957551,0.2620190115957551,observed_standardization_no_causal_or_significance_claim,common_bins
24m,exclude_primary_dominant_project,08_10000_25000,uniswap,2025-03,equal_project,17,28,0.43768323061855186,0.19602484206338514,0.24165838855516672,0.2620190115957551,0.2620190115957551,observed_standardization_no_causal_or_significance_claim,common_bins
24m,exclude_primary_dominant_project,08_10000_25000,uniswap,2025-04,overlap_exposure,16,27,0.8348041036992037,0.21237083124375608,0.6224332724554477,0.3891318714947356,0.3891318714947356,observed_standardization_no_causal_or_significance_claim,common_bins
24m,exclude_primary_dominant_project,08_10000_25000,uniswap,2025-04,equal_project,16,27,0.8859293210548362,0.15771903564459683,0.7282102854102395,0.3891318714947356,0.3891318714947356,observed_standardization_no_causal_or_significance_claim,common_bins
24m,exclude_primary_dominant_project,08_10000_25000,uniswap,2025-05,overlap_exposure,18,28,0.9704504343861848,0.14376929533504967,0.8266811390511352,0.6166514661264901,0.6166514661264901,observed_standardization_no_causal_or_significance_claim,common_bins
24m,exclude_primary_dominant_project,08_10000_25000,uniswap,2025-05,equal_project,18,28,0.9438990895252611,0.10755719151588387,0.8363418980093773,0.6166514661264901,0.6166514661264901,observed_standardization_no_causal_or_significance_claim,common_bins
24m,exclude_primary_dominant_project,08_10000_25000,uniswap,2025-06,overlap_exposure,18,27,1.1557084521049075,0.14532448445053467,1.0103839676543727,0.668723963022223,0.668723963022223,observed_standardization_no_causal_or_significance_claim,common_bins
24m,exclude_primary_dominant_project,08_10000_25000,uniswap,2025-06,equal_project,18,27,1.3723302364790433,0.11907868534392795,1.2532515511351154,0.668723963022223,0.668723963022223,observed_standardization_no_causal_or_significance_claim,common_bins
24m,exclude_primary_dominant_project,08_10000_25000,uniswap,2025-07,overlap_exposure,16,27,1.0930344741800255,0.1245565785851356,0.9684778955948898,0.6129230299465894,0.6129230299465894,observed_standardization_no_causal_or_significance_claim,common_bins
24m,exclude_primary_dominant_project,08_10000_25000,uniswap,2025-07,equal_project,16,27,1.4494149919020907,0.17166790411341423,1.2777470877886765,0.6129230299465894,0.6129230299465894,observed_standardization_no_causal_or_significance_claim,common_bins
24m,exclude_primary_dominant_project,08_10000_25000,uniswap,2025-08,overlap_exposure,21,31,1.1046675814582645,0.09771229003816008,1.0069552914201043,0.5258905383374776,0.5258905383374776,observed_standardization_no_causal_or_significance_claim,common_bins
24m,exclude_primary_dominant_project,08_10000_25000,uniswap,2025-08,equal_project,21,31,0.8370279223406194,0.14800428283044784,0.6890236395101716,0.5258905383374776,0.5258905383374776,observed_standardization_no_causal_or_significance_claim,common_bins
24m,exclude_primary_dominant_project,08_10000_25000,uniswap,2025-09,overlap_exposure,18,26,0.7916112056821708,0.06240693871669508,0.7292042669654757,0.36463632775851074,0.36463632775851074,observed_standardization_no_causal_or_significance_claim,common_bins
24m,exclude_primary_dominant_project,08_10000_25000,uniswap,2025-09,equal_project,18,26,0.8219754451870424,0.08265133910183484,0.7393241060852075,0.36463632775851074,0.36463632775851074,observed_standardization_no_causal_or_significance_claim,common_bins
24m,exclude_primary_dominant_project,08_10000_25000,uniswap,2025-10,overlap_exposure,19,31,0.6353856167377119,0.1267432768394098,0.5086423398983021,0.19711327688050284,0.19711327688050284,observed_standardization_no_causal_or_significance_claim,common_bins
24m,exclude_primary_dominant_project,08_10000_25000,uniswap,2025-10,equal_project,19,31,0.7990835001276003,0.1393192096821813,0.6597642904454191,0.19711327688050284,0.19711327688050284,observed_standardization_no_causal_or_significance_claim,common_bins
24m,exclude_primary_dominant_project,08_10000_25000,uniswap,2025-11,overlap_exposure,18,28,0.6616505561541346,0.1522035423669551,0.5094470137871796,0.10580648448185351,0.10580648448185351,observed_standardization_no_causal_or_significance_claim,common_bins
24m,exclude_primary_dominant_project,08_10000_25000,uniswap,2025-11,equal_project,18,28,1.3938583609292872,0.20976297710772326,1.1840953838215638,0.10580648448185351,0.10580648448185351,observed_standardization_no_causal_or_significance_claim,common_bins
24m,exclude_primary_dominant_project,08_10000_25000,uniswap,2025-12,overlap_exposure,17,26,0.6379005246278291,0.29182945433795277,0.34607107028987627,-0.12485954873656434,-0.12485954873656434,observed_standardization_no_causal_or_significance_claim,common_bins
24m,exclude_primary_dominant_project,08_10000_25000,uniswap,2025-12,equal_project,17,26,0.54080976941089,0.3431431755891873,0.19766659382170274,-0.12485954873656434,-0.12485954873656434,observed_standardization_no_causal_or_significance_claim,common_bins
24m,exclude_primary_dominant_project,09_25000_50000,uniswap,2024-01,overlap_exposure,17,29,2.4430919571076166,0.035633055122161326,2.4074589019854558,1.7278642200492462,1.7278642200492462,observed_standardization_no_causal_or_significance_claim,common_bins
24m,exclude_primary_dominant_project,09_25000_50000,uniswap,2024-01,equal_project,17,29,2.4441624060918707,0.02977259871568436,2.4143898073761862,1.7278642200492462,1.7278642200492462,observed_standardization_no_causal_or_significance_claim,common_bins
24m,exclude_primary_dominant_project,09_25000_50000,uniswap,2024-02,overlap_exposure,18,28,2.8953067241249193,0.05134857140506713,2.843958152719852,2.570810117734692,2.570810117734692,observed_standardization_no_causal_or_significance_claim,common_bins
24m,exclude_primary_dominant_project,09_25000_50000,uniswap,2024-02,equal_project,18,28,3.8528834631191744,0.021316181279570735,3.8315672818396034,2.570810117734692,2.570810117734692,observed_standardization_no_causal_or_significance_claim,common_bins
24m,exclude_primary_dominant_project,09_25000_50000,uniswap,2024-03,overlap_exposure,17,28,2.9463071647457935,0.10954704169558718,2.8367601230502064,2.1645501555028925,2.1645501555028925,observed_standardization_no_causal_or_significance_claim,common_bins
24m,exclude_primary_dominant_project,09_25000_50000,uniswap,2024-03,equal_project,17,28,1.9223111729429052,0.04920395212596944,1.873107220816936,2.1645501555028925,2.1645501555028925,observed_standardization_no_causal_or_significance_claim,common_bins
24m,exclude_primary_dominant_project,09_25000_50000,uniswap,2024-04,overlap_exposure,18,30,2.4253264932362883,0.21017600349442267,2.215150489741866,1.782349388178637,1.782349388178637,observed_standardization_no_causal_or_significance_claim,common_bins
24m,exclude_primary_dominant_project,09_25000_50000,uniswap,2024-04,equal_project,18,30,2.1589641394285803,0.10810178878133134,2.0508623506472494,1.782349388178637,1.782349388178637,observed_standardization_no_causal_or_significance_claim,common_bins
24m,exclude_primary_dominant_project,09_25000_50000,uniswap,2024-05,overlap_exposure,17,27,3.2687073719308515,0.09740557611681733,3.171301795814034,2.469658045609454,2.469658045609454,observed_standardization_no_causal_or_significance_claim,common_bins
24m,exclude_primary_dominant_project,09_25000_50000,uniswap,2024-05,equal_project,17,27,3.078291122939256,0.06895152674847674,3.0093395961907796,2.469658045609454,2.469658045609454,observed_standardization_no_causal_or_significance_claim,common_bins
24m,exclude_primary_dominant_project,09_25000_50000,uniswap,2024-06,overlap_exposure,17,29,2.3658595040571386,0.06745354349617344,2.2984059605609652,2.072902127735009,2.072902127735009,observed_standardization_no_causal_or_significance_claim,common_bins
24m,exclude_primary_dominant_project,09_25000_50000,uniswap,2024-06,equal_project,17,29,1.4071334035621643,0.06805771949441568,1.3390756840677487,2.072902127735009,2.072902127735009,observed_standardization_no_causal_or_significance_claim,common_bins
24m,exclude_primary_dominant_project,09_25000_50000,uniswap,2024-07,overlap_exposure,13,26,1.5858829505372287,0.11550588352466111,1.4703770670125675,1.1416204692998004,1.1416204692998004,observed_standardization_no_causal_or_significance_claim,common_bins
24m,exclude_primary_dominant_project,09_25000_50000,uniswap,2024-07,equal_project,13,26,1.6091264680682809,0.14254247650164986,1.466583991566631,1.1416204692998004,1.1416204692998004,observed_standardization_no_causal_or_significance_claim,common_bins
24m,exclude_primary_dominant_project,09_25000_50000,uniswap,2024-08,overlap_exposure,16,29,1.993626613651587,0.1465214767397025,1.8471051369118845,1.243036055147515,1.243036055147515,observed_standardization_no_causal_or_significance_claim,common_bins
24m,exclude_primary_dominant_project,09_25000_50000,uniswap,2024-08,equal_project,16,29,1.1796021498419276,0.15780469711552128,1.0217974527264062,1.243036055147515,1.243036055147515,observed_standardization_no_causal_or_significance_claim,common_bins
24m,exclude_primary_dominant_project,09_25000_50000,uniswap,2024-09,overlap_exposure,15,27,1.1049027590725722,0.2745671590355909,0.8303356000369811,0.585719839622831,0.585719839622831,observed_standardization_no_causal_or_significance_claim,common_bins
24m,exclude_primary_dominant_project,09_25000_50000,uniswap,2024-09,equal_project,15,27,1.3947536437561383,0.19534147924257056,1.1994121645135678,0.585719839622831,0.585719839622831,observed_standardization_no_causal_or_significance_claim,common_bins
24m,exclude_primary_dominant_project,09_25000_50000,uniswap,2024-10,overlap_exposure,15,26,0.6826457555126507,0.05097477689111986,0.6316709786215309,0.4903366258870846,0.4903366258870846,observed_standardization_no_causal_or_significance_claim,common_bins
24m,exclude_primary_dominant_project,09_25000_50000,uniswap,2024-10,equal_project,15,26,0.7810514291714389,0.05891792139158569,0.7221335077798532,0.4903366258870846,0.4903366258870846,observed_standardization_no_causal_or_significance_claim,common_bins
24m,exclude_primary_dominant_project,09_25000_50000,uniswap,2024-11,overlap_exposure,19,30,0.9422099301936786,0.023400518704712214,0.9188094114889664,0.784881037167676,0.784881037167676,observed_standardization_no_causal_or_significance_claim,common_bins
24m,exclude_primary_dominant_project,09_25000_50000,uniswap,2024-11,equal_project,19,30,1.353751593003343,0.028713342703014018,1.325038250300329,0.784881037167676,0.784881037167676,observed_standardization_no_causal_or_significance_claim,common_bins
24m,exclude_primary_dominant_project,09_25000_50000,uniswap,2024-12,overlap_exposure,18,29,0.526138670328066,0.049531169519149376,0.4766075008089166,0.4073512656129711,0.4073512656129711,observed_standardization_no_causal_or_significance_claim,common_bins
24m,exclude_primary_dominant_project,09_25000_50000,uniswap,2024-12,equal_project,18,29,0.7077877592033927,0.029560999560677665,0.678226759642715,0.4073512656129711,0.4073512656129711,observed_standardization_no_causal_or_significance_claim,common_bins
24m,exclude_primary_dominant_project,09_25000_50000,uniswap,2025-01,overlap_exposure,17,28,0.5974384004740773,0.027821596387269863,0.5696168040868075,0.3507435955199093,0.3507435955199093,observed_standardization_no_causal_or_significance_claim,common_bins
24m,exclude_primary_dominant_project,09_25000_50000,uniswap,2025-01,equal_project,17,28,0.5601229974450064,0.06047494650443746,0.49964805094056886,0.3507435955199093,0.3507435955199093,observed_standardization_no_causal_or_significance_claim,common_bins
24m,exclude_primary_dominant_project,09_25000_50000,uniswap,2025-02,overlap_exposure,16,28,0.6456804757296464,0.14103844538716012,0.5046420303424862,0.18796265207587762,0.18796265207587762,observed_standardization_no_causal_or_significance_claim,common_bins
24m,exclude_primary_dominant_project,09_25000_50000,uniswap,2025-02,equal_project,16,28,1.2598984373270954,0.14617397501812124,1.1137244623089742,0.18796265207587762,0.18796265207587762,observed_standardization_no_causal_or_significance_claim,common_bins
24m,exclude_primary_dominant_project,09_25000_50000,uniswap,2025-03,overlap_exposure,17,28,0.7632624379279931,0.12709361581539544,0.6361688221125977,0.2702486405609674,0.2702486405609674,observed_standardization_no_causal_or_significance_claim,common_bins
24m,exclude_primary_dominant_project,09_25000_50000,uniswap,2025-03,equal_project,17,28,1.1424328117478375,0.19602484206338514,0.9464079696844523,0.2702486405609674,0.2702486405609674,observed_standardization_no_causal_or_significance_claim,common_bins
24m,exclude_primary_dominant_project,09_25000_50000,uniswap,2025-04,overlap_exposure,16,27,1.152963401678028,0.1518408971644683,1.0011225045135594,0.495682709390367,0.495682709390367,observed_standardization_no_causal_or_significance_claim,common_bins
24m,exclude_primary_dominant_project,09_25000_50000,uniswap,2025-04,equal_project,16,27,0.9620629639029515,0.15771903564459683,0.8043439282583547,0.495682709390367,0.495682709390367,observed_standardization_no_causal_or_significance_claim,common_bins
24m,exclude_primary_dominant_project,09_25000_50000,uniswap,2025-05,overlap_exposure,18,28,1.2906721556599177,0.10145868738476688,1.189213468275151,0.7858980047929219,0.7858980047929219,observed_standardization_no_causal_or_significance_claim,common_bins
24m,exclude_primary_dominant_project,09_25000_50000,uniswap,2025-05,equal_project,18,28,1.3080986275879705,0.10755719151588387,1.2005414360720867,0.7858980047929219,0.7858980047929219,observed_standardization_no_causal_or_significance_claim,common_bins
24m,exclude_primary_dominant_project,09_25000_50000,uniswap,2025-06,overlap_exposure,18,27,1.7130349964207698,0.09899956558056655,1.6140354308402036,0.9740739535918259,0.9740739535918259,observed_standardization_no_causal_or_significance_claim,common_bins
24m,exclude_primary_dominant_project,09_25000_50000,uniswap,2025-06,equal_project,18,27,1.2043042749606774,0.11907868534392795,1.0852255896167493,0.9740739535918259,0.9740739535918259,observed_standardization_no_causal_or_significance_claim,common_bins
24m,exclude_primary_dominant_project,09_25000_50000,uniswap,2025-07,overlap_exposure,16,27,1.4824718260011185,0.09270233914312338,1.389769486857995,0.7184248065377702,0.7184248065377702,observed_standardization_no_causal_or_significance_claim,common_bins
24m,exclude_primary_dominant_project,09_25000_50000,uniswap,2025-07,equal_project,16,27,1.1837139535349015,0.17166790411341423,1.0120460494214873,0.7184248065377702,0.7184248065377702,observed_standardization_no_causal_or_significance_claim,common_bins
24m,exclude_primary_dominant_project,09_25000_50000,uniswap,2025-08,overlap_exposure,21,31,1.1478505045593903,0.07191119491173102,1.0759393096476593,0.5541150324784841,0.5541150324784841,observed_standardization_no_causal_or_significance_claim,common_bins
24m,exclude_primary_dominant_project,09_25000_50000,uniswap,2025-08,equal_project,21,31,0.47522427189940974,0.14800428283044784,0.3272199890689619,0.5541150324784841,0.5541150324784841,observed_standardization_no_causal_or_significance_claim,common_bins
24m,exclude_primary_dominant_project,09_25000_50000,uniswap,2025-09,overlap_exposure,18,26,0.9536618495016416,0.05044723809200114,0.9032146114096404,0.4920395191719776,0.4920395191719776,observed_standardization_no_causal_or_significance_claim,common_bins
24m,exclude_primary_dominant_project,09_25000_50000,uniswap,2025-09,equal_project,18,26,1.5510080856637107,0.08265133910183484,1.4683567465618759,0.4920395191719776,0.4920395191719776,observed_standardization_no_causal_or_significance_claim,common_bins
24m,exclude_primary_dominant_project,09_25000_50000,uniswap,2025-10,overlap_exposure,19,31,0.6370880435445475,0.07517834316195232,0.5619097003825951,0.18886814046986689,0.18886814046986689,observed_standardization_no_causal_or_significance_claim,common_bins
24m,exclude_primary_dominant_project,09_25000_50000,uniswap,2025-10,equal_project,19,31,0.8557423691451502,0.1393192096821813,0.7164231594629689,0.18886814046986689,0.18886814046986689,observed_standardization_no_causal_or_significance_claim,common_bins
24m,exclude_primary_dominant_project,09_25000_50000,uniswap,2025-11,overlap_exposure,18,28,0.5243217606781373,0.11660272796239078,0.40771903271574655,0.006716375425491836,0.006716375425491836,observed_standardization_no_causal_or_significance_claim,common_bins
24m,exclude_primary_dominant_project,09_25000_50000,uniswap,2025-11,equal_project,18,28,0.40780470229020366,0.20976297710772326,0.1980417251824804,0.006716375425491836,0.006716375425491836,observed_standardization_no_causal_or_significance_claim,common_bins
24m,exclude_primary_dominant_project,09_25000_50000,uniswap,2025-12,overlap_exposure,17,26,0.5054213858156066,0.20249588011310599,0.30292550570250065,-0.20762530858774378,-0.20762530858774378,observed_standardization_no_causal_or_significance_claim,common_bins
24m,exclude_primary_dominant_project,09_25000_50000,uniswap,2025-12,equal_project,17,26,0.33980375810719093,0.3431431755891873,-0.0033394174819963585,-0.20762530858774378,-0.20762530858774378,observed_standardization_no_causal_or_significance_claim,common_bins
24m,exclude_primary_dominant_project,10_50000_100000,uniswap,2024-01,overlap_exposure,17,29,2.5474960031343885,0.03235128031096932,2.515144722823419,2.106926620640802,2.106926620640802,observed_standardization_no_causal_or_significance_claim,common_bins
24m,exclude_primary_dominant_project,10_50000_100000,uniswap,2024-01,equal_project,17,29,2.319951309030319,0.02977259871568436,2.2901787103146347,2.106926620640802,2.106926620640802,observed_standardization_no_causal_or_significance_claim,common_bins
24m,exclude_primary_dominant_project,10_50000_100000,uniswap,2024-02,overlap_exposure,18,28,2.1644202606676655,0.04355903679356317,2.120861223874102,1.8696232043570653,1.8696232043570653,observed_standardization_no_causal_or_significance_claim,common_bins
24m,exclude_primary_dominant_project,10_50000_100000,uniswap,2024-02,equal_project,18,28,4.307686101151439,0.021316181279570735,4.286369919871868,1.8696232043570653,1.8696232043570653,observed_standardization_no_causal_or_significance_claim,common_bins
24m,exclude_primary_dominant_project,10_50000_100000,uniswap,2024-03,overlap_exposure,17,28,2.6408235221442715,0.10323637709519944,2.5375871450490717,1.7037237045801918,1.7037237045801918,observed_standardization_no_causal_or_significance_claim,common_bins
24m,exclude_primary_dominant_project,10_50000_100000,uniswap,2024-03,equal_project,17,28,2.226280807684611,0.04920395212596944,2.1770768555586413,1.7037237045801918,1.7037237045801918,observed_standardization_no_causal_or_significance_claim,common_bins
24m,exclude_primary_dominant_project,10_50000_100000,uniswap,2024-04,overlap_exposure,18,30,3.000496709989579,0.2513149638756089,2.7491817461139703,2.0123137663870616,2.0123137663870616,observed_standardization_no_causal_or_significance_claim,common_bins
24m,exclude_primary_dominant_project,10_50000_100000,uniswap,2024-04,equal_project,18,30,3.2926916981110104,0.10810178878133134,3.184589909329679,2.0123137663870616,2.0123137663870616,observed_standardization_no_causal_or_significance_claim,common_bins
24m,exclude_primary_dominant_project,10_50000_100000,uniswap,2024-05,overlap_exposure,17,27,3.7269370741814365,0.07649952633683936,3.650437547844597,2.346058373040636,2.346058373040636,observed_standardization_no_causal_or_significance_claim,common_bins
24m,exclude_primary_dominant_project,10_50000_100000,uniswap,2024-05,equal_project,17,27,2.9653848542741628,0.06895152674847674,2.896433327525686,2.346058373040636,2.346058373040636,observed_standardization_no_causal_or_significance_claim,common_bins
24m,exclude_primary_dominant_project,10_50000_100000,uniswap,2024-06,overlap_exposure,17,29,2.470242880319001,0.05892750206473215,2.411315378254269,2.025174190002852,2.025174190002852,observed_standardization_no_causal_or_significance_claim,common_bins
24m,exclude_primary_dominant_project,10_50000_100000,uniswap,2024-06,equal_project,17,29,1.580006372070911,0.06805771949441568,1.5119486525764954,2.025174190002852,2.025174190002852,observed_standardization_no_causal_or_significance_claim,common_bins
24m,exclude_primary_dominant_project,10_50000_100000,uniswap,2024-07,overlap_exposure,13,26,2.464349897811485,0.08377761514308002,2.380572282668405,1.8692902734312071,1.8692902734312071,observed_standardization_no_causal_or_significance_claim,common_bins
24m,exclude_primary_dominant_project,10_50000_100000,uniswap,2024-07,equal_project,13,26,1.7004716360255023,0.14254247650164986,1.5579291595238525,1.8692902734312071,1.8692902734312071,observed_standardization_no_causal_or_significance_claim,common_bins
24m,exclude_primary_dominant_project,10_50000_100000,uniswap,2024-08,overlap_exposure,16,29,1.8714532316280355,0.12561783089884407,1.7458354007291916,1.1161740752170448,1.1161740752170448,observed_standardization_no_causal_or_significance_claim,common_bins
24m,exclude_primary_dominant_project,10_50000_100000,uniswap,2024-08,equal_project,16,29,1.0671622545216812,0.15780469711552128,0.9093575574061599,1.1161740752170448,1.1161740752170448,observed_standardization_no_causal_or_significance_claim,common_bins
24m,exclude_primary_dominant_project,10_50000_100000,uniswap,2024-09,overlap_exposure,15,27,1.0261309141171209,0.22763877960644027,0.7984921345106807,0.5556510735535853,0.5556510735535853,observed_standardization_no_causal_or_significance_claim,common_bins
24m,exclude_primary_dominant_project,10_50000_100000,uniswap,2024-09,equal_project,15,27,0.9834506789132865,0.19534147924257056,0.7881091996707159,0.5556510735535853,0.5556510735535853,observed_standardization_no_causal_or_significance_claim,common_bins
24m,exclude_primary_dominant_project,10_50000_100000,uniswap,2024-10,overlap_exposure,15,26,0.6363388358038745,0.04214548331956662,0.5941933524843078,0.4615868488743169,0.4615868488743169,observed_standardization_no_causal_or_significance_claim,common_bins
24m,exclude_primary_dominant_project,10_50000_100000,uniswap,2024-10,equal_project,15,26,1.3717813314158607,0.05891792139158569,1.312863410024275,0.4615868488743169,0.4615868488743169,observed_standardization_no_causal_or_significance_claim,common_bins
24m,exclude_primary_dominant_project,10_50000_100000,uniswap,2024-11,overlap_exposure,19,30,1.1193778667278946,0.02536979217312581,1.094008074554769,0.8313590808550644,0.8313590808550644,observed_standardization_no_causal_or_significance_claim,common_bins
24m,exclude_primary_dominant_project,10_50000_100000,uniswap,2024-11,equal_project,19,30,2.179054214263908,0.028713342703014018,2.150340871560894,0.8313590808550644,0.8313590808550644,observed_standardization_no_causal_or_significance_claim,common_bins
24m,exclude_primary_dominant_project,10_50000_100000,uniswap,2024-12,overlap_exposure,18,29,0.6259345965836083,0.0696746881860465,0.5562599083975618,0.4371398257429966,0.4371398257429966,observed_standardization_no_causal_or_significance_claim,common_bins
24m,exclude_primary_dominant_project,10_50000_100000,uniswap,2024-12,equal_project,18,29,0.9224234986712548,0.029560999560677665,0.8928624991105771,0.4371398257429966,0.4371398257429966,observed_standardization_no_causal_or_significance_claim,common_bins
24m,exclude_primary_dominant_project,10_50000_100000,uniswap,2025-01,overlap_exposure,17,28,0.5380906941121717,0.024451021298646926,0.5136396728135249,0.2574258603705904,0.2574258603705904,observed_standardization_no_causal_or_significance_claim,common_bins
24m,exclude_primary_dominant_project,10_50000_100000,uniswap,2025-01,equal_project,17,28,0.4464108992332854,0.06047494650443746,0.385935952728848,0.2574258603705904,0.2574258603705904,observed_standardization_no_causal_or_significance_claim,common_bins
24m,exclude_primary_dominant_project,10_50000_100000,uniswap,2025-02,overlap_exposure,16,28,0.7900494181807783,0.11338269632572406,0.6766667218550543,0.18809865856477512,0.18809865856477512,observed_standardization_no_causal_or_significance_claim,common_bins
24m,exclude_primary_dominant_project,10_50000_100000,uniswap,2025-02,equal_project,16,28,0.47614360552617074,0.14617397501812124,0.3299696305080495,0.18809865856477512,0.18809865856477512,observed_standardization_no_causal_or_significance_claim,common_bins
24m,exclude_primary_dominant_project,10_50000_100000,uniswap,2025-03,overlap_exposure,17,28,1.1289464163901055,0.08988267809686307,1.0390637382932424,0.37805431722287036,0.37805431722287036,observed_standardization_no_causal_or_significance_claim,common_bins
24m,exclude_primary_dominant_project,10_50000_100000,uniswap,2025-03,equal_project,17,28,0.45921572347310824,0.19602484206338514,0.2631908814097231,0.37805431722287036,0.37805431722287036,observed_standardization_no_causal_or_significance_claim,common_bins
24m,exclude_primary_dominant_project,10_50000_100000,uniswap,2025-04,overlap_exposure,16,27,1.1645129575115143,0.12011012233438392,1.0444028351771304,0.40172968282369764,0.40172968282369764,observed_standardization_no_causal_or_significance_claim,common_bins
24m,exclude_primary_dominant_project,10_50000_100000,uniswap,2025-04,equal_project,16,27,0.781939190982615,0.15771903564459683,0.6242201553380182,0.40172968282369764,0.40172968282369764,observed_standardization_no_causal_or_significance_claim,common_bins
24m,exclude_primary_dominant_project,10_50000_100000,uniswap,2025-05,overlap_exposure,18,28,0.9493254289331627,0.06792943419137003,0.8813959947417926,0.4658621840249973,0.4658621840249973,observed_standardization_no_causal_or_significance_claim,common_bins
24m,exclude_primary_dominant_project,10_50000_100000,uniswap,2025-05,equal_project,18,28,1.0814305228003138,0.10755719151588387,0.97387333128443,0.4658621840249973,0.4658621840249973,observed_standardization_no_causal_or_significance_claim,common_bins
24m,exclude_primary_dominant_project,10_50000_100000,uniswap,2025-06,overlap_exposure,18,27,1.016030117107665,0.06609327970484805,0.9499368374028171,0.43090093969153276,0.43090093969153276,observed_standardization_no_causal_or_significance_claim,common_bins
24m,exclude_primary_dominant_project,10_50000_100000,uniswap,2025-06,equal_project,18,27,0.56447026656548,0.11907868534392795,0.4453915812215521,0.43090093969153276,0.43090093969153276,observed_standardization_no_causal_or_significance_claim,common_bins
24m,exclude_primary_dominant_project,10_50000_100000,uniswap,2025-07,overlap_exposure,16,27,1.4399705468589987,0.0771922742521914,1.3627782726068074,0.6128536051348592,0.6128536051348592,observed_standardization_no_causal_or_significance_claim,common_bins
24m,exclude_primary_dominant_project,10_50000_100000,uniswap,2025-07,equal_project,16,27,0.7850827529263446,0.17166790411341423,0.6134148488129303,0.6128536051348592,0.6128536051348592,observed_standardization_no_causal_or_significance_claim,common_bins
24m,exclude_primary_dominant_project,10_50000_100000,uniswap,2025-08,overlap_exposure,21,31,1.2663355393101066,0.05627191810763552,1.2100636212024711,0.5985846650127158,0.5985846650127158,observed_standardization_no_causal_or_significance_claim,common_bins
24m,exclude_primary_dominant_project,10_50000_100000,uniswap,2025-08,equal_project,21,31,0.336135792250094,0.14800428283044784,0.18813150941964615,0.5985846650127158,0.5985846650127158,observed_standardization_no_causal_or_significance_claim,common_bins
24m,exclude_primary_dominant_project,10_50000_100000,uniswap,2025-09,overlap_exposure,18,26,1.0109868128359507,0.04427681362444161,0.9667099992115091,0.5433213986379299,0.5433213986379299,observed_standardization_no_causal_or_significance_claim,common_bins
24m,exclude_primary_dominant_project,10_50000_100000,uniswap,2025-09,equal_project,18,26,1.706630059749042,0.08265133910183484,1.6239787206472074,0.5433213986379299,0.5433213986379299,observed_standardization_no_causal_or_significance_claim,common_bins
24m,exclude_primary_dominant_project,10_50000_100000,uniswap,2025-10,overlap_exposure,19,31,0.4068980073762912,0.06388739744500077,0.34301060993129046,0.056598091196393426,0.056598091196393426,observed_standardization_no_causal_or_significance_claim,common_bins
24m,exclude_primary_dominant_project,10_50000_100000,uniswap,2025-10,equal_project,19,31,0.3578995503245685,0.1393192096821813,0.2185803406423872,0.056598091196393426,0.056598091196393426,observed_standardization_no_causal_or_significance_claim,common_bins
24m,exclude_primary_dominant_project,10_50000_100000,uniswap,2025-11,overlap_exposure,18,28,0.40350480124698274,0.11087672673570628,0.2926280745112765,-0.04175236429219374,-0.04175236429219374,observed_standardization_no_causal_or_significance_claim,common_bins
24m,exclude_primary_dominant_project,10_50000_100000,uniswap,2025-11,equal_project,18,28,0.23158083865534168,0.20976297710772326,0.02181786154761842,-0.04175236429219374,-0.04175236429219374,observed_standardization_no_causal_or_significance_claim,common_bins
24m,exclude_primary_dominant_project,10_50000_100000,uniswap,2025-12,overlap_exposure,17,26,0.3409556990196313,0.26153943385513534,0.0794162651644959,-0.3258955205142039,-0.3258955205142039,observed_standardization_no_causal_or_significance_claim,common_bins
24m,exclude_primary_dominant_project,10_50000_100000,uniswap,2025-12,equal_project,17,26,0.3042158740560036,0.3431431755891873,-0.038927301533183724,-0.3258955205142039,-0.3258955205142039,observed_standardization_no_causal_or_significance_claim,common_bins
24m,exclude_primary_dominant_project,11_100000_plus,uniswap,2024-01,overlap_exposure,17,29,2.5463195688405817,0.03739128884237575,2.5089282799982056,1.7505591998303216,1.7505591998303216,observed_standardization_no_causal_or_significance_claim,common_bins
24m,exclude_primary_dominant_project,11_100000_plus,uniswap,2024-01,equal_project,17,29,5.102358814925574,0.02977259871568436,5.07258621620989,1.7505591998303216,1.7505591998303216,observed_standardization_no_causal_or_significance_claim,common_bins
24m,exclude_primary_dominant_project,11_100000_plus,uniswap,2024-02,overlap_exposure,18,28,1.5394539465003267,0.04590515601028507,1.4935487904900415,1.2450191939455717,1.2450191939455717,observed_standardization_no_causal_or_significance_claim,common_bins
24m,exclude_primary_dominant_project,11_100000_plus,uniswap,2024-02,equal_project,18,28,1.6134255740132917,0.021316181279570735,1.592109392733721,1.2450191939455717,1.2450191939455717,observed_standardization_no_causal_or_significance_claim,common_bins
24m,exclude_primary_dominant_project,11_100000_plus,uniswap,2024-03,overlap_exposure,17,28,1.8236405219274332,0.11240406149245766,1.7112364604349755,1.1036682888070817,1.1036682888070817,observed_standardization_no_causal_or_significance_claim,common_bins
24m,exclude_primary_dominant_project,11_100000_plus,uniswap,2024-03,equal_project,17,28,2.8421258557271845,0.04920395212596944,2.792921903601215,1.1036682888070817,1.1036682888070817,observed_standardization_no_causal_or_significance_claim,common_bins
24m,exclude_primary_dominant_project,11_100000_plus,uniswap,2024-04,overlap_exposure,18,30,3.1105969267481224,0.29290052710107883,2.817696399647043,1.7521143232122398,1.7521143232122398,observed_standardization_no_causal_or_significance_claim,common_bins
24m,exclude_primary_dominant_project,11_100000_plus,uniswap,2024-04,equal_project,18,30,3.75937750696963,0.10810178878133134,3.6512757181882987,1.7521143232122398,1.7521143232122398,observed_standardization_no_causal_or_significance_claim,common_bins
24m,exclude_primary_dominant_project,11_100000_plus,uniswap,2024-05,overlap_exposure,17,27,3.199888411272845,0.06587367672065364,3.1340147345521916,1.8629327708910588,1.8629327708910588,observed_standardization_no_causal_or_significance_claim,common_bins
24m,exclude_primary_dominant_project,11_100000_plus,uniswap,2024-05,equal_project,17,27,2.3924401746685757,0.06895152674847674,2.3234886479200987,1.8629327708910588,1.8629327708910588,observed_standardization_no_causal_or_significance_claim,common_bins
24m,exclude_primary_dominant_project,11_100000_plus,uniswap,2024-06,overlap_exposure,17,29,3.018257218926465,0.047979936154447525,2.9702772827720176,2.2801121448468593,2.2801121448468593,observed_standardization_no_causal_or_significance_claim,common_bins
24m,exclude_primary_dominant_project,11_100000_plus,uniswap,2024-06,equal_project,17,29,3.5253852066172238,0.06805771949441568,3.4573274871228077,2.2801121448468593,2.2801121448468593,observed_standardization_no_causal_or_significance_claim,common_bins
24m,exclude_primary_dominant_project,11_100000_plus,uniswap,2024-07,overlap_exposure,13,26,2.199910004455897,0.0706504971597552,2.1292595072961418,1.6002949307834868,1.6002949307834868,observed_standardization_no_causal_or_significance_claim,common_bins
24m,exclude_primary_dominant_project,11_100000_plus,uniswap,2024-07,equal_project,13,26,1.024526997178707,0.14254247650164986,0.8819845206770572,1.6002949307834868,1.6002949307834868,observed_standardization_no_causal_or_significance_claim,common_bins
24m,exclude_primary_dominant_project,11_100000_plus,uniswap,2024-08,overlap_exposure,16,29,1.278805982002882,0.09776471304373754,1.1810412689591443,0.7643380991278801,0.7643380991278801,observed_standardization_no_causal_or_significance_claim,common_bins
24m,exclude_primary_dominant_project,11_100000_plus,uniswap,2024-08,equal_project,16,29,0.7027719456799363,0.15780469711552128,0.544967248564415,0.7643380991278801,0.7643380991278801,observed_standardization_no_causal_or_significance_claim,common_bins
24m,exclude_primary_dominant_project,11_100000_plus,uniswap,2024-09,overlap_exposure,15,27,1.2668576258740765,0.2060105775724919,1.0608470483015844,0.7542097231409448,0.7542097231409448,observed_standardization_no_causal_or_significance_claim,common_bins
24m,exclude_primary_dominant_project,11_100000_plus,uniswap,2024-09,equal_project,15,27,4.2326382511945395,0.19534147924257056,4.037296771951969,0.7542097231409448,0.7542097231409448,observed_standardization_no_causal_or_significance_claim,common_bins
24m,exclude_primary_dominant_project,11_100000_plus,uniswap,2024-10,overlap_exposure,15,26,1.2634412982671983,0.048761067825026184,1.214680230442172,0.9441576267556961,0.9441576267556961,observed_standardization_no_causal_or_significance_claim,common_bins
24m,exclude_primary_dominant_project,11_100000_plus,uniswap,2024-10,equal_project,15,26,0.5421678195119795,0.05891792139158569,0.48324989812039376,0.9441576267556961,0.9441576267556961,observed_standardization_no_causal_or_significance_claim,common_bins
24m,exclude_primary_dominant_project,11_100000_plus,uniswap,2024-11,overlap_exposure,19,30,1.3499780984780907,0.02142691693855405,1.3285511815395368,1.0832533253050871,1.0832533253050871,observed_standardization_no_causal_or_significance_claim,common_bins
24m,exclude_primary_dominant_project,11_100000_plus,uniswap,2024-11,equal_project,19,30,11.277559024480938,0.028713342703014018,11.248845681777924,1.0832533253050871,1.0832533253050871,observed_standardization_no_causal_or_significance_claim,common_bins
24m,exclude_primary_dominant_project,11_100000_plus,uniswap,2024-12,overlap_exposure,18,29,0.6469209108461623,0.05355724830815059,0.5933636625380118,0.5123126515088423,0.5123126515088423,observed_standardization_no_causal_or_significance_claim,common_bins
24m,exclude_primary_dominant_project,11_100000_plus,uniswap,2024-12,equal_project,18,29,1.326442875669253,0.029560999560677665,1.2968818761085754,0.5123126515088423,0.5123126515088423,observed_standardization_no_causal_or_significance_claim,common_bins
24m,exclude_primary_dominant_project,11_100000_plus,uniswap,2025-01,overlap_exposure,17,28,0.9073700674369847,0.018373174822060787,0.8889968926149239,0.6344008174622863,0.6344008174622863,observed_standardization_no_causal_or_significance_claim,common_bins
24m,exclude_primary_dominant_project,11_100000_plus,uniswap,2025-01,equal_project,17,28,6.932021371010324,0.06047494650443746,6.871546424505885,0.6344008174622863,0.6344008174622863,observed_standardization_no_causal_or_significance_claim,common_bins
24m,exclude_primary_dominant_project,11_100000_plus,uniswap,2025-02,overlap_exposure,16,28,1.3652204917074235,0.08448871043503045,1.280731781272393,0.9365688234760049,0.9365688234760049,observed_standardization_no_causal_or_significance_claim,common_bins
24m,exclude_primary_dominant_project,11_100000_plus,uniswap,2025-02,equal_project,16,28,0.7546471407817105,0.14617397501812124,0.6084731657635892,0.9365688234760049,0.9365688234760049,observed_standardization_no_causal_or_significance_claim,common_bins
24m,exclude_primary_dominant_project,11_100000_plus,uniswap,2025-03,overlap_exposure,17,28,1.6990282625165842,0.06545974342030436,1.6335685190962796,1.2748558268112367,1.2748558268112367,observed_standardization_no_causal_or_significance_claim,common_bins
24m,exclude_primary_dominant_project,11_100000_plus,uniswap,2025-03,equal_project,17,28,0.6062699899068063,0.19602484206338514,0.4102451478434211,1.2748558268112367,1.2748558268112367,observed_standardization_no_causal_or_significance_claim,common_bins
24m,exclude_primary_dominant_project,11_100000_plus,uniswap,2025-04,overlap_exposure,16,27,1.735532565256891,0.11975329026903071,1.6157792749878603,1.1302612687188915,1.1302612687188915,observed_standardization_no_causal_or_significance_claim,common_bins
24m,exclude_primary_dominant_project,11_100000_plus,uniswap,2025-04,equal_project,16,27,0.551405425038938,0.15771903564459683,0.3936863893943411,1.1302612687188915,1.1302612687188915,observed_standardization_no_causal_or_significance_claim,common_bins
24m,exclude_primary_dominant_project,11_100000_plus,uniswap,2025-05,overlap_exposure,18,28,0.9828620549776772,0.07208756938831686,0.9107744855893604,0.8525147161057036,0.8525147161057036,observed_standardization_no_causal_or_significance_claim,common_bins
24m,exclude_primary_dominant_project,11_100000_plus,uniswap,2025-05,equal_project,18,28,0.7465273356309794,0.10755719151588387,0.6389701441150956,0.8525147161057036,0.8525147161057036,observed_standardization_no_causal_or_significance_claim,common_bins
24m,exclude_primary_dominant_project,11_100000_plus,uniswap,2025-06,overlap_exposure,18,27,0.967253038464809,0.06085561716606977,0.9063974212987392,0.6643521635946509,0.6643521635946509,observed_standardization_no_causal_or_significance_claim,common_bins
24m,exclude_primary_dominant_project,11_100000_plus,uniswap,2025-06,equal_project,18,27,0.4931843553528298,0.11907868534392795,0.3741056700089018,0.6643521635946509,0.6643521635946509,observed_standardization_no_causal_or_significance_claim,common_bins
24m,exclude_primary_dominant_project,11_100000_plus,uniswap,2025-07,overlap_exposure,16,27,1.1343359383463691,0.07280803201467811,1.061527906331691,0.7064973779594139,0.7064973779594139,observed_standardization_no_causal_or_significance_claim,common_bins
24m,exclude_primary_dominant_project,11_100000_plus,uniswap,2025-07,equal_project,16,27,9.946047782391009,0.17166790411341423,9.774379878277594,0.7064973779594139,0.7064973779594139,observed_standardization_no_causal_or_significance_claim,common_bins
24m,exclude_primary_dominant_project,11_100000_plus,uniswap,2025-08,overlap_exposure,21,31,1.1901577865815107,0.05371852188830082,1.13643926469321,0.6395604959538569,0.6395604959538569,observed_standardization_no_causal_or_significance_claim,common_bins
24m,exclude_primary_dominant_project,11_100000_plus,uniswap,2025-08,equal_project,21,31,0.4654031473207009,0.14800428283044784,0.3173988644902531,0.6395604959538569,0.6395604959538569,observed_standardization_no_causal_or_significance_claim,common_bins
24m,exclude_primary_dominant_project,11_100000_plus,uniswap,2025-09,overlap_exposure,18,26,0.9652685696097711,0.03882512556706027,0.926443444042711,0.4764136525146379,0.4764136525146379,observed_standardization_no_causal_or_significance_claim,common_bins
24m,exclude_primary_dominant_project,11_100000_plus,uniswap,2025-09,equal_project,18,26,0.5411818636906822,0.08265133910183484,0.4585305245888474,0.4764136525146379,0.4764136525146379,observed_standardization_no_causal_or_significance_claim,common_bins
24m,exclude_primary_dominant_project,11_100000_plus,uniswap,2025-10,overlap_exposure,19,31,0.5242494140688305,0.057273112549958656,0.4669763015188719,0.15557233851648603,0.15557233851648603,observed_standardization_no_causal_or_significance_claim,common_bins
24m,exclude_primary_dominant_project,11_100000_plus,uniswap,2025-10,equal_project,19,31,0.20753273126277288,0.1393192096821813,0.06821352158059159,0.15557233851648603,0.15557233851648603,observed_standardization_no_causal_or_significance_claim,common_bins
24m,exclude_primary_dominant_project,11_100000_plus,uniswap,2025-11,overlap_exposure,18,28,0.6121925356417871,0.11595878920480618,0.49623374643698087,0.15613144414011343,0.15613144414011343,observed_standardization_no_causal_or_significance_claim,common_bins
24m,exclude_primary_dominant_project,11_100000_plus,uniswap,2025-11,equal_project,18,28,0.39683922810452205,0.20976297710772326,0.18707625099679878,0.15613144414011343,0.15613144414011343,observed_standardization_no_causal_or_significance_claim,common_bins
24m,exclude_primary_dominant_project,11_100000_plus,uniswap,2025-12,overlap_exposure,17,26,0.35364773669325705,0.4482538773472662,-0.09460614065400917,-0.28251067059657775,-0.28251067059657775,observed_standardization_no_causal_or_significance_claim,common_bins
24m,exclude_primary_dominant_project,11_100000_plus,uniswap,2025-12,equal_project,17,26,0.3721693321235577,0.3431431755891873,0.029026156534370413,-0.28251067059657775,-0.28251067059657775,observed_standardization_no_causal_or_significance_claim,common_bins
30m,all_projects,02_100_250,,2024-01,overlap_exposure,18,31,1.6118460934705152,0.5973951244900436,1.0144509689804715,1.081603396236464,1.081603396236464,observed_standardization_no_causal_or_significance_claim,common_bins
30m,all_projects,02_100_250,,2024-01,equal_project,18,31,0.23250225152634907,0.05611770291868343,0.17638454860766564,1.081603396236464,1.081603396236464,observed_standardization_no_causal_or_significance_claim,common_bins
30m,all_projects,02_100_250,,2024-02,overlap_exposure,19,30,1.0650888098954172,0.5093603023830889,0.5557285075123282,0.5556102434649267,0.5556102434649267,observed_standardization_no_causal_or_significance_claim,common_bins
30m,all_projects,02_100_250,,2024-02,equal_project,19,30,0.1000697291704554,0.042739939690702396,0.05732978947975301,0.5556102434649267,0.5556102434649267,observed_standardization_no_causal_or_significance_claim,common_bins
30m,all_projects,02_100_250,,2024-03,overlap_exposure,18,31,0.355476303866051,0.20254951104225058,0.15292679282380042,0.15669586101933033,0.15669586101933033,observed_standardization_no_causal_or_significance_claim,common_bins
30m,all_projects,02_100_250,,2024-03,equal_project,18,31,0.06389501118363336,0.05356334893190656,0.010331662251726798,0.15669586101933033,0.15669586101933033,observed_standardization_no_causal_or_significance_claim,common_bins
30m,all_projects,02_100_250,,2024-04,overlap_exposure,19,33,1.1918529851555495,0.48453791241959776,0.7073150727359517,0.7328131278830554,0.7328131278830554,observed_standardization_no_causal_or_significance_claim,common_bins
30m,all_projects,02_100_250,,2024-04,equal_project,19,33,0.1985391428314448,0.11673793136118175,0.08180121147026305,0.7328131278830554,0.7328131278830554,observed_standardization_no_causal_or_significance_claim,common_bins
30m,all_projects,02_100_250,,2024-05,overlap_exposure,18,29,1.9855260403073824,0.7663944211853359,1.2191316191220465,1.2603053459669988,1.2603053459669988,observed_standardization_no_causal_or_significance_claim,common_bins
30m,all_projects,02_100_250,,2024-05,equal_project,18,29,0.39128780075499725,0.10007430930434694,0.29121349145065034,1.2603053459669988,1.2603053459669988,observed_standardization_no_causal_or_significance_claim,common_bins
30m,all_projects,02_100_250,,2024-06,overlap_exposure,18,31,1.814897940065284,0.6056358988331052,1.2092620412321788,1.2706782229878586,1.2706782229878586,observed_standardization_no_causal_or_significance_claim,common_bins
30m,all_projects,02_100_250,,2024-06,equal_project,18,31,0.36044069772388687,0.0910299946580028,0.2694107030658841,1.2706782229878586,1.2706782229878586,observed_standardization_no_causal_or_significance_claim,common_bins
30m,all_projects,02_100_250,,2024-07,overlap_exposure,14,28,2.2679663221678923,0.7584395622041569,1.5095267599637352,1.5679140457362315,1.5679140457362315,observed_standardization_no_causal_or_significance_claim,common_bins
30m,all_projects,02_100_250,,2024-07,equal_project,14,28,0.7752646803473472,0.17372843725104115,0.601536243096306,1.5679140457362315,1.5679140457362315,observed_standardization_no_causal_or_significance_claim,common_bins
30m,all_projects,02_100_250,,2024-08,overlap_exposure,17,31,2.2195663954976586,0.7944989476218427,1.4250674478758159,1.5117900647701275,1.5117900647701275,observed_standardization_no_causal_or_significance_claim,common_bins
30m,all_projects,02_100_250,,2024-08,equal_project,17,31,0.7907797771435701,0.18789905569188073,0.6028807214516895,1.5117900647701275,1.5117900647701275,observed_standardization_no_causal_or_significance_claim,common_bins
30m,all_projects,02_100_250,,2024-09,overlap_exposure,16,30,1.82602826782944,0.7503429683121812,1.0756852995172588,1.1315795230265016,1.1315795230265016,observed_standardization_no_causal_or_significance_claim,common_bins
30m,all_projects,02_100_250,,2024-09,equal_project,16,30,0.5530787375829848,0.21069289970452623,0.34238583787845855,1.1315795230265016,1.1315795230265016,observed_standardization_no_causal_or_significance_claim,common_bins
30m,all_projects,02_100_250,,2024-10,overlap_exposure,16,28,1.0801171840381434,0.3849002338252487,0.6952169502128946,0.7279111938282972,0.7279111938282972,observed_standardization_no_causal_or_significance_claim,common_bins
30m,all_projects,02_100_250,,2024-10,equal_project,16,28,0.33442760277531625,0.0749421451625575,0.2594854576127587,0.7279111938282972,0.7279111938282972,observed_standardization_no_causal_or_significance_claim,common_bins
30m,all_projects,02_100_250,,2024-11,overlap_exposure,20,32,0.6195835933607483,0.23830031099827662,0.3812832823624717,0.3950997534241811,0.3950997534241811,observed_standardization_no_causal_or_significance_claim,common_bins
30m,all_projects,02_100_250,,2024-11,equal_project,20,32,0.2386926335377051,0.03713713284533665,0.20155550069236844,0.3950997534241811,0.3950997534241811,observed_standardization_no_causal_or_significance_claim,common_bins
30m,all_projects,02_100_250,,2024-12,overlap_exposure,19,31,0.38585595672958206,0.14266669913513103,0.24318925759445106,0.24974503843137813,0.24974503843137813,observed_standardization_no_causal_or_significance_claim,common_bins
30m,all_projects,02_100_250,,2024-12,equal_project,19,31,0.10158228649935795,0.03512515713875251,0.06645712936060545,0.24974503843137813,0.24974503843137813,observed_standardization_no_causal_or_significance_claim,common_bins
30m,all_projects,02_100_250,,2025-01,overlap_exposure,18,30,0.516714749434378,0.18502153080226244,0.33169321863211554,0.3402440450179172,0.3402440450179172,observed_standardization_no_causal_or_significance_claim,common_bins
30m,all_projects,02_100_250,,2025-01,equal_project,18,30,0.19656387020408717,0.06669037118763489,0.12987349901645226,0.3402440450179172,0.3402440450179172,observed_standardization_no_causal_or_significance_claim,common_bins
30m,all_projects,02_100_250,,2025-02,overlap_exposure,17,31,1.216276346240096,0.46492489344550497,0.751351452794591,0.7589989796675414,0.7589989796675414,observed_standardization_no_causal_or_significance_claim,common_bins
30m,all_projects,02_100_250,,2025-02,equal_project,17,31,0.533155360463105,0.1604058681436966,0.37274949231940835,0.7589989796675414,0.7589989796675414,observed_standardization_no_causal_or_significance_claim,common_bins
30m,all_projects,02_100_250,,2025-03,overlap_exposure,18,31,1.2969964189438519,0.6333134289538924,0.6636829899899596,0.6747613819160876,0.6747613819160876,observed_standardization_no_causal_or_significance_claim,common_bins
30m,all_projects,02_100_250,,2025-03,equal_project,18,31,0.29480556092608534,0.21552245714579313,0.07928310378029221,0.6747613819160876,0.6747613819160876,observed_standardization_no_causal_or_significance_claim,common_bins
30m,all_projects,02_100_250,,2025-04,overlap_exposure,17,30,1.505990851092384,0.754856524292082,0.7511343268003019,0.7642705258717123,0.7642705258717123,observed_standardization_no_causal_or_significance_claim,common_bins
30m,all_projects,02_100_250,,2025-04,equal_project,17,30,0.3494686490516174,0.20166792819311571,0.14780072085850168,0.7642705258717123,0.7642705258717123,observed_standardization_no_causal_or_significance_claim,common_bins
30m,all_projects,02_100_250,,2025-05,overlap_exposure,19,31,1.3696530986449642,0.5129162040135048,0.8567368946314595,0.8955049649176927,0.8955049649176927,observed_standardization_no_causal_or_significance_claim,common_bins
30m,all_projects,02_100_250,,2025-05,equal_project,19,31,0.3553579772689078,0.12697746361258366,0.22838051365632406,0.8955049649176927,0.8955049649176927,observed_standardization_no_causal_or_significance_claim,common_bins
30m,all_projects,02_100_250,,2025-06,overlap_exposure,19,30,1.5232839223159482,0.5868659584432709,0.9364179638726773,0.9755385359916928,0.9755385359916928,observed_standardization_no_causal_or_significance_claim,common_bins
30m,all_projects,02_100_250,,2025-06,equal_project,19,30,0.4503222334201997,0.13956428512789948,0.31075794829230025,0.9755385359916928,0.9755385359916928,observed_standardization_no_causal_or_significance_claim,common_bins
30m,all_projects,02_100_250,,2025-07,overlap_exposure,17,30,1.2784043397545668,0.446448220578333,0.8319561191762338,0.8518803552072374,0.8518803552072374,observed_standardization_no_causal_or_significance_claim,common_bins
30m,all_projects,02_100_250,,2025-07,equal_project,17,30,0.35754678162454984,0.18580784634322908,0.17173893528132075,0.8518803552072374,0.8518803552072374,observed_standardization_no_causal_or_significance_claim,common_bins
30m,all_projects,02_100_250,,2025-08,overlap_exposure,22,34,1.1578369489041112,0.4201758106854459,0.7376611382186652,0.7414146978057768,0.7414146978057768,observed_standardization_no_causal_or_significance_claim,common_bins
30m,all_projects,02_100_250,,2025-08,equal_project,22,34,0.3950184600117119,0.15889889822358713,0.2361195617881248,0.7414146978057768,0.7414146978057768,observed_standardization_no_causal_or_significance_claim,common_bins
30m,all_projects,02_100_250,,2025-09,overlap_exposure,19,29,1.0266293014022403,0.3607010316609593,0.665928269741281,0.6747570220302184,0.6747570220302184,observed_standardization_no_causal_or_significance_claim,common_bins
30m,all_projects,02_100_250,,2025-09,equal_project,19,29,0.4073785212630777,0.09676229800520769,0.3106162232578701,0.6747570220302184,0.6747570220302184,observed_standardization_no_causal_or_significance_claim,common_bins
30m,all_projects,02_100_250,,2025-10,overlap_exposure,20,34,0.9452851900318776,0.36793347549910455,0.5773517145327731,0.5646793314749105,0.5646793314749105,observed_standardization_no_causal_or_significance_claim,common_bins
30m,all_projects,02_100_250,,2025-10,equal_project,20,34,0.32021272149563185,0.15169274160820118,0.16851997988743064,0.5646793314749105,0.5646793314749105,observed_standardization_no_causal_or_significance_claim,common_bins
30m,all_projects,02_100_250,,2025-11,overlap_exposure,19,31,0.8889157400414097,0.38137265706642287,0.507543082974987,0.47046111787433154,0.47046111787433154,observed_standardization_no_causal_or_significance_claim,common_bins
30m,all_projects,02_100_250,,2025-11,equal_project,19,31,0.5331722520316795,0.2195966433378709,0.31357560869380857,0.47046111787433154,0.47046111787433154,observed_standardization_no_causal_or_significance_claim,common_bins
30m,all_projects,02_100_250,,2025-12,overlap_exposure,18,29,1.229853713397534,0.5872032512723221,0.6426504621252118,0.6195512984371823,0.6195512984371823,observed_standardization_no_causal_or_significance_claim,common_bins
30m,all_projects,02_100_250,,2025-12,equal_project,18,29,1.1018516505448548,0.35580726110676336,0.7460443894380916,0.6195512984371823,0.6195512984371823,observed_standardization_no_causal_or_significance_claim,common_bins
30m,all_projects,02_100_250,,2026-01,overlap_exposure,18,29,1.2385251138859488,0.6838493195543748,0.554675794331574,0.5577978432291953,0.5577978432291953,observed_standardization_no_causal_or_significance_claim,common_bins
30m,all_projects,02_100_250,,2026-01,equal_project,18,29,1.1161111093539602,0.3791128075167491,0.7369983018372112,0.5577978432291953,0.5577978432291953,observed_standardization_no_causal_or_significance_claim,common_bins
30m,all_projects,02_100_250,,2026-02,overlap_exposure,19,32,0.8368818013791981,0.5988835157110165,0.23799828566818168,0.21953333452775797,0.21953333452775797,observed_standardization_no_causal_or_significance_claim,common_bins
30m,all_projects,02_100_250,,2026-02,equal_project,19,32,0.5133771696607288,0.3719823778963615,0.14139479176436728,0.21953333452775797,0.21953333452775797,observed_standardization_no_causal_or_significance_claim,common_bins
30m,all_projects,02_100_250,,2026-03,overlap_exposure,17,27,0.9371608415713363,0.7172886597145646,0.21987218185677168,0.20632670909635542,0.20632670909635542,observed_standardization_no_causal_or_significance_claim,common_bins
30m,all_projects,02_100_250,,2026-03,equal_project,17,27,0.8359498425475524,0.49127476686615623,0.3446750756813962,0.20632670909635542,0.20632670909635542,observed_standardization_no_causal_or_significance_claim,common_bins
30m,all_projects,02_100_250,,2026-04,overlap_exposure,17,27,1.4598702590548553,0.8255708228410575,0.6342994362137977,0.6897032977181059,0.6897032977181059,observed_standardization_no_causal_or_significance_claim,common_bins
30m,all_projects,02_100_250,,2026-04,equal_project,17,27,1.1252847515930686,0.47749256579418425,0.6477921857988844,0.6897032977181059,0.6897032977181059,observed_standardization_no_causal_or_significance_claim,common_bins
30m,all_projects,02_100_250,,2026-05,overlap_exposure,15,24,1.0152296768335822,0.6742297061772892,0.340999970656293,0.3390127053398058,0.3390127053398058,observed_standardization_no_causal_or_significance_claim,common_bins
30m,all_projects,02_100_250,,2026-05,equal_project,15,24,1.1081332183699462,0.4205412804617651,0.6875919379081811,0.3390127053398058,0.3390127053398058,observed_standardization_no_causal_or_significance_claim,common_bins
30m,all_projects,02_100_250,,2026-06,overlap_exposure,16,26,0.6334756334929528,0.42137110503046166,0.21210452846249106,0.217068299833615,0.217068299833615,observed_standardization_no_causal_or_significance_claim,common_bins
30m,all_projects,02_100_250,,2026-06,equal_project,16,26,0.5843663106092649,0.2930393560959507,0.2913269545133142,0.217068299833615,0.217068299833615,observed_standardization_no_causal_or_significance_claim,common_bins
30m,all_projects,03_250_500,,2024-01,overlap_exposure,18,31,2.6192667946694095,0.5902438670499719,2.0290229276194376,2.082678395661001,2.082678395661001,observed_standardization_no_causal_or_significance_claim,common_bins
30m,all_projects,03_250_500,,2024-01,equal_project,18,31,0.5132143005885326,0.05611770291868343,0.4570965976698491,2.082678395661001,2.082678395661001,observed_standardization_no_causal_or_significance_claim,common_bins
30m,all_projects,03_250_500,,2024-02,overlap_exposure,19,30,1.9328821937663978,0.5067480947835868,1.4261340989828108,1.4006137979135382,1.4006137979135382,observed_standardization_no_causal_or_significance_claim,common_bins
30m,all_projects,03_250_500,,2024-02,equal_project,19,30,0.365955613518208,0.042739939690702396,0.3232156738275056,1.4006137979135382,1.4006137979135382,observed_standardization_no_causal_or_significance_claim,common_bins
30m,all_projects,03_250_500,,2024-03,overlap_exposure,18,31,0.6683515016474741,0.20336982682990926,0.4649816748175649,0.4694771827475056,0.4694771827475056,observed_standardization_no_causal_or_significance_claim,common_bins
30m,all_projects,03_250_500,,2024-03,equal_project,18,31,0.2108500070985825,0.05356334893190656,0.15728665816667595,0.4694771827475056,0.4694771827475056,observed_standardization_no_causal_or_significance_claim,common_bins
30m,all_projects,03_250_500,,2024-04,overlap_exposure,19,33,2.1361819920611063,0.484977478948105,1.6512045131130013,1.6777262631175363,1.6777262631175363,observed_standardization_no_causal_or_significance_claim,common_bins
30m,all_projects,03_250_500,,2024-04,equal_project,19,33,0.6061510493183576,0.11673793136118175,0.4894131179571759,1.6777262631175363,1.6777262631175363,observed_standardization_no_causal_or_significance_claim,common_bins
30m,all_projects,03_250_500,,2024-05,overlap_exposure,18,29,3.4081246470639615,0.7621987057877966,2.6459259412761647,2.6668837983906055,2.6668837983906055,observed_standardization_no_causal_or_significance_claim,common_bins
30m,all_projects,03_250_500,,2024-05,equal_project,18,29,1.0989998566423318,0.10007430930434694,0.9989255473379848,2.6668837983906055,2.6668837983906055,observed_standardization_no_causal_or_significance_claim,common_bins
30m,all_projects,03_250_500,,2024-06,overlap_exposure,18,31,2.964397988286262,0.6039362092468166,2.3604617790394458,2.4232328134063605,2.4232328134063605,observed_standardization_no_causal_or_significance_claim,common_bins
30m,all_projects,03_250_500,,2024-06,equal_project,18,31,0.804915816670412,0.0910299946580028,0.7138858220124092,2.4232328134063605,2.4232328134063605,observed_standardization_no_causal_or_significance_claim,common_bins
30m,all_projects,03_250_500,,2024-07,overlap_exposure,14,28,3.7675200736353394,0.7527376084430178,3.0147824651923214,3.068778394162347,3.068778394162347,observed_standardization_no_causal_or_significance_claim,common_bins
30m,all_projects,03_250_500,,2024-07,equal_project,14,28,1.3581645915003302,0.17372843725104115,1.184436154249289,3.068778394162347,3.068778394162347,observed_standardization_no_causal_or_significance_claim,common_bins
30m,all_projects,03_250_500,,2024-08,overlap_exposure,17,31,3.1942179426679984,0.7896612305494887,2.40455671211851,2.4814333934732775,2.4814333934732775,observed_standardization_no_causal_or_significance_claim,common_bins
30m,all_projects,03_250_500,,2024-08,equal_project,17,31,1.0557073087774593,0.18789905569188073,0.8678082530855786,2.4814333934732775,2.4814333934732775,observed_standardization_no_causal_or_significance_claim,common_bins
30m,all_projects,03_250_500,,2024-09,overlap_exposure,16,30,2.504291014393278,0.747127390397291,1.757163623995987,1.806606025122606,1.806606025122606,observed_standardization_no_causal_or_significance_claim,common_bins
30m,all_projects,03_250_500,,2024-09,equal_project,16,30,0.8822501629426764,0.21069289970452623,0.6715572632381501,1.806606025122606,1.806606025122606,observed_standardization_no_causal_or_significance_claim,common_bins
30m,all_projects,03_250_500,,2024-10,overlap_exposure,16,28,1.824235076592858,0.38041726784764335,1.443817808745215,1.463054254668517,1.463054254668517,observed_standardization_no_causal_or_significance_claim,common_bins
30m,all_projects,03_250_500,,2024-10,equal_project,16,28,0.8848506573771101,0.0749421451625575,0.8099085122145525,1.463054254668517,1.463054254668517,observed_standardization_no_causal_or_significance_claim,common_bins
30m,all_projects,03_250_500,,2024-11,overlap_exposure,20,32,1.1553834903993723,0.23765888188521386,0.9177246085141585,0.9285483138486754,0.9285483138486754,observed_standardization_no_causal_or_significance_claim,common_bins
30m,all_projects,03_250_500,,2024-11,equal_project,20,32,0.7067896939659221,0.03713713284533665,0.6696525611205855,0.9285483138486754,0.9285483138486754,observed_standardization_no_causal_or_significance_claim,common_bins
30m,all_projects,03_250_500,,2024-12,overlap_exposure,19,31,0.8251942846932777,0.1436516299537781,0.6815426547394997,0.6949026205366157,0.6949026205366157,observed_standardization_no_causal_or_significance_claim,common_bins
30m,all_projects,03_250_500,,2024-12,equal_project,19,31,0.39504368158856595,0.03512515713875251,0.3599185244498134,0.6949026205366157,0.6949026205366157,observed_standardization_no_causal_or_significance_claim,common_bins
30m,all_projects,03_250_500,,2025-01,overlap_exposure,18,30,1.0338377645981145,0.1856253925632645,0.8482123720348499,0.8617644870998259,0.8617644870998259,observed_standardization_no_causal_or_significance_claim,common_bins
30m,all_projects,03_250_500,,2025-01,equal_project,18,30,0.3570347430404638,0.06669037118763489,0.2903443718528289,0.8617644870998259,0.8617644870998259,observed_standardization_no_causal_or_significance_claim,common_bins
30m,all_projects,03_250_500,,2025-02,overlap_exposure,17,31,1.8235481871895651,0.4617624174787958,1.3617857697107691,1.3480545707433658,1.3480545707433658,observed_standardization_no_causal_or_significance_claim,common_bins
30m,all_projects,03_250_500,,2025-02,equal_project,17,31,0.4962680656414688,0.1604058681436966,0.3358621974977722,1.3480545707433658,1.3480545707433658,observed_standardization_no_causal_or_significance_claim,common_bins
30m,all_projects,03_250_500,,2025-03,overlap_exposure,18,31,1.5892153842586136,0.6329604071460464,0.956254977112567,0.9462971342108998,0.9462971342108998,observed_standardization_no_causal_or_significance_claim,common_bins
30m,all_projects,03_250_500,,2025-03,equal_project,18,31,0.39176303688061453,0.21552245714579313,0.17624057973482143,0.9462971342108998,0.9462971342108998,observed_standardization_no_causal_or_significance_claim,common_bins
30m,all_projects,03_250_500,,2025-04,overlap_exposure,17,30,1.4599230701576518,0.7402960437318069,0.719627026425845,0.6954845290445835,0.6954845290445835,observed_standardization_no_causal_or_significance_claim,common_bins
30m,all_projects,03_250_500,,2025-04,equal_project,17,30,0.4302609587294806,0.20166792819311571,0.2285930305363649,0.6954845290445835,0.6954845290445835,observed_standardization_no_causal_or_significance_claim,common_bins
30m,all_projects,03_250_500,,2025-05,overlap_exposure,19,31,1.8010515283368265,0.5059368309543153,1.2951146973825112,1.3073390422143778,1.3073390422143778,observed_standardization_no_causal_or_significance_claim,common_bins
30m,all_projects,03_250_500,,2025-05,equal_project,19,31,0.5318561387260423,0.12697746361258366,0.4048786751134587,1.3073390422143778,1.3073390422143778,observed_standardization_no_causal_or_significance_claim,common_bins
30m,all_projects,03_250_500,,2025-06,overlap_exposure,19,30,1.9983795191659097,0.5866561129743421,1.4117234061915678,1.4460792619864185,1.4460792619864185,observed_standardization_no_causal_or_significance_claim,common_bins
30m,all_projects,03_250_500,,2025-06,equal_project,19,30,0.8072338436661235,0.13956428512789948,0.6676695585382241,1.4460792619864185,1.4460792619864185,observed_standardization_no_causal_or_significance_claim,common_bins
30m,all_projects,03_250_500,,2025-07,overlap_exposure,17,30,1.7471515362127548,0.44354944543782954,1.303602090774925,1.310549091073922,1.310549091073922,observed_standardization_no_causal_or_significance_claim,common_bins
30m,all_projects,03_250_500,,2025-07,equal_project,17,30,0.5538569737595858,0.18580784634322908,0.3680491274163567,1.310549091073922,1.310549091073922,observed_standardization_no_causal_or_significance_claim,common_bins
30m,all_projects,03_250_500,,2025-08,overlap_exposure,22,34,1.5166547641045516,0.4090968611312131,1.1075579029733384,1.0743904378224274,1.0743904378224274,observed_standardization_no_causal_or_significance_claim,common_bins
30m,all_projects,03_250_500,,2025-08,equal_project,22,34,0.5423244571942065,0.15889889822358713,0.38342555897061936,1.0743904378224274,1.0743904378224274,observed_standardization_no_causal_or_significance_claim,common_bins
30m,all_projects,03_250_500,,2025-09,overlap_exposure,19,29,1.391968692023966,0.34916769815424437,1.0428009938697218,1.015235383925231,1.015235383925231,observed_standardization_no_causal_or_significance_claim,common_bins
30m,all_projects,03_250_500,,2025-09,equal_project,19,29,0.6601738356730412,0.09676229800520769,0.5634115376678335,1.015235383925231,1.015235383925231,observed_standardization_no_causal_or_significance_claim,common_bins
30m,all_projects,03_250_500,,2025-10,overlap_exposure,20,34,1.1706180046542927,0.3586335790543584,0.8119844255999342,0.7655565828465363,0.7655565828465363,observed_standardization_no_causal_or_significance_claim,common_bins
30m,all_projects,03_250_500,,2025-10,equal_project,20,34,0.5304563662429151,0.15169274160820118,0.3787636246347139,0.7655565828465363,0.7655565828465363,observed_standardization_no_causal_or_significance_claim,common_bins
30m,all_projects,03_250_500,,2025-11,overlap_exposure,19,31,0.9721941762902377,0.3690417525316755,0.6031524237585623,0.5425744271597676,0.5425744271597676,observed_standardization_no_causal_or_significance_claim,common_bins
30m,all_projects,03_250_500,,2025-11,equal_project,19,31,0.5651648308591332,0.2195966433378709,0.3455681875212623,0.5425744271597676,0.5425744271597676,observed_standardization_no_causal_or_significance_claim,common_bins
30m,all_projects,03_250_500,,2025-12,overlap_exposure,18,29,1.049342139772969,0.5802282697220388,0.4691138700509301,0.4324675483814781,0.4324675483814781,observed_standardization_no_causal_or_significance_claim,common_bins
30m,all_projects,03_250_500,,2025-12,equal_project,18,29,1.0438668382198102,0.35580726110676336,0.6880595771130469,0.4324675483814781,0.4324675483814781,observed_standardization_no_causal_or_significance_claim,common_bins
30m,all_projects,03_250_500,,2026-01,overlap_exposure,18,29,1.0843764041274042,0.678749913911995,0.40562649021540914,0.370581524856753,0.370581524856753,observed_standardization_no_causal_or_significance_claim,common_bins
30m,all_projects,03_250_500,,2026-01,equal_project,18,29,0.7495571140615775,0.3791128075167491,0.37044430654482846,0.370581524856753,0.370581524856753,observed_standardization_no_causal_or_significance_claim,common_bins
30m,all_projects,03_250_500,,2026-02,overlap_exposure,19,32,0.7747891917167412,0.5832484765426225,0.19154071517411875,0.15082144836773803,0.15082144836773803,observed_standardization_no_causal_or_significance_claim,common_bins
30m,all_projects,03_250_500,,2026-02,equal_project,19,32,0.451279307644928,0.3719823778963615,0.07929692974856652,0.15082144836773803,0.15082144836773803,observed_standardization_no_causal_or_significance_claim,common_bins
30m,all_projects,03_250_500,,2026-03,overlap_exposure,17,27,0.7999359140149278,0.6733128387819224,0.1266230752330055,0.05912895377679786,0.05912895377679786,observed_standardization_no_causal_or_significance_claim,common_bins
30m,all_projects,03_250_500,,2026-03,equal_project,17,27,0.7742100033723684,0.49127476686615623,0.2829352365062122,0.05912895377679786,0.05912895377679786,observed_standardization_no_causal_or_significance_claim,common_bins
30m,all_projects,03_250_500,,2026-04,overlap_exposure,17,27,1.475013433947683,0.7858065320654497,0.6892069018822333,0.668914313112191,0.668914313112191,observed_standardization_no_causal_or_significance_claim,common_bins
30m,all_projects,03_250_500,,2026-04,equal_project,17,27,1.1461267838781442,0.47749256579418425,0.6686342180839598,0.668914313112191,0.668914313112191,observed_standardization_no_causal_or_significance_claim,common_bins
30m,all_projects,03_250_500,,2026-05,overlap_exposure,15,24,0.9677880753302476,0.6597869739563694,0.30800110137387815,0.2804312872543296,0.2804312872543296,observed_standardization_no_causal_or_significance_claim,common_bins
30m,all_projects,03_250_500,,2026-05,equal_project,15,24,1.024395580373499,0.4205412804617651,0.6038542999117338,0.2804312872543296,0.2804312872543296,observed_standardization_no_causal_or_significance_claim,common_bins
30m,all_projects,03_250_500,,2026-06,overlap_exposure,16,26,0.5383009556285628,0.407326329561422,0.13097462606714078,0.11209234571888166,0.11209234571888166,observed_standardization_no_causal_or_significance_claim,common_bins
30m,all_projects,03_250_500,,2026-06,equal_project,16,26,0.4250965072692972,0.2930393560959507,0.13205715117334646,0.11209234571888166,0.11209234571888166,observed_standardization_no_causal_or_significance_claim,common_bins
30m,all_projects,04_500_1000,,2024-01,overlap_exposure,18,31,3.468358292442433,0.5734876172654441,2.8948706751769895,2.8493537198487737,2.8493537198487737,observed_standardization_no_causal_or_significance_claim,common_bins
30m,all_projects,04_500_1000,,2024-01,equal_project,18,31,0.7078094051153985,0.05611770291868343,0.6516917021967151,2.8493537198487737,2.8493537198487737,observed_standardization_no_causal_or_significance_claim,common_bins
30m,all_projects,04_500_1000,,2024-02,overlap_exposure,19,30,2.6228358967850984,0.4984788585783043,2.124357038206794,2.0162486533492223,2.0162486533492223,observed_standardization_no_causal_or_significance_claim,common_bins
30m,all_projects,04_500_1000,,2024-02,equal_project,19,30,0.4936427594982415,0.042739939690702396,0.4509028198075391,2.0162486533492223,2.0162486533492223,observed_standardization_no_causal_or_significance_claim,common_bins
30m,all_projects,04_500_1000,,2024-03,overlap_exposure,18,31,1.2256507879596894,0.20306308789658106,1.0225877000631085,1.0152345649845305,1.0152345649845305,observed_standardization_no_causal_or_significance_claim,common_bins
30m,all_projects,04_500_1000,,2024-03,equal_project,18,31,0.4834054557966321,0.05356334893190656,0.42984210686472546,1.0152345649845305,1.0152345649845305,observed_standardization_no_causal_or_significance_claim,common_bins
30m,all_projects,04_500_1000,,2024-04,overlap_exposure,19,33,3.028021334663318,0.47615829683457084,2.551863037828747,2.5150590439947393,2.5150590439947393,observed_standardization_no_causal_or_significance_claim,common_bins
30m,all_projects,04_500_1000,,2024-04,equal_project,19,33,1.059069761348177,0.11673793136118175,0.9423318299869952,2.5150590439947393,2.5150590439947393,observed_standardization_no_causal_or_significance_claim,common_bins
30m,all_projects,04_500_1000,,2024-05,overlap_exposure,18,29,4.87694491621722,0.7435277107223041,4.133417205494917,4.037833406858827,4.037833406858827,observed_standardization_no_causal_or_significance_claim,common_bins
30m,all_projects,04_500_1000,,2024-05,equal_project,18,29,1.2465829122744225,0.10007430930434694,1.1465086029700757,4.037833406858827,4.037833406858827,observed_standardization_no_causal_or_significance_claim,common_bins
30m,all_projects,04_500_1000,,2024-06,overlap_exposure,18,31,4.21104189194375,0.5944113130709223,3.616630578872828,3.6249129084381613,3.6249129084381613,observed_standardization_no_causal_or_significance_claim,common_bins
30m,all_projects,04_500_1000,,2024-06,equal_project,18,31,1.2978887110789434,0.0910299946580028,1.2068587164209408,3.6249129084381613,3.6249129084381613,observed_standardization_no_causal_or_significance_claim,common_bins
30m,all_projects,04_500_1000,,2024-07,overlap_exposure,14,28,4.949082116993705,0.7350657649025453,4.214016352091159,4.165356063707431,4.165356063707431,observed_standardization_no_causal_or_significance_claim,common_bins
30m,all_projects,04_500_1000,,2024-07,equal_project,14,28,1.548940694558325,0.17372843725104115,1.3752122573072838,4.165356063707431,4.165356063707431,observed_standardization_no_causal_or_significance_claim,common_bins
30m,all_projects,04_500_1000,,2024-08,overlap_exposure,17,31,3.825709800273272,0.769409886580214,3.0562999136930578,3.044314101970118,3.044314101970118,observed_standardization_no_causal_or_significance_claim,common_bins
30m,all_projects,04_500_1000,,2024-08,equal_project,17,31,1.010758886878036,0.18789905569188073,0.8228598311861552,3.044314101970118,3.044314101970118,observed_standardization_no_causal_or_significance_claim,common_bins
30m,all_projects,04_500_1000,,2024-09,overlap_exposure,16,30,3.3974982498222404,0.7324449806708048,2.6650532691514353,2.6508012206403953,2.6508012206403953,observed_standardization_no_causal_or_significance_claim,common_bins
30m,all_projects,04_500_1000,,2024-09,equal_project,16,30,0.8259210184108347,0.21069289970452623,0.6152281187063083,2.6508012206403953,2.6508012206403953,observed_standardization_no_causal_or_significance_claim,common_bins
30m,all_projects,04_500_1000,,2024-10,overlap_exposure,16,28,2.868006387712013,0.37505788388885214,2.492948503823161,2.463949404403171,2.463949404403171,observed_standardization_no_causal_or_significance_claim,common_bins
30m,all_projects,04_500_1000,,2024-10,equal_project,16,28,1.034364299282562,0.0749421451625575,0.9594221541200043,2.463949404403171,2.463949404403171,observed_standardization_no_causal_or_significance_claim,common_bins
30m,all_projects,04_500_1000,,2024-11,overlap_exposure,20,32,1.8016901697295182,0.2341441722570141,1.567545997472504,1.5492316786676126,1.5492316786676126,observed_standardization_no_causal_or_significance_claim,common_bins
30m,all_projects,04_500_1000,,2024-11,equal_project,20,32,0.793820123355615,0.03713713284533665,0.7566829905102784,1.5492316786676126,1.5492316786676126,observed_standardization_no_causal_or_significance_claim,common_bins
30m,all_projects,04_500_1000,,2024-12,overlap_exposure,19,31,1.1509975786275681,0.1431994634237515,1.0077981152038167,1.0169954825657805,1.0169954825657805,observed_standardization_no_causal_or_significance_claim,common_bins
30m,all_projects,04_500_1000,,2024-12,equal_project,19,31,0.6446132129381928,0.03512515713875251,0.6094880557994403,1.0169954825657805,1.0169954825657805,observed_standardization_no_causal_or_significance_claim,common_bins
30m,all_projects,04_500_1000,,2025-01,overlap_exposure,18,30,1.6053404290714821,0.1844868631468785,1.4208535659246035,1.4200589521442737,1.4200589521442737,observed_standardization_no_causal_or_significance_claim,common_bins
30m,all_projects,04_500_1000,,2025-01,equal_project,18,30,0.5033748839824239,0.06669037118763489,0.43668451279478904,1.4200589521442737,1.4200589521442737,observed_standardization_no_causal_or_significance_claim,common_bins
30m,all_projects,04_500_1000,,2025-02,overlap_exposure,17,31,1.851547210444496,0.45603107825237693,1.3955161321921192,1.3496282872935557,1.3496282872935557,observed_standardization_no_causal_or_significance_claim,common_bins
30m,all_projects,04_500_1000,,2025-02,equal_project,17,31,0.7207673124668756,0.1604058681436966,0.560361444323179,1.3496282872935557,1.3496282872935557,observed_standardization_no_causal_or_significance_claim,common_bins
30m,all_projects,04_500_1000,,2025-03,overlap_exposure,18,31,1.4592592182651005,0.6227822649800983,0.8364769532850023,0.7988965263985747,0.7988965263985747,observed_standardization_no_causal_or_significance_claim,common_bins
30m,all_projects,04_500_1000,,2025-03,equal_project,18,31,0.4861600279531729,0.21552245714579313,0.2706375708073798,0.7988965263985747,0.7988965263985747,observed_standardization_no_causal_or_significance_claim,common_bins
30m,all_projects,04_500_1000,,2025-04,overlap_exposure,17,30,1.4256097195817325,0.717156628197122,0.7084530913846105,0.6280111550089579,0.6280111550089579,observed_standardization_no_causal_or_significance_claim,common_bins
30m,all_projects,04_500_1000,,2025-04,equal_project,17,30,0.45667978884479865,0.20166792819311571,0.2550118606516829,0.6280111550089579,0.6280111550089579,observed_standardization_no_causal_or_significance_claim,common_bins
30m,all_projects,04_500_1000,,2025-05,overlap_exposure,19,31,2.1466471331242314,0.49396072797776036,1.6526864051464714,1.60843415571486,1.60843415571486,observed_standardization_no_causal_or_significance_claim,common_bins
30m,all_projects,04_500_1000,,2025-05,equal_project,19,31,0.6795883872847271,0.12697746361258366,0.5526109236721435,1.60843415571486,1.60843415571486,observed_standardization_no_causal_or_significance_claim,common_bins
30m,all_projects,04_500_1000,,2025-06,overlap_exposure,19,30,2.4030680900562364,0.5766247100229523,1.8264433800332844,1.8237832778542216,1.8237832778542216,observed_standardization_no_causal_or_significance_claim,common_bins
30m,all_projects,04_500_1000,,2025-06,equal_project,19,30,0.9703927896148016,0.13956428512789948,0.8308285044869022,1.8237832778542216,1.8237832778542216,observed_standardization_no_causal_or_significance_claim,common_bins
30m,all_projects,04_500_1000,,2025-07,overlap_exposure,17,30,1.8293351110771343,0.4369002161593354,1.392434894917799,1.3717909775356385,1.3717909775356385,observed_standardization_no_causal_or_significance_claim,common_bins
30m,all_projects,04_500_1000,,2025-07,equal_project,17,30,0.7406967591583652,0.18580784634322908,0.5548889128151362,1.3717909775356385,1.3717909775356385,observed_standardization_no_causal_or_significance_claim,common_bins
30m,all_projects,04_500_1000,,2025-08,overlap_exposure,22,34,1.4936634178650041,0.3988057738929604,1.0948576439720439,1.0283031821141078,1.0283031821141078,observed_standardization_no_causal_or_significance_claim,common_bins
30m,all_projects,04_500_1000,,2025-08,equal_project,22,34,0.6812447521963029,0.15889889822358713,0.5223458539727157,1.0283031821141078,1.0283031821141078,observed_standardization_no_causal_or_significance_claim,common_bins
30m,all_projects,04_500_1000,,2025-09,overlap_exposure,19,29,1.1671776083021241,0.34550305262446157,0.8216745556776626,0.7847626240679874,0.7847626240679874,observed_standardization_no_causal_or_significance_claim,common_bins
30m,all_projects,04_500_1000,,2025-09,equal_project,19,29,0.7462390446370977,0.09676229800520769,0.6494767466318899,0.7847626240679874,0.7847626240679874,observed_standardization_no_causal_or_significance_claim,common_bins
30m,all_projects,04_500_1000,,2025-10,overlap_exposure,20,34,1.150465536585948,0.35272176402474464,0.7977437725612033,0.7399406299766437,0.7399406299766437,observed_standardization_no_causal_or_significance_claim,common_bins
30m,all_projects,04_500_1000,,2025-10,equal_project,20,34,0.4163494447324648,0.15169274160820118,0.2646567031242636,0.7399406299766437,0.7399406299766437,observed_standardization_no_causal_or_significance_claim,common_bins
30m,all_projects,04_500_1000,,2025-11,overlap_exposure,19,31,0.9661466128805007,0.3659261422772999,0.6002204706032008,0.5370394777109923,0.5370394777109923,observed_standardization_no_causal_or_significance_claim,common_bins
30m,all_projects,04_500_1000,,2025-11,equal_project,19,31,0.506071999310895,0.2195966433378709,0.2864753559730241,0.5370394777109923,0.5370394777109923,observed_standardization_no_causal_or_significance_claim,common_bins
30m,all_projects,04_500_1000,,2025-12,overlap_exposure,18,29,0.9149429426096218,0.5648951032171768,0.350047839392445,0.2924555177745676,0.2924555177745676,observed_standardization_no_causal_or_significance_claim,common_bins
30m,all_projects,04_500_1000,,2025-12,equal_project,18,29,0.955088160703621,0.35580726110676336,0.5992808995968577,0.2924555177745676,0.2924555177745676,observed_standardization_no_causal_or_significance_claim,common_bins
30m,all_projects,04_500_1000,,2026-01,overlap_exposure,18,29,0.8779629206676629,0.6567351218682475,0.22122779879941548,0.1538444785104092,0.1538444785104092,observed_standardization_no_causal_or_significance_claim,common_bins
30m,all_projects,04_500_1000,,2026-01,equal_project,18,29,0.5678856083837079,0.3791128075167491,0.1887728008669588,0.1538444785104092,0.1538444785104092,observed_standardization_no_causal_or_significance_claim,common_bins
30m,all_projects,04_500_1000,,2026-02,overlap_exposure,19,32,0.7427046282422152,0.5628205369376671,0.179884091304548,0.10019997725438656,0.10019997725438656,observed_standardization_no_causal_or_significance_claim,common_bins
30m,all_projects,04_500_1000,,2026-02,equal_project,19,32,0.3775593366702504,0.3719823778963615,0.005576958773888859,0.10019997725438656,0.10019997725438656,observed_standardization_no_causal_or_significance_claim,common_bins
30m,all_projects,04_500_1000,,2026-03,overlap_exposure,17,27,0.6405988458994606,0.6516755565973686,-0.011076710697908044,-0.11004575200970583,-0.11004575200970583,observed_standardization_no_causal_or_significance_claim,common_bins
30m,all_projects,04_500_1000,,2026-03,equal_project,17,27,0.7168100021440659,0.49127476686615623,0.22553523527790964,-0.11004575200970583,-0.11004575200970583,observed_standardization_no_causal_or_significance_claim,common_bins
30m,all_projects,04_500_1000,,2026-04,overlap_exposure,17,27,1.4665900565961203,0.7299957789860986,0.7365942776100218,0.6298910232206045,0.6298910232206045,observed_standardization_no_causal_or_significance_claim,common_bins
30m,all_projects,04_500_1000,,2026-04,equal_project,17,27,1.0183277916866948,0.47749256579418425,0.5408352258925105,0.6298910232206045,0.6298910232206045,observed_standardization_no_causal_or_significance_claim,common_bins
30m,all_projects,04_500_1000,,2026-05,overlap_exposure,15,24,1.125148810731367,0.627341513545787,0.49780729718558,0.4245864874500443,0.4245864874500443,observed_standardization_no_causal_or_significance_claim,common_bins
30m,all_projects,04_500_1000,,2026-05,equal_project,15,24,0.9498885400176722,0.4205412804617651,0.5293472595559071,0.4245864874500443,0.4245864874500443,observed_standardization_no_causal_or_significance_claim,common_bins
30m,all_projects,04_500_1000,,2026-06,overlap_exposure,16,26,0.7614261073479751,0.37778833413881363,0.3836377732091614,0.3321895456134128,0.3321895456134128,observed_standardization_no_causal_or_significance_claim,common_bins
30m,all_projects,04_500_1000,,2026-06,equal_project,16,26,0.45280237288530384,0.2930393560959507,0.15976301678935312,0.3321895456134128,0.3321895456134128,observed_standardization_no_causal_or_significance_claim,common_bins
30m,all_projects,05_1000_2500,,2024-01,overlap_exposure,18,31,4.930815315727812,0.553104631419116,4.3777106843086955,4.045491648306015,4.045491648306015,observed_standardization_no_causal_or_significance_claim,common_bins
30m,all_projects,05_1000_2500,,2024-01,equal_project,18,31,1.0844619768933301,0.05611770291868343,1.0283442739746467,4.045491648306015,4.045491648306015,observed_standardization_no_causal_or_significance_claim,common_bins
30m,all_projects,05_1000_2500,,2024-02,overlap_exposure,19,30,3.642792650792108,0.48903293511170476,3.153759715680403,2.8459233137595503,2.8459233137595503,observed_standardization_no_causal_or_significance_claim,common_bins
30m,all_projects,05_1000_2500,,2024-02,equal_project,19,30,0.7032887832393346,0.042739939690702396,0.6605488435486323,2.8459233137595503,2.8459233137595503,observed_standardization_no_causal_or_significance_claim,common_bins
30m,all_projects,05_1000_2500,,2024-03,overlap_exposure,18,31,2.069765583659304,0.20272779284455375,1.86703779081475,1.8235448985652856,1.8235448985652856,observed_standardization_no_causal_or_significance_claim,common_bins
30m,all_projects,05_1000_2500,,2024-03,equal_project,18,31,0.867980809896283,0.05356334893190656,0.8144174609643765,1.8235448985652856,1.8235448985652856,observed_standardization_no_causal_or_significance_claim,common_bins
30m,all_projects,05_1000_2500,,2024-04,overlap_exposure,19,33,4.31299148947872,0.4637739221132309,3.849217567365489,3.630670476685917,3.630670476685917,observed_standardization_no_causal_or_significance_claim,common_bins
30m,all_projects,05_1000_2500,,2024-04,equal_project,19,33,1.3850277376240494,0.11673793136118175,1.2682898062628674,3.630670476685917,3.630670476685917,observed_standardization_no_causal_or_significance_claim,common_bins
30m,all_projects,05_1000_2500,,2024-05,overlap_exposure,18,29,6.162552917753306,0.7198671932627925,5.442685724490513,5.067519183781178,5.067519183781178,observed_standardization_no_causal_or_significance_claim,common_bins
30m,all_projects,05_1000_2500,,2024-05,equal_project,18,29,1.7613625811040485,0.10007430930434694,1.6612882717997015,5.067519183781178,5.067519183781178,observed_standardization_no_causal_or_significance_claim,common_bins
30m,all_projects,05_1000_2500,,2024-06,overlap_exposure,18,31,5.444594737446513,0.5798586522307428,4.86473608521577,4.6901434103539925,4.6901434103539925,observed_standardization_no_causal_or_significance_claim,common_bins
30m,all_projects,05_1000_2500,,2024-06,equal_project,18,31,1.9111786101075865,0.0910299946580028,1.8201486154495836,4.6901434103539925,4.6901434103539925,observed_standardization_no_causal_or_significance_claim,common_bins
30m,all_projects,05_1000_2500,,2024-07,overlap_exposure,14,28,5.434454201617924,0.7100978899581866,4.7243563116597365,4.428109456106142,4.428109456106142,observed_standardization_no_causal_or_significance_claim,common_bins
30m,all_projects,05_1000_2500,,2024-07,equal_project,14,28,1.4302127816549275,0.17372843725104115,1.2564843444038865,4.428109456106142,4.428109456106142,observed_standardization_no_causal_or_significance_claim,common_bins
30m,all_projects,05_1000_2500,,2024-08,overlap_exposure,17,31,3.9904461723273394,0.7356109793240775,3.254835193003262,3.0184193084161137,3.0184193084161137,observed_standardization_no_causal_or_significance_claim,common_bins
30m,all_projects,05_1000_2500,,2024-08,equal_project,17,31,1.108696539235908,0.18789905569188073,0.9207974835440274,3.0184193084161137,3.0184193084161137,observed_standardization_no_causal_or_significance_claim,common_bins
30m,all_projects,05_1000_2500,,2024-09,overlap_exposure,16,30,4.051726249021958,0.712734014621134,3.3389922344008243,3.148693076855791,3.148693076855791,observed_standardization_no_causal_or_significance_claim,common_bins
30m,all_projects,05_1000_2500,,2024-09,equal_project,16,30,0.6830422621403135,0.21069289970452623,0.47234936243578723,3.148693076855791,3.148693076855791,observed_standardization_no_causal_or_significance_claim,common_bins
30m,all_projects,05_1000_2500,,2024-10,overlap_exposure,16,28,3.8585890582120004,0.3687925084642061,3.4897965497477945,3.325480367871432,3.325480367871432,observed_standardization_no_causal_or_significance_claim,common_bins
30m,all_projects,05_1000_2500,,2024-10,equal_project,16,28,0.962470030471836,0.0749421451625575,0.8875278853092784,3.325480367871432,3.325480367871432,observed_standardization_no_causal_or_significance_claim,common_bins
30m,all_projects,05_1000_2500,,2024-11,overlap_exposure,20,32,2.524823289724364,0.22938491331465347,2.2954383764097104,2.173988472880642,2.173988472880642,observed_standardization_no_causal_or_significance_claim,common_bins
30m,all_projects,05_1000_2500,,2024-11,equal_project,20,32,0.9381717626068431,0.03713713284533665,0.9010346297615065,2.173988472880642,2.173988472880642,observed_standardization_no_causal_or_significance_claim,common_bins
30m,all_projects,05_1000_2500,,2024-12,overlap_exposure,19,31,1.642810327595456,0.14118191377365674,1.5016284138217995,1.4670092359707445,1.4670092359707445,observed_standardization_no_causal_or_significance_claim,common_bins
30m,all_projects,05_1000_2500,,2024-12,equal_project,19,31,0.9399302252240883,0.03512515713875251,0.9048050680853358,1.4670092359707445,1.4670092359707445,observed_standardization_no_causal_or_significance_claim,common_bins
30m,all_projects,05_1000_2500,,2025-01,overlap_exposure,18,30,1.79872313878164,0.1826205684792404,1.6161025703023997,1.5848047648239554,1.5848047648239554,observed_standardization_no_causal_or_significance_claim,common_bins
30m,all_projects,05_1000_2500,,2025-01,equal_project,18,30,0.5141694722953787,0.06669037118763489,0.4474791011077438,1.5848047648239554,1.5848047648239554,observed_standardization_no_causal_or_significance_claim,common_bins
30m,all_projects,05_1000_2500,,2025-02,overlap_exposure,17,31,1.7467303257301128,0.44805878439392693,1.2986715413361858,1.1980443661748905,1.1980443661748905,observed_standardization_no_causal_or_significance_claim,common_bins
30m,all_projects,05_1000_2500,,2025-02,equal_project,17,31,0.560280563165092,0.1604058681436966,0.3998746950213954,1.1980443661748905,1.1980443661748905,observed_standardization_no_causal_or_significance_claim,common_bins
30m,all_projects,05_1000_2500,,2025-03,overlap_exposure,18,31,1.574316882693922,0.6010508854853719,0.9732659972085502,0.854648642055652,0.854648642055652,observed_standardization_no_causal_or_significance_claim,common_bins
30m,all_projects,05_1000_2500,,2025-03,equal_project,18,31,0.741928601382949,0.21552245714579313,0.5264061442371559,0.854648642055652,0.854648642055652,observed_standardization_no_causal_or_significance_claim,common_bins
30m,all_projects,05_1000_2500,,2025-04,overlap_exposure,17,30,1.3495673693060861,0.6849527990696982,0.6646145702363879,0.5069515644415984,0.5069515644415984,observed_standardization_no_causal_or_significance_claim,common_bins
30m,all_projects,05_1000_2500,,2025-04,equal_project,17,30,0.6375875238436579,0.20166792819311571,0.43591959565054217,0.5069515644415984,0.5069515644415984,observed_standardization_no_causal_or_significance_claim,common_bins
30m,all_projects,05_1000_2500,,2025-05,overlap_exposure,19,31,1.722904398386496,0.4746149885341799,1.2482894098523163,1.1230150555287337,1.1230150555287337,observed_standardization_no_causal_or_significance_claim,common_bins
30m,all_projects,05_1000_2500,,2025-05,equal_project,19,31,0.6230162329459853,0.12697746361258366,0.49603876933340163,1.1230150555287337,1.1230150555287337,observed_standardization_no_causal_or_significance_claim,common_bins
30m,all_projects,05_1000_2500,,2025-06,overlap_exposure,19,30,1.7368615280614323,0.5514750817284085,1.1853864463330237,1.1031098983621102,1.1031098983621102,observed_standardization_no_causal_or_significance_claim,common_bins
30m,all_projects,05_1000_2500,,2025-06,equal_project,19,30,1.0372688418365874,0.13956428512789948,0.8977045567086881,1.1031098983621102,1.1031098983621102,observed_standardization_no_causal_or_significance_claim,common_bins
30m,all_projects,05_1000_2500,,2025-07,overlap_exposure,17,30,1.3494296596332496,0.43131628584328574,0.9181133737899638,0.8781438553297265,0.8781438553297265,observed_standardization_no_causal_or_significance_claim,common_bins
30m,all_projects,05_1000_2500,,2025-07,equal_project,17,30,0.8525150451692067,0.18580784634322908,0.6667071988259777,0.8781438553297265,0.8781438553297265,observed_standardization_no_causal_or_significance_claim,common_bins
30m,all_projects,05_1000_2500,,2025-08,overlap_exposure,22,34,1.1054803285880557,0.39865173037033785,0.7068285982177178,0.6569575777587748,0.6569575777587748,observed_standardization_no_causal_or_significance_claim,common_bins
30m,all_projects,05_1000_2500,,2025-08,equal_project,22,34,0.7567433663239318,0.15889889822358713,0.5978444681003446,0.6569575777587748,0.6569575777587748,observed_standardization_no_causal_or_significance_claim,common_bins
30m,all_projects,05_1000_2500,,2025-09,overlap_exposure,19,29,0.8193839967503709,0.34653898927302923,0.4728450074773417,0.43341224332602724,0.43341224332602724,observed_standardization_no_causal_or_significance_claim,common_bins
30m,all_projects,05_1000_2500,,2025-09,equal_project,19,29,0.747946497746575,0.09676229800520769,0.6511841997413672,0.43341224332602724,0.43341224332602724,observed_standardization_no_causal_or_significance_claim,common_bins
30m,all_projects,05_1000_2500,,2025-10,overlap_exposure,20,34,0.7869769199036527,0.35213256601734155,0.43484435388631115,0.3577224869431674,0.3577224869431674,observed_standardization_no_causal_or_significance_claim,common_bins
30m,all_projects,05_1000_2500,,2025-10,equal_project,20,34,0.422958450129689,0.15169274160820118,0.2712657085214878,0.3577224869431674,0.3577224869431674,observed_standardization_no_causal_or_significance_claim,common_bins
30m,all_projects,05_1000_2500,,2025-11,overlap_exposure,19,31,0.8093547119104739,0.37172140023884415,0.4376333116716298,0.3637963361024267,0.3637963361024267,observed_standardization_no_causal_or_significance_claim,common_bins
30m,all_projects,05_1000_2500,,2025-11,equal_project,19,31,0.7245213206568538,0.2195966433378709,0.504924677318983,0.3637963361024267,0.3637963361024267,observed_standardization_no_causal_or_significance_claim,common_bins
30m,all_projects,05_1000_2500,,2025-12,overlap_exposure,18,29,0.8442693120531334,0.5341626818476983,0.31010663020543516,0.2106936274528552,0.2106936274528552,observed_standardization_no_causal_or_significance_claim,common_bins
30m,all_projects,05_1000_2500,,2025-12,equal_project,18,29,0.8784209775386945,0.35580726110676336,0.5226137164319312,0.2106936274528552,0.2106936274528552,observed_standardization_no_causal_or_significance_claim,common_bins
30m,all_projects,05_1000_2500,,2026-01,overlap_exposure,18,29,0.827859280396043,0.631121496635557,0.1967377837604859,0.08977121952512095,0.08977121952512095,observed_standardization_no_causal_or_significance_claim,common_bins
30m,all_projects,05_1000_2500,,2026-01,equal_project,18,29,0.5474983010686413,0.3791128075167491,0.16838549355189217,0.08977121952512095,0.08977121952512095,observed_standardization_no_causal_or_significance_claim,common_bins
30m,all_projects,05_1000_2500,,2026-02,overlap_exposure,19,32,0.6340829746214833,0.5418051003444101,0.09227787427707321,-0.016602708162004667,-0.016602708162004667,observed_standardization_no_causal_or_significance_claim,common_bins
30m,all_projects,05_1000_2500,,2026-02,equal_project,19,32,0.36461311077472675,0.3719823778963615,-0.00736926712163479,-0.016602708162004667,-0.016602708162004667,observed_standardization_no_causal_or_significance_claim,common_bins
30m,all_projects,05_1000_2500,,2026-03,overlap_exposure,17,27,0.5911827534602034,0.6145093993240391,-0.023326645863835753,-0.16192871706184833,-0.16192871706184833,observed_standardization_no_causal_or_significance_claim,common_bins
30m,all_projects,05_1000_2500,,2026-03,equal_project,17,27,0.5868114622268287,0.49127476686615623,0.09553669536067248,-0.16192871706184833,-0.16192871706184833,observed_standardization_no_causal_or_significance_claim,common_bins
30m,all_projects,05_1000_2500,,2026-04,overlap_exposure,17,27,1.232381761049921,0.6846564219116782,0.5477253391382428,0.37564658812411655,0.37564658812411655,observed_standardization_no_causal_or_significance_claim,common_bins
30m,all_projects,05_1000_2500,,2026-04,equal_project,17,27,0.7684739312399561,0.47749256579418425,0.29098136544577186,0.37564658812411655,0.37564658812411655,observed_standardization_no_causal_or_significance_claim,common_bins
30m,all_projects,05_1000_2500,,2026-05,overlap_exposure,15,24,0.765429420857836,0.6078664426318091,0.15756297822602688,0.06515088543959371,0.06515088543959371,observed_standardization_no_causal_or_significance_claim,common_bins
30m,all_projects,05_1000_2500,,2026-05,equal_project,15,24,0.7603196192031955,0.4205412804617651,0.33977833874143043,0.06515088543959371,0.06515088543959371,observed_standardization_no_causal_or_significance_claim,common_bins
30m,all_projects,05_1000_2500,,2026-06,overlap_exposure,16,26,0.63129668347548,0.35164590432938764,0.2796507791460923,0.2056987217640139,0.2056987217640139,observed_standardization_no_causal_or_significance_claim,common_bins
30m,all_projects,05_1000_2500,,2026-06,equal_project,16,26,0.4802464078330796,0.2930393560959507,0.18720705173712887,0.2056987217640139,0.2056987217640139,observed_standardization_no_causal_or_significance_claim,common_bins
30m,all_projects,06_2500_5000,,2024-01,overlap_exposure,18,31,6.307183607850374,0.5045786959516146,5.80260491189876,5.0697617028549535,5.0697617028549535,observed_standardization_no_causal_or_significance_claim,common_bins
30m,all_projects,06_2500_5000,,2024-01,equal_project,18,31,1.9456981883570061,0.05611770291868343,1.889580485438323,5.0697617028549535,5.0697617028549535,observed_standardization_no_causal_or_significance_claim,common_bins
30m,all_projects,06_2500_5000,,2024-02,overlap_exposure,19,30,5.200698838448129,0.4616547514216885,4.739044087026441,4.148521765371329,4.148521765371329,observed_standardization_no_causal_or_significance_claim,common_bins
30m,all_projects,06_2500_5000,,2024-02,equal_project,19,30,1.417042297030829,0.042739939690702396,1.3743023573401265,4.148521765371329,4.148521765371329,observed_standardization_no_causal_or_significance_claim,common_bins
30m,all_projects,06_2500_5000,,2024-03,overlap_exposure,18,31,3.793225895926066,0.20122053820340033,3.5920053577226656,3.3772810927509154,3.3772810927509154,observed_standardization_no_causal_or_significance_claim,common_bins
30m,all_projects,06_2500_5000,,2024-03,equal_project,18,31,1.637124715038759,0.05356334893190656,1.5835613661068524,3.3772810927509154,3.3772810927509154,observed_standardization_no_causal_or_significance_claim,common_bins
30m,all_projects,06_2500_5000,,2024-04,overlap_exposure,19,33,6.018069349934587,0.43841805234885206,5.579651297585735,5.111306892928165,5.111306892928165,observed_standardization_no_causal_or_significance_claim,common_bins
30m,all_projects,06_2500_5000,,2024-04,equal_project,19,33,1.8002907865001847,0.11673793136118175,1.6835528551390029,5.111306892928165,5.111306892928165,observed_standardization_no_causal_or_significance_claim,common_bins
30m,all_projects,06_2500_5000,,2024-05,overlap_exposure,18,29,6.80148294178463,0.6687631017273934,6.132719840057237,5.48789948605237,5.48789948605237,observed_standardization_no_causal_or_significance_claim,common_bins
30m,all_projects,06_2500_5000,,2024-05,equal_project,18,29,2.494318994034159,0.10007430930434694,2.3942446847298116,5.48789948605237,5.48789948605237,observed_standardization_no_causal_or_significance_claim,common_bins
30m,all_projects,06_2500_5000,,2024-06,overlap_exposure,18,31,6.33628249595741,0.5464418387195096,5.7898406572379,5.301714666264391,5.301714666264391,observed_standardization_no_causal_or_significance_claim,common_bins
30m,all_projects,06_2500_5000,,2024-06,equal_project,18,31,2.3130891103948974,0.0910299946580028,2.2220591157368945,5.301714666264391,5.301714666264391,observed_standardization_no_causal_or_significance_claim,common_bins
30m,all_projects,06_2500_5000,,2024-07,overlap_exposure,14,28,5.068319330455687,0.6520505140114671,4.416268816444219,3.8741766974767415,3.8741766974767415,observed_standardization_no_causal_or_significance_claim,common_bins
30m,all_projects,06_2500_5000,,2024-07,equal_project,14,28,1.3135073213488,0.17372843725104115,1.139778884097759,3.8741766974767415,3.8741766974767415,observed_standardization_no_causal_or_significance_claim,common_bins
30m,all_projects,06_2500_5000,,2024-08,overlap_exposure,17,31,3.8306554843155705,0.6640476269250732,3.166607857390497,2.6997058086344268,2.6997058086344268,observed_standardization_no_causal_or_significance_claim,common_bins
30m,all_projects,06_2500_5000,,2024-08,equal_project,17,31,1.0933061251330618,0.18789905569188073,0.9054070694411812,2.6997058086344268,2.6997058086344268,observed_standardization_no_causal_or_significance_claim,common_bins
30m,all_projects,06_2500_5000,,2024-09,overlap_exposure,16,30,3.555957152053171,0.6596557719900688,2.8963013800631026,2.5608440063954734,2.5608440063954734,observed_standardization_no_causal_or_significance_claim,common_bins
30m,all_projects,06_2500_5000,,2024-09,equal_project,16,30,0.8239389068606648,0.21069289970452623,0.6132460071561385,2.5608440063954734,2.5608440063954734,observed_standardization_no_causal_or_significance_claim,common_bins
30m,all_projects,06_2500_5000,,2024-10,overlap_exposure,16,28,3.4291033681093754,0.3463047902695875,3.0827985778397884,2.8127141458061504,2.8127141458061504,observed_standardization_no_causal_or_significance_claim,common_bins
30m,all_projects,06_2500_5000,,2024-10,equal_project,16,28,0.9180001048219326,0.0749421451625575,0.843057959659375,2.8127141458061504,2.8127141458061504,observed_standardization_no_causal_or_significance_claim,common_bins
30m,all_projects,06_2500_5000,,2024-11,overlap_exposure,20,32,2.665449409812504,0.21794552618448104,2.447503883628023,2.2349829032288886,2.2349829032288886,observed_standardization_no_causal_or_significance_claim,common_bins
30m,all_projects,06_2500_5000,,2024-11,equal_project,20,32,0.947558631378982,0.03713713284533665,0.9104214985336454,2.2349829032288886,2.2349829032288886,observed_standardization_no_causal_or_significance_claim,common_bins
30m,all_projects,06_2500_5000,,2024-12,overlap_exposure,19,31,2.089718657346328,0.1366407996191954,1.9530778577271326,1.8512023698404219,1.8512023698404219,observed_standardization_no_causal_or_significance_claim,common_bins
30m,all_projects,06_2500_5000,,2024-12,equal_project,19,31,1.1249037469605592,0.03512515713875251,1.0897785898218069,1.8512023698404219,1.8512023698404219,observed_standardization_no_causal_or_significance_claim,common_bins
30m,all_projects,06_2500_5000,,2025-01,overlap_exposure,18,30,2.244313431531301,0.17629652435662116,2.06801690717468,1.9870492831726885,1.9870492831726885,observed_standardization_no_causal_or_significance_claim,common_bins
30m,all_projects,06_2500_5000,,2025-01,equal_project,18,30,0.6779658879308096,0.06669037118763489,0.6112755167431747,1.9870492831726885,1.9870492831726885,observed_standardization_no_causal_or_significance_claim,common_bins
30m,all_projects,06_2500_5000,,2025-02,overlap_exposure,17,31,2.0259895165558444,0.42677278733072327,1.5992167292251211,1.4192893550301247,1.4192893550301247,observed_standardization_no_causal_or_significance_claim,common_bins
30m,all_projects,06_2500_5000,,2025-02,equal_project,17,31,0.6284178393045557,0.1604058681436966,0.46801197116085913,1.4192893550301247,1.4192893550301247,observed_standardization_no_causal_or_significance_claim,common_bins
30m,all_projects,06_2500_5000,,2025-03,overlap_exposure,18,31,1.8345634780366198,0.5567838621551409,1.277779615881479,1.0836533713889733,1.0836533713889733,observed_standardization_no_causal_or_significance_claim,common_bins
30m,all_projects,06_2500_5000,,2025-03,equal_project,18,31,1.077606076711989,0.21552245714579313,0.8620836195661958,1.0836533713889733,1.0836533713889733,observed_standardization_no_causal_or_significance_claim,common_bins
30m,all_projects,06_2500_5000,,2025-04,overlap_exposure,17,30,1.5803677473637208,0.6157156946816311,0.9646520526820899,0.7259967437973535,0.7259967437973535,observed_standardization_no_causal_or_significance_claim,common_bins
30m,all_projects,06_2500_5000,,2025-04,equal_project,17,30,0.7905480376275886,0.20166792819311571,0.5888801094344729,0.7259967437973535,0.7259967437973535,observed_standardization_no_causal_or_significance_claim,common_bins
30m,all_projects,06_2500_5000,,2025-05,overlap_exposure,19,31,1.6311219599396483,0.4266758491442803,1.204446110795368,1.0331163643093657,1.0331163643093657,observed_standardization_no_causal_or_significance_claim,common_bins
30m,all_projects,06_2500_5000,,2025-05,equal_project,19,31,0.7006785400526078,0.12697746361258366,0.5737010764400242,1.0331163643093657,1.0331163643093657,observed_standardization_no_causal_or_significance_claim,common_bins
30m,all_projects,06_2500_5000,,2025-06,overlap_exposure,19,30,1.6472181384184252,0.5010513021945675,1.1461668362238577,1.0035372017738575,1.0035372017738575,observed_standardization_no_causal_or_significance_claim,common_bins
30m,all_projects,06_2500_5000,,2025-06,equal_project,19,30,1.0132103704486777,0.13956428512789948,0.8736460853207781,1.0035372017738575,1.0035372017738575,observed_standardization_no_causal_or_significance_claim,common_bins
30m,all_projects,06_2500_5000,,2025-07,overlap_exposure,17,30,1.2081161060087224,0.41280497863344395,0.7953111273752783,0.7331550392348858,0.7331550392348858,observed_standardization_no_causal_or_significance_claim,common_bins
30m,all_projects,06_2500_5000,,2025-07,equal_project,17,30,0.8562752332592377,0.18580784634322908,0.6704673869160086,0.7331550392348858,0.7331550392348858,observed_standardization_no_causal_or_significance_claim,common_bins
30m,all_projects,06_2500_5000,,2025-08,overlap_exposure,22,34,0.9004280981637254,0.3887378381401067,0.5116902600236186,0.47116226739666955,0.47116226739666955,observed_standardization_no_causal_or_significance_claim,common_bins
30m,all_projects,06_2500_5000,,2025-08,equal_project,22,34,1.1979896561634304,0.15889889822358713,1.0390907579398434,0.47116226739666955,0.47116226739666955,observed_standardization_no_causal_or_significance_claim,common_bins
30m,all_projects,06_2500_5000,,2025-09,overlap_exposure,19,29,0.8856255056864328,0.3348155690817707,0.550809936604662,0.5066785391544367,0.5066785391544367,observed_standardization_no_causal_or_significance_claim,common_bins
30m,all_projects,06_2500_5000,,2025-09,equal_project,19,29,0.653160742672002,0.09676229800520769,0.5563984446667942,0.5066785391544367,0.5066785391544367,observed_standardization_no_causal_or_significance_claim,common_bins
30m,all_projects,06_2500_5000,,2025-10,overlap_exposure,20,34,0.7388927605157695,0.3479269008061956,0.3909658597095739,0.32206623415778235,0.32206623415778235,observed_standardization_no_causal_or_significance_claim,common_bins
30m,all_projects,06_2500_5000,,2025-10,equal_project,20,34,0.395324880337238,0.15169274160820118,0.24363213872903683,0.32206623415778235,0.32206623415778235,observed_standardization_no_causal_or_significance_claim,common_bins
30m,all_projects,06_2500_5000,,2025-11,overlap_exposure,19,31,0.7459249044177444,0.3548519546420774,0.391072949775667,0.31560083593356714,0.31560083593356714,observed_standardization_no_causal_or_significance_claim,common_bins
30m,all_projects,06_2500_5000,,2025-11,equal_project,19,31,0.6042288407811828,0.2195966433378709,0.38463219744331184,0.31560083593356714,0.31560083593356714,observed_standardization_no_causal_or_significance_claim,common_bins
30m,all_projects,06_2500_5000,,2025-12,overlap_exposure,18,29,0.8274184716858162,0.48296156293535103,0.3444569087504652,0.2016420027008944,0.2016420027008944,observed_standardization_no_causal_or_significance_claim,common_bins
30m,all_projects,06_2500_5000,,2025-12,equal_project,18,29,0.7499635676493237,0.35580726110676336,0.3941563065425603,0.2016420027008944,0.2016420027008944,observed_standardization_no_causal_or_significance_claim,common_bins
30m,all_projects,06_2500_5000,,2026-01,overlap_exposure,18,29,0.6437905739870312,0.603334313774607,0.040456260212424267,-0.0864092046045705,-0.0864092046045705,observed_standardization_no_causal_or_significance_claim,common_bins
30m,all_projects,06_2500_5000,,2026-01,equal_project,18,29,0.44409185926322126,0.3791128075167491,0.06497905174647216,-0.0864092046045705,-0.0864092046045705,observed_standardization_no_causal_or_significance_claim,common_bins
30m,all_projects,06_2500_5000,,2026-02,overlap_exposure,19,32,0.5784979847957239,0.5112290124289096,0.06726897236681434,-0.06089959055808761,-0.06089959055808761,observed_standardization_no_causal_or_significance_claim,common_bins
30m,all_projects,06_2500_5000,,2026-02,equal_project,19,32,0.43882862470237866,0.3719823778963615,0.06684624680601717,-0.06089959055808761,-0.06089959055808761,observed_standardization_no_causal_or_significance_claim,common_bins
30m,all_projects,06_2500_5000,,2026-03,overlap_exposure,17,27,0.5090353329653001,0.5592920817973143,-0.05025674883201419,-0.23312262615413334,-0.23312262615413334,observed_standardization_no_causal_or_significance_claim,common_bins
30m,all_projects,06_2500_5000,,2026-03,equal_project,17,27,0.6581151137485504,0.49127476686615623,0.16684034688239413,-0.23312262615413334,-0.23312262615413334,observed_standardization_no_causal_or_significance_claim,common_bins
30m,all_projects,06_2500_5000,,2026-04,overlap_exposure,17,27,1.1057627640988241,0.6095751020449147,0.49618766205390935,0.2876297247517307,0.2876297247517307,observed_standardization_no_causal_or_significance_claim,common_bins
30m,all_projects,06_2500_5000,,2026-04,equal_project,17,27,0.8849075720613411,0.47749256579418425,0.40741500626715677,0.2876297247517307,0.2876297247517307,observed_standardization_no_causal_or_significance_claim,common_bins
30m,all_projects,06_2500_5000,,2026-05,overlap_exposure,15,24,0.8202885683760694,0.5751942828402071,0.24509428553586227,0.12400825706077434,0.12400825706077434,observed_standardization_no_causal_or_significance_claim,common_bins
30m,all_projects,06_2500_5000,,2026-05,equal_project,15,24,0.8355310203373902,0.4205412804617651,0.41498973987562515,0.12400825706077434,0.12400825706077434,observed_standardization_no_causal_or_significance_claim,common_bins
30m,all_projects,06_2500_5000,,2026-06,overlap_exposure,16,26,0.5709163620646157,0.3241740440777763,0.24674231798683938,0.14200718482132438,0.14200718482132438,observed_standardization_no_causal_or_significance_claim,common_bins
30m,all_projects,06_2500_5000,,2026-06,equal_project,16,26,0.4568042827438116,0.2930393560959507,0.16376492664786085,0.14200718482132438,0.14200718482132438,observed_standardization_no_causal_or_significance_claim,common_bins
30m,all_projects,07_5000_10000,,2024-01,overlap_exposure,18,31,7.243809842652837,0.4445490727253308,6.799260769927507,5.7226569995139975,5.7226569995139975,observed_standardization_no_causal_or_significance_claim,common_bins
30m,all_projects,07_5000_10000,,2024-01,equal_project,18,31,2.4478186900370904,0.05611770291868343,2.391700987118407,5.7226569995139975,5.7226569995139975,observed_standardization_no_causal_or_significance_claim,common_bins
30m,all_projects,07_5000_10000,,2024-02,overlap_exposure,19,30,6.288941025697231,0.4151697115446492,5.873771314152582,4.959067716606555,4.959067716606555,observed_standardization_no_causal_or_significance_claim,common_bins
30m,all_projects,07_5000_10000,,2024-02,equal_project,19,30,2.655580330352562,0.042739939690702396,2.6128403906618596,4.959067716606555,4.959067716606555,observed_standardization_no_causal_or_significance_claim,common_bins
30m,all_projects,07_5000_10000,,2024-03,overlap_exposure,18,31,5.223048027312753,0.19772574575105972,5.025322281561694,4.484415059458676,4.484415059458676,observed_standardization_no_causal_or_significance_claim,common_bins
30m,all_projects,07_5000_10000,,2024-03,equal_project,18,31,1.9231919263470663,0.05356334893190656,1.8696285774151598,4.484415059458676,4.484415059458676,observed_standardization_no_causal_or_significance_claim,common_bins
30m,all_projects,07_5000_10000,,2024-04,overlap_exposure,19,33,6.678772049812828,0.3976495777895667,6.281122472023262,5.430864057102087,5.430864057102087,observed_standardization_no_causal_or_significance_claim,common_bins
30m,all_projects,07_5000_10000,,2024-04,equal_project,19,33,1.4326713661055348,0.11673793136118175,1.315933434744353,5.430864057102087,5.430864057102087,observed_standardization_no_causal_or_significance_claim,common_bins
30m,all_projects,07_5000_10000,,2024-05,overlap_exposure,18,29,6.59986552133527,0.5991719507091392,6.000693570626131,5.011673658757857,5.011673658757857,observed_standardization_no_causal_or_significance_claim,common_bins
30m,all_projects,07_5000_10000,,2024-05,equal_project,18,29,2.292691536534394,0.10007430930434694,2.1926172272300466,5.011673658757857,5.011673658757857,observed_standardization_no_causal_or_significance_claim,common_bins
30m,all_projects,07_5000_10000,,2024-06,overlap_exposure,18,31,6.475625734872185,0.4956165392715843,5.980009195600601,5.14310500962794,5.14310500962794,observed_standardization_no_causal_or_significance_claim,common_bins
30m,all_projects,07_5000_10000,,2024-06,equal_project,18,31,1.3174655769688748,0.0910299946580028,1.2264355823108721,5.14310500962794,5.14310500962794,observed_standardization_no_causal_or_significance_claim,common_bins
30m,all_projects,07_5000_10000,,2024-07,overlap_exposure,14,28,4.568224448874874,0.5659112475863786,4.002313201288495,3.215892872768674,3.215892872768674,observed_standardization_no_causal_or_significance_claim,common_bins
30m,all_projects,07_5000_10000,,2024-07,equal_project,14,28,1.5370735124053947,0.17372843725104115,1.3633450751543537,3.215892872768674,3.215892872768674,observed_standardization_no_causal_or_significance_claim,common_bins
30m,all_projects,07_5000_10000,,2024-08,overlap_exposure,17,31,3.5700250870559382,0.5697534799623687,3.0002716070935698,2.3960323719276313,2.3960323719276313,observed_standardization_no_causal_or_significance_claim,common_bins
30m,all_projects,07_5000_10000,,2024-08,equal_project,17,31,1.071093280757722,0.18789905569188073,0.8831942250658413,2.3960323719276313,2.3960323719276313,observed_standardization_no_causal_or_significance_claim,common_bins
30m,all_projects,07_5000_10000,,2024-09,overlap_exposure,16,30,3.33575974475658,0.5837509865647201,2.75200875819186,2.351466764902033,2.351466764902033,observed_standardization_no_causal_or_significance_claim,common_bins
30m,all_projects,07_5000_10000,,2024-09,equal_project,16,30,1.2149042527406437,0.21069289970452623,1.0042113530361174,2.351466764902033,2.351466764902033,observed_standardization_no_causal_or_significance_claim,common_bins
30m,all_projects,07_5000_10000,,2024-10,overlap_exposure,16,28,3.3679969303706856,0.3151749075140957,3.05282202285659,2.7117902261700593,2.7117902261700593,observed_standardization_no_causal_or_significance_claim,common_bins
30m,all_projects,07_5000_10000,,2024-10,equal_project,16,28,0.95093056335559,0.0749421451625575,0.8759884181930324,2.7117902261700593,2.7117902261700593,observed_standardization_no_causal_or_significance_claim,common_bins
30m,all_projects,07_5000_10000,,2024-11,overlap_exposure,20,32,3.0157602950293687,0.19755830243767036,2.818201992591698,2.4582554668389602,2.4582554668389602,observed_standardization_no_causal_or_significance_claim,common_bins
30m,all_projects,07_5000_10000,,2024-11,equal_project,20,32,0.8274283789227745,0.03713713284533665,0.7902912460774381,2.4582554668389602,2.4582554668389602,observed_standardization_no_causal_or_significance_claim,common_bins
30m,all_projects,07_5000_10000,,2024-12,overlap_exposure,19,31,2.158147022294174,0.1286440400523147,2.0295029822418593,1.8144219544454374,1.8144219544454374,observed_standardization_no_causal_or_significance_claim,common_bins
30m,all_projects,07_5000_10000,,2024-12,equal_project,19,31,0.7668618643769551,0.03512515713875251,0.7317367072382026,1.8144219544454374,1.8144219544454374,observed_standardization_no_causal_or_significance_claim,common_bins
30m,all_projects,07_5000_10000,,2025-01,overlap_exposure,18,30,2.659810740192799,0.163945312917715,2.4958654272750835,2.29819515697039,2.29819515697039,observed_standardization_no_causal_or_significance_claim,common_bins
30m,all_projects,07_5000_10000,,2025-01,equal_project,18,30,0.6383286727310099,0.06669037118763489,0.571638301543375,2.29819515697039,2.29819515697039,observed_standardization_no_causal_or_significance_claim,common_bins
30m,all_projects,07_5000_10000,,2025-02,overlap_exposure,17,31,1.7456069358003763,0.4067802115769813,1.338826724223395,1.1169662355037708,1.1169662355037708,observed_standardization_no_causal_or_significance_claim,common_bins
30m,all_projects,07_5000_10000,,2025-02,equal_project,17,31,0.5575171353584956,0.1604058681436966,0.397111267214799,1.1169662355037708,1.1169662355037708,observed_standardization_no_causal_or_significance_claim,common_bins
30m,all_projects,07_5000_10000,,2025-03,overlap_exposure,18,31,1.0831079657646625,0.5320667767561191,0.5510411890085434,0.40743388744477993,0.40743388744477993,observed_standardization_no_causal_or_significance_claim,common_bins
30m,all_projects,07_5000_10000,,2025-03,equal_project,18,31,0.5997588831128673,0.21552245714579313,0.38423642596707414,0.40743388744477993,0.40743388744477993,observed_standardization_no_causal_or_significance_claim,common_bins
30m,all_projects,07_5000_10000,,2025-04,overlap_exposure,17,30,1.178533098057469,0.5708655622566059,0.6076675358008632,0.36887776983625237,0.36887776983625237,observed_standardization_no_causal_or_significance_claim,common_bins
30m,all_projects,07_5000_10000,,2025-04,equal_project,17,30,0.9511015624523349,0.20166792819311571,0.7494336342592192,0.36887776983625237,0.36887776983625237,observed_standardization_no_causal_or_significance_claim,common_bins
30m,all_projects,07_5000_10000,,2025-05,overlap_exposure,19,31,1.3244913324519159,0.379815073128144,0.9446762593237719,0.7298193745623629,0.7298193745623629,observed_standardization_no_causal_or_significance_claim,common_bins
30m,all_projects,07_5000_10000,,2025-05,equal_project,19,31,1.033476895369244,0.12697746361258366,0.9064994317566601,0.7298193745623629,0.7298193745623629,observed_standardization_no_causal_or_significance_claim,common_bins
30m,all_projects,07_5000_10000,,2025-06,overlap_exposure,19,30,1.3755624735904004,0.4245518405619711,0.9510106330284294,0.7383904350036747,0.7383904350036747,observed_standardization_no_causal_or_significance_claim,common_bins
30m,all_projects,07_5000_10000,,2025-06,equal_project,19,30,1.1801430906873898,0.13956428512789948,1.0405788055594902,0.7383904350036747,0.7383904350036747,observed_standardization_no_causal_or_significance_claim,common_bins
30m,all_projects,07_5000_10000,,2025-07,overlap_exposure,17,30,1.37729560667422,0.36678890313060225,1.0105067035436177,0.8888810009786813,0.8888810009786813,observed_standardization_no_causal_or_significance_claim,common_bins
30m,all_projects,07_5000_10000,,2025-07,equal_project,17,30,1.0281987195704057,0.18580784634322908,0.8423908732271765,0.8888810009786813,0.8888810009786813,observed_standardization_no_causal_or_significance_claim,common_bins
30m,all_projects,07_5000_10000,,2025-08,overlap_exposure,22,34,1.0688168840196026,0.33700660947183353,0.731810274547769,0.6185608921430354,0.6185608921430354,observed_standardization_no_causal_or_significance_claim,common_bins
30m,all_projects,07_5000_10000,,2025-08,equal_project,22,34,1.0871799681205945,0.15889889822358713,0.9282810698970073,0.6185608921430354,0.6185608921430354,observed_standardization_no_causal_or_significance_claim,common_bins
30m,all_projects,07_5000_10000,,2025-09,overlap_exposure,19,29,0.9766307235878846,0.2956442316749278,0.6809864919129568,0.5648358539352015,0.5648358539352015,observed_standardization_no_causal_or_significance_claim,common_bins
30m,all_projects,07_5000_10000,,2025-09,equal_project,19,29,0.8730421686451889,0.09676229800520769,0.7762798706399812,0.5648358539352015,0.5648358539352015,observed_standardization_no_causal_or_significance_claim,common_bins
30m,all_projects,07_5000_10000,,2025-10,overlap_exposure,20,34,0.718699297806492,0.32001367186280016,0.39868562594369183,0.2906029814735444,0.2906029814735444,observed_standardization_no_causal_or_significance_claim,common_bins
30m,all_projects,07_5000_10000,,2025-10,equal_project,20,34,0.41535474774803033,0.15169274160820118,0.2636620061398291,0.2906029814735444,0.2906029814735444,observed_standardization_no_causal_or_significance_claim,common_bins
30m,all_projects,07_5000_10000,,2025-11,overlap_exposure,19,31,0.6515165956007244,0.31336356511628083,0.33815303048444356,0.2108750986093316,0.2108750986093316,observed_standardization_no_causal_or_significance_claim,common_bins
30m,all_projects,07_5000_10000,,2025-11,equal_project,19,31,0.7217320481760522,0.2195966433378709,0.5021354048381813,0.2108750986093316,0.2108750986093316,observed_standardization_no_causal_or_significance_claim,common_bins
30m,all_projects,07_5000_10000,,2025-12,overlap_exposure,18,29,0.7505057534153531,0.4420004576544379,0.3085052957609151,0.11163390926566419,0.11163390926566419,observed_standardization_no_causal_or_significance_claim,common_bins
30m,all_projects,07_5000_10000,,2025-12,equal_project,18,29,0.7396996201291762,0.35580726110676336,0.38389235902241287,0.11163390926566419,0.11163390926566419,observed_standardization_no_causal_or_significance_claim,common_bins
30m,all_projects,07_5000_10000,,2026-01,overlap_exposure,18,29,0.6410386513883048,0.5780265390311106,0.06301211235719426,-0.09325644041820319,-0.09325644041820319,observed_standardization_no_causal_or_significance_claim,common_bins
30m,all_projects,07_5000_10000,,2026-01,equal_project,18,29,0.5379875816395363,0.3791128075167491,0.15887477412278717,-0.09325644041820319,-0.09325644041820319,observed_standardization_no_causal_or_significance_claim,common_bins
30m,all_projects,07_5000_10000,,2026-02,overlap_exposure,19,32,0.499362311415399,0.4814720070279351,0.01789030438746394,-0.14508849201863702,-0.14508849201863702,observed_standardization_no_causal_or_significance_claim,common_bins
30m,all_projects,07_5000_10000,,2026-02,equal_project,19,32,0.40933382867030843,0.3719823778963615,0.03735145077394691,-0.14508849201863702,-0.14508849201863702,observed_standardization_no_causal_or_significance_claim,common_bins
30m,all_projects,07_5000_10000,,2026-03,overlap_exposure,17,27,0.4355883708900579,0.5312623737476511,-0.09567400285759309,-0.30550067995806723,-0.30550067995806723,observed_standardization_no_causal_or_significance_claim,common_bins
30m,all_projects,07_5000_10000,,2026-03,equal_project,17,27,0.7023498961458039,0.49127476686615623,0.21107512927964772,-0.30550067995806723,-0.30550067995806723,observed_standardization_no_causal_or_significance_claim,common_bins
30m,all_projects,07_5000_10000,,2026-04,overlap_exposure,17,27,0.9165550004401456,0.5757948896103522,0.34076011082979346,0.08663294375997002,0.08663294375997002,observed_standardization_no_causal_or_significance_claim,common_bins
30m,all_projects,07_5000_10000,,2026-04,equal_project,17,27,1.842411002954389,0.47749256579418425,1.3649184371602046,0.08663294375997002,0.08663294375997002,observed_standardization_no_causal_or_significance_claim,common_bins
30m,all_projects,07_5000_10000,,2026-05,overlap_exposure,15,24,0.6342710060661829,0.5574278196805839,0.0768431863855991,-0.05902251285277915,-0.05902251285277915,observed_standardization_no_causal_or_significance_claim,common_bins
30m,all_projects,07_5000_10000,,2026-05,equal_project,15,24,0.7699527851802396,0.4205412804617651,0.3494115047184745,-0.05902251285277915,-0.05902251285277915,observed_standardization_no_causal_or_significance_claim,common_bins
30m,all_projects,07_5000_10000,,2026-06,overlap_exposure,16,26,0.6219999943467245,0.3034172352702041,0.3185827590765204,0.18531919984167908,0.18531919984167908,observed_standardization_no_causal_or_significance_claim,common_bins
30m,all_projects,07_5000_10000,,2026-06,equal_project,16,26,0.5542366135393023,0.2930393560959507,0.2611972574433516,0.18531919984167908,0.18531919984167908,observed_standardization_no_causal_or_significance_claim,common_bins
30m,all_projects,08_10000_25000,,2024-01,overlap_exposure,18,31,6.864117176634021,0.37539632277250296,6.488720853861518,5.239490491104558,5.239490491104558,observed_standardization_no_causal_or_significance_claim,common_bins
30m,all_projects,08_10000_25000,,2024-01,equal_project,18,31,3.1663126653084896,0.05611770291868343,3.1101949623898064,5.239490491104558,5.239490491104558,observed_standardization_no_causal_or_significance_claim,common_bins
30m,all_projects,08_10000_25000,,2024-02,overlap_exposure,19,30,5.950222314049175,0.35068892538764973,5.599533388661525,4.53442208660624,4.53442208660624,observed_standardization_no_causal_or_significance_claim,common_bins
30m,all_projects,08_10000_25000,,2024-02,equal_project,19,30,2.131251421518189,0.042739939690702396,2.088511481827487,4.53442208660624,4.53442208660624,observed_standardization_no_causal_or_significance_claim,common_bins
30m,all_projects,08_10000_25000,,2024-03,overlap_exposure,18,31,6.4740510069694395,0.19177462159367456,6.2822763853757655,5.209317223018902,5.209317223018902,observed_standardization_no_causal_or_significance_claim,common_bins
30m,all_projects,08_10000_25000,,2024-03,equal_project,18,31,2.6217822298939986,0.05356334893190656,2.568218880962092,5.209317223018902,5.209317223018902,observed_standardization_no_causal_or_significance_claim,common_bins
30m,all_projects,08_10000_25000,,2024-04,overlap_exposure,19,33,6.486362413359082,0.34796945320147626,6.138392960157605,4.813442601571259,4.813442601571259,observed_standardization_no_causal_or_significance_claim,common_bins
30m,all_projects,08_10000_25000,,2024-04,equal_project,19,33,1.9086079192968588,0.11673793136118175,1.7918699879356772,4.813442601571259,4.813442601571259,observed_standardization_no_causal_or_significance_claim,common_bins
30m,all_projects,08_10000_25000,,2024-05,overlap_exposure,18,29,6.062302668578883,0.5296309009806839,5.532671767598199,4.251934521191432,4.251934521191432,observed_standardization_no_causal_or_significance_claim,common_bins
30m,all_projects,08_10000_25000,,2024-05,equal_project,18,29,2.6885829044629292,0.10007430930434694,2.5885085951585824,4.251934521191432,4.251934521191432,observed_standardization_no_causal_or_significance_claim,common_bins
30m,all_projects,08_10000_25000,,2024-06,overlap_exposure,18,31,6.082437687220244,0.43342650222147105,5.6490111849987725,4.560070007479921,4.560070007479921,observed_standardization_no_causal_or_significance_claim,common_bins
30m,all_projects,08_10000_25000,,2024-06,equal_project,18,31,1.586754234974776,0.0910299946580028,1.4957242403167732,4.560070007479921,4.560070007479921,observed_standardization_no_causal_or_significance_claim,common_bins
30m,all_projects,08_10000_25000,,2024-07,overlap_exposure,14,28,3.599205569651418,0.4651700334513065,3.1340355362001118,2.3491379192167434,2.3491379192167434,observed_standardization_no_causal_or_significance_claim,common_bins
30m,all_projects,08_10000_25000,,2024-07,equal_project,14,28,1.684208924091,0.17372843725104115,1.510480486839959,2.3491379192167434,2.3491379192167434,observed_standardization_no_causal_or_significance_claim,common_bins
30m,all_projects,08_10000_25000,,2024-08,overlap_exposure,17,31,2.771951601588433,0.4702785897744142,2.3016730118140183,1.7365110712246181,1.7365110712246181,observed_standardization_no_causal_or_significance_claim,common_bins
30m,all_projects,08_10000_25000,,2024-08,equal_project,17,31,1.4479767922900804,0.18789905569188073,1.2600777365981997,1.7365110712246181,1.7365110712246181,observed_standardization_no_causal_or_significance_claim,common_bins
30m,all_projects,08_10000_25000,,2024-09,overlap_exposure,16,30,3.025044673553734,0.49494222029132195,2.530102453262412,2.009718031060814,2.009718031060814,observed_standardization_no_causal_or_significance_claim,common_bins
30m,all_projects,08_10000_25000,,2024-09,equal_project,16,30,1.775450572381077,0.21069289970452623,1.5647576726765506,2.009718031060814,2.009718031060814,observed_standardization_no_causal_or_significance_claim,common_bins
30m,all_projects,08_10000_25000,,2024-10,overlap_exposure,16,28,3.0862218284413276,0.2738208326410781,2.8124009958002496,2.4542285646122686,2.4542285646122686,observed_standardization_no_causal_or_significance_claim,common_bins
30m,all_projects,08_10000_25000,,2024-10,equal_project,16,28,1.5222690379111161,0.0749421451625575,1.4473268927485585,2.4542285646122686,2.4542285646122686,observed_standardization_no_causal_or_significance_claim,common_bins
30m,all_projects,08_10000_25000,,2024-11,overlap_exposure,20,32,2.617103222393918,0.17901220620793085,2.4380910161859872,2.0757746250385636,2.0757746250385636,observed_standardization_no_causal_or_significance_claim,common_bins
30m,all_projects,08_10000_25000,,2024-11,equal_project,20,32,1.1643874919745252,0.03713713284533665,1.1272503591291885,2.0757746250385636,2.0757746250385636,observed_standardization_no_causal_or_significance_claim,common_bins
30m,all_projects,08_10000_25000,,2024-12,overlap_exposure,19,31,2.116201399619873,0.12050824240948002,1.995693157210393,1.736261341742791,1.736261341742791,observed_standardization_no_causal_or_significance_claim,common_bins
30m,all_projects,08_10000_25000,,2024-12,equal_project,19,31,0.5008031654880636,0.03512515713875251,0.465678008349311,1.736261341742791,1.736261341742791,observed_standardization_no_causal_or_significance_claim,common_bins
30m,all_projects,08_10000_25000,,2025-01,overlap_exposure,18,30,2.15187962217185,0.15242331789623512,1.9994563042756148,1.7513040127492032,1.7513040127492032,observed_standardization_no_causal_or_significance_claim,common_bins
30m,all_projects,08_10000_25000,,2025-01,equal_project,18,30,0.6307710439734912,0.06669037118763489,0.5640806727858563,1.7513040127492032,1.7513040127492032,observed_standardization_no_causal_or_significance_claim,common_bins
30m,all_projects,08_10000_25000,,2025-02,overlap_exposure,17,31,0.9962544952579854,0.3932950093365001,0.6029594859214853,0.47089695219777294,0.47089695219777294,observed_standardization_no_causal_or_significance_claim,common_bins
30m,all_projects,08_10000_25000,,2025-02,equal_project,17,31,0.6041267261111978,0.1604058681436966,0.44372085796750116,0.47089695219777294,0.47089695219777294,observed_standardization_no_causal_or_significance_claim,common_bins
30m,all_projects,08_10000_25000,,2025-03,overlap_exposure,18,31,0.6026399891611258,0.487852346105498,0.1147876430556278,-0.03447667424550972,-0.03447667424550972,observed_standardization_no_causal_or_significance_claim,common_bins
30m,all_projects,08_10000_25000,,2025-03,equal_project,18,31,0.4654709699381943,0.21552245714579313,0.24994851279240118,-0.03447667424550972,-0.03447667424550972,observed_standardization_no_causal_or_significance_claim,common_bins
30m,all_projects,08_10000_25000,,2025-04,overlap_exposure,17,30,0.8003107884876077,0.513809406981712,0.2865013815058958,0.01748068101134724,0.01748068101134724,observed_standardization_no_causal_or_significance_claim,common_bins
30m,all_projects,08_10000_25000,,2025-04,equal_project,17,30,0.9298800856416114,0.20166792819311571,0.7282121574484957,0.01748068101134724,0.01748068101134724,observed_standardization_no_causal_or_significance_claim,common_bins
30m,all_projects,08_10000_25000,,2025-05,overlap_exposure,19,31,0.9875504570468648,0.3475935642470898,0.6399568927997751,0.4265211091462613,0.4265211091462613,observed_standardization_no_causal_or_significance_claim,common_bins
30m,all_projects,08_10000_25000,,2025-05,equal_project,19,31,0.9574215524060046,0.12697746361258366,0.8304440887934208,0.4265211091462613,0.4265211091462613,observed_standardization_no_causal_or_significance_claim,common_bins
30m,all_projects,08_10000_25000,,2025-06,overlap_exposure,19,30,0.9002103970290906,0.3762895940717692,0.5239208029573215,0.28363993189672665,0.28363993189672665,observed_standardization_no_causal_or_significance_claim,common_bins
30m,all_projects,08_10000_25000,,2025-06,equal_project,19,30,1.3442533564978607,0.13956428512789948,1.2046890713699612,0.28363993189672665,0.28363993189672665,observed_standardization_no_causal_or_significance_claim,common_bins
30m,all_projects,08_10000_25000,,2025-07,overlap_exposure,17,30,1.1070142346389347,0.3246712592906481,0.7823429753482867,0.5948953082598395,0.5948953082598395,observed_standardization_no_causal_or_significance_claim,common_bins
30m,all_projects,08_10000_25000,,2025-07,equal_project,17,30,1.4168649940995994,0.18580784634322908,1.2310571477563703,0.5948953082598395,0.5948953082598395,observed_standardization_no_causal_or_significance_claim,common_bins
30m,all_projects,08_10000_25000,,2025-08,overlap_exposure,22,34,0.922799998165097,0.2908191069189899,0.6319808912461071,0.43630345526188535,0.43630345526188535,observed_standardization_no_causal_or_significance_claim,common_bins
30m,all_projects,08_10000_25000,,2025-08,equal_project,22,34,0.8374649042689596,0.15889889822358713,0.6785660060453725,0.43630345526188535,0.43630345526188535,observed_standardization_no_causal_or_significance_claim,common_bins
30m,all_projects,08_10000_25000,,2025-09,overlap_exposure,19,29,0.7975672262210088,0.25596636515168497,0.5416008610693239,0.36692910625306263,0.36692910625306263,observed_standardization_no_causal_or_significance_claim,common_bins
30m,all_projects,08_10000_25000,,2025-09,equal_project,19,29,0.8243290948521115,0.09676229800520769,0.7275667968469037,0.36692910625306263,0.36692910625306263,observed_standardization_no_causal_or_significance_claim,common_bins
30m,all_projects,08_10000_25000,,2025-10,overlap_exposure,20,34,0.6847865829978821,0.2906311121042355,0.3941554708936466,0.2504778890379094,0.2504778890379094,observed_standardization_no_causal_or_significance_claim,common_bins
30m,all_projects,08_10000_25000,,2025-10,equal_project,20,34,0.7972291640828655,0.15169274160820118,0.6455364224746643,0.2504778890379094,0.2504778890379094,observed_standardization_no_causal_or_significance_claim,common_bins
30m,all_projects,08_10000_25000,,2025-11,overlap_exposure,19,31,0.5756489159038674,0.2821690033349428,0.2934799125689246,0.11549513174574046,0.11549513174574046,observed_standardization_no_causal_or_significance_claim,common_bins
30m,all_projects,08_10000_25000,,2025-11,equal_project,19,31,1.3562464349343244,0.2195966433378709,1.1366497915964535,0.11549513174574046,0.11549513174574046,observed_standardization_no_causal_or_significance_claim,common_bins
30m,all_projects,08_10000_25000,,2025-12,overlap_exposure,18,29,0.7519385212492563,0.40821215370393144,0.3437263675453248,0.09288758342994655,0.09288758342994655,observed_standardization_no_causal_or_significance_claim,common_bins
30m,all_projects,08_10000_25000,,2025-12,equal_project,18,29,0.5605250832869599,0.35580726110676336,0.20471782218019655,0.09288758342994655,0.09288758342994655,observed_standardization_no_causal_or_significance_claim,common_bins
30m,all_projects,08_10000_25000,,2026-01,overlap_exposure,18,29,0.5800656645414586,0.5526750073195699,0.02739065722188877,-0.1555838219807487,-0.1555838219807487,observed_standardization_no_causal_or_significance_claim,common_bins
30m,all_projects,08_10000_25000,,2026-01,equal_project,18,29,0.38332017558262066,0.3791128075167491,0.00420736806587157,-0.1555838219807487,-0.1555838219807487,observed_standardization_no_causal_or_significance_claim,common_bins
30m,all_projects,08_10000_25000,,2026-02,overlap_exposure,19,32,0.43268785576979546,0.41956464651690845,0.01312320925288702,-0.2160678892844596,-0.2160678892844596,observed_standardization_no_causal_or_significance_claim,common_bins
30m,all_projects,08_10000_25000,,2026-02,equal_project,19,32,0.3096645412206384,0.3719823778963615,-0.062317836675723076,-0.2160678892844596,-0.2160678892844596,observed_standardization_no_causal_or_significance_claim,common_bins
30m,all_projects,08_10000_25000,,2026-03,overlap_exposure,17,27,0.342401940899423,0.4744083107114267,-0.13200636981200367,-0.4020072395564342,-0.4020072395564342,observed_standardization_no_causal_or_significance_claim,common_bins
30m,all_projects,08_10000_25000,,2026-03,equal_project,17,27,0.6038135624635453,0.49127476686615623,0.11253879559738915,-0.4020072395564342,-0.4020072395564342,observed_standardization_no_causal_or_significance_claim,common_bins
30m,all_projects,08_10000_25000,,2026-04,overlap_exposure,17,27,0.7916721585283057,0.5196254585318879,0.27204669999641784,-0.04954146856742305,-0.04954146856742305,observed_standardization_no_causal_or_significance_claim,common_bins
30m,all_projects,08_10000_25000,,2026-04,equal_project,17,27,1.018354719845336,0.47749256579418425,0.5408621540511517,-0.04954146856742305,-0.04954146856742305,observed_standardization_no_causal_or_significance_claim,common_bins
30m,all_projects,08_10000_25000,,2026-05,overlap_exposure,15,24,0.5122990544906747,0.5414414831828541,-0.029142428692179468,-0.1805062016818972,-0.1805062016818972,observed_standardization_no_causal_or_significance_claim,common_bins
30m,all_projects,08_10000_25000,,2026-05,equal_project,15,24,0.8446831470696688,0.4205412804617651,0.42414186660790376,-0.1805062016818972,-0.1805062016818972,observed_standardization_no_causal_or_significance_claim,common_bins
30m,all_projects,08_10000_25000,,2026-06,overlap_exposure,16,26,0.5270323214982439,0.2874078272818549,0.23962449421638896,0.08111568825489449,0.08111568825489449,observed_standardization_no_causal_or_significance_claim,common_bins
30m,all_projects,08_10000_25000,,2026-06,equal_project,16,26,0.4192973309384251,0.2930393560959507,0.12625797484247434,0.08111568825489449,0.08111568825489449,observed_standardization_no_causal_or_significance_claim,common_bins
30m,all_projects,09_25000_50000,,2024-01,overlap_exposure,18,31,4.6775840416373,0.29748666778078436,4.380097373856516,3.5335470004400378,3.5335470004400378,observed_standardization_no_causal_or_significance_claim,common_bins
30m,all_projects,09_25000_50000,,2024-01,equal_project,18,31,2.665947298315647,0.05611770291868343,2.6098295953969637,3.5335470004400378,3.5335470004400378,observed_standardization_no_causal_or_significance_claim,common_bins
30m,all_projects,09_25000_50000,,2024-02,overlap_exposure,19,30,4.623958330342644,0.27239965271331307,4.351558677629331,3.713253733719879,3.713253733719879,observed_standardization_no_causal_or_significance_claim,common_bins
30m,all_projects,09_25000_50000,,2024-02,equal_project,19,30,3.9732430583384146,0.042739939690702396,3.9305031186477124,3.713253733719879,3.713253733719879,observed_standardization_no_causal_or_significance_claim,common_bins
30m,all_projects,09_25000_50000,,2024-03,overlap_exposure,18,31,5.739912834016171,0.1786205610087959,5.561292273007376,4.701395602290455,4.701395602290455,observed_standardization_no_causal_or_significance_claim,common_bins
30m,all_projects,09_25000_50000,,2024-03,equal_project,18,31,2.515903083803093,0.05356334893190656,2.4623397348711866,4.701395602290455,4.701395602290455,observed_standardization_no_causal_or_significance_claim,common_bins
30m,all_projects,09_25000_50000,,2024-04,overlap_exposure,19,33,4.541790796218546,0.26802737142953337,4.273763424789013,3.4144462809905782,3.4144462809905782,observed_standardization_no_causal_or_significance_claim,common_bins
30m,all_projects,09_25000_50000,,2024-04,equal_project,19,33,2.265808702012205,0.11673793136118175,2.1490707706510235,3.4144462809905782,3.4144462809905782,observed_standardization_no_causal_or_significance_claim,common_bins
30m,all_projects,09_25000_50000,,2024-05,overlap_exposure,18,29,3.7097303812564544,0.40237218738368796,3.307358193872766,2.5708893608313494,2.5708893608313494,observed_standardization_no_causal_or_significance_claim,common_bins
30m,all_projects,09_25000_50000,,2024-05,equal_project,18,29,3.2290335375096686,0.10007430930434694,3.128959228205322,2.5708893608313494,2.5708893608313494,observed_standardization_no_causal_or_significance_claim,common_bins
30m,all_projects,09_25000_50000,,2024-06,overlap_exposure,18,31,3.854970383314793,0.32005378087340025,3.534916602441393,2.9099830740125343,2.9099830740125343,observed_standardization_no_causal_or_significance_claim,common_bins
30m,all_projects,09_25000_50000,,2024-06,equal_project,18,31,1.6428853546250135,0.0910299946580028,1.5518553599670109,2.9099830740125343,2.9099830740125343,observed_standardization_no_causal_or_significance_claim,common_bins
30m,all_projects,09_25000_50000,,2024-07,overlap_exposure,14,28,1.9395964845049967,0.345587919399781,1.5940085651052156,1.0506916853587995,1.0506916853587995,observed_standardization_no_causal_or_significance_claim,common_bins
30m,all_projects,09_25000_50000,,2024-07,equal_project,14,28,1.709264759925417,0.17372843725104115,1.5355363226743757,1.0506916853587995,1.0506916853587995,observed_standardization_no_causal_or_significance_claim,common_bins
30m,all_projects,09_25000_50000,,2024-08,overlap_exposure,17,31,3.07218979135661,0.4180493231164183,2.654140468240192,1.9687930531502533,1.9687930531502533,observed_standardization_no_causal_or_significance_claim,common_bins
30m,all_projects,09_25000_50000,,2024-08,equal_project,17,31,1.4869307858667475,0.18789905569188073,1.2990317301748668,1.9687930531502533,1.9687930531502533,observed_standardization_no_causal_or_significance_claim,common_bins
30m,all_projects,09_25000_50000,,2024-09,overlap_exposure,16,30,2.583032156008104,0.43551568289333203,2.1475164731147722,1.5967500766056069,1.5967500766056069,observed_standardization_no_causal_or_significance_claim,common_bins
30m,all_projects,09_25000_50000,,2024-09,equal_project,16,30,1.5082424330847084,0.21069289970452623,1.2975495333801823,1.5967500766056069,1.5967500766056069,observed_standardization_no_causal_or_significance_claim,common_bins
30m,all_projects,09_25000_50000,,2024-10,overlap_exposure,16,28,2.369610520567599,0.22270763398107352,2.1469028865865254,1.806790507204685,1.806790507204685,observed_standardization_no_causal_or_significance_claim,common_bins
30m,all_projects,09_25000_50000,,2024-10,equal_project,16,28,0.9399338177840515,0.0749421451625575,0.8649916726214939,1.806790507204685,1.806790507204685,observed_standardization_no_causal_or_significance_claim,common_bins
30m,all_projects,09_25000_50000,,2024-11,overlap_exposure,20,32,1.628072004842774,0.1465604154743535,1.4815115893684205,1.258513895711153,1.258513895711153,observed_standardization_no_causal_or_significance_claim,common_bins
30m,all_projects,09_25000_50000,,2024-11,equal_project,20,32,1.3835951719134274,0.03713713284533665,1.3464580390680907,1.258513895711153,1.258513895711153,observed_standardization_no_causal_or_significance_claim,common_bins
30m,all_projects,09_25000_50000,,2024-12,overlap_exposure,19,31,1.5388199760441206,0.10366947673193011,1.4351504993121904,1.2636568662167693,1.2636568662167693,observed_standardization_no_causal_or_significance_claim,common_bins
30m,all_projects,09_25000_50000,,2024-12,equal_project,19,31,0.7741378265323762,0.03512515713875251,0.7390126693936236,1.2636568662167693,1.2636568662167693,observed_standardization_no_causal_or_significance_claim,common_bins
30m,all_projects,09_25000_50000,,2025-01,overlap_exposure,18,30,1.2511276512395224,0.12760654169575975,1.1235211095437627,0.9154347578680732,0.9154347578680732,observed_standardization_no_causal_or_significance_claim,common_bins
30m,all_projects,09_25000_50000,,2025-01,equal_project,18,30,0.6349202679143029,0.06669037118763489,0.568229896726668,0.9154347578680732,0.9154347578680732,observed_standardization_no_causal_or_significance_claim,common_bins
30m,all_projects,09_25000_50000,,2025-02,overlap_exposure,17,31,0.6335071054038395,0.3549676545504531,0.2785394508533864,0.14549921026957352,0.14549921026957352,observed_standardization_no_causal_or_significance_claim,common_bins
30m,all_projects,09_25000_50000,,2025-02,equal_project,17,31,1.2367230995285143,0.1604058681436966,1.0763172313848177,0.14549921026957352,0.14549921026957352,observed_standardization_no_causal_or_significance_claim,common_bins
30m,all_projects,09_25000_50000,,2025-03,overlap_exposure,18,31,0.49859517330594366,0.43983431019973523,0.05876086310620844,-0.12623385639104132,-0.12623385639104132,observed_standardization_no_causal_or_significance_claim,common_bins
30m,all_projects,09_25000_50000,,2025-03,equal_project,18,31,1.140183639326731,0.21552245714579313,0.924661182180938,-0.12623385639104132,-0.12623385639104132,observed_standardization_no_causal_or_significance_claim,common_bins
30m,all_projects,09_25000_50000,,2025-04,overlap_exposure,17,30,0.8645883953763531,0.45240845404280194,0.41217994133355124,0.05450420339659082,0.05450420339659082,observed_standardization_no_causal_or_significance_claim,common_bins
30m,all_projects,09_25000_50000,,2025-04,equal_project,17,30,1.0595118532090533,0.20166792819311571,0.8578439250159374,0.05450420339659082,0.05450420339659082,observed_standardization_no_causal_or_significance_claim,common_bins
30m,all_projects,09_25000_50000,,2025-05,overlap_exposure,19,31,0.6717807343954878,0.29502098938096694,0.3767597450145208,0.1712835139124326,0.1712835139124326,observed_standardization_no_causal_or_significance_claim,common_bins
30m,all_projects,09_25000_50000,,2025-05,equal_project,19,31,1.2984510062726706,0.12697746361258366,1.1714735426600869,0.1712835139124326,0.1712835139124326,observed_standardization_no_causal_or_significance_claim,common_bins
30m,all_projects,09_25000_50000,,2025-06,overlap_exposure,19,30,0.7030277128695744,0.3241990344214154,0.3788286784481591,0.11468331905267852,0.11468331905267852,observed_standardization_no_causal_or_significance_claim,common_bins
30m,all_projects,09_25000_50000,,2025-06,equal_project,19,30,1.187947865674152,0.13956428512789948,1.0483835805462525,0.11468331905267852,0.11468331905267852,observed_standardization_no_causal_or_significance_claim,common_bins
30m,all_projects,09_25000_50000,,2025-07,overlap_exposure,17,30,0.7971733535141268,0.2895285592426434,0.5076447942714833,0.27140428155981755,0.27140428155981755,observed_standardization_no_causal_or_significance_claim,common_bins
30m,all_projects,09_25000_50000,,2025-07,equal_project,17,30,1.1762722637070926,0.18580784634322908,0.9904644173638635,0.27140428155981755,0.27140428155981755,observed_standardization_no_causal_or_significance_claim,common_bins
30m,all_projects,09_25000_50000,,2025-08,overlap_exposure,22,34,0.7531964247550853,0.2530196113046838,0.5001768134504014,0.27056949566429167,0.27056949566429167,observed_standardization_no_causal_or_significance_claim,common_bins
30m,all_projects,09_25000_50000,,2025-08,equal_project,22,34,0.484501808476967,0.15889889822358713,0.3256029102533799,0.27056949566429167,0.27056949566429167,observed_standardization_no_causal_or_significance_claim,common_bins
30m,all_projects,09_25000_50000,,2025-09,overlap_exposure,19,29,0.7415258115821818,0.21996899538789483,0.521556816194287,0.3115043120596928,0.3115043120596928,observed_standardization_no_causal_or_significance_claim,common_bins
30m,all_projects,09_25000_50000,,2025-09,equal_project,19,29,1.5189717562840048,0.09676229800520769,1.422209458278797,0.3115043120596928,0.3115043120596928,observed_standardization_no_causal_or_significance_claim,common_bins
30m,all_projects,09_25000_50000,,2025-10,overlap_exposure,20,34,0.5901866006859535,0.2645824056871359,0.32560419499881754,0.15388779709780237,0.15388779709780237,observed_standardization_no_causal_or_significance_claim,common_bins
30m,all_projects,09_25000_50000,,2025-10,equal_project,20,34,0.8534576576125666,0.15169274160820118,0.7017649160043654,0.15388779709780237,0.15388779709780237,observed_standardization_no_causal_or_significance_claim,common_bins
30m,all_projects,09_25000_50000,,2025-11,overlap_exposure,19,31,0.5784525426206261,0.25340597849176577,0.3250465641288603,0.09366369003244238,0.09366369003244238,observed_standardization_no_causal_or_significance_claim,common_bins
30m,all_projects,09_25000_50000,,2025-11,equal_project,19,31,0.4327565748759295,0.2195966433378709,0.21315993153805862,0.09366369003244238,0.09366369003244238,observed_standardization_no_causal_or_significance_claim,common_bins
30m,all_projects,09_25000_50000,,2025-12,overlap_exposure,18,29,0.7901780731804672,0.3575576750595294,0.4326203981209377,0.11799811508086208,0.11799811508086208,observed_standardization_no_causal_or_significance_claim,common_bins
30m,all_projects,09_25000_50000,,2025-12,equal_project,18,29,0.3754159594207119,0.35580726110676336,0.019608698313948545,0.11799811508086208,0.11799811508086208,observed_standardization_no_causal_or_significance_claim,common_bins
30m,all_projects,09_25000_50000,,2026-01,overlap_exposure,18,29,0.7522632808113948,0.510340428867177,0.24192285194421784,-0.00743366834097918,-0.00743366834097918,observed_standardization_no_causal_or_significance_claim,common_bins
30m,all_projects,09_25000_50000,,2026-01,equal_project,18,29,0.3966900369123727,0.3791128075167491,0.01757722939562359,-0.00743366834097918,-0.00743366834097918,observed_standardization_no_causal_or_significance_claim,common_bins
30m,all_projects,09_25000_50000,,2026-02,overlap_exposure,19,32,0.4783104058787869,0.3861134010077832,0.09219700487100375,-0.16165663818933484,-0.16165663818933484,observed_standardization_no_causal_or_significance_claim,common_bins
30m,all_projects,09_25000_50000,,2026-02,equal_project,19,32,0.38611719647755305,0.3719823778963615,0.014134818581191524,-0.16165663818933484,-0.16165663818933484,observed_standardization_no_causal_or_significance_claim,common_bins
30m,all_projects,09_25000_50000,,2026-03,overlap_exposure,17,27,0.484688540085068,0.43683636238338674,0.047852177701681285,-0.26116155267553665,-0.26116155267553665,observed_standardization_no_causal_or_significance_claim,common_bins
30m,all_projects,09_25000_50000,,2026-03,equal_project,17,27,0.4959590389194045,0.49127476686615623,0.00468427205324827,-0.26116155267553665,-0.26116155267553665,observed_standardization_no_causal_or_significance_claim,common_bins
30m,all_projects,09_25000_50000,,2026-04,overlap_exposure,17,27,0.8379179956341367,0.47017545658739995,0.3677425390467368,-0.001957890485861785,-0.001957890485861785,observed_standardization_no_causal_or_significance_claim,common_bins
30m,all_projects,09_25000_50000,,2026-04,equal_project,17,27,0.9192196658285251,0.47749256579418425,0.4417271000343408,-0.001957890485861785,-0.001957890485861785,observed_standardization_no_causal_or_significance_claim,common_bins
30m,all_projects,09_25000_50000,,2026-05,overlap_exposure,15,24,0.5930509122659702,0.5170665108530935,0.07598440141287667,-0.12357094276674585,-0.12357094276674585,observed_standardization_no_causal_or_significance_claim,common_bins
30m,all_projects,09_25000_50000,,2026-05,equal_project,15,24,0.5716806040248773,0.4205412804617651,0.1511393235631123,-0.12357094276674585,-0.12357094276674585,observed_standardization_no_causal_or_significance_claim,common_bins
30m,all_projects,09_25000_50000,,2026-06,overlap_exposure,16,26,0.6244016460836564,0.2693038384360084,0.3550978076476481,0.16800515679150996,0.16800515679150996,observed_standardization_no_causal_or_significance_claim,common_bins
30m,all_projects,09_25000_50000,,2026-06,equal_project,16,26,0.28193759783033107,0.2930393560959507,-0.011101758265619687,0.16800515679150996,0.16800515679150996,observed_standardization_no_causal_or_significance_claim,common_bins
30m,all_projects,10_50000_100000,,2024-01,overlap_exposure,18,31,2.3616979284578927,0.2516524683690976,2.110045460088795,1.6946904290120943,1.6946904290120943,observed_standardization_no_causal_or_significance_claim,common_bins
30m,all_projects,10_50000_100000,,2024-01,equal_project,18,31,2.4484549310014496,0.05611770291868343,2.3923372280827664,1.6946904290120943,1.6946904290120943,observed_standardization_no_causal_or_significance_claim,common_bins
30m,all_projects,10_50000_100000,,2024-02,overlap_exposure,19,30,2.7704795097415946,0.2183264261757367,2.552153083565858,2.07193291577557,2.07193291577557,observed_standardization_no_causal_or_significance_claim,common_bins
30m,all_projects,10_50000_100000,,2024-02,equal_project,19,30,4.362646426469367,0.042739939690702396,4.319906486778665,2.07193291577557,2.07193291577557,observed_standardization_no_causal_or_significance_claim,common_bins
30m,all_projects,10_50000_100000,,2024-03,overlap_exposure,18,31,4.093891017437463,0.1648469980009939,3.9290440194364695,3.2514959490647333,3.2514959490647333,observed_standardization_no_causal_or_significance_claim,common_bins
30m,all_projects,10_50000_100000,,2024-03,equal_project,18,31,2.3311813699879482,0.05356334893190656,2.2776180210560417,3.2514959490647333,3.2514959490647333,observed_standardization_no_causal_or_significance_claim,common_bins
30m,all_projects,10_50000_100000,,2024-04,overlap_exposure,19,33,2.492099586093666,0.20097978184274298,2.291119804250923,1.7428126282956793,1.7428126282956793,observed_standardization_no_causal_or_significance_claim,common_bins
30m,all_projects,10_50000_100000,,2024-04,equal_project,19,33,3.3091834600192644,0.11673793136118175,3.1924455286580824,1.7428126282956793,1.7428126282956793,observed_standardization_no_causal_or_significance_claim,common_bins
30m,all_projects,10_50000_100000,,2024-05,overlap_exposure,18,29,2.2624412666590743,0.32697515735561566,1.9354661093034589,1.280897081705446,1.280897081705446,observed_standardization_no_causal_or_significance_claim,common_bins
30m,all_projects,10_50000_100000,,2024-05,equal_project,18,29,3.1085222467587785,0.10007430930434694,3.0084479374544317,1.280897081705446,1.280897081705446,observed_standardization_no_causal_or_significance_claim,common_bins
30m,all_projects,10_50000_100000,,2024-06,overlap_exposure,18,31,2.2594658572219157,0.2564347142567947,2.003031142965121,1.5678573183811786,1.5678573183811786,observed_standardization_no_causal_or_significance_claim,common_bins
30m,all_projects,10_50000_100000,,2024-06,equal_project,18,31,1.7504676908184122,0.0910299946580028,1.6594376961604091,1.5678573183811786,1.5678573183811786,observed_standardization_no_causal_or_significance_claim,common_bins
30m,all_projects,10_50000_100000,,2024-07,overlap_exposure,14,28,1.1814224358430574,0.27552138968367035,0.905901046159387,0.4188972704476178,0.4188972704476178,observed_standardization_no_causal_or_significance_claim,common_bins
30m,all_projects,10_50000_100000,,2024-07,equal_project,14,28,1.7904141943628018,0.17372843725104115,1.6166857571117608,0.4188972704476178,0.4188972704476178,observed_standardization_no_causal_or_significance_claim,common_bins
30m,all_projects,10_50000_100000,,2024-08,overlap_exposure,17,31,1.2937935995349656,0.3644860357681205,0.9293075637668451,0.46003653986176296,0.46003653986176296,observed_standardization_no_causal_or_significance_claim,common_bins
30m,all_projects,10_50000_100000,,2024-08,equal_project,17,31,1.0997240625678606,0.18789905569188073,0.91182500687598,0.46003653986176296,0.46003653986176296,observed_standardization_no_causal_or_significance_claim,common_bins
30m,all_projects,10_50000_100000,,2024-09,overlap_exposure,16,30,0.9864256133025893,0.40399796224033513,0.5824276510622541,0.21089215908546619,0.21089215908546619,observed_standardization_no_causal_or_significance_claim,common_bins
30m,all_projects,10_50000_100000,,2024-09,equal_project,16,30,0.9803452352801054,0.21069289970452623,0.7696523355755792,0.21089215908546619,0.21089215908546619,observed_standardization_no_causal_or_significance_claim,common_bins
30m,all_projects,10_50000_100000,,2024-10,overlap_exposure,16,28,1.3477605064184537,0.18896487107890064,1.158795635339553,0.8719935809942703,0.8719935809942703,observed_standardization_no_causal_or_significance_claim,common_bins
30m,all_projects,10_50000_100000,,2024-10,equal_project,16,28,1.4793656511291648,0.0749421451625575,1.4044235059666073,0.8719935809942703,0.8719935809942703,observed_standardization_no_causal_or_significance_claim,common_bins
30m,all_projects,10_50000_100000,,2024-11,overlap_exposure,20,32,1.0100111403167433,0.1037837022300569,0.9062274380866865,0.6951778017383725,0.6951778017383725,observed_standardization_no_causal_or_significance_claim,common_bins
30m,all_projects,10_50000_100000,,2024-11,equal_project,20,32,2.1736317419894102,0.03713713284533665,2.1364946091440737,0.6951778017383725,0.6951778017383725,observed_standardization_no_causal_or_significance_claim,common_bins
30m,all_projects,10_50000_100000,,2024-12,overlap_exposure,19,31,0.931161665401286,0.09494082960570399,0.8362208357955819,0.7113064038794121,0.7113064038794121,observed_standardization_no_causal_or_significance_claim,common_bins
30m,all_projects,10_50000_100000,,2024-12,equal_project,19,31,0.9500433968189375,0.03512515713875251,0.914918239680185,0.7113064038794121,0.7113064038794121,observed_standardization_no_causal_or_significance_claim,common_bins
30m,all_projects,10_50000_100000,,2025-01,overlap_exposure,18,30,0.816222604794244,0.1082459168043393,0.7079766879899048,0.5145651263054887,0.5145651263054887,observed_standardization_no_causal_or_significance_claim,common_bins
30m,all_projects,10_50000_100000,,2025-01,equal_project,18,30,0.5799975305222234,0.06669037118763489,0.5133071593345885,0.5145651263054887,0.5145651263054887,observed_standardization_no_causal_or_significance_claim,common_bins
30m,all_projects,10_50000_100000,,2025-02,overlap_exposure,17,31,0.5968028349950795,0.3388999768302411,0.25790285816483843,0.10091530576058537,0.10091530576058537,observed_standardization_no_causal_or_significance_claim,common_bins
30m,all_projects,10_50000_100000,,2025-02,equal_project,17,31,0.5084938697927911,0.1604058681436966,0.3480880016490944,0.10091530576058537,0.10091530576058537,observed_standardization_no_causal_or_significance_claim,common_bins
30m,all_projects,10_50000_100000,,2025-03,overlap_exposure,18,31,0.5949423797758573,0.43000620348424046,0.1649361762916169,-0.054231041694541904,-0.054231041694541904,observed_standardization_no_causal_or_significance_claim,common_bins
30m,all_projects,10_50000_100000,,2025-03,equal_project,18,31,0.4858813137523237,0.21552245714579313,0.2703588566065306,-0.054231041694541904,-0.054231041694541904,observed_standardization_no_causal_or_significance_claim,common_bins
30m,all_projects,10_50000_100000,,2025-04,overlap_exposure,17,30,1.0395570943388808,0.42734629989646916,0.6122107944424116,0.15542657688547853,0.15542657688547853,observed_standardization_no_causal_or_significance_claim,common_bins
30m,all_projects,10_50000_100000,,2025-04,equal_project,17,30,0.8935432760033921,0.20166792819311571,0.6918753478102764,0.15542657688547853,0.15542657688547853,observed_standardization_no_causal_or_significance_claim,common_bins
30m,all_projects,10_50000_100000,,2025-05,overlap_exposure,19,31,0.7616195801365437,0.27224800619863476,0.489371573937909,0.19905240205367142,0.19905240205367142,observed_standardization_no_causal_or_significance_claim,common_bins
30m,all_projects,10_50000_100000,,2025-05,equal_project,19,31,1.0958434741987395,0.12697746361258366,0.9688660105861557,0.19905240205367142,0.19905240205367142,observed_standardization_no_causal_or_significance_claim,common_bins
30m,all_projects,10_50000_100000,,2025-06,overlap_exposure,19,30,0.725387385169803,0.2982076123673751,0.42717977280242786,0.07979936843181137,0.07979936843181137,observed_standardization_no_causal_or_significance_claim,common_bins
30m,all_projects,10_50000_100000,,2025-06,equal_project,19,30,0.5908513651534296,0.13956428512789948,0.4512870800255302,0.07979936843181137,0.07979936843181137,observed_standardization_no_causal_or_significance_claim,common_bins
30m,all_projects,10_50000_100000,,2025-07,overlap_exposure,17,30,0.8918828835877413,0.2703674061736666,0.6215154774140746,0.3215946875823981,0.3215946875823981,observed_standardization_no_causal_or_significance_claim,common_bins
30m,all_projects,10_50000_100000,,2025-07,equal_project,17,30,0.8269932457973491,0.18580784634322908,0.64118539945412,0.3215946875823981,0.3215946875823981,observed_standardization_no_causal_or_significance_claim,common_bins
30m,all_projects,10_50000_100000,,2025-08,overlap_exposure,22,34,1.0681145095324112,0.22712397940525025,0.8409905301271609,0.5093976270360755,0.5093976270360755,observed_standardization_no_causal_or_significance_claim,common_bins
30m,all_projects,10_50000_100000,,2025-08,equal_project,22,34,0.3782219375110818,0.15889889822358713,0.2193230392874947,0.5093976270360755,0.5093976270360755,observed_standardization_no_causal_or_significance_claim,common_bins
30m,all_projects,10_50000_100000,,2025-09,overlap_exposure,19,29,0.9713695864859038,0.19400157986699207,0.7773680066189117,0.4859045296392923,0.4859045296392923,observed_standardization_no_causal_or_significance_claim,common_bins
30m,all_projects,10_50000_100000,,2025-09,equal_project,19,29,1.6801201840411402,0.09676229800520769,1.5833578860359325,0.4859045296392923,0.4859045296392923,observed_standardization_no_causal_or_significance_claim,common_bins
30m,all_projects,10_50000_100000,,2025-10,overlap_exposure,20,34,0.6336501972255603,0.24550988682330238,0.3881403104022579,0.17772839787267847,0.17772839787267847,observed_standardization_no_causal_or_significance_claim,common_bins
30m,all_projects,10_50000_100000,,2025-10,equal_project,20,34,0.38420206918406774,0.15169274160820118,0.23250932757586654,0.17772839787267847,0.17772839787267847,observed_standardization_no_causal_or_significance_claim,common_bins
30m,all_projects,10_50000_100000,,2025-11,overlap_exposure,19,31,0.6113943499956485,0.23988127913655002,0.3715130708590984,0.12471867403608725,0.12471867403608725,observed_standardization_no_causal_or_significance_claim,common_bins
30m,all_projects,10_50000_100000,,2025-11,equal_project,19,31,0.2699341756535327,0.2195966433378709,0.050337532315661855,0.12471867403608725,0.12471867403608725,observed_standardization_no_causal_or_significance_claim,common_bins
30m,all_projects,10_50000_100000,,2025-12,overlap_exposure,18,29,0.6550239038582869,0.36085252150579755,0.29417138235248935,-0.010789760113785653,-0.010789760113785653,observed_standardization_no_causal_or_significance_claim,common_bins
30m,all_projects,10_50000_100000,,2025-12,equal_project,18,29,0.3368428890143711,0.35580726110676336,-0.018964372092392233,-0.010789760113785653,-0.010789760113785653,observed_standardization_no_causal_or_significance_claim,common_bins
30m,all_projects,10_50000_100000,,2026-01,overlap_exposure,18,29,0.7453665158276547,0.6236546999450682,0.12171181588258653,-0.02256636429541674,-0.02256636429541674,observed_standardization_no_causal_or_significance_claim,common_bins
30m,all_projects,10_50000_100000,,2026-01,equal_project,18,29,0.38580771304525757,0.3791128075167491,0.006694905528508441,-0.02256636429541674,-0.02256636429541674,observed_standardization_no_causal_or_significance_claim,common_bins
30m,all_projects,10_50000_100000,,2026-02,overlap_exposure,19,32,0.713827422380084,0.471242372405519,0.24258504997456495,0.0687188287062583,0.0687188287062583,observed_standardization_no_causal_or_significance_claim,common_bins
30m,all_projects,10_50000_100000,,2026-02,equal_project,19,32,0.4681978623917763,0.3719823778963615,0.09621548449541477,0.0687188287062583,0.0687188287062583,observed_standardization_no_causal_or_significance_claim,common_bins
30m,all_projects,10_50000_100000,,2026-03,overlap_exposure,17,27,0.6648694350839062,0.5135003755402768,0.1513690595436294,-0.08415857921515542,-0.08415857921515542,observed_standardization_no_causal_or_significance_claim,common_bins
30m,all_projects,10_50000_100000,,2026-03,equal_project,17,27,0.495979213096607,0.49127476686615623,0.00470444623045076,-0.08415857921515542,-0.08415857921515542,observed_standardization_no_causal_or_significance_claim,common_bins
30m,all_projects,10_50000_100000,,2026-04,overlap_exposure,17,27,0.9551374625616588,0.5805622353278613,0.3745752272337975,0.09691464765374402,0.09691464765374402,observed_standardization_no_causal_or_significance_claim,common_bins
30m,all_projects,10_50000_100000,,2026-04,equal_project,17,27,0.34672578411130306,0.47749256579418425,-0.13076678168288122,0.09691464765374402,0.09691464765374402,observed_standardization_no_causal_or_significance_claim,common_bins
30m,all_projects,10_50000_100000,,2026-05,overlap_exposure,15,24,0.5850309809684747,0.6410077959235069,-0.055976814955032136,-0.1229132076300387,-0.1229132076300387,observed_standardization_no_causal_or_significance_claim,common_bins
30m,all_projects,10_50000_100000,,2026-05,equal_project,15,24,0.47422770496277666,0.4205412804617651,0.05368642450101161,-0.1229132076300387,-0.1229132076300387,observed_standardization_no_causal_or_significance_claim,common_bins
30m,all_projects,10_50000_100000,,2026-06,overlap_exposure,16,26,0.6890280773288712,0.27754812685879654,0.4114799504700747,0.23254915475797844,0.23254915475797844,observed_standardization_no_causal_or_significance_claim,common_bins
30m,all_projects,10_50000_100000,,2026-06,equal_project,16,26,0.1318729965957638,0.2930393560959507,-0.16116635950018696,0.23254915475797844,0.23254915475797844,observed_standardization_no_causal_or_significance_claim,common_bins
30m,all_projects,11_100000_plus,,2024-01,overlap_exposure,18,31,2.41058952260334,0.23375351457492116,2.1768360080284186,1.6794914206795897,1.6794914206795897,observed_standardization_no_causal_or_significance_claim,common_bins
30m,all_projects,11_100000_plus,,2024-01,equal_project,18,31,4.993844293253686,0.05611770291868343,4.937726590335003,1.6794914206795897,1.6794914206795897,observed_standardization_no_causal_or_significance_claim,common_bins
30m,all_projects,11_100000_plus,,2024-02,overlap_exposure,19,30,2.2744389350122005,0.2272884646770528,2.0471504703351475,1.6410634631079235,1.6410634631079235,observed_standardization_no_causal_or_significance_claim,common_bins
30m,all_projects,11_100000_plus,,2024-02,equal_project,19,30,1.6266688369505944,0.042739939690702396,1.5839288972598922,1.6410634631079235,1.6410634631079235,observed_standardization_no_causal_or_significance_claim,common_bins
30m,all_projects,11_100000_plus,,2024-03,overlap_exposure,18,31,2.5615334683161324,0.15703776893249347,2.404495699383639,1.9972485500672408,1.9972485500672408,observed_standardization_no_causal_or_significance_claim,common_bins
30m,all_projects,11_100000_plus,,2024-03,equal_project,18,31,2.871112371002594,0.05356334893190656,2.8175490220706876,1.9972485500672408,1.9972485500672408,observed_standardization_no_causal_or_significance_claim,common_bins
30m,all_projects,11_100000_plus,,2024-04,overlap_exposure,19,33,2.525124937678583,0.17876865072867296,2.34635628694991,1.7757678338284197,1.7757678338284197,observed_standardization_no_causal_or_significance_claim,common_bins
30m,all_projects,11_100000_plus,,2024-04,equal_project,19,33,3.71024770301417,0.11673793136118175,3.593509771652988,1.7757678338284197,1.7757678338284197,observed_standardization_no_causal_or_significance_claim,common_bins
30m,all_projects,11_100000_plus,,2024-05,overlap_exposure,18,29,2.1919499029303533,0.3062201410160137,1.8857297619143398,1.2562848619259053,1.2562848619259053,observed_standardization_no_causal_or_significance_claim,common_bins
30m,all_projects,11_100000_plus,,2024-05,equal_project,18,29,2.4191938181736257,0.10007430930434694,2.319119508869279,1.2562848619259053,1.2562848619259053,observed_standardization_no_causal_or_significance_claim,common_bins
30m,all_projects,11_100000_plus,,2024-06,overlap_exposure,18,31,1.8219893961154425,0.2506715411066117,1.5713178550088307,1.270197669112254,1.270197669112254,observed_standardization_no_causal_or_significance_claim,common_bins
30m,all_projects,11_100000_plus,,2024-06,equal_project,18,31,3.4381472758257767,0.0910299946580028,3.347117281167774,1.270197669112254,1.270197669112254,observed_standardization_no_causal_or_significance_claim,common_bins
30m,all_projects,11_100000_plus,,2024-07,overlap_exposure,14,28,1.2289999259977062,0.26547573669250585,0.9635241893052003,0.510558536278476,0.510558536278476,observed_standardization_no_causal_or_significance_claim,common_bins
30m,all_projects,11_100000_plus,,2024-07,equal_project,14,28,1.0412584213282883,0.17372843725104115,0.867529984077247,0.510558536278476,0.510558536278476,observed_standardization_no_causal_or_significance_claim,common_bins
30m,all_projects,11_100000_plus,,2024-08,overlap_exposure,17,31,1.3973403020653878,0.36852572066290556,1.0288145814024823,0.5495905354688221,0.5495905354688221,observed_standardization_no_causal_or_significance_claim,common_bins
30m,all_projects,11_100000_plus,,2024-08,equal_project,17,31,0.7382946542728128,0.18789905569188073,0.5503955985809321,0.5495905354688221,0.5495905354688221,observed_standardization_no_causal_or_significance_claim,common_bins
30m,all_projects,11_100000_plus,,2024-09,overlap_exposure,16,30,1.022288010529058,0.39682656482826295,0.6254614457007951,0.2557551701876014,0.2557551701876014,observed_standardization_no_causal_or_significance_claim,common_bins
30m,all_projects,11_100000_plus,,2024-09,equal_project,16,30,4.014322905866783,0.21069289970452623,3.803630006162257,0.2557551701876014,0.2557551701876014,observed_standardization_no_causal_or_significance_claim,common_bins
30m,all_projects,11_100000_plus,,2024-10,overlap_exposure,16,28,1.42441345294814,0.17009097633783984,1.2543224766103,0.9459068722178544,0.9459068722178544,observed_standardization_no_causal_or_significance_claim,common_bins
30m,all_projects,11_100000_plus,,2024-10,equal_project,16,28,0.6703433317351734,0.0749421451625575,0.5954011865726159,0.9459068722178544,0.9459068722178544,observed_standardization_no_causal_or_significance_claim,common_bins
30m,all_projects,11_100000_plus,,2024-11,overlap_exposure,20,32,1.0347897280103622,0.09060452871363973,0.9441851992967223,0.7795291795497163,0.7795291795497163,observed_standardization_no_causal_or_significance_claim,common_bins
30m,all_projects,11_100000_plus,,2024-11,equal_project,20,32,10.810059311529345,0.03713713284533665,10.772922178684007,0.7795291795497163,0.7795291795497163,observed_standardization_no_causal_or_significance_claim,common_bins
30m,all_projects,11_100000_plus,,2024-12,overlap_exposure,19,31,0.8871087255836516,0.0847945564873305,0.8023141690963211,0.6834166974329561,0.6834166974329561,observed_standardization_no_causal_or_significance_claim,common_bins
30m,all_projects,11_100000_plus,,2024-12,equal_project,19,31,1.3527209199604142,0.03512515713875251,1.3175957628216617,0.6834166974329561,0.6834166974329561,observed_standardization_no_causal_or_significance_claim,common_bins
30m,all_projects,11_100000_plus,,2025-01,overlap_exposure,18,30,0.8636781499363607,0.10184549295024492,0.7618326569861158,0.6280661059417949,0.6280661059417949,observed_standardization_no_causal_or_significance_claim,common_bins
30m,all_projects,11_100000_plus,,2025-01,equal_project,18,30,6.646127863136636,0.06669037118763489,6.579437491949001,0.6280661059417949,0.6280661059417949,observed_standardization_no_causal_or_significance_claim,common_bins
30m,all_projects,11_100000_plus,,2025-02,overlap_exposure,17,31,0.8475626566295502,0.325907293822701,0.5216553628068492,0.5144692419186181,0.5144692419186181,observed_standardization_no_causal_or_significance_claim,common_bins
30m,all_projects,11_100000_plus,,2025-02,equal_project,17,31,0.7345997344817784,0.1604058681436966,0.5741938663380818,0.5144692419186181,0.5144692419186181,observed_standardization_no_causal_or_significance_claim,common_bins
30m,all_projects,11_100000_plus,,2025-03,overlap_exposure,18,31,0.8536210279017747,0.41789261868097954,0.43572840922079514,0.44828926163662086,0.44828926163662086,observed_standardization_no_causal_or_significance_claim,common_bins
30m,all_projects,11_100000_plus,,2025-03,equal_project,18,31,0.6272349190220082,0.21552245714579313,0.41171246187621513,0.44828926163662086,0.44828926163662086,observed_standardization_no_causal_or_significance_claim,common_bins
30m,all_projects,11_100000_plus,,2025-04,overlap_exposure,17,30,1.3898989036721474,0.42927715499807406,0.9606217486740734,0.6136268985405406,0.6136268985405406,observed_standardization_no_causal_or_significance_claim,common_bins
30m,all_projects,11_100000_plus,,2025-04,equal_project,17,30,0.5939853930676069,0.20166792819311571,0.39231746487449115,0.6136268985405406,0.6136268985405406,observed_standardization_no_causal_or_significance_claim,common_bins
30m,all_projects,11_100000_plus,,2025-05,overlap_exposure,19,31,1.1076582795806733,0.26201303852356583,0.8456452410571074,0.5985643529984843,0.5985643529984843,observed_standardization_no_causal_or_significance_claim,common_bins
30m,all_projects,11_100000_plus,,2025-05,equal_project,19,31,0.7933313180876715,0.12697746361258366,0.6663538544750879,0.5985643529984843,0.5985643529984843,observed_standardization_no_causal_or_significance_claim,common_bins
30m,all_projects,11_100000_plus,,2025-06,overlap_exposure,19,30,1.0812057855542605,0.2786237809705465,0.8025820045837139,0.43117539154920337,0.43117539154920337,observed_standardization_no_causal_or_significance_claim,common_bins
30m,all_projects,11_100000_plus,,2025-06,equal_project,19,30,0.5190610362250772,0.13956428512789948,0.3794967510971776,0.43117539154920337,0.43117539154920337,observed_standardization_no_causal_or_significance_claim,common_bins
30m,all_projects,11_100000_plus,,2025-07,overlap_exposure,17,30,1.2078018272942714,0.24255477151862762,0.9652470557756438,0.6109639405251286,0.6109639405251286,observed_standardization_no_causal_or_significance_claim,common_bins
30m,all_projects,11_100000_plus,,2025-07,equal_project,17,30,9.435112941935037,0.18580784634322908,9.249305095591808,0.6109639405251286,0.6109639405251286,observed_standardization_no_causal_or_significance_claim,common_bins
30m,all_projects,11_100000_plus,,2025-08,overlap_exposure,22,34,1.3685846898905463,0.21083661821834832,1.1577480716721977,0.7105670330609853,0.7105670330609853,observed_standardization_no_causal_or_significance_claim,common_bins
30m,all_projects,11_100000_plus,,2025-08,equal_project,22,34,0.4972184613485053,0.15889889822358713,0.3383195631249182,0.7105670330609853,0.7105670330609853,observed_standardization_no_causal_or_significance_claim,common_bins
30m,all_projects,11_100000_plus,,2025-09,overlap_exposure,19,29,1.1018351397427364,0.18533355689043085,0.9165015828523057,0.4995134274795572,0.4995134274795572,observed_standardization_no_causal_or_significance_claim,common_bins
30m,all_projects,11_100000_plus,,2025-09,equal_project,19,29,0.5596934318120823,0.09676229800520769,0.46293113380687456,0.4995134274795572,0.4995134274795572,observed_standardization_no_causal_or_significance_claim,common_bins
30m,all_projects,11_100000_plus,,2025-10,overlap_exposure,20,34,0.7352059331899845,0.23994626444764527,0.4952596687423393,0.23022277208702102,0.23022277208702102,observed_standardization_no_causal_or_significance_claim,common_bins
30m,all_projects,11_100000_plus,,2025-10,equal_project,20,34,0.23091813348673787,0.15169274160820118,0.07922539187853667,0.23022277208702102,0.23022277208702102,observed_standardization_no_causal_or_significance_claim,common_bins
30m,all_projects,11_100000_plus,,2025-11,overlap_exposure,19,31,0.7200266313690522,0.24422327114156667,0.4758033602274855,0.21807841135772593,0.21807841135772593,observed_standardization_no_causal_or_significance_claim,common_bins
30m,all_projects,11_100000_plus,,2025-11,equal_project,19,31,0.4083352990043788,0.2195966433378709,0.18873865566650794,0.21807841135772593,0.21807841135772593,observed_standardization_no_causal_or_significance_claim,common_bins
30m,all_projects,11_100000_plus,,2025-12,overlap_exposure,18,29,0.6428919818311144,0.4670586042693762,0.1758333775617382,-0.00899121793705212,-0.00899121793705212,observed_standardization_no_causal_or_significance_claim,common_bins
30m,all_projects,11_100000_plus,,2025-12,equal_project,18,29,0.3929220017581657,0.35580726110676336,0.03711474065140239,-0.00899121793705212,-0.00899121793705212,observed_standardization_no_causal_or_significance_claim,common_bins
30m,all_projects,11_100000_plus,,2026-01,overlap_exposure,18,29,0.7602615385841718,0.8543192741752726,-0.09405773559110087,0.003729620002659948,0.003729620002659948,observed_standardization_no_causal_or_significance_claim,common_bins
30m,all_projects,11_100000_plus,,2026-01,equal_project,18,29,0.45579842642393287,0.3791128075167491,0.07668561890718374,0.003729620002659948,0.003729620002659948,observed_standardization_no_causal_or_significance_claim,common_bins
30m,all_projects,11_100000_plus,,2026-02,overlap_exposure,19,32,1.1456111949334875,0.6338014249741631,0.5118097699593243,0.5057826706995567,0.5057826706995567,observed_standardization_no_causal_or_significance_claim,common_bins
30m,all_projects,11_100000_plus,,2026-02,equal_project,19,32,0.5978407483982172,0.3719823778963615,0.22585837050185567,0.5057826706995567,0.5057826706995567,observed_standardization_no_causal_or_significance_claim,common_bins
30m,all_projects,11_100000_plus,,2026-03,overlap_exposure,17,27,0.9259388531490628,0.6367116639981472,0.28922718915091566,0.18956729515080964,0.18956729515080964,observed_standardization_no_causal_or_significance_claim,common_bins
30m,all_projects,11_100000_plus,,2026-03,equal_project,17,27,0.7569112106528484,0.49127476686615623,0.2656364437866922,0.18956729515080964,0.18956729515080964,observed_standardization_no_causal_or_significance_claim,common_bins
30m,all_projects,11_100000_plus,,2026-04,overlap_exposure,17,27,1.1191665181905963,0.7714503351894313,0.3477161830011649,0.22697079500176126,0.22697079500176126,observed_standardization_no_causal_or_significance_claim,common_bins
30m,all_projects,11_100000_plus,,2026-04,equal_project,17,27,0.7071501453744004,0.47749256579418425,0.22965757958021607,0.22697079500176126,0.22697079500176126,observed_standardization_no_causal_or_significance_claim,common_bins
30m,all_projects,11_100000_plus,,2026-05,overlap_exposure,15,24,0.9176210867435851,0.7572742114214562,0.16034687532212885,0.17698042681281445,0.17698042681281445,observed_standardization_no_causal_or_significance_claim,common_bins
30m,all_projects,11_100000_plus,,2026-05,equal_project,15,24,0.2911188415549383,0.4205412804617651,-0.1294224389068268,0.17698042681281445,0.17698042681281445,observed_standardization_no_causal_or_significance_claim,common_bins
30m,all_projects,11_100000_plus,,2026-06,overlap_exposure,16,26,1.128973067127287,0.288245161141759,0.840727905985528,0.6476052344088549,0.6476052344088549,observed_standardization_no_causal_or_significance_claim,common_bins
30m,all_projects,11_100000_plus,,2026-06,equal_project,16,26,0.09812362531549575,0.2930393560959507,-0.19491573078045502,0.6476052344088549,0.6476052344088549,observed_standardization_no_causal_or_significance_claim,common_bins
30m,exclude_primary_dominant_project,02_100_250,uniswap,2024-01,overlap_exposure,17,29,0.33698481211870207,0.0725078930331372,0.2644769190855649,0.2598855172692604,0.2598855172692604,observed_standardization_no_causal_or_significance_claim,common_bins
30m,exclude_primary_dominant_project,02_100_250,uniswap,2024-01,equal_project,17,29,0.16806077941028552,0.02977259871568436,0.13828818069460116,0.2598855172692604,0.2598855172692604,observed_standardization_no_causal_or_significance_claim,common_bins
30m,exclude_primary_dominant_project,02_100_250,uniswap,2024-02,overlap_exposure,18,28,0.14941821557223325,0.05773586262388922,0.09168235294834404,0.08207185211437604,0.08207185211437604,observed_standardization_no_causal_or_significance_claim,common_bins
30m,exclude_primary_dominant_project,02_100_250,uniswap,2024-02,equal_project,18,28,0.055447867387945965,0.021316181279570735,0.03413168610837523,0.08207185211437604,0.08207185211437604,observed_standardization_no_causal_or_significance_claim,common_bins
30m,exclude_primary_dominant_project,02_100_250,uniswap,2024-03,overlap_exposure,17,28,0.0786837992242721,0.09791410493273059,-0.01923030570845849,-0.020258586003503887,-0.020258586003503887,observed_standardization_no_causal_or_significance_claim,common_bins
30m,exclude_primary_dominant_project,02_100_250,uniswap,2024-03,equal_project,17,28,0.05505057417629711,0.04920395212596944,0.0058466220503276736,-0.020258586003503887,-0.020258586003503887,observed_standardization_no_causal_or_significance_claim,common_bins
30m,exclude_primary_dominant_project,02_100_250,uniswap,2024-04,overlap_exposure,18,30,0.3036239102109142,0.1444033696462683,0.15922054056464593,0.153574405710326,0.153574405710326,observed_standardization_no_causal_or_significance_claim,common_bins
30m,exclude_primary_dominant_project,02_100_250,uniswap,2024-04,equal_project,18,30,0.1746048476808336,0.10810178878133134,0.06650305889950225,0.153574405710326,0.153574405710326,observed_standardization_no_causal_or_significance_claim,common_bins
30m,exclude_primary_dominant_project,02_100_250,uniswap,2024-05,overlap_exposure,17,27,0.6629675945887187,0.14928214082872038,0.5136854537599983,0.4763779048707767,0.4763779048707767,observed_standardization_no_causal_or_significance_claim,common_bins
30m,exclude_primary_dominant_project,02_100_250,uniswap,2024-05,equal_project,17,27,0.3190331818179841,0.06895152674847674,0.2500816550695074,0.4763779048707767,0.4763779048707767,observed_standardization_no_causal_or_significance_claim,common_bins
30m,exclude_primary_dominant_project,02_100_250,uniswap,2024-06,overlap_exposure,17,29,0.5088990088702436,0.17904689378797328,0.3298521150822703,0.3337921738393138,0.3337921738393138,observed_standardization_no_causal_or_significance_claim,common_bins
30m,exclude_primary_dominant_project,02_100_250,uniswap,2024-06,equal_project,17,29,0.2974439739953992,0.06805771949441568,0.22938625450098352,0.3337921738393138,0.3337921738393138,observed_standardization_no_causal_or_significance_claim,common_bins
30m,exclude_primary_dominant_project,02_100_250,uniswap,2024-07,overlap_exposure,13,26,0.9299794398747581,0.23506148248380065,0.6949179573909574,0.7389340214438382,0.7389340214438382,observed_standardization_no_causal_or_significance_claim,common_bins
30m,exclude_primary_dominant_project,02_100_250,uniswap,2024-07,equal_project,13,26,0.7000358125796423,0.14254247650164986,0.5574933360779923,0.7389340214438382,0.7389340214438382,observed_standardization_no_causal_or_significance_claim,common_bins
30m,exclude_primary_dominant_project,02_100_250,uniswap,2024-08,overlap_exposure,16,29,1.251231157046101,0.3206753895735197,0.9305557674725813,1.0362100643327887,1.0362100643327887,observed_standardization_no_causal_or_significance_claim,common_bins
30m,exclude_primary_dominant_project,02_100_250,uniswap,2024-08,equal_project,16,29,0.7294233039797631,0.15780469711552128,0.5716186068642418,1.0362100643327887,1.0362100643327887,observed_standardization_no_causal_or_significance_claim,common_bins
30m,exclude_primary_dominant_project,02_100_250,uniswap,2024-09,overlap_exposure,15,27,0.9941445538720972,0.2979921964145279,0.6961523574575693,0.769877587298181,0.769877587298181,observed_standardization_no_causal_or_significance_claim,common_bins
30m,exclude_primary_dominant_project,02_100_250,uniswap,2024-09,equal_project,15,27,0.5215758310629367,0.19534147924257056,0.32623435182036614,0.769877587298181,0.769877587298181,observed_standardization_no_causal_or_significance_claim,common_bins
30m,exclude_primary_dominant_project,02_100_250,uniswap,2024-10,overlap_exposure,15,26,0.4137153561211901,0.06810796567242285,0.3456073904487672,0.3583334042307392,0.3583334042307392,observed_standardization_no_causal_or_significance_claim,common_bins
30m,exclude_primary_dominant_project,02_100_250,uniswap,2024-10,equal_project,15,26,0.2972338183880081,0.05891792139158569,0.23831589699642242,0.3583334042307392,0.3583334042307392,observed_standardization_no_causal_or_significance_claim,common_bins
30m,exclude_primary_dominant_project,02_100_250,uniswap,2024-11,overlap_exposure,19,30,0.35699865210614606,0.05400949703788017,0.3029891550682659,0.33088887761117425,0.33088887761117425,observed_standardization_no_causal_or_significance_claim,common_bins
30m,exclude_primary_dominant_project,02_100_250,uniswap,2024-11,equal_project,19,30,0.2230165159688571,0.028713342703014018,0.1943031732658431,0.33088887761117425,0.33088887761117425,observed_standardization_no_causal_or_significance_claim,common_bins
30m,exclude_primary_dominant_project,02_100_250,uniswap,2024-12,overlap_exposure,18,29,0.2039568474015476,0.05893062771391166,0.14502621968763593,0.1475146961367728,0.1475146961367728,observed_standardization_no_causal_or_significance_claim,common_bins
30m,exclude_primary_dominant_project,02_100_250,uniswap,2024-12,equal_project,18,29,0.08618504250610241,0.029560999560677665,0.05662404294542475,0.1475146961367728,0.1475146961367728,observed_standardization_no_causal_or_significance_claim,common_bins
30m,exclude_primary_dominant_project,02_100_250,uniswap,2025-01,overlap_exposure,17,28,0.34415130096341384,0.10062971418064255,0.24352158678277125,0.25490813152190195,0.25490813152190195,observed_standardization_no_causal_or_significance_claim,common_bins
30m,exclude_primary_dominant_project,02_100_250,uniswap,2025-01,equal_project,17,28,0.17894029246770893,0.06047494650443746,0.11846534596327146,0.25490813152190195,0.25490813152190195,observed_standardization_no_causal_or_significance_claim,common_bins
30m,exclude_primary_dominant_project,02_100_250,uniswap,2025-02,overlap_exposure,16,28,1.058134335956402,0.4054679518015295,0.6526663841548724,0.6651278513420653,0.6651278513420653,observed_standardization_no_causal_or_significance_claim,common_bins
30m,exclude_primary_dominant_project,02_100_250,uniswap,2025-02,equal_project,16,28,0.4979970185263686,0.14617397501812124,0.35182304350824734,0.6651278513420653,0.6651278513420653,observed_standardization_no_causal_or_significance_claim,common_bins
30m,exclude_primary_dominant_project,02_100_250,uniswap,2025-03,overlap_exposure,17,28,0.5824771399258538,0.3771524679369876,0.2053246719888662,0.21593683729845534,0.21593683729845534,observed_standardization_no_causal_or_significance_claim,common_bins
30m,exclude_primary_dominant_project,02_100_250,uniswap,2025-03,equal_project,17,28,0.24902736928017694,0.19602484206338514,0.053002527216791794,0.21593683729845534,0.21593683729845534,observed_standardization_no_causal_or_significance_claim,common_bins
30m,exclude_primary_dominant_project,02_100_250,uniswap,2025-04,overlap_exposure,16,27,0.7608298893332934,0.38194156794792483,0.37888832138536865,0.3657777316641334,0.3657777316641334,observed_standardization_no_causal_or_significance_claim,common_bins
30m,exclude_primary_dominant_project,02_100_250,uniswap,2025-04,equal_project,16,27,0.2972305496989816,0.15771903564459683,0.13951151405438475,0.3657777316641334,0.3657777316641334,observed_standardization_no_causal_or_significance_claim,common_bins
30m,exclude_primary_dominant_project,02_100_250,uniswap,2025-05,overlap_exposure,18,28,0.540235357194988,0.20188132008786358,0.3383540371071245,0.3435298348735131,0.3435298348735131,observed_standardization_no_causal_or_significance_claim,common_bins
30m,exclude_primary_dominant_project,02_100_250,uniswap,2025-05,equal_project,18,28,0.3194612571235392,0.10755719151588387,0.21190406560765535,0.3435298348735131,0.3435298348735131,observed_standardization_no_causal_or_significance_claim,common_bins
30m,exclude_primary_dominant_project,02_100_250,uniswap,2025-06,overlap_exposure,18,27,0.6896977016237796,0.2223663898383642,0.46733131178541537,0.5303553971845892,0.5303553971845892,observed_standardization_no_causal_or_significance_claim,common_bins
30m,exclude_primary_dominant_project,02_100_250,uniswap,2025-06,equal_project,18,27,0.4070689613840453,0.11907868534392795,0.28799027604011734,0.5303553971845892,0.5303553971845892,observed_standardization_no_causal_or_significance_claim,common_bins
30m,exclude_primary_dominant_project,02_100_250,uniswap,2025-07,overlap_exposure,16,27,0.6079270652648777,0.18059220634540488,0.4273348589194728,0.4501488055767896,0.4501488055767896,observed_standardization_no_causal_or_significance_claim,common_bins
30m,exclude_primary_dominant_project,02_100_250,uniswap,2025-07,equal_project,16,27,0.31344967485605074,0.17166790411341423,0.1417817707426365,0.4501488055767896,0.4501488055767896,observed_standardization_no_causal_or_significance_claim,common_bins
30m,exclude_primary_dominant_project,02_100_250,uniswap,2025-08,overlap_exposure,21,31,0.5105818417548107,0.1830930309582452,0.3274888107965655,0.30989045254348857,0.30989045254348857,observed_standardization_no_causal_or_significance_claim,common_bins
30m,exclude_primary_dominant_project,02_100_250,uniswap,2025-08,equal_project,21,31,0.3693340635075031,0.14800428283044784,0.22132978067705528,0.30989045254348857,0.30989045254348857,observed_standardization_no_causal_or_significance_claim,common_bins
30m,exclude_primary_dominant_project,02_100_250,uniswap,2025-09,overlap_exposure,18,26,0.4489184840371226,0.142598036659049,0.30632044737807357,0.2889568699250918,0.2889568699250918,observed_standardization_no_causal_or_significance_claim,common_bins
30m,exclude_primary_dominant_project,02_100_250,uniswap,2025-09,equal_project,18,26,0.3772908095565094,0.08265133910183484,0.29463947045467453,0.2889568699250918,0.2889568699250918,observed_standardization_no_causal_or_significance_claim,common_bins
30m,exclude_primary_dominant_project,02_100_250,uniswap,2025-10,overlap_exposure,19,31,0.39037843239540315,0.23004170075450445,0.16033673164089873,0.15293798383583154,0.15293798383583154,observed_standardization_no_causal_or_significance_claim,common_bins
30m,exclude_primary_dominant_project,02_100_250,uniswap,2025-10,equal_project,19,31,0.2838626384251008,0.1393192096821813,0.14454342874291945,0.15293798383583154,0.15293798383583154,observed_standardization_no_causal_or_significance_claim,common_bins
30m,exclude_primary_dominant_project,02_100_250,uniswap,2025-11,overlap_exposure,18,28,0.5472794803765462,0.30013780255796707,0.24714167781857913,0.21133114804099004,0.21133114804099004,observed_standardization_no_causal_or_significance_claim,common_bins
30m,exclude_primary_dominant_project,02_100_250,uniswap,2025-11,equal_project,18,28,0.5088767087347884,0.20976297710772326,0.29911373162706517,0.21133114804099004,0.21133114804099004,observed_standardization_no_causal_or_significance_claim,common_bins
30m,exclude_primary_dominant_project,02_100_250,uniswap,2025-12,overlap_exposure,17,26,0.9885138673722064,0.5844229735978679,0.4040908937743386,0.2882988643533435,0.2882988643533435,observed_standardization_no_causal_or_significance_claim,common_bins
30m,exclude_primary_dominant_project,02_100_250,uniswap,2025-12,equal_project,17,26,1.0935104622464793,0.3431431755891873,0.7503672866572919,0.2882988643533435,0.2882988643533435,observed_standardization_no_causal_or_significance_claim,common_bins
30m,exclude_primary_dominant_project,02_100_250,uniswap,2026-01,overlap_exposure,17,26,2.1039260439151453,0.5534602754062643,1.550465768508881,1.4841288895842562,1.4841288895842562,observed_standardization_no_causal_or_significance_claim,common_bins
30m,exclude_primary_dominant_project,02_100_250,uniswap,2026-01,equal_project,17,26,1.123417365477607,0.359112140821328,0.7643052246562788,1.4841288895842562,1.4841288895842562,observed_standardization_no_causal_or_significance_claim,common_bins
30m,exclude_primary_dominant_project,02_100_250,uniswap,2026-02,overlap_exposure,18,29,0.8163592913529458,0.7256416403107177,0.09071765104222808,0.011077958834205658,0.011077958834205658,observed_standardization_no_causal_or_significance_claim,common_bins
30m,exclude_primary_dominant_project,02_100_250,uniswap,2026-02,equal_project,18,29,0.4943177505279219,0.36063542130259046,0.1336823292253314,0.011077958834205658,0.011077958834205658,observed_standardization_no_causal_or_significance_claim,common_bins
30m,exclude_primary_dominant_project,02_100_250,uniswap,2026-03,overlap_exposure,16,24,0.8681409557727584,0.6944295292897373,0.17371142648302104,0.12334668435159887,0.12334668435159887,observed_standardization_no_causal_or_significance_claim,common_bins
30m,exclude_primary_dominant_project,02_100_250,uniswap,2026-03,equal_project,16,24,0.8268355229802256,0.47640735282998464,0.35042817015024086,0.12334668435159887,0.12334668435159887,observed_standardization_no_causal_or_significance_claim,common_bins
30m,exclude_primary_dominant_project,02_100_250,uniswap,2026-04,overlap_exposure,16,24,1.354573300960082,0.6888385551468036,0.6657347458132784,0.6979186258266437,0.6979186258266437,observed_standardization_no_causal_or_significance_claim,common_bins
30m,exclude_primary_dominant_project,02_100_250,uniswap,2026-04,equal_project,16,24,1.1156899142046026,0.4610554428254381,0.6546344713791644,0.6979186258266437,0.6979186258266437,observed_standardization_no_causal_or_significance_claim,common_bins
30m,exclude_primary_dominant_project,02_100_250,uniswap,2026-05,overlap_exposure,14,21,1.260137566011079,0.44422848952817334,0.8159090764829057,0.757405387371039,0.757405387371039,observed_standardization_no_causal_or_significance_claim,common_bins
30m,exclude_primary_dominant_project,02_100_250,uniswap,2026-05,equal_project,14,21,1.1176063291801341,0.4009192919111533,0.716687037268981,0.757405387371039,0.757405387371039,observed_standardization_no_causal_or_significance_claim,common_bins
30m,exclude_primary_dominant_project,02_100_250,uniswap,2026-06,overlap_exposure,15,23,0.6802790883044622,0.4368574448538549,0.2434216434506072,0.31492330404977786,0.31492330404977786,observed_standardization_no_causal_or_significance_claim,common_bins
30m,exclude_primary_dominant_project,02_100_250,uniswap,2026-06,equal_project,15,23,0.5804017021126406,0.28339013059644436,0.2970115715161962,0.31492330404977786,0.31492330404977786,observed_standardization_no_causal_or_significance_claim,common_bins
30m,exclude_primary_dominant_project,03_250_500,uniswap,2024-01,overlap_exposure,17,29,0.9830350254950857,0.07679496508293264,0.9062400604121531,0.9145270006863122,0.9145270006863122,observed_standardization_no_causal_or_significance_claim,common_bins
30m,exclude_primary_dominant_project,03_250_500,uniswap,2024-01,equal_project,17,29,0.4181580764278825,0.02977259871568436,0.3883854777121981,0.9145270006863122,0.9145270006863122,observed_standardization_no_causal_or_significance_claim,common_bins
30m,exclude_primary_dominant_project,03_250_500,uniswap,2024-02,overlap_exposure,18,28,0.6016002920327143,0.05952598777303959,0.5420743042596746,0.5138869646631915,0.5138869646631915,observed_standardization_no_causal_or_significance_claim,common_bins
30m,exclude_primary_dominant_project,03_250_500,uniswap,2024-02,equal_project,18,28,0.2959876365062725,0.021316181279570735,0.2746714552267018,0.5138869646631915,0.5138869646631915,observed_standardization_no_causal_or_significance_claim,common_bins
30m,exclude_primary_dominant_project,03_250_500,uniswap,2024-03,overlap_exposure,17,28,0.34555807171662645,0.1036736603942204,0.24188441132240607,0.23232614572860985,0.23232614572860985,observed_standardization_no_causal_or_significance_claim,common_bins
30m,exclude_primary_dominant_project,03_250_500,uniswap,2024-03,equal_project,17,28,0.2003224556086178,0.04920395212596944,0.15111850348264838,0.23232614572860985,0.23232614572860985,observed_standardization_no_causal_or_significance_claim,common_bins
30m,exclude_primary_dominant_project,03_250_500,uniswap,2024-04,overlap_exposure,18,30,0.9751450062357725,0.1533118254161859,0.8218331808195867,0.7852028892806789,0.7852028892806789,observed_standardization_no_causal_or_significance_claim,common_bins
30m,exclude_primary_dominant_project,03_250_500,uniswap,2024-04,equal_project,18,30,0.577632010453518,0.10810178878133134,0.4695302216721866,0.7852028892806789,0.7852028892806789,observed_standardization_no_causal_or_significance_claim,common_bins
30m,exclude_primary_dominant_project,03_250_500,uniswap,2024-05,overlap_exposure,17,27,1.647793322273638,0.15451710255307283,1.4932762197205653,1.3901343375651891,1.3901343375651891,observed_standardization_no_causal_or_significance_claim,common_bins
30m,exclude_primary_dominant_project,03_250_500,uniswap,2024-05,equal_project,17,27,1.0020585179805446,0.06895152674847674,0.9331069912320679,1.3901343375651891,1.3901343375651891,observed_standardization_no_causal_or_significance_claim,common_bins
30m,exclude_primary_dominant_project,03_250_500,uniswap,2024-06,overlap_exposure,17,29,1.1866863640396172,0.1916885757742528,0.9949977882653643,1.0068205089116677,1.0068205089116677,observed_standardization_no_causal_or_significance_claim,common_bins
30m,exclude_primary_dominant_project,03_250_500,uniswap,2024-06,equal_project,17,29,0.716342197463892,0.06805771949441568,0.6482844779694763,1.0068205089116677,1.0068205089116677,observed_standardization_no_causal_or_significance_claim,common_bins
30m,exclude_primary_dominant_project,03_250_500,uniswap,2024-07,overlap_exposure,13,26,1.4985316224852674,0.24636419896065936,1.2521674235246079,1.3992490866377043,1.3992490866377043,observed_standardization_no_causal_or_significance_claim,common_bins
30m,exclude_primary_dominant_project,03_250_500,uniswap,2024-07,equal_project,13,26,1.244490865636078,0.14254247650164986,1.101948389134428,1.3992490866377043,1.3992490866377043,observed_standardization_no_causal_or_significance_claim,common_bins
30m,exclude_primary_dominant_project,03_250_500,uniswap,2024-08,overlap_exposure,16,29,1.6368606089892108,0.3384924942193937,1.2983681147698172,1.4463108333007992,1.4463108333007992,observed_standardization_no_causal_or_significance_claim,common_bins
30m,exclude_primary_dominant_project,03_250_500,uniswap,2024-08,equal_project,16,29,0.9621577823970755,0.15780469711552128,0.8043530852815542,1.4463108333007992,1.4463108333007992,observed_standardization_no_causal_or_significance_claim,common_bins
30m,exclude_primary_dominant_project,03_250_500,uniswap,2024-09,overlap_exposure,15,27,1.438418944092528,0.321882439565555,1.1165365045269728,1.29860617003621,1.29860617003621,observed_standardization_no_causal_or_significance_claim,common_bins
30m,exclude_primary_dominant_project,03_250_500,uniswap,2024-09,equal_project,15,27,0.8477710326636705,0.19534147924257056,0.6524295534211,1.29860617003621,1.29860617003621,observed_standardization_no_causal_or_significance_claim,common_bins
30m,exclude_primary_dominant_project,03_250_500,uniswap,2024-10,overlap_exposure,15,26,0.9708669693713762,0.07002642808947768,0.9008405412818985,0.9429073431819309,0.9429073431819309,observed_standardization_no_causal_or_significance_claim,common_bins
30m,exclude_primary_dominant_project,03_250_500,uniswap,2024-10,equal_project,15,26,0.8470008558248479,0.05891792139158569,0.788082934433262,0.9429073431819309,0.9429073431819309,observed_standardization_no_causal_or_significance_claim,common_bins
30m,exclude_primary_dominant_project,03_250_500,uniswap,2024-11,overlap_exposure,19,30,1.012537409620261,0.057930238484382224,0.9546071711358789,1.030207099696406,1.030207099696406,observed_standardization_no_causal_or_significance_claim,common_bins
30m,exclude_primary_dominant_project,03_250_500,uniswap,2024-11,equal_project,19,30,0.6925835914752652,0.028713342703014018,0.6638702487722512,1.030207099696406,1.030207099696406,observed_standardization_no_causal_or_significance_claim,common_bins
30m,exclude_primary_dominant_project,03_250_500,uniswap,2024-12,overlap_exposure,18,29,0.629236218708956,0.0664826402922909,0.5627535784166651,0.614394828189222,0.614394828189222,observed_standardization_no_causal_or_significance_claim,common_bins
30m,exclude_primary_dominant_project,03_250_500,uniswap,2024-12,equal_project,18,29,0.3747373487327269,0.029560999560677665,0.3451763491720492,0.614394828189222,0.614394828189222,observed_standardization_no_causal_or_significance_claim,common_bins
30m,exclude_primary_dominant_project,03_250_500,uniswap,2025-01,overlap_exposure,17,28,0.69157946472638,0.1008048991805669,0.5907745655458131,0.6239195514709823,0.6239195514709823,observed_standardization_no_causal_or_significance_claim,common_bins
30m,exclude_primary_dominant_project,03_250_500,uniswap,2025-01,equal_project,17,28,0.32158080699630487,0.06047494650443746,0.26110586049186746,0.6239195514709823,0.6239195514709823,observed_standardization_no_causal_or_significance_claim,common_bins
30m,exclude_primary_dominant_project,03_250_500,uniswap,2025-02,overlap_exposure,16,28,0.917619732984851,0.3929445426926888,0.5246751902921623,0.5063299371706089,0.5063299371706089,observed_standardization_no_causal_or_significance_claim,common_bins
30m,exclude_primary_dominant_project,03_250_500,uniswap,2025-02,equal_project,16,28,0.43550450713584815,0.14617397501812124,0.2893305321177269,0.5063299371706089,0.5063299371706089,observed_standardization_no_causal_or_significance_claim,common_bins
30m,exclude_primary_dominant_project,03_250_500,uniswap,2025-03,overlap_exposure,17,28,0.661528951329521,0.3779491640533175,0.28357978727620353,0.25322903219624704,0.25322903219624704,observed_standardization_no_causal_or_significance_claim,common_bins
30m,exclude_primary_dominant_project,03_250_500,uniswap,2025-03,equal_project,17,28,0.334264365026205,0.19602484206338514,0.13823952296281983,0.25322903219624704,0.25322903219624704,observed_standardization_no_causal_or_significance_claim,common_bins
30m,exclude_primary_dominant_project,03_250_500,uniswap,2025-04,overlap_exposure,16,27,0.7078199560123554,0.3660886994834852,0.34173125652887015,0.3149876222316322,0.3149876222316322,observed_standardization_no_causal_or_significance_claim,common_bins
30m,exclude_primary_dominant_project,03_250_500,uniswap,2025-04,equal_project,16,27,0.3803056927612942,0.15771903564459683,0.2225866571166974,0.3149876222316322,0.3149876222316322,observed_standardization_no_causal_or_significance_claim,common_bins
30m,exclude_primary_dominant_project,03_250_500,uniswap,2025-05,overlap_exposure,18,28,0.6997803616858648,0.2005832772177099,0.49919708446815486,0.4864169299071663,0.4864169299071663,observed_standardization_no_causal_or_significance_claim,common_bins
30m,exclude_primary_dominant_project,03_250_500,uniswap,2025-05,equal_project,18,28,0.4885857706518851,0.10755719151588387,0.38102857913600124,0.4864169299071663,0.4864169299071663,observed_standardization_no_causal_or_significance_claim,common_bins
30m,exclude_primary_dominant_project,03_250_500,uniswap,2025-06,overlap_exposure,18,27,1.4038071058111767,0.21861146692240133,1.1851956388887757,1.2354032469106657,1.2354032469106657,observed_standardization_no_causal_or_significance_claim,common_bins
30m,exclude_primary_dominant_project,03_250_500,uniswap,2025-06,equal_project,18,27,0.7704184292236844,0.11907868534392795,0.6513397438797565,1.2354032469106657,1.2354032469106657,observed_standardization_no_causal_or_significance_claim,common_bins
30m,exclude_primary_dominant_project,03_250_500,uniswap,2025-07,overlap_exposure,16,27,1.105843755769929,0.18266037840818122,0.9231833773617477,0.9453693902119922,0.9453693902119922,observed_standardization_no_causal_or_significance_claim,common_bins
30m,exclude_primary_dominant_project,03_250_500,uniswap,2025-07,equal_project,16,27,0.5018075224058886,0.17166790411341423,0.3301396182924743,0.9453693902119922,0.9453693902119922,observed_standardization_no_causal_or_significance_claim,common_bins
30m,exclude_primary_dominant_project,03_250_500,uniswap,2025-08,overlap_exposure,21,31,0.7206035389100318,0.1698000624144679,0.5508034764955639,0.49468769617063546,0.49468769617063546,observed_standardization_no_causal_or_significance_claim,common_bins
30m,exclude_primary_dominant_project,03_250_500,uniswap,2025-08,equal_project,21,31,0.5097087654574332,0.14800428283044784,0.3617044826269853,0.49468769617063546,0.49468769617063546,observed_standardization_no_causal_or_significance_claim,common_bins
30m,exclude_primary_dominant_project,03_250_500,uniswap,2025-09,overlap_exposure,18,26,0.6007124893046302,0.13022246435842544,0.4704900249462048,0.4196815806898015,0.4196815806898015,observed_standardization_no_causal_or_significance_claim,common_bins
30m,exclude_primary_dominant_project,03_250_500,uniswap,2025-09,equal_project,18,26,0.62088491762136,0.08265133910183484,0.5382335785195251,0.4196815806898015,0.4196815806898015,observed_standardization_no_causal_or_significance_claim,common_bins
30m,exclude_primary_dominant_project,03_250_500,uniswap,2025-10,overlap_exposure,19,31,0.4719058460171424,0.21321592256914346,0.25868992344799896,0.20177320215094166,0.20177320215094166,observed_standardization_no_causal_or_significance_claim,common_bins
30m,exclude_primary_dominant_project,03_250_500,uniswap,2025-10,equal_project,19,31,0.48926269705663283,0.1393192096821813,0.3499434873744515,0.20177320215094166,0.20177320215094166,observed_standardization_no_causal_or_significance_claim,common_bins
30m,exclude_primary_dominant_project,03_250_500,uniswap,2025-11,overlap_exposure,18,28,0.6454975237758576,0.29845540463883385,0.34704211913702376,0.29092230884546283,0.29092230884546283,observed_standardization_no_causal_or_significance_claim,common_bins
30m,exclude_primary_dominant_project,03_250_500,uniswap,2025-11,equal_project,18,28,0.5341486453396856,0.20976297710772326,0.32438566823196235,0.29092230884546283,0.29092230884546283,observed_standardization_no_causal_or_significance_claim,common_bins
30m,exclude_primary_dominant_project,03_250_500,uniswap,2025-12,overlap_exposure,17,26,0.9510834601888976,0.5494073717641021,0.4016760884247954,0.23437944633962352,0.23437944633962352,observed_standardization_no_causal_or_significance_claim,common_bins
30m,exclude_primary_dominant_project,03_250_500,uniswap,2025-12,equal_project,17,26,1.042397974014753,0.3431431755891873,0.6992547984255657,0.23437944633962352,0.23437944633962352,observed_standardization_no_causal_or_significance_claim,common_bins
30m,exclude_primary_dominant_project,03_250_500,uniswap,2026-01,overlap_exposure,17,26,1.2219512800788115,0.5533387280656719,0.6686125520131395,0.5125936270586965,0.5125936270586965,observed_standardization_no_causal_or_significance_claim,common_bins
30m,exclude_primary_dominant_project,03_250_500,uniswap,2026-01,equal_project,17,26,0.7341489869687604,0.359112140821328,0.3750368461474325,0.5125936270586965,0.5125936270586965,observed_standardization_no_causal_or_significance_claim,common_bins
30m,exclude_primary_dominant_project,03_250_500,uniswap,2026-02,overlap_exposure,18,29,0.8040048128245479,0.6763912641849197,0.1276135486396283,-0.013832060954096365,-0.013832060954096365,observed_standardization_no_causal_or_significance_claim,common_bins
30m,exclude_primary_dominant_project,03_250_500,uniswap,2026-02,equal_project,18,29,0.4321684400688263,0.36063542130259046,0.07153301876623584,-0.013832060954096365,-0.013832060954096365,observed_standardization_no_causal_or_significance_claim,common_bins
30m,exclude_primary_dominant_project,03_250_500,uniswap,2026-03,overlap_exposure,16,24,0.7429422699009612,0.5564105105245093,0.18653175937645194,-0.022363205516800523,-0.022363205516800523,observed_standardization_no_causal_or_significance_claim,common_bins
30m,exclude_primary_dominant_project,03_250_500,uniswap,2026-03,equal_project,16,24,0.7692548910856989,0.47640735282998464,0.2928475382557142,-0.022363205516800523,-0.022363205516800523,observed_standardization_no_causal_or_significance_claim,common_bins
30m,exclude_primary_dominant_project,03_250_500,uniswap,2026-04,overlap_exposure,16,24,1.375689808099354,0.6807294464788641,0.6949603616204899,0.6836684457742129,0.6836684457742129,observed_standardization_no_causal_or_significance_claim,common_bins
30m,exclude_primary_dominant_project,03_250_500,uniswap,2026-04,equal_project,16,24,1.1320905230609197,0.4610554428254381,0.6710350802354816,0.6836684457742129,0.6836684457742129,observed_standardization_no_causal_or_significance_claim,common_bins
30m,exclude_primary_dominant_project,03_250_500,uniswap,2026-05,overlap_exposure,14,21,1.1622962187690753,0.45562226752636364,0.7066739512427116,0.6403550113080472,0.6403550113080472,observed_standardization_no_causal_or_significance_claim,common_bins
30m,exclude_primary_dominant_project,03_250_500,uniswap,2026-05,equal_project,14,21,1.0287959548903167,0.4009192919111533,0.6278766629791634,0.6403550113080472,0.6403550113080472,observed_standardization_no_causal_or_significance_claim,common_bins
30m,exclude_primary_dominant_project,03_250_500,uniswap,2026-06,overlap_exposure,15,23,0.4454444750427029,0.39747437454129475,0.04797010050140811,0.03380341479630781,0.03380341479630781,observed_standardization_no_causal_or_significance_claim,common_bins
30m,exclude_primary_dominant_project,03_250_500,uniswap,2026-06,equal_project,15,23,0.415162280414081,0.28339013059644436,0.13177214981763666,0.03380341479630781,0.03380341479630781,observed_standardization_no_causal_or_significance_claim,common_bins
30m,exclude_primary_dominant_project,04_500_1000,uniswap,2024-01,overlap_exposure,17,29,1.318167320036257,0.07605269283246396,1.2421146272037928,1.1862942525302744,1.1862942525302744,observed_standardization_no_causal_or_significance_claim,common_bins
30m,exclude_primary_dominant_project,04_500_1000,uniswap,2024-01,equal_project,17,29,0.5773787557944284,0.02977259871568436,0.547606157078744,1.1862942525302744,1.1862942525302744,observed_standardization_no_causal_or_significance_claim,common_bins
30m,exclude_primary_dominant_project,04_500_1000,uniswap,2024-02,overlap_exposure,18,28,1.0057539837337188,0.06028770271027965,0.9454662810234392,0.8443745706289381,0.8443745706289381,observed_standardization_no_causal_or_significance_claim,common_bins
30m,exclude_primary_dominant_project,04_500_1000,uniswap,2024-02,equal_project,18,28,0.3958642316607506,0.021316181279570735,0.37454805038117983,0.8443745706289381,0.8443745706289381,observed_standardization_no_causal_or_significance_claim,common_bins
30m,exclude_primary_dominant_project,04_500_1000,uniswap,2024-03,overlap_exposure,17,28,0.8329261272473231,0.1063798826709831,0.72654624457634,0.6909029446312228,0.6909029446312228,observed_standardization_no_causal_or_significance_claim,common_bins
30m,exclude_primary_dominant_project,04_500_1000,uniswap,2024-03,equal_project,17,28,0.47007137767853324,0.04920395212596944,0.4208674255525638,0.6909029446312228,0.6909029446312228,observed_standardization_no_causal_or_significance_claim,common_bins
30m,exclude_primary_dominant_project,04_500_1000,uniswap,2024-04,overlap_exposure,18,30,1.616651331392541,0.14921737297229587,1.4674339584202452,1.3791072478797268,1.3791072478797268,observed_standardization_no_causal_or_significance_claim,common_bins
30m,exclude_primary_dominant_project,04_500_1000,uniswap,2024-04,equal_project,18,30,1.0270699783327324,0.10810178878133134,0.9189681895514011,1.3791072478797268,1.3791072478797268,observed_standardization_no_causal_or_significance_claim,common_bins
30m,exclude_primary_dominant_project,04_500_1000,uniswap,2024-05,overlap_exposure,17,27,1.7448982040389132,0.16092715892883175,1.5839710451100812,1.5161661234455386,1.5161661234455386,observed_standardization_no_causal_or_significance_claim,common_bins
30m,exclude_primary_dominant_project,04_500_1000,uniswap,2024-05,equal_project,17,27,1.0809794937278092,0.06895152674847674,1.0120279669793326,1.5161661234455386,1.5161661234455386,observed_standardization_no_causal_or_significance_claim,common_bins
30m,exclude_primary_dominant_project,04_500_1000,uniswap,2024-06,overlap_exposure,17,29,1.6070484848553077,0.20382119168629959,1.4032272931690082,1.42610658156231,1.42610658156231,observed_standardization_no_causal_or_significance_claim,common_bins
30m,exclude_primary_dominant_project,04_500_1000,uniswap,2024-06,equal_project,17,29,1.1814933480096121,0.06805771949441568,1.1134356285151965,1.42610658156231,1.42610658156231,observed_standardization_no_causal_or_significance_claim,common_bins
30m,exclude_primary_dominant_project,04_500_1000,uniswap,2024-07,overlap_exposure,13,26,1.667051892148846,0.2512895711417809,1.4157623210070651,1.6255413458142625,1.6255413458142625,observed_standardization_no_causal_or_significance_claim,common_bins
30m,exclude_primary_dominant_project,04_500_1000,uniswap,2024-07,equal_project,13,26,1.38251175655101,0.14254247650164986,1.2399692800493602,1.6255413458142625,1.6255413458142625,observed_standardization_no_causal_or_significance_claim,common_bins
30m,exclude_primary_dominant_project,04_500_1000,uniswap,2024-08,overlap_exposure,16,29,1.3659045984374059,0.32082724316502303,1.0450773552723829,1.119963321214927,1.119963321214927,observed_standardization_no_causal_or_significance_claim,common_bins
30m,exclude_primary_dominant_project,04_500_1000,uniswap,2024-08,equal_project,16,29,0.8747798874004562,0.15780469711552128,0.716975190284935,1.119963321214927,1.119963321214927,observed_standardization_no_causal_or_significance_claim,common_bins
30m,exclude_primary_dominant_project,04_500_1000,uniswap,2024-09,overlap_exposure,15,27,1.182820100946961,0.3271542905373226,0.8556658104096383,0.9823576166912472,0.9823576166912472,observed_standardization_no_causal_or_significance_claim,common_bins
30m,exclude_primary_dominant_project,04_500_1000,uniswap,2024-09,equal_project,15,27,0.7595371489795957,0.19534147924257056,0.5641956697370252,0.9823576166912472,0.9823576166912472,observed_standardization_no_causal_or_significance_claim,common_bins
30m,exclude_primary_dominant_project,04_500_1000,uniswap,2024-10,overlap_exposure,15,26,1.0852799030500604,0.0728572477263206,1.0124226553237397,1.056324556891041,1.056324556891041,observed_standardization_no_causal_or_significance_claim,common_bins
30m,exclude_primary_dominant_project,04_500_1000,uniswap,2024-10,equal_project,15,26,0.9539235254621057,0.05891792139158569,0.8950056040705199,1.056324556891041,1.056324556891041,observed_standardization_no_causal_or_significance_claim,common_bins
30m,exclude_primary_dominant_project,04_500_1000,uniswap,2024-11,overlap_exposure,19,30,1.2059201494286855,0.05921012305402795,1.1467100263746577,1.192376417188465,1.192376417188465,observed_standardization_no_causal_or_significance_claim,common_bins
30m,exclude_primary_dominant_project,04_500_1000,uniswap,2024-11,equal_project,19,30,0.7560708838962047,0.028713342703014018,0.7273575411931906,1.192376417188465,1.192376417188465,observed_standardization_no_causal_or_significance_claim,common_bins
30m,exclude_primary_dominant_project,04_500_1000,uniswap,2024-12,overlap_exposure,18,29,0.8142085570863282,0.0725883687110785,0.7416201883752497,0.8420985189361114,0.8420985189361114,observed_standardization_no_causal_or_significance_claim,common_bins
30m,exclude_primary_dominant_project,04_500_1000,uniswap,2024-12,equal_project,18,29,0.6202901426364514,0.029560999560677665,0.5907291430757738,0.8420985189361114,0.8420985189361114,observed_standardization_no_causal_or_significance_claim,common_bins
30m,exclude_primary_dominant_project,04_500_1000,uniswap,2025-01,overlap_exposure,17,28,0.9247696021399396,0.10831390867745427,0.8164556934624854,0.837872270886723,0.837872270886723,observed_standardization_no_causal_or_significance_claim,common_bins
30m,exclude_primary_dominant_project,04_500_1000,uniswap,2025-01,equal_project,17,28,0.44574426313870763,0.06047494650443746,0.38526931663427016,0.837872270886723,0.837872270886723,observed_standardization_no_causal_or_significance_claim,common_bins
30m,exclude_primary_dominant_project,04_500_1000,uniswap,2025-02,overlap_exposure,16,28,0.8393274456560358,0.36507168815535224,0.4742557575006835,0.4042586872601105,0.4042586872601105,observed_standardization_no_causal_or_significance_claim,common_bins
30m,exclude_primary_dominant_project,04_500_1000,uniswap,2025-02,equal_project,16,28,0.6705771938844723,0.14617397501812124,0.5244032188663511,0.4042586872601105,0.4042586872601105,observed_standardization_no_causal_or_significance_claim,common_bins
30m,exclude_primary_dominant_project,04_500_1000,uniswap,2025-03,overlap_exposure,17,28,0.5570766542861559,0.34380007881623464,0.2132765754699213,0.14809230773982066,0.14809230773982066,observed_standardization_no_causal_or_significance_claim,common_bins
30m,exclude_primary_dominant_project,04_500_1000,uniswap,2025-03,equal_project,17,28,0.43091911788575193,0.19602484206338514,0.2348942758223668,0.14809230773982066,0.14809230773982066,observed_standardization_no_causal_or_significance_claim,common_bins
30m,exclude_primary_dominant_project,04_500_1000,uniswap,2025-04,overlap_exposure,16,27,0.5875196156321834,0.3347979245876803,0.252721691044503,0.15935502669160276,0.15935502669160276,observed_standardization_no_causal_or_significance_claim,common_bins
30m,exclude_primary_dominant_project,04_500_1000,uniswap,2025-04,equal_project,16,27,0.40200727472626263,0.15771903564459683,0.2442882390816658,0.15935502669160276,0.15935502669160276,observed_standardization_no_causal_or_significance_claim,common_bins
30m,exclude_primary_dominant_project,04_500_1000,uniswap,2025-05,overlap_exposure,18,28,0.745231073045484,0.19424995224283312,0.5509811208026509,0.5145202887715883,0.5145202887715883,observed_standardization_no_causal_or_significance_claim,common_bins
30m,exclude_primary_dominant_project,04_500_1000,uniswap,2025-05,equal_project,18,28,0.6304107261284497,0.10755719151588387,0.5228535346125659,0.5145202887715883,0.5145202887715883,observed_standardization_no_causal_or_significance_claim,common_bins
30m,exclude_primary_dominant_project,04_500_1000,uniswap,2025-06,overlap_exposure,18,27,1.5280627491886114,0.2046301230077133,1.323432626180898,1.2708562724113863,1.2708562724113863,observed_standardization_no_causal_or_significance_claim,common_bins
30m,exclude_primary_dominant_project,04_500_1000,uniswap,2025-06,equal_project,18,27,0.9294853568457433,0.11907868534392795,0.8104066715018152,1.2708562724113863,1.2708562724113863,observed_standardization_no_causal_or_significance_claim,common_bins
30m,exclude_primary_dominant_project,04_500_1000,uniswap,2025-07,overlap_exposure,16,27,1.5073472638680763,0.17328937190037733,1.3340578919676989,1.3169419575452876,1.3169419575452876,observed_standardization_no_causal_or_significance_claim,common_bins
30m,exclude_primary_dominant_project,04_500_1000,uniswap,2025-07,equal_project,16,27,0.6972961164132195,0.17166790411341423,0.5256282122998053,1.3169419575452876,1.3169419575452876,observed_standardization_no_causal_or_significance_claim,common_bins
30m,exclude_primary_dominant_project,04_500_1000,uniswap,2025-08,overlap_exposure,21,31,0.9700296344840604,0.15594482731190662,0.8140848071721538,0.7020327847154556,0.7020327847154556,observed_standardization_no_causal_or_significance_claim,common_bins
30m,exclude_primary_dominant_project,04_500_1000,uniswap,2025-08,equal_project,21,31,0.6520848438391698,0.14800428283044784,0.5040805610087219,0.7020327847154556,0.7020327847154556,observed_standardization_no_causal_or_significance_claim,common_bins
30m,exclude_primary_dominant_project,04_500_1000,uniswap,2025-09,overlap_exposure,18,26,0.6642261678366744,0.11982555342032902,0.5444006144163455,0.44448537100710933,0.44448537100710933,observed_standardization_no_causal_or_significance_claim,common_bins
30m,exclude_primary_dominant_project,04_500_1000,uniswap,2025-09,equal_project,18,26,0.7241721793532294,0.08265133910183484,0.6415208402513947,0.44448537100710933,0.44448537100710933,observed_standardization_no_causal_or_significance_claim,common_bins
30m,exclude_primary_dominant_project,04_500_1000,uniswap,2025-10,overlap_exposure,19,31,0.6753691730001241,0.2014948275453007,0.47387434545482343,0.3841119436064798,0.3841119436064798,observed_standardization_no_causal_or_significance_claim,common_bins
30m,exclude_primary_dominant_project,04_500_1000,uniswap,2025-10,equal_project,19,31,0.37102050220160543,0.1393192096821813,0.2317012925194241,0.3841119436064798,0.3841119436064798,observed_standardization_no_causal_or_significance_claim,common_bins
30m,exclude_primary_dominant_project,04_500_1000,uniswap,2025-11,overlap_exposure,18,28,0.6500692445910564,0.29710484228338285,0.35296440230767356,0.25004989073942213,0.25004989073942213,observed_standardization_no_causal_or_significance_claim,common_bins
30m,exclude_primary_dominant_project,04_500_1000,uniswap,2025-11,equal_project,18,28,0.47537824989717775,0.20976297710772326,0.2656152727894545,0.25004989073942213,0.25004989073942213,observed_standardization_no_causal_or_significance_claim,common_bins
30m,exclude_primary_dominant_project,04_500_1000,uniswap,2025-12,overlap_exposure,17,26,0.9168713812063368,0.5207859750267819,0.39608540617955484,0.1827935893872374,0.1827935893872374,observed_standardization_no_causal_or_significance_claim,common_bins
30m,exclude_primary_dominant_project,04_500_1000,uniswap,2025-12,equal_project,17,26,0.9578341523535233,0.3431431755891873,0.614690976764336,0.1827935893872374,0.1827935893872374,observed_standardization_no_causal_or_significance_claim,common_bins
30m,exclude_primary_dominant_project,04_500_1000,uniswap,2026-01,overlap_exposure,17,26,0.8836184505934853,0.511369976335657,0.37224847425782837,0.14899219222833313,0.14899219222833313,observed_standardization_no_causal_or_significance_claim,common_bins
30m,exclude_primary_dominant_project,04_500_1000,uniswap,2026-01,equal_project,17,26,0.5488380612349757,0.359112140821328,0.18972592041364775,0.14899219222833313,0.14899219222833313,observed_standardization_no_causal_or_significance_claim,common_bins
30m,exclude_primary_dominant_project,04_500_1000,uniswap,2026-02,overlap_exposure,18,29,0.6001648282229665,0.6238994814593928,-0.02373465323642623,-0.23434737590182758,-0.23434737590182758,observed_standardization_no_causal_or_significance_claim,common_bins
30m,exclude_primary_dominant_project,04_500_1000,uniswap,2026-02,equal_project,18,29,0.35402604116307307,0.36063542130259046,-0.006609380139517389,-0.23434737590182758,-0.23434737590182758,observed_standardization_no_causal_or_significance_claim,common_bins
30m,exclude_primary_dominant_project,04_500_1000,uniswap,2026-03,overlap_exposure,16,24,0.6474245074882182,0.5387384434082881,0.1086860640799301,-0.13877985324213216,-0.13877985324213216,observed_standardization_no_causal_or_significance_claim,common_bins
30m,exclude_primary_dominant_project,04_500_1000,uniswap,2026-03,equal_project,16,24,0.7209765744405792,0.47640735282998464,0.24456922161059458,-0.13877985324213216,-0.13877985324213216,observed_standardization_no_causal_or_significance_claim,common_bins
30m,exclude_primary_dominant_project,04_500_1000,uniswap,2026-04,overlap_exposure,16,24,1.0487190250346754,0.6464057721729412,0.4023132528617342,0.33334267212697666,0.33334267212697666,observed_standardization_no_causal_or_significance_claim,common_bins
30m,exclude_primary_dominant_project,04_500_1000,uniswap,2026-04,equal_project,16,24,0.9862916878361734,0.4610554428254381,0.5252362450107353,0.33334267212697666,0.33334267212697666,observed_standardization_no_causal_or_significance_claim,common_bins
30m,exclude_primary_dominant_project,04_500_1000,uniswap,2026-05,overlap_exposure,14,21,0.8942303119436081,0.4201708450850163,0.47405946685859185,0.34905264349452375,0.34905264349452375,observed_standardization_no_causal_or_significance_claim,common_bins
30m,exclude_primary_dominant_project,04_500_1000,uniswap,2026-05,equal_project,14,21,0.9313707162055391,0.4009192919111533,0.5304514242943859,0.34905264349452375,0.34905264349452375,observed_standardization_no_causal_or_significance_claim,common_bins
30m,exclude_primary_dominant_project,04_500_1000,uniswap,2026-06,overlap_exposure,15,23,0.46618997472247825,0.35094836664819,0.11524160807428827,0.05367637922619171,0.05367637922619171,observed_standardization_no_causal_or_significance_claim,common_bins
30m,exclude_primary_dominant_project,04_500_1000,uniswap,2026-06,equal_project,15,23,0.4296866542076983,0.28339013059644436,0.14629652361125395,0.05367637922619171,0.05367637922619171,observed_standardization_no_causal_or_significance_claim,common_bins
30m,exclude_primary_dominant_project,05_1000_2500,uniswap,2024-01,overlap_exposure,17,29,1.7257155156897068,0.07608160926105444,1.6496339064286523,1.4572104804469321,1.4572104804469321,observed_standardization_no_causal_or_significance_claim,common_bins
30m,exclude_primary_dominant_project,05_1000_2500,uniswap,2024-01,equal_project,17,29,0.892923209815536,0.02977259871568436,0.8631506110998517,1.4572104804469321,1.4572104804469321,observed_standardization_no_causal_or_significance_claim,common_bins
30m,exclude_primary_dominant_project,05_1000_2500,uniswap,2024-02,overlap_exposure,18,28,1.2341425549826548,0.061764622968374656,1.1723779320142802,1.0423977242903064,1.0423977242903064,observed_standardization_no_causal_or_significance_claim,common_bins
30m,exclude_primary_dominant_project,05_1000_2500,uniswap,2024-02,equal_project,18,28,0.5638817363537554,0.021316181279570735,0.5425655550741847,1.0423977242903064,1.0423977242903064,observed_standardization_no_causal_or_significance_claim,common_bins
30m,exclude_primary_dominant_project,05_1000_2500,uniswap,2024-03,overlap_exposure,17,28,1.0721197883933193,0.11073944079676033,0.961380347596559,0.9526883334009811,0.9526883334009811,observed_standardization_no_causal_or_significance_claim,common_bins
30m,exclude_primary_dominant_project,05_1000_2500,uniswap,2024-03,equal_project,17,28,0.8463350060629992,0.04920395212596944,0.7971310539370298,0.9526883334009811,0.9526883334009811,observed_standardization_no_causal_or_significance_claim,common_bins
30m,exclude_primary_dominant_project,05_1000_2500,uniswap,2024-04,overlap_exposure,18,30,1.7825269380406523,0.15139777888448963,1.6311291591561627,1.6089121568296794,1.6089121568296794,observed_standardization_no_causal_or_significance_claim,common_bins
30m,exclude_primary_dominant_project,05_1000_2500,uniswap,2024-04,equal_project,18,30,1.3227197808482456,0.10810178878133134,1.2146179920669142,1.6089121568296794,1.6089121568296794,observed_standardization_no_causal_or_significance_claim,common_bins
30m,exclude_primary_dominant_project,05_1000_2500,uniswap,2024-05,overlap_exposure,17,27,1.9870433918233825,0.15949251904907594,1.8275508727743066,1.8857710676572566,1.8857710676572566,observed_standardization_no_causal_or_significance_claim,common_bins
30m,exclude_primary_dominant_project,05_1000_2500,uniswap,2024-05,equal_project,17,27,1.5495434424968888,0.06895152674847674,1.480591915748412,1.8857710676572566,1.8857710676572566,observed_standardization_no_causal_or_significance_claim,common_bins
30m,exclude_primary_dominant_project,05_1000_2500,uniswap,2024-06,overlap_exposure,17,29,2.0128081893044376,0.19060611550183798,1.8222020738025997,2.020552357228634,2.020552357228634,observed_standardization_no_causal_or_significance_claim,common_bins
30m,exclude_primary_dominant_project,05_1000_2500,uniswap,2024-06,equal_project,17,29,1.7679465533432273,0.06805771949441568,1.6998888338488116,2.020552357228634,2.020552357228634,observed_standardization_no_causal_or_significance_claim,common_bins
30m,exclude_primary_dominant_project,05_1000_2500,uniswap,2024-07,overlap_exposure,13,26,1.6141077801832406,0.23235099557651337,1.3817567846067274,1.437120482074163,1.437120482074163,observed_standardization_no_causal_or_significance_claim,common_bins
30m,exclude_primary_dominant_project,05_1000_2500,uniswap,2024-07,equal_project,13,26,1.216020275055198,0.14254247650164986,1.073477798553548,1.437120482074163,1.437120482074163,observed_standardization_no_causal_or_significance_claim,common_bins
30m,exclude_primary_dominant_project,05_1000_2500,uniswap,2024-08,overlap_exposure,16,29,0.9410851007397226,0.30063577392021884,0.6404493268195038,0.5447209706492583,0.5447209706492583,observed_standardization_no_causal_or_significance_claim,common_bins
30m,exclude_primary_dominant_project,05_1000_2500,uniswap,2024-08,equal_project,16,29,0.9557329513340929,0.15780469711552128,0.7979282542185715,0.5447209706492583,0.5447209706492583,observed_standardization_no_causal_or_significance_claim,common_bins
30m,exclude_primary_dominant_project,05_1000_2500,uniswap,2024-09,overlap_exposure,15,27,0.8339495173625838,0.3229759602481814,0.5109735571144023,0.5057562085563443,0.5057562085563443,observed_standardization_no_causal_or_significance_claim,common_bins
30m,exclude_primary_dominant_project,05_1000_2500,uniswap,2024-09,equal_project,15,27,0.5788911199813683,0.19534147924257056,0.3835496407387977,0.5057562085563443,0.5057562085563443,observed_standardization_no_causal_or_significance_claim,common_bins
30m,exclude_primary_dominant_project,05_1000_2500,uniswap,2024-10,overlap_exposure,15,26,0.9740233240037963,0.07457524385793883,0.8994480801458574,0.8787621248885529,0.8787621248885529,observed_standardization_no_causal_or_significance_claim,common_bins
30m,exclude_primary_dominant_project,05_1000_2500,uniswap,2024-10,equal_project,15,26,0.8236233226273277,0.05891792139158569,0.764705401235742,0.8787621248885529,0.8787621248885529,observed_standardization_no_causal_or_significance_claim,common_bins
30m,exclude_primary_dominant_project,05_1000_2500,uniswap,2024-11,overlap_exposure,19,30,1.1217500406876002,0.05958714981044211,1.062162890877158,1.0292488556137058,1.0292488556137058,observed_standardization_no_causal_or_significance_claim,common_bins
30m,exclude_primary_dominant_project,05_1000_2500,uniswap,2024-11,equal_project,19,30,0.8755236764805621,0.028713342703014018,0.8468103337775481,1.0292488556137058,1.0292488556137058,observed_standardization_no_causal_or_significance_claim,common_bins
30m,exclude_primary_dominant_project,05_1000_2500,uniswap,2024-12,overlap_exposure,18,29,0.8045319255419873,0.0763582529131326,0.7281736726288547,0.7633805760940993,0.7633805760940993,observed_standardization_no_causal_or_significance_claim,common_bins
30m,exclude_primary_dominant_project,05_1000_2500,uniswap,2024-12,equal_project,18,29,0.9041699106765437,0.029560999560677665,0.874608911115866,0.7633805760940993,0.7633805760940993,observed_standardization_no_causal_or_significance_claim,common_bins
30m,exclude_primary_dominant_project,05_1000_2500,uniswap,2025-01,overlap_exposure,17,28,0.732040947151389,0.11057216750036572,0.6214687796510233,0.6231724265217269,0.6231724265217269,observed_standardization_no_causal_or_significance_claim,common_bins
30m,exclude_primary_dominant_project,05_1000_2500,uniswap,2025-01,equal_project,17,28,0.4434448753407224,0.06047494650443746,0.382969928836285,0.6231724265217269,0.6231724265217269,observed_standardization_no_causal_or_significance_claim,common_bins
30m,exclude_primary_dominant_project,05_1000_2500,uniswap,2025-02,overlap_exposure,16,28,0.8167781401402211,0.3337393179289523,0.4830388222112687,0.24222734196410806,0.24222734196410806,observed_standardization_no_causal_or_significance_claim,common_bins
30m,exclude_primary_dominant_project,05_1000_2500,uniswap,2025-02,equal_project,16,28,0.5066519752531305,0.14617397501812124,0.3604780002350093,0.24222734196410806,0.24222734196410806,observed_standardization_no_causal_or_significance_claim,common_bins
30m,exclude_primary_dominant_project,05_1000_2500,uniswap,2025-03,overlap_exposure,17,28,0.622918473691801,0.29137916955039284,0.33153930414140814,0.10985736184225396,0.10985736184225396,observed_standardization_no_causal_or_significance_claim,common_bins
30m,exclude_primary_dominant_project,05_1000_2500,uniswap,2025-03,equal_project,17,28,0.6938102248935645,0.19602484206338514,0.49778538283017926,0.10985736184225396,0.10985736184225396,observed_standardization_no_causal_or_significance_claim,common_bins
30m,exclude_primary_dominant_project,05_1000_2500,uniswap,2025-04,overlap_exposure,16,27,0.5735449846210325,0.30336260794010794,0.2701823766809246,0.06916188408474955,0.06916188408474955,observed_standardization_no_causal_or_significance_claim,common_bins
30m,exclude_primary_dominant_project,05_1000_2500,uniswap,2025-04,equal_project,16,27,0.5953646381271508,0.15771903564459683,0.437645602482554,0.06916188408474955,0.06916188408474955,observed_standardization_no_causal_or_significance_claim,common_bins
30m,exclude_primary_dominant_project,05_1000_2500,uniswap,2025-05,overlap_exposure,18,28,0.5651501605021158,0.18455640070473675,0.38059375979737897,0.2861266541494102,0.2861266541494102,observed_standardization_no_causal_or_significance_claim,common_bins
30m,exclude_primary_dominant_project,05_1000_2500,uniswap,2025-05,equal_project,18,28,0.5826426117442748,0.10755719151588387,0.4750854202283909,0.2861266541494102,0.2861266541494102,observed_standardization_no_causal_or_significance_claim,common_bins
30m,exclude_primary_dominant_project,05_1000_2500,uniswap,2025-06,overlap_exposure,18,27,1.2263143835225367,0.182835105542245,1.0434792779802917,0.806958935769822,0.806958935769822,observed_standardization_no_causal_or_significance_claim,common_bins
30m,exclude_primary_dominant_project,05_1000_2500,uniswap,2025-06,equal_project,18,27,1.0185632719902482,0.11907868534392795,0.8994845866463201,0.806958935769822,0.806958935769822,observed_standardization_no_causal_or_significance_claim,common_bins
30m,exclude_primary_dominant_project,05_1000_2500,uniswap,2025-07,overlap_exposure,16,27,1.3949229938630983,0.16046122795791737,1.2344617659051809,1.0452885037608601,1.0452885037608601,observed_standardization_no_causal_or_significance_claim,common_bins
30m,exclude_primary_dominant_project,05_1000_2500,uniswap,2025-07,equal_project,16,27,0.8351165897528899,0.17166790411341423,0.6634486856394757,1.0452885037608601,1.0452885037608601,observed_standardization_no_causal_or_significance_claim,common_bins
30m,exclude_primary_dominant_project,05_1000_2500,uniswap,2025-08,overlap_exposure,21,31,1.137400601879307,0.1389284742530954,0.9984721276262116,0.8097887224272975,0.8097887224272975,observed_standardization_no_causal_or_significance_claim,common_bins
30m,exclude_primary_dominant_project,05_1000_2500,uniswap,2025-08,equal_project,21,31,0.7449923333844825,0.14800428283044784,0.5969880505540346,0.8097887224272975,0.8097887224272975,observed_standardization_no_causal_or_significance_claim,common_bins
30m,exclude_primary_dominant_project,05_1000_2500,uniswap,2025-09,overlap_exposure,18,26,0.8298096469360635,0.1062912251895331,0.7235184217465304,0.527176248317604,0.527176248317604,observed_standardization_no_causal_or_significance_claim,common_bins
30m,exclude_primary_dominant_project,05_1000_2500,uniswap,2025-09,equal_project,18,26,0.747862331415477,0.08265133910183484,0.6652109923136421,0.527176248317604,0.527176248317604,observed_standardization_no_causal_or_significance_claim,common_bins
30m,exclude_primary_dominant_project,05_1000_2500,uniswap,2025-10,overlap_exposure,19,31,0.7572933952605598,0.21852965123855184,0.538763744022008,0.3462232535654255,0.3462232535654255,observed_standardization_no_causal_or_significance_claim,common_bins
30m,exclude_primary_dominant_project,05_1000_2500,uniswap,2025-10,equal_project,19,31,0.4025882826475578,0.1393192096821813,0.26326907296537644,0.3462232535654255,0.3462232535654255,observed_standardization_no_causal_or_significance_claim,common_bins
30m,exclude_primary_dominant_project,05_1000_2500,uniswap,2025-11,overlap_exposure,18,28,0.6471275834834338,0.3121785682740205,0.3349490152094133,0.1422357464761028,0.1422357464761028,observed_standardization_no_causal_or_significance_claim,common_bins
30m,exclude_primary_dominant_project,05_1000_2500,uniswap,2025-11,equal_project,18,28,0.7214205500658581,0.20976297710772326,0.511657572958135,0.1422357464761028,0.1422357464761028,observed_standardization_no_causal_or_significance_claim,common_bins
30m,exclude_primary_dominant_project,05_1000_2500,uniswap,2025-12,overlap_exposure,17,26,0.8213333625200692,0.4796438001671682,0.34168956235290093,0.051400882417795404,0.051400882417795404,observed_standardization_no_causal_or_significance_claim,common_bins
30m,exclude_primary_dominant_project,05_1000_2500,uniswap,2025-12,equal_project,17,26,0.8826467651032408,0.3431431755891873,0.5395035895140535,0.051400882417795404,0.051400882417795404,observed_standardization_no_causal_or_significance_claim,common_bins
30m,exclude_primary_dominant_project,05_1000_2500,uniswap,2026-01,overlap_exposure,17,26,0.872962567754689,0.4627669512677187,0.4101956164869702,0.10717402969848142,0.10717402969848142,observed_standardization_no_causal_or_significance_claim,common_bins
30m,exclude_primary_dominant_project,05_1000_2500,uniswap,2026-01,equal_project,17,26,0.5274058245953804,0.359112140821328,0.16829368377405243,0.10717402969848142,0.10717402969848142,observed_standardization_no_causal_or_significance_claim,common_bins
30m,exclude_primary_dominant_project,05_1000_2500,uniswap,2026-02,overlap_exposure,18,29,0.5712819166499017,0.612064128421185,-0.04078221177128329,-0.27853488605091337,-0.27853488605091337,observed_standardization_no_causal_or_significance_claim,common_bins
30m,exclude_primary_dominant_project,05_1000_2500,uniswap,2026-02,equal_project,18,29,0.34397587290687826,0.36063542130259046,-0.016659548395712206,-0.27853488605091337,-0.27853488605091337,observed_standardization_no_causal_or_significance_claim,common_bins
30m,exclude_primary_dominant_project,05_1000_2500,uniswap,2026-03,overlap_exposure,16,24,0.5834051385789288,0.5281061135187485,0.055299025060180376,-0.19901505433963285,-0.19901505433963285,observed_standardization_no_causal_or_significance_claim,common_bins
30m,exclude_primary_dominant_project,05_1000_2500,uniswap,2026-03,equal_project,16,24,0.5870572077413829,0.47640735282998464,0.11064985491139825,-0.19901505433963285,-0.19901505433963285,observed_standardization_no_causal_or_significance_claim,common_bins
30m,exclude_primary_dominant_project,05_1000_2500,uniswap,2026-04,overlap_exposure,16,24,0.7413985991184081,0.6152896804232395,0.12610891869516866,0.02440028473374078,0.02440028473374078,observed_standardization_no_causal_or_significance_claim,common_bins
30m,exclude_primary_dominant_project,05_1000_2500,uniswap,2026-04,equal_project,16,24,0.7286628884001125,0.4610554428254381,0.2676074455746745,0.02440028473374078,0.02440028473374078,observed_standardization_no_causal_or_significance_claim,common_bins
30m,exclude_primary_dominant_project,05_1000_2500,uniswap,2026-05,overlap_exposure,14,21,0.7560580043371617,0.43903904448685516,0.31701895985030654,0.22596862129684428,0.22596862129684428,observed_standardization_no_causal_or_significance_claim,common_bins
30m,exclude_primary_dominant_project,05_1000_2500,uniswap,2026-05,equal_project,14,21,0.7501234261877178,0.4009192919111533,0.34920413427656455,0.22596862129684428,0.22596862129684428,observed_standardization_no_causal_or_significance_claim,common_bins
30m,exclude_primary_dominant_project,05_1000_2500,uniswap,2026-06,overlap_exposure,15,23,0.6105182341834744,0.3382996827729899,0.27221855141048457,0.18761505252601265,0.18761505252601265,observed_standardization_no_causal_or_significance_claim,common_bins
30m,exclude_primary_dominant_project,05_1000_2500,uniswap,2026-06,equal_project,15,23,0.4716760745510539,0.28339013059644436,0.18828594395460954,0.18761505252601265,0.18761505252601265,observed_standardization_no_causal_or_significance_claim,common_bins
30m,exclude_primary_dominant_project,06_2500_5000,uniswap,2024-01,overlap_exposure,17,29,2.2018287183882084,0.07450880011967918,2.127319918268529,1.8782237226855687,1.8782237226855687,observed_standardization_no_causal_or_significance_claim,common_bins
30m,exclude_primary_dominant_project,06_2500_5000,uniswap,2024-01,equal_project,17,29,1.6983004748059662,0.02977259871568436,1.6685278760902817,1.8782237226855687,1.8782237226855687,observed_standardization_no_causal_or_significance_claim,common_bins
30m,exclude_primary_dominant_project,06_2500_5000,uniswap,2024-02,overlap_exposure,18,28,1.5423491686376223,0.06277072336275401,1.4795784452748681,1.3648646234470572,1.3648646234470572,observed_standardization_no_causal_or_significance_claim,common_bins
30m,exclude_primary_dominant_project,06_2500_5000,uniswap,2024-02,equal_project,18,28,1.2253311871937698,0.021316181279570735,1.2040150059141992,1.3648646234470572,1.3648646234470572,observed_standardization_no_causal_or_significance_claim,common_bins
30m,exclude_primary_dominant_project,06_2500_5000,uniswap,2024-03,overlap_exposure,17,28,1.5310540840119984,0.11869981645719854,1.4123542675547998,1.288206919638558,1.288206919638558,observed_standardization_no_causal_or_significance_claim,common_bins
30m,exclude_primary_dominant_project,06_2500_5000,uniswap,2024-03,equal_project,17,28,1.58806769548191,0.04920395212596944,1.5388637433559404,1.288206919638558,1.288206919638558,observed_standardization_no_causal_or_significance_claim,common_bins
30m,exclude_primary_dominant_project,06_2500_5000,uniswap,2024-04,overlap_exposure,18,30,2.187741879386699,0.16495331646519448,2.0227885629215043,1.99328050664016,1.99328050664016,observed_standardization_no_causal_or_significance_claim,common_bins
30m,exclude_primary_dominant_project,06_2500_5000,uniswap,2024-04,equal_project,18,30,1.6935991968125494,0.10810178878133134,1.585497408031218,1.99328050664016,1.99328050664016,observed_standardization_no_causal_or_significance_claim,common_bins
30m,exclude_primary_dominant_project,06_2500_5000,uniswap,2024-05,overlap_exposure,17,27,2.0766651691039177,0.14562091436942323,1.9310442547344944,1.9012791140645635,1.9012791140645635,observed_standardization_no_causal_or_significance_claim,common_bins
30m,exclude_primary_dominant_project,06_2500_5000,uniswap,2024-05,equal_project,17,27,2.263370186736736,0.06895152674847674,2.194418659988259,1.9012791140645635,1.9012791140645635,observed_standardization_no_causal_or_significance_claim,common_bins
30m,exclude_primary_dominant_project,06_2500_5000,uniswap,2024-06,overlap_exposure,17,29,1.9017155767092646,0.15731389298370996,1.744401683725555,1.653914470136015,1.653914470136015,observed_standardization_no_causal_or_significance_claim,common_bins
30m,exclude_primary_dominant_project,06_2500_5000,uniswap,2024-06,equal_project,17,29,2.1285029625595917,0.06805771949441568,2.060445243065176,1.653914470136015,1.653914470136015,observed_standardization_no_causal_or_significance_claim,common_bins
30m,exclude_primary_dominant_project,06_2500_5000,uniswap,2024-07,overlap_exposure,13,26,1.2151868696684132,0.21031148502623948,1.0048753846421736,0.8188195804461964,0.8188195804461964,observed_standardization_no_causal_or_significance_claim,common_bins
30m,exclude_primary_dominant_project,06_2500_5000,uniswap,2024-07,equal_project,13,26,1.0726452714024552,0.14254247650164986,0.9301027949008053,0.8188195804461964,0.8188195804461964,observed_standardization_no_causal_or_significance_claim,common_bins
30m,exclude_primary_dominant_project,06_2500_5000,uniswap,2024-08,overlap_exposure,16,29,0.9059125266977169,0.2822196226315487,0.6236929040661682,0.4845569738460762,0.4845569738460762,observed_standardization_no_causal_or_significance_claim,common_bins
30m,exclude_primary_dominant_project,06_2500_5000,uniswap,2024-08,equal_project,16,29,0.9168547299502665,0.15780469711552128,0.7590500328347451,0.4845569738460762,0.4845569738460762,observed_standardization_no_causal_or_significance_claim,common_bins
30m,exclude_primary_dominant_project,06_2500_5000,uniswap,2024-09,overlap_exposure,15,27,0.7342402058938753,0.31598732026794885,0.41825288562592644,0.401161277591635,0.401161277591635,observed_standardization_no_causal_or_significance_claim,common_bins
30m,exclude_primary_dominant_project,06_2500_5000,uniswap,2024-09,equal_project,15,27,0.7310799663790688,0.19534147924257056,0.5357384871364983,0.401161277591635,0.401161277591635,observed_standardization_no_causal_or_significance_claim,common_bins
30m,exclude_primary_dominant_project,06_2500_5000,uniswap,2024-10,overlap_exposure,15,26,0.8222360613314064,0.07450069942170558,0.7477353619097009,0.6218862036742384,0.6218862036742384,observed_standardization_no_causal_or_significance_claim,common_bins
30m,exclude_primary_dominant_project,06_2500_5000,uniswap,2024-10,equal_project,15,26,0.7774454511247819,0.05891792139158569,0.7185275297331962,0.6218862036742384,0.6218862036742384,observed_standardization_no_causal_or_significance_claim,common_bins
30m,exclude_primary_dominant_project,06_2500_5000,uniswap,2024-11,overlap_exposure,19,30,0.8619624740765792,0.05950125468699697,0.8024612193895821,0.664214767745775,0.664214767745775,observed_standardization_no_causal_or_significance_claim,common_bins
30m,exclude_primary_dominant_project,06_2500_5000,uniswap,2024-11,equal_project,19,30,0.8682815075913635,0.028713342703014018,0.8395681648883494,0.664214767745775,0.664214767745775,observed_standardization_no_causal_or_significance_claim,common_bins
30m,exclude_primary_dominant_project,06_2500_5000,uniswap,2024-12,overlap_exposure,18,29,0.7528881631508519,0.08057645926918158,0.6723117038816704,0.6201490365595262,0.6201490365595262,observed_standardization_no_causal_or_significance_claim,common_bins
30m,exclude_primary_dominant_project,06_2500_5000,uniswap,2024-12,equal_project,18,29,1.0690415581092876,0.029560999560677665,1.03948055854861,0.6201490365595262,0.6201490365595262,observed_standardization_no_causal_or_significance_claim,common_bins
30m,exclude_primary_dominant_project,06_2500_5000,uniswap,2025-01,overlap_exposure,17,28,0.9972355748133415,0.0965342017335939,0.9007013730797476,0.7570592274501021,0.7570592274501021,observed_standardization_no_causal_or_significance_claim,common_bins
30m,exclude_primary_dominant_project,06_2500_5000,uniswap,2025-01,equal_project,17,28,0.585002701702608,0.06047494650443746,0.5245277551981706,0.7570592274501021,0.7570592274501021,observed_standardization_no_causal_or_significance_claim,common_bins
30m,exclude_primary_dominant_project,06_2500_5000,uniswap,2025-02,overlap_exposure,16,28,0.6612394737996361,0.27390806062915646,0.3873314131704796,0.12590544689330285,0.12590544689330285,observed_standardization_no_causal_or_significance_claim,common_bins
30m,exclude_primary_dominant_project,06_2500_5000,uniswap,2025-02,equal_project,16,28,0.5635590125480527,0.14617397501812124,0.4173850375299315,0.12590544689330285,0.12590544689330285,observed_standardization_no_causal_or_significance_claim,common_bins
30m,exclude_primary_dominant_project,06_2500_5000,uniswap,2025-03,overlap_exposure,17,28,0.40096377272533235,0.23840364206078685,0.1625601306645455,0.041292404387899315,0.041292404387899315,observed_standardization_no_causal_or_significance_claim,common_bins
30m,exclude_primary_dominant_project,06_2500_5000,uniswap,2025-03,equal_project,17,28,1.02705363518994,0.19602484206338514,0.8310287931265546,0.041292404387899315,0.041292404387899315,observed_standardization_no_causal_or_significance_claim,common_bins
30m,exclude_primary_dominant_project,06_2500_5000,uniswap,2025-04,overlap_exposure,16,27,0.4820296057461104,0.27274472152635876,0.2092848842197517,0.0617008905836821,0.0617008905836821,observed_standardization_no_causal_or_significance_claim,common_bins
30m,exclude_primary_dominant_project,06_2500_5000,uniswap,2025-04,equal_project,16,27,0.7318546622649048,0.15771903564459683,0.574135626620308,0.0617008905836821,0.0617008905836821,observed_standardization_no_causal_or_significance_claim,common_bins
30m,exclude_primary_dominant_project,06_2500_5000,uniswap,2025-05,overlap_exposure,18,28,0.620260859249751,0.16259544925921987,0.4576654099905312,0.3162750154480998,0.3162750154480998,observed_standardization_no_causal_or_significance_claim,common_bins
30m,exclude_primary_dominant_project,06_2500_5000,uniswap,2025-05,equal_project,18,28,0.6603935091912951,0.10755719151588387,0.5528363176754113,0.3162750154480998,0.3162750154480998,observed_standardization_no_causal_or_significance_claim,common_bins
30m,exclude_primary_dominant_project,06_2500_5000,uniswap,2025-06,overlap_exposure,18,27,0.866433342322449,0.16591653755155736,0.7005168047708916,0.48350308750626775,0.48350308750626775,observed_standardization_no_causal_or_significance_claim,common_bins
30m,exclude_primary_dominant_project,06_2500_5000,uniswap,2025-06,equal_project,18,27,0.9886548964014278,0.11907868534392795,0.8695762110574999,0.48350308750626775,0.48350308750626775,observed_standardization_no_causal_or_significance_claim,common_bins
30m,exclude_primary_dominant_project,06_2500_5000,uniswap,2025-07,overlap_exposure,16,27,1.1118423502392496,0.14033867215856052,0.9715036780806892,0.7183333878028432,0.7183333878028432,observed_standardization_no_causal_or_significance_claim,common_bins
30m,exclude_primary_dominant_project,06_2500_5000,uniswap,2025-07,equal_project,16,27,0.839466070181976,0.17166790411341423,0.6677981660685618,0.7183333878028432,0.7183333878028432,observed_standardization_no_causal_or_significance_claim,common_bins
30m,exclude_primary_dominant_project,06_2500_5000,uniswap,2025-08,overlap_exposure,21,31,1.336887487477523,0.12408368416237156,1.2128038033151514,0.9277779548933786,0.9277779548933786,observed_standardization_no_causal_or_significance_claim,common_bins
30m,exclude_primary_dominant_project,06_2500_5000,uniswap,2025-08,equal_project,21,31,1.2132327871468436,0.14800428283044784,1.0652285043163958,0.9277779548933786,0.9277779548933786,observed_standardization_no_causal_or_significance_claim,common_bins
30m,exclude_primary_dominant_project,06_2500_5000,uniswap,2025-09,overlap_exposure,18,26,0.8410547250591417,0.09424834580054098,0.7468063792586007,0.5998425892416113,0.5998425892416113,observed_standardization_no_causal_or_significance_claim,common_bins
30m,exclude_primary_dominant_project,06_2500_5000,uniswap,2025-09,equal_project,18,26,0.6407807220111268,0.08265133910183484,0.558129382909292,0.5998425892416113,0.5998425892416113,observed_standardization_no_causal_or_significance_claim,common_bins
30m,exclude_primary_dominant_project,06_2500_5000,uniswap,2025-10,overlap_exposure,19,31,0.6517980737763408,0.23445359838030702,0.4173444753960338,0.26420761394528103,0.26420761394528103,observed_standardization_no_causal_or_significance_claim,common_bins
30m,exclude_primary_dominant_project,06_2500_5000,uniswap,2025-10,equal_project,19,31,0.37562309851641673,0.1393192096821813,0.23630388883423542,0.26420761394528103,0.26420761394528103,observed_standardization_no_causal_or_significance_claim,common_bins
30m,exclude_primary_dominant_project,06_2500_5000,uniswap,2025-11,overlap_exposure,18,28,0.5595971749143552,0.2883758575074497,0.27122131740690547,0.1023070751694988,0.1023070751694988,observed_standardization_no_causal_or_significance_claim,common_bins
30m,exclude_primary_dominant_project,06_2500_5000,uniswap,2025-11,equal_project,18,28,0.5988124861517,0.20976297710772326,0.3890495090439767,0.1023070751694988,0.1023070751694988,observed_standardization_no_causal_or_significance_claim,common_bins
30m,exclude_primary_dominant_project,06_2500_5000,uniswap,2025-12,overlap_exposure,17,26,0.700015059239503,0.39645770588573137,0.3035573533537717,-0.020768371246068177,-0.020768371246068177,observed_standardization_no_causal_or_significance_claim,common_bins
30m,exclude_primary_dominant_project,06_2500_5000,uniswap,2025-12,equal_project,17,26,0.7441701995583878,0.3431431755891873,0.40102702396920054,-0.020768371246068177,-0.020768371246068177,observed_standardization_no_causal_or_significance_claim,common_bins
30m,exclude_primary_dominant_project,06_2500_5000,uniswap,2026-01,overlap_exposure,17,26,0.6498552436435101,0.43475564673673955,0.21509959690677055,-0.09130194718308905,-0.09130194718308905,observed_standardization_no_causal_or_significance_claim,common_bins
30m,exclude_primary_dominant_project,06_2500_5000,uniswap,2026-01,equal_project,17,26,0.4188093659505608,0.359112140821328,0.0596972251292328,-0.09130194718308905,-0.09130194718308905,observed_standardization_no_causal_or_significance_claim,common_bins
30m,exclude_primary_dominant_project,06_2500_5000,uniswap,2026-02,overlap_exposure,18,29,0.5519879569274602,0.5430333597925359,0.008954597134924313,-0.3028601619984224,-0.3028601619984224,observed_standardization_no_causal_or_significance_claim,common_bins
30m,exclude_primary_dominant_project,06_2500_5000,uniswap,2026-02,equal_project,18,29,0.4271516831716879,0.36063542130259046,0.06651626186909743,-0.3028601619984224,-0.3028601619984224,observed_standardization_no_causal_or_significance_claim,common_bins
30m,exclude_primary_dominant_project,06_2500_5000,uniswap,2026-03,overlap_exposure,16,24,0.6370775103424546,0.4473595079300259,0.18971800241242875,-0.14377567135917005,-0.14377567135917005,observed_standardization_no_causal_or_significance_claim,common_bins
30m,exclude_primary_dominant_project,06_2500_5000,uniswap,2026-03,equal_project,16,24,0.6689923877722004,0.47640735282998464,0.19258503494221577,-0.14377567135917005,-0.14377567135917005,observed_standardization_no_causal_or_significance_claim,common_bins
30m,exclude_primary_dominant_project,06_2500_5000,uniswap,2026-04,overlap_exposure,16,24,0.929381412772371,0.6343476958089849,0.2950337169633861,0.23385398846444122,0.23385398846444122,observed_standardization_no_causal_or_significance_claim,common_bins
30m,exclude_primary_dominant_project,06_2500_5000,uniswap,2026-04,equal_project,16,24,0.8565640473544198,0.4610554428254381,0.39550860452898173,0.23385398846444122,0.23385398846444122,observed_standardization_no_causal_or_significance_claim,common_bins
30m,exclude_primary_dominant_project,06_2500_5000,uniswap,2026-05,overlap_exposure,14,21,0.8838145054591349,0.43794986619374576,0.4458646392653891,0.3334844528717288,0.3334844528717288,observed_standardization_no_causal_or_significance_claim,common_bins
30m,exclude_primary_dominant_project,06_2500_5000,uniswap,2026-05,equal_project,14,21,0.8172088673806784,0.4009192919111533,0.41628957546952516,0.3334844528717288,0.3334844528717288,observed_standardization_no_causal_or_significance_claim,common_bins
30m,exclude_primary_dominant_project,06_2500_5000,uniswap,2026-06,overlap_exposure,15,23,0.6117487038124296,0.2943293673426094,0.3174193364698203,0.1634363376037611,0.1634363376037611,observed_standardization_no_causal_or_significance_claim,common_bins
30m,exclude_primary_dominant_project,06_2500_5000,uniswap,2026-06,equal_project,15,23,0.4466978053221199,0.28339013059644436,0.16330767472567553,0.1634363376037611,0.1634363376037611,observed_standardization_no_causal_or_significance_claim,common_bins
30m,exclude_primary_dominant_project,07_5000_10000,uniswap,2024-01,overlap_exposure,17,29,2.0078512460393108,0.06887555997116086,1.93897568606815,1.6390754409732224,1.6390754409732224,observed_standardization_no_causal_or_significance_claim,common_bins
30m,exclude_primary_dominant_project,07_5000_10000,uniswap,2024-01,equal_project,17,29,2.1141560851167167,0.02977259871568436,2.084383486401032,1.6390754409732224,1.6390754409732224,observed_standardization_no_causal_or_significance_claim,common_bins
30m,exclude_primary_dominant_project,07_5000_10000,uniswap,2024-02,overlap_exposure,18,28,1.8759939838430921,0.06171070349253753,1.8142832803505549,1.6662972577706714,1.6662972577706714,observed_standardization_no_causal_or_significance_claim,common_bins
30m,exclude_primary_dominant_project,07_5000_10000,uniswap,2024-02,equal_project,18,28,2.444497409312151,0.021316181279570735,2.4231812280325804,1.6662972577706714,1.6662972577706714,observed_standardization_no_causal_or_significance_claim,common_bins
30m,exclude_primary_dominant_project,07_5000_10000,uniswap,2024-03,overlap_exposure,17,28,1.9239089283623907,0.11981340896012349,1.804095519402267,1.5564078099558576,1.5564078099558576,observed_standardization_no_causal_or_significance_claim,common_bins
30m,exclude_primary_dominant_project,07_5000_10000,uniswap,2024-03,equal_project,17,28,1.845063592463005,0.04920395212596944,1.7958596403370355,1.5564078099558576,1.5564078099558576,observed_standardization_no_causal_or_significance_claim,common_bins
30m,exclude_primary_dominant_project,07_5000_10000,uniswap,2024-04,overlap_exposure,18,30,1.7153129319319473,0.16651381635510867,1.5487991155768388,1.3548785056375456,1.3548785056375456,observed_standardization_no_causal_or_significance_claim,common_bins
30m,exclude_primary_dominant_project,07_5000_10000,uniswap,2024-04,equal_project,18,30,1.2644042521070464,0.10810178878133134,1.156302463325715,1.3548785056375456,1.3548785056375456,observed_standardization_no_causal_or_significance_claim,common_bins
30m,exclude_primary_dominant_project,07_5000_10000,uniswap,2024-05,overlap_exposure,17,27,1.7501152713377421,0.13547110867500495,1.6146441626627372,1.2435622172715581,1.2435622172715581,observed_standardization_no_causal_or_significance_claim,common_bins
30m,exclude_primary_dominant_project,07_5000_10000,uniswap,2024-05,equal_project,17,27,2.0214744287567603,0.06895152674847674,1.9525229020082833,1.2435622172715581,1.2435622172715581,observed_standardization_no_causal_or_significance_claim,common_bins
30m,exclude_primary_dominant_project,07_5000_10000,uniswap,2024-06,overlap_exposure,17,29,1.5199727682120723,0.13512832731350002,1.384844440898572,0.9383998831187401,0.9383998831187401,observed_standardization_no_causal_or_significance_claim,common_bins
30m,exclude_primary_dominant_project,07_5000_10000,uniswap,2024-06,equal_project,17,29,1.025842486936448,0.06805771949441568,0.9577847674420323,0.9383998831187401,0.9383998831187401,observed_standardization_no_causal_or_significance_claim,common_bins
30m,exclude_primary_dominant_project,07_5000_10000,uniswap,2024-07,overlap_exposure,13,26,0.9732635194099566,0.18290546803353624,0.7903580513764203,0.5004745578173035,0.5004745578173035,observed_standardization_no_causal_or_significance_claim,common_bins
30m,exclude_primary_dominant_project,07_5000_10000,uniswap,2024-07,equal_project,13,26,1.2912520554937275,0.14254247650164986,1.1487095789920774,0.5004745578173035,0.5004745578173035,observed_standardization_no_causal_or_significance_claim,common_bins
30m,exclude_primary_dominant_project,07_5000_10000,uniswap,2024-08,overlap_exposure,16,29,1.151210787676558,0.2349048127243042,0.9163059749522539,0.7796754150636159,0.7796754150636159,observed_standardization_no_causal_or_significance_claim,common_bins
30m,exclude_primary_dominant_project,07_5000_10000,uniswap,2024-08,equal_project,16,29,0.8727985681803792,0.15780469711552128,0.7149938710648578,0.7796754150636159,0.7796754150636159,observed_standardization_no_causal_or_significance_claim,common_bins
30m,exclude_primary_dominant_project,07_5000_10000,uniswap,2024-09,overlap_exposure,15,27,1.2154902424048626,0.29220509467145833,0.9232851477334044,1.0222769069397204,1.0222769069397204,observed_standardization_no_causal_or_significance_claim,common_bins
30m,exclude_primary_dominant_project,07_5000_10000,uniswap,2024-09,equal_project,15,27,0.7657378113561942,0.19534147924257056,0.5703963321136237,1.0222769069397204,1.0222769069397204,observed_standardization_no_causal_or_significance_claim,common_bins
30m,exclude_primary_dominant_project,07_5000_10000,uniswap,2024-10,overlap_exposure,15,26,0.8642648243550658,0.06445509085784709,0.7998097334972188,0.5844953738028388,0.5844953738028388,observed_standardization_no_causal_or_significance_claim,common_bins
30m,exclude_primary_dominant_project,07_5000_10000,uniswap,2024-10,equal_project,15,26,0.7894497133465995,0.05891792139158569,0.7305317919550138,0.5844953738028388,0.5844953738028388,observed_standardization_no_causal_or_significance_claim,common_bins
30m,exclude_primary_dominant_project,07_5000_10000,uniswap,2024-11,overlap_exposure,19,30,0.6280262933916065,0.05422535360864796,0.5738009397829585,0.4815660499050954,0.4815660499050954,observed_standardization_no_causal_or_significance_claim,common_bins
30m,exclude_primary_dominant_project,07_5000_10000,uniswap,2024-11,equal_project,19,30,0.7088508460651405,0.028713342703014018,0.6801375033621265,0.4815660499050954,0.4815660499050954,observed_standardization_no_causal_or_significance_claim,common_bins
30m,exclude_primary_dominant_project,07_5000_10000,uniswap,2024-12,overlap_exposure,18,29,0.5435843335354434,0.07527123413631569,0.4683130993991278,0.40784988866112876,0.40784988866112876,observed_standardization_no_causal_or_significance_claim,common_bins
30m,exclude_primary_dominant_project,07_5000_10000,uniswap,2024-12,equal_project,18,29,0.6790191524520981,0.029560999560677665,0.6494581528914205,0.40784988866112876,0.40784988866112876,observed_standardization_no_causal_or_significance_claim,common_bins
30m,exclude_primary_dominant_project,07_5000_10000,uniswap,2025-01,overlap_exposure,17,28,0.7613749177417203,0.061402116591772526,0.6999728011499478,0.4773549411481016,0.4773549411481016,observed_standardization_no_causal_or_significance_claim,common_bins
30m,exclude_primary_dominant_project,07_5000_10000,uniswap,2025-01,equal_project,17,28,0.5093258748926406,0.06047494650443746,0.4488509283882032,0.4773549411481016,0.4773549411481016,observed_standardization_no_causal_or_significance_claim,common_bins
30m,exclude_primary_dominant_project,07_5000_10000,uniswap,2025-02,overlap_exposure,16,28,0.48514380858436296,0.2337026875803417,0.2514411210040213,0.03989239770262999,0.03989239770262999,observed_standardization_no_causal_or_significance_claim,common_bins
30m,exclude_primary_dominant_project,07_5000_10000,uniswap,2025-02,equal_project,16,28,0.4938652623384037,0.14617397501812124,0.3476912873202825,0.03989239770262999,0.03989239770262999,observed_standardization_no_causal_or_significance_claim,common_bins
30m,exclude_primary_dominant_project,07_5000_10000,uniswap,2025-03,overlap_exposure,17,28,0.48683451804357086,0.2028105103172997,0.2840240077262711,0.17019956396284527,0.17019956396284527,observed_standardization_no_causal_or_significance_claim,common_bins
30m,exclude_primary_dominant_project,07_5000_10000,uniswap,2025-03,equal_project,17,28,0.558029129285155,0.19602484206338514,0.3620042872217699,0.17019956396284527,0.17019956396284527,observed_standardization_no_causal_or_significance_claim,common_bins
30m,exclude_primary_dominant_project,07_5000_10000,uniswap,2025-04,overlap_exposure,16,27,0.6585897084769395,0.25245205430050033,0.40613765417643916,0.2330238751840536,0.2330238751840536,observed_standardization_no_causal_or_significance_claim,common_bins
30m,exclude_primary_dominant_project,07_5000_10000,uniswap,2025-04,equal_project,16,27,0.9080656252740985,0.15771903564459683,0.7503465896295017,0.2330238751840536,0.2330238751840536,observed_standardization_no_causal_or_significance_claim,common_bins
30m,exclude_primary_dominant_project,07_5000_10000,uniswap,2025-05,overlap_exposure,18,28,0.7542389907831764,0.15727025061479755,0.5969687401683789,0.4334708284428312,0.4334708284428312,observed_standardization_no_causal_or_significance_claim,common_bins
30m,exclude_primary_dominant_project,07_5000_10000,uniswap,2025-05,equal_project,18,28,1.0192828168432588,0.10755719151588387,0.911725625327375,0.4334708284428312,0.4334708284428312,observed_standardization_no_causal_or_significance_claim,common_bins
30m,exclude_primary_dominant_project,07_5000_10000,uniswap,2025-06,overlap_exposure,18,27,0.976835806992656,0.1644693176747587,0.8123664893178975,0.5662031761015228,0.5662031761015228,observed_standardization_no_causal_or_significance_claim,common_bins
30m,exclude_primary_dominant_project,07_5000_10000,uniswap,2025-06,equal_project,18,27,1.1787359660980974,0.11907868534392795,1.0596572807541695,0.5662031761015228,0.5662031761015228,observed_standardization_no_causal_or_significance_claim,common_bins
30m,exclude_primary_dominant_project,07_5000_10000,uniswap,2025-07,overlap_exposure,16,27,1.1174035153400823,0.13205805121977693,0.9853454641203055,0.680899275799515,0.680899275799515,observed_standardization_no_causal_or_significance_claim,common_bins
30m,exclude_primary_dominant_project,07_5000_10000,uniswap,2025-07,equal_project,16,27,1.024310978618603,0.17166790411341423,0.852643074505189,0.680899275799515,0.680899275799515,observed_standardization_no_causal_or_significance_claim,common_bins
30m,exclude_primary_dominant_project,07_5000_10000,uniswap,2025-08,overlap_exposure,21,31,1.2004494650473305,0.11542516587716807,1.0850242991701624,0.7187864193801561,0.7187864193801561,observed_standardization_no_causal_or_significance_claim,common_bins
30m,exclude_primary_dominant_project,07_5000_10000,uniswap,2025-08,equal_project,21,31,1.0909122933864839,0.14800428283044784,0.9429080105560362,0.7187864193801561,0.7187864193801561,observed_standardization_no_causal_or_significance_claim,common_bins
30m,exclude_primary_dominant_project,07_5000_10000,uniswap,2025-09,overlap_exposure,18,26,0.7872023768423158,0.07786707133574533,0.7093353055065704,0.45222127216525676,0.45222127216525676,observed_standardization_no_causal_or_significance_claim,common_bins
30m,exclude_primary_dominant_project,07_5000_10000,uniswap,2025-09,equal_project,18,26,0.8671693246287453,0.08265133910183484,0.7845179855269104,0.45222127216525676,0.45222127216525676,observed_standardization_no_causal_or_significance_claim,common_bins
30m,exclude_primary_dominant_project,07_5000_10000,uniswap,2025-10,overlap_exposure,19,31,0.5567340094117367,0.20276504694561517,0.35396896246612153,0.15647023391071424,0.15647023391071424,observed_standardization_no_causal_or_significance_claim,common_bins
30m,exclude_primary_dominant_project,07_5000_10000,uniswap,2025-10,equal_project,19,31,0.3954168519023863,0.1393192096821813,0.256097642220205,0.15647023391071424,0.15647023391071424,observed_standardization_no_causal_or_significance_claim,common_bins
30m,exclude_primary_dominant_project,07_5000_10000,uniswap,2025-11,overlap_exposure,18,28,0.5778765238181761,0.2035630810285548,0.37431344278962136,0.09177237054218955,0.09177237054218955,observed_standardization_no_causal_or_significance_claim,common_bins
30m,exclude_primary_dominant_project,07_5000_10000,uniswap,2025-11,equal_project,18,28,0.7248446404774206,0.20976297710772326,0.5150816633696973,0.09177237054218955,0.09177237054218955,observed_standardization_no_causal_or_significance_claim,common_bins
30m,exclude_primary_dominant_project,07_5000_10000,uniswap,2025-12,overlap_exposure,17,26,0.5737167885515595,0.3394450888608,0.23427169969075953,-0.1472846126332113,-0.1472846126332113,observed_standardization_no_causal_or_significance_claim,common_bins
30m,exclude_primary_dominant_project,07_5000_10000,uniswap,2025-12,equal_project,17,26,0.7304635851898972,0.3431431755891873,0.3873204096007099,-0.1472846126332113,-0.1472846126332113,observed_standardization_no_causal_or_significance_claim,common_bins
30m,exclude_primary_dominant_project,07_5000_10000,uniswap,2026-01,overlap_exposure,17,26,0.5099970033662367,0.40257088931948837,0.10742611404674832,-0.22895622688310974,-0.22895622688310974,observed_standardization_no_causal_or_significance_claim,common_bins
30m,exclude_primary_dominant_project,07_5000_10000,uniswap,2026-01,equal_project,17,26,0.5199317959947943,0.359112140821328,0.16081965517346636,-0.22895622688310974,-0.22895622688310974,observed_standardization_no_causal_or_significance_claim,common_bins
30m,exclude_primary_dominant_project,07_5000_10000,uniswap,2026-02,overlap_exposure,18,29,0.43228252175123266,0.4547049265810982,-0.02242240482986553,-0.41786410844974564,-0.41786410844974564,observed_standardization_no_causal_or_significance_claim,common_bins
30m,exclude_primary_dominant_project,07_5000_10000,uniswap,2026-02,equal_project,18,29,0.39715569648613247,0.36063542130259046,0.03652027518354201,-0.41786410844974564,-0.41786410844974564,observed_standardization_no_causal_or_significance_claim,common_bins
30m,exclude_primary_dominant_project,07_5000_10000,uniswap,2026-03,overlap_exposure,16,24,0.5657671991005938,0.4047606674560559,0.16100653164453793,-0.20881453204759257,-0.20881453204759257,observed_standardization_no_causal_or_significance_claim,common_bins
30m,exclude_primary_dominant_project,07_5000_10000,uniswap,2026-03,equal_project,16,24,0.7210778935237574,0.47640735282998464,0.24467054069377278,-0.20881453204759257,-0.20881453204759257,observed_standardization_no_causal_or_significance_claim,common_bins
30m,exclude_primary_dominant_project,07_5000_10000,uniswap,2026-04,overlap_exposure,16,24,0.7617321354518385,0.6700546644096337,0.0916774710422048,0.035997021097938356,0.035997021097938356,observed_standardization_no_causal_or_significance_claim,common_bins
30m,exclude_primary_dominant_project,07_5000_10000,uniswap,2026-04,equal_project,16,24,1.860166071260292,0.4610554428254381,1.399110628434854,0.035997021097938356,0.035997021097938356,observed_standardization_no_causal_or_significance_claim,common_bins
30m,exclude_primary_dominant_project,07_5000_10000,uniswap,2026-05,overlap_exposure,14,21,0.7116579398139412,0.4332638853712637,0.2783940544426775,0.14595779186564947,0.14595779186564947,observed_standardization_no_causal_or_significance_claim,common_bins
30m,exclude_primary_dominant_project,07_5000_10000,uniswap,2026-05,equal_project,14,21,0.7554013671839244,0.4009192919111533,0.3544820752727711,0.14595779186564947,0.14595779186564947,observed_standardization_no_causal_or_significance_claim,common_bins
30m,exclude_primary_dominant_project,07_5000_10000,uniswap,2026-06,overlap_exposure,15,23,0.8143783113536375,0.253729803151541,0.5606485082020966,0.2987643584786581,0.2987643584786581,observed_standardization_no_causal_or_significance_claim,common_bins
30m,exclude_primary_dominant_project,07_5000_10000,uniswap,2026-06,equal_project,15,23,0.5459117153775521,0.28339013059644436,0.26252158478110776,0.2987643584786581,0.2987643584786581,observed_standardization_no_causal_or_significance_claim,common_bins
30m,exclude_primary_dominant_project,08_10000_25000,uniswap,2024-01,overlap_exposure,17,29,2.32144494098034,0.053594028036457166,2.267850912943883,1.4132936686380402,1.4132936686380402,observed_standardization_no_causal_or_significance_claim,common_bins
30m,exclude_primary_dominant_project,08_10000_25000,uniswap,2024-01,equal_project,17,29,2.8499576012581804,0.02977259871568436,2.820185002542496,1.4132936686380402,1.4132936686380402,observed_standardization_no_causal_or_significance_claim,common_bins
30m,exclude_primary_dominant_project,08_10000_25000,uniswap,2024-02,overlap_exposure,18,28,2.024453744063846,0.05834256990907662,1.9661111741547694,1.5740713086995082,1.5740713086995082,observed_standardization_no_causal_or_significance_claim,common_bins
30m,exclude_primary_dominant_project,08_10000_25000,uniswap,2024-02,equal_project,18,28,1.8632738120979424,0.021316181279570735,1.8419576308183718,1.5740713086995082,1.5740713086995082,observed_standardization_no_causal_or_significance_claim,common_bins
30m,exclude_primary_dominant_project,08_10000_25000,uniswap,2024-03,overlap_exposure,17,28,2.357467981403049,0.11585929123992926,2.2416086901631194,1.6189149837033476,1.6189149837033476,observed_standardization_no_causal_or_significance_claim,common_bins
30m,exclude_primary_dominant_project,08_10000_25000,uniswap,2024-03,equal_project,17,28,2.526651533401346,0.04920395212596944,2.4774475812753765,1.6189149837033476,1.6189149837033476,observed_standardization_no_causal_or_significance_claim,common_bins
30m,exclude_primary_dominant_project,08_10000_25000,uniswap,2024-04,overlap_exposure,18,30,2.279013095647314,0.18086248520658268,2.0981506104407313,1.2732804699949363,1.2732804699949363,observed_standardization_no_causal_or_significance_claim,common_bins
30m,exclude_primary_dominant_project,08_10000_25000,uniswap,2024-04,equal_project,18,30,1.7503036849718718,0.10810178878133134,1.6422018961905407,1.2732804699949363,1.2732804699949363,observed_standardization_no_causal_or_significance_claim,common_bins
30m,exclude_primary_dominant_project,08_10000_25000,uniswap,2024-05,overlap_exposure,17,27,2.411396838409768,0.11561780218986724,2.2957790362199013,1.5431437889035706,1.5431437889035706,observed_standardization_no_causal_or_significance_claim,common_bins
30m,exclude_primary_dominant_project,08_10000_25000,uniswap,2024-05,equal_project,17,27,2.425452184378793,0.06895152674847674,2.356500657630316,1.5431437889035706,1.5431437889035706,observed_standardization_no_causal_or_significance_claim,common_bins
30m,exclude_primary_dominant_project,08_10000_25000,uniswap,2024-06,overlap_exposure,17,29,1.565714873620296,0.09965588522173575,1.4660589883985602,1.0000632201962603,1.0000632201962603,observed_standardization_no_causal_or_significance_claim,common_bins
30m,exclude_primary_dominant_project,08_10000_25000,uniswap,2024-06,equal_project,17,29,1.2838269642113813,0.06805771949441568,1.2157692447169657,1.0000632201962603,1.0000632201962603,observed_standardization_no_causal_or_significance_claim,common_bins
30m,exclude_primary_dominant_project,08_10000_25000,uniswap,2024-07,overlap_exposure,13,26,1.1305959648371626,0.14050147213448655,0.9900944927026761,0.6509075277544948,0.6509075277544948,observed_standardization_no_causal_or_significance_claim,common_bins
30m,exclude_primary_dominant_project,08_10000_25000,uniswap,2024-07,equal_project,13,26,1.4811322574136199,0.14254247650164986,1.33858978091197,0.6509075277544948,0.6509075277544948,observed_standardization_no_causal_or_significance_claim,common_bins
30m,exclude_primary_dominant_project,08_10000_25000,uniswap,2024-08,overlap_exposure,16,29,1.439641265579035,0.1873948417505729,1.252246423828462,0.8716304051852166,0.8716304051852166,observed_standardization_no_causal_or_significance_claim,common_bins
30m,exclude_primary_dominant_project,08_10000_25000,uniswap,2024-08,equal_project,16,29,1.3202802557441873,0.15780469711552128,1.1624755586286661,0.8716304051852166,0.8716304051852166,observed_standardization_no_causal_or_significance_claim,common_bins
30m,exclude_primary_dominant_project,08_10000_25000,uniswap,2024-09,overlap_exposure,15,27,0.9399280385054266,0.2846921963651378,0.6552358421402887,0.4687131131886596,0.4687131131886596,observed_standardization_no_causal_or_significance_claim,common_bins
30m,exclude_primary_dominant_project,08_10000_25000,uniswap,2024-09,equal_project,15,27,0.9865258540036862,0.19534147924257056,0.7911843747611157,0.4687131131886596,0.4687131131886596,observed_standardization_no_causal_or_significance_claim,common_bins
30m,exclude_primary_dominant_project,08_10000_25000,uniswap,2024-10,overlap_exposure,15,26,0.8410647655594605,0.05065709906475146,0.790407666494709,0.5950692398037225,0.5950692398037225,observed_standardization_no_causal_or_significance_claim,common_bins
30m,exclude_primary_dominant_project,08_10000_25000,uniswap,2024-10,equal_project,15,26,1.3948628494304887,0.05891792139158569,1.3359449280389029,0.5950692398037225,0.5950692398037225,observed_standardization_no_causal_or_significance_claim,common_bins
30m,exclude_primary_dominant_project,08_10000_25000,uniswap,2024-11,overlap_exposure,19,30,0.7100430193435328,0.03657444786235649,0.6734685714811763,0.5588314660185466,0.5588314660185466,observed_standardization_no_causal_or_significance_claim,common_bins
30m,exclude_primary_dominant_project,08_10000_25000,uniswap,2024-11,equal_project,19,30,1.0759242844984451,0.028713342703014018,1.047210941795431,0.5588314660185466,0.5588314660185466,observed_standardization_no_causal_or_significance_claim,common_bins
30m,exclude_primary_dominant_project,08_10000_25000,uniswap,2024-12,overlap_exposure,18,29,0.49679367832913796,0.05959777710301057,0.43719590122612745,0.3410861535799576,0.3410861535799576,observed_standardization_no_causal_or_significance_claim,common_bins
30m,exclude_primary_dominant_project,08_10000_25000,uniswap,2024-12,equal_project,18,29,0.39430804282735527,0.029560999560677665,0.3647470432666776,0.3410861535799576,0.3410861535799576,observed_standardization_no_causal_or_significance_claim,common_bins
30m,exclude_primary_dominant_project,08_10000_25000,uniswap,2025-01,overlap_exposure,17,28,0.5833236812287949,0.03980047668400638,0.5435232045447884,0.3132471334962592,0.3132471334962592,observed_standardization_no_causal_or_significance_claim,common_bins
30m,exclude_primary_dominant_project,08_10000_25000,uniswap,2025-01,equal_project,17,28,0.525805229999918,0.06047494650443746,0.46533028349548045,0.3132471334962592,0.3132471334962592,observed_standardization_no_causal_or_significance_claim,common_bins
30m,exclude_primary_dominant_project,08_10000_25000,uniswap,2025-02,overlap_exposure,16,28,0.5474926287938563,0.19346785382145512,0.3540247749724012,0.15778257839810134,0.15778257839810134,observed_standardization_no_causal_or_significance_claim,common_bins
30m,exclude_primary_dominant_project,08_10000_25000,uniswap,2025-02,equal_project,16,28,0.5846135581699046,0.14617397501812124,0.43843958315178333,0.15778257839810134,0.15778257839810134,observed_standardization_no_causal_or_significance_claim,common_bins
30m,exclude_primary_dominant_project,08_10000_25000,uniswap,2025-03,overlap_exposure,17,28,0.6103268399178582,0.16286844226351113,0.44745839765434703,0.2620190115957551,0.2620190115957551,observed_standardization_no_causal_or_significance_claim,common_bins
30m,exclude_primary_dominant_project,08_10000_25000,uniswap,2025-03,equal_project,17,28,0.43768323061855186,0.19602484206338514,0.24165838855516672,0.2620190115957551,0.2620190115957551,observed_standardization_no_causal_or_significance_claim,common_bins
30m,exclude_primary_dominant_project,08_10000_25000,uniswap,2025-04,overlap_exposure,16,27,0.8348041036992037,0.21237083124375608,0.6224332724554477,0.3891318714947356,0.3891318714947356,observed_standardization_no_causal_or_significance_claim,common_bins
30m,exclude_primary_dominant_project,08_10000_25000,uniswap,2025-04,equal_project,16,27,0.8859293210548362,0.15771903564459683,0.7282102854102395,0.3891318714947356,0.3891318714947356,observed_standardization_no_causal_or_significance_claim,common_bins
30m,exclude_primary_dominant_project,08_10000_25000,uniswap,2025-05,overlap_exposure,18,28,0.9704504343861848,0.14376929533504967,0.8266811390511352,0.6166514661264901,0.6166514661264901,observed_standardization_no_causal_or_significance_claim,common_bins
30m,exclude_primary_dominant_project,08_10000_25000,uniswap,2025-05,equal_project,18,28,0.9438990895252611,0.10755719151588387,0.8363418980093773,0.6166514661264901,0.6166514661264901,observed_standardization_no_causal_or_significance_claim,common_bins
30m,exclude_primary_dominant_project,08_10000_25000,uniswap,2025-06,overlap_exposure,18,27,1.1557084521049075,0.14532448445053467,1.0103839676543727,0.668723963022223,0.668723963022223,observed_standardization_no_causal_or_significance_claim,common_bins
30m,exclude_primary_dominant_project,08_10000_25000,uniswap,2025-06,equal_project,18,27,1.3723302364790433,0.11907868534392795,1.2532515511351154,0.668723963022223,0.668723963022223,observed_standardization_no_causal_or_significance_claim,common_bins
30m,exclude_primary_dominant_project,08_10000_25000,uniswap,2025-07,overlap_exposure,16,27,1.0930344741800255,0.1245565785851356,0.9684778955948898,0.6129230299465894,0.6129230299465894,observed_standardization_no_causal_or_significance_claim,common_bins
30m,exclude_primary_dominant_project,08_10000_25000,uniswap,2025-07,equal_project,16,27,1.4494149919020907,0.17166790411341423,1.2777470877886765,0.6129230299465894,0.6129230299465894,observed_standardization_no_causal_or_significance_claim,common_bins
30m,exclude_primary_dominant_project,08_10000_25000,uniswap,2025-08,overlap_exposure,21,31,1.1046675814582645,0.09771229003816008,1.0069552914201043,0.5258905383374776,0.5258905383374776,observed_standardization_no_causal_or_significance_claim,common_bins
30m,exclude_primary_dominant_project,08_10000_25000,uniswap,2025-08,equal_project,21,31,0.8370279223406194,0.14800428283044784,0.6890236395101716,0.5258905383374776,0.5258905383374776,observed_standardization_no_causal_or_significance_claim,common_bins
30m,exclude_primary_dominant_project,08_10000_25000,uniswap,2025-09,overlap_exposure,18,26,0.7916112056821708,0.06240693871669508,0.7292042669654757,0.36463632775851074,0.36463632775851074,observed_standardization_no_causal_or_significance_claim,common_bins
30m,exclude_primary_dominant_project,08_10000_25000,uniswap,2025-09,equal_project,18,26,0.8219754451870424,0.08265133910183484,0.7393241060852075,0.36463632775851074,0.36463632775851074,observed_standardization_no_causal_or_significance_claim,common_bins
30m,exclude_primary_dominant_project,08_10000_25000,uniswap,2025-10,overlap_exposure,19,31,0.6353856167377119,0.1267432768394098,0.5086423398983021,0.19711327688050284,0.19711327688050284,observed_standardization_no_causal_or_significance_claim,common_bins
30m,exclude_primary_dominant_project,08_10000_25000,uniswap,2025-10,equal_project,19,31,0.7990835001276003,0.1393192096821813,0.6597642904454191,0.19711327688050284,0.19711327688050284,observed_standardization_no_causal_or_significance_claim,common_bins
30m,exclude_primary_dominant_project,08_10000_25000,uniswap,2025-11,overlap_exposure,18,28,0.6616505561541346,0.1522035423669551,0.5094470137871796,0.10580648448185351,0.10580648448185351,observed_standardization_no_causal_or_significance_claim,common_bins
30m,exclude_primary_dominant_project,08_10000_25000,uniswap,2025-11,equal_project,18,28,1.3938583609292872,0.20976297710772326,1.1840953838215638,0.10580648448185351,0.10580648448185351,observed_standardization_no_causal_or_significance_claim,common_bins
30m,exclude_primary_dominant_project,08_10000_25000,uniswap,2025-12,overlap_exposure,17,26,0.6379005246278291,0.29182945433795277,0.34607107028987627,-0.12485954873656434,-0.12485954873656434,observed_standardization_no_causal_or_significance_claim,common_bins
30m,exclude_primary_dominant_project,08_10000_25000,uniswap,2025-12,equal_project,17,26,0.54080976941089,0.3431431755891873,0.19766659382170274,-0.12485954873656434,-0.12485954873656434,observed_standardization_no_causal_or_significance_claim,common_bins
30m,exclude_primary_dominant_project,08_10000_25000,uniswap,2026-01,overlap_exposure,17,26,0.4892713050827833,0.32641878335087315,0.16285252173191014,-0.25384490049186037,-0.25384490049186037,observed_standardization_no_causal_or_significance_claim,common_bins
30m,exclude_primary_dominant_project,08_10000_25000,uniswap,2026-01,equal_project,17,26,0.3522381245158493,0.359112140821328,-0.006874016305478655,-0.25384490049186037,-0.25384490049186037,observed_standardization_no_causal_or_significance_claim,common_bins
30m,exclude_primary_dominant_project,08_10000_25000,uniswap,2026-02,overlap_exposure,18,29,0.2604212518442712,0.27125883841654935,-0.010837586572278162,-0.5541329113720285,-0.5541329113720285,observed_standardization_no_causal_or_significance_claim,common_bins
30m,exclude_primary_dominant_project,08_10000_25000,uniswap,2026-02,equal_project,18,29,0.2865291968023478,0.36063542130259046,-0.07410622450024265,-0.5541329113720285,-0.5541329113720285,observed_standardization_no_causal_or_significance_claim,common_bins
30m,exclude_primary_dominant_project,08_10000_25000,uniswap,2026-03,overlap_exposure,16,24,0.44087064212155885,0.2778121635674471,0.1630584785541118,-0.332060153263487,-0.332060153263487,observed_standardization_no_causal_or_significance_claim,common_bins
30m,exclude_primary_dominant_project,08_10000_25000,uniswap,2026-03,equal_project,16,24,0.6167509341236629,0.47640735282998464,0.14034358129367827,-0.332060153263487,-0.332060153263487,observed_standardization_no_causal_or_significance_claim,common_bins
30m,exclude_primary_dominant_project,08_10000_25000,uniswap,2026-04,overlap_exposure,16,24,0.7031396457984883,0.5606208444681073,0.14251880133038095,-0.057485241801330605,-0.057485241801330605,observed_standardization_no_causal_or_significance_claim,common_bins
30m,exclude_primary_dominant_project,08_10000_25000,uniswap,2026-04,equal_project,16,24,0.9841710312231853,0.4610554428254381,0.5231155883977472,-0.057485241801330605,-0.057485241801330605,observed_standardization_no_causal_or_significance_claim,common_bins
30m,exclude_primary_dominant_project,08_10000_25000,uniswap,2026-05,overlap_exposure,14,21,0.747221904348661,0.3992371875915713,0.3479847167570897,0.13916822698244147,0.13916822698244147,observed_standardization_no_causal_or_significance_claim,common_bins
30m,exclude_primary_dominant_project,08_10000_25000,uniswap,2026-05,equal_project,14,21,0.8604402248771986,0.4009192919111533,0.45952093296604535,0.13916822698244147,0.13916822698244147,observed_standardization_no_causal_or_significance_claim,common_bins
30m,exclude_primary_dominant_project,08_10000_25000,uniswap,2026-06,overlap_exposure,15,23,0.663748710748896,0.22338103905281373,0.44036767169608226,0.1311505632892835,0.1311505632892835,observed_standardization_no_causal_or_significance_claim,common_bins
30m,exclude_primary_dominant_project,08_10000_25000,uniswap,2026-06,equal_project,15,23,0.41550538056870656,0.28339013059644436,0.13211524997226218,0.1311505632892835,0.1311505632892835,observed_standardization_no_causal_or_significance_claim,common_bins
30m,exclude_primary_dominant_project,09_25000_50000,uniswap,2024-01,overlap_exposure,17,29,2.4430919571076166,0.035633055122161326,2.4074589019854558,1.7278642200492462,1.7278642200492462,observed_standardization_no_causal_or_significance_claim,common_bins
30m,exclude_primary_dominant_project,09_25000_50000,uniswap,2024-01,equal_project,17,29,2.4441624060918707,0.02977259871568436,2.4143898073761862,1.7278642200492462,1.7278642200492462,observed_standardization_no_causal_or_significance_claim,common_bins
30m,exclude_primary_dominant_project,09_25000_50000,uniswap,2024-02,overlap_exposure,18,28,2.8953067241249193,0.05134857140506713,2.843958152719852,2.570810117734692,2.570810117734692,observed_standardization_no_causal_or_significance_claim,common_bins
30m,exclude_primary_dominant_project,09_25000_50000,uniswap,2024-02,equal_project,18,28,3.8528834631191744,0.021316181279570735,3.8315672818396034,2.570810117734692,2.570810117734692,observed_standardization_no_causal_or_significance_claim,common_bins
30m,exclude_primary_dominant_project,09_25000_50000,uniswap,2024-03,overlap_exposure,17,28,2.9463071647457935,0.10954704169558718,2.8367601230502064,2.1645501555028925,2.1645501555028925,observed_standardization_no_causal_or_significance_claim,common_bins
30m,exclude_primary_dominant_project,09_25000_50000,uniswap,2024-03,equal_project,17,28,1.9223111729429052,0.04920395212596944,1.873107220816936,2.1645501555028925,2.1645501555028925,observed_standardization_no_causal_or_significance_claim,common_bins
30m,exclude_primary_dominant_project,09_25000_50000,uniswap,2024-04,overlap_exposure,18,30,2.4253264932362883,0.21017600349442267,2.215150489741866,1.782349388178637,1.782349388178637,observed_standardization_no_causal_or_significance_claim,common_bins
30m,exclude_primary_dominant_project,09_25000_50000,uniswap,2024-04,equal_project,18,30,2.1589641394285803,0.10810178878133134,2.0508623506472494,1.782349388178637,1.782349388178637,observed_standardization_no_causal_or_significance_claim,common_bins
30m,exclude_primary_dominant_project,09_25000_50000,uniswap,2024-05,overlap_exposure,17,27,3.2687073719308515,0.09740557611681733,3.171301795814034,2.469658045609454,2.469658045609454,observed_standardization_no_causal_or_significance_claim,common_bins
30m,exclude_primary_dominant_project,09_25000_50000,uniswap,2024-05,equal_project,17,27,3.078291122939256,0.06895152674847674,3.0093395961907796,2.469658045609454,2.469658045609454,observed_standardization_no_causal_or_significance_claim,common_bins
30m,exclude_primary_dominant_project,09_25000_50000,uniswap,2024-06,overlap_exposure,17,29,2.3658595040571386,0.06745354349617344,2.2984059605609652,2.072902127735009,2.072902127735009,observed_standardization_no_causal_or_significance_claim,common_bins
30m,exclude_primary_dominant_project,09_25000_50000,uniswap,2024-06,equal_project,17,29,1.4071334035621643,0.06805771949441568,1.3390756840677487,2.072902127735009,2.072902127735009,observed_standardization_no_causal_or_significance_claim,common_bins
30m,exclude_primary_dominant_project,09_25000_50000,uniswap,2024-07,overlap_exposure,13,26,1.5858829505372287,0.11550588352466111,1.4703770670125675,1.1416204692998004,1.1416204692998004,observed_standardization_no_causal_or_significance_claim,common_bins
30m,exclude_primary_dominant_project,09_25000_50000,uniswap,2024-07,equal_project,13,26,1.6091264680682809,0.14254247650164986,1.466583991566631,1.1416204692998004,1.1416204692998004,observed_standardization_no_causal_or_significance_claim,common_bins
30m,exclude_primary_dominant_project,09_25000_50000,uniswap,2024-08,overlap_exposure,16,29,1.993626613651587,0.1465214767397025,1.8471051369118845,1.243036055147515,1.243036055147515,observed_standardization_no_causal_or_significance_claim,common_bins
30m,exclude_primary_dominant_project,09_25000_50000,uniswap,2024-08,equal_project,16,29,1.1796021498419276,0.15780469711552128,1.0217974527264062,1.243036055147515,1.243036055147515,observed_standardization_no_causal_or_significance_claim,common_bins
30m,exclude_primary_dominant_project,09_25000_50000,uniswap,2024-09,overlap_exposure,15,27,1.1049027590725722,0.2745671590355909,0.8303356000369811,0.585719839622831,0.585719839622831,observed_standardization_no_causal_or_significance_claim,common_bins
30m,exclude_primary_dominant_project,09_25000_50000,uniswap,2024-09,equal_project,15,27,1.3947536437561383,0.19534147924257056,1.1994121645135678,0.585719839622831,0.585719839622831,observed_standardization_no_causal_or_significance_claim,common_bins
30m,exclude_primary_dominant_project,09_25000_50000,uniswap,2024-10,overlap_exposure,15,26,0.6826457555126507,0.05097477689111986,0.6316709786215309,0.4903366258870846,0.4903366258870846,observed_standardization_no_causal_or_significance_claim,common_bins
30m,exclude_primary_dominant_project,09_25000_50000,uniswap,2024-10,equal_project,15,26,0.7810514291714389,0.05891792139158569,0.7221335077798532,0.4903366258870846,0.4903366258870846,observed_standardization_no_causal_or_significance_claim,common_bins
30m,exclude_primary_dominant_project,09_25000_50000,uniswap,2024-11,overlap_exposure,19,30,0.9422099301936786,0.023400518704712214,0.9188094114889664,0.784881037167676,0.784881037167676,observed_standardization_no_causal_or_significance_claim,common_bins
30m,exclude_primary_dominant_project,09_25000_50000,uniswap,2024-11,equal_project,19,30,1.353751593003343,0.028713342703014018,1.325038250300329,0.784881037167676,0.784881037167676,observed_standardization_no_causal_or_significance_claim,common_bins
30m,exclude_primary_dominant_project,09_25000_50000,uniswap,2024-12,overlap_exposure,18,29,0.526138670328066,0.049531169519149376,0.4766075008089166,0.4073512656129711,0.4073512656129711,observed_standardization_no_causal_or_significance_claim,common_bins
30m,exclude_primary_dominant_project,09_25000_50000,uniswap,2024-12,equal_project,18,29,0.7077877592033927,0.029560999560677665,0.678226759642715,0.4073512656129711,0.4073512656129711,observed_standardization_no_causal_or_significance_claim,common_bins
30m,exclude_primary_dominant_project,09_25000_50000,uniswap,2025-01,overlap_exposure,17,28,0.5974384004740773,0.027821596387269863,0.5696168040868075,0.3507435955199093,0.3507435955199093,observed_standardization_no_causal_or_significance_claim,common_bins
30m,exclude_primary_dominant_project,09_25000_50000,uniswap,2025-01,equal_project,17,28,0.5601229974450064,0.06047494650443746,0.49964805094056886,0.3507435955199093,0.3507435955199093,observed_standardization_no_causal_or_significance_claim,common_bins
30m,exclude_primary_dominant_project,09_25000_50000,uniswap,2025-02,overlap_exposure,16,28,0.6456804757296464,0.14103844538716012,0.5046420303424862,0.18796265207587762,0.18796265207587762,observed_standardization_no_causal_or_significance_claim,common_bins
30m,exclude_primary_dominant_project,09_25000_50000,uniswap,2025-02,equal_project,16,28,1.2598984373270954,0.14617397501812124,1.1137244623089742,0.18796265207587762,0.18796265207587762,observed_standardization_no_causal_or_significance_claim,common_bins
30m,exclude_primary_dominant_project,09_25000_50000,uniswap,2025-03,overlap_exposure,17,28,0.7632624379279931,0.12709361581539544,0.6361688221125977,0.2702486405609674,0.2702486405609674,observed_standardization_no_causal_or_significance_claim,common_bins
30m,exclude_primary_dominant_project,09_25000_50000,uniswap,2025-03,equal_project,17,28,1.1424328117478375,0.19602484206338514,0.9464079696844523,0.2702486405609674,0.2702486405609674,observed_standardization_no_causal_or_significance_claim,common_bins
30m,exclude_primary_dominant_project,09_25000_50000,uniswap,2025-04,overlap_exposure,16,27,1.152963401678028,0.1518408971644683,1.0011225045135594,0.495682709390367,0.495682709390367,observed_standardization_no_causal_or_significance_claim,common_bins
30m,exclude_primary_dominant_project,09_25000_50000,uniswap,2025-04,equal_project,16,27,0.9620629639029515,0.15771903564459683,0.8043439282583547,0.495682709390367,0.495682709390367,observed_standardization_no_causal_or_significance_claim,common_bins
30m,exclude_primary_dominant_project,09_25000_50000,uniswap,2025-05,overlap_exposure,18,28,1.2906721556599177,0.10145868738476688,1.189213468275151,0.7858980047929219,0.7858980047929219,observed_standardization_no_causal_or_significance_claim,common_bins
30m,exclude_primary_dominant_project,09_25000_50000,uniswap,2025-05,equal_project,18,28,1.3080986275879705,0.10755719151588387,1.2005414360720867,0.7858980047929219,0.7858980047929219,observed_standardization_no_causal_or_significance_claim,common_bins
30m,exclude_primary_dominant_project,09_25000_50000,uniswap,2025-06,overlap_exposure,18,27,1.7130349964207698,0.09899956558056655,1.6140354308402036,0.9740739535918259,0.9740739535918259,observed_standardization_no_causal_or_significance_claim,common_bins
30m,exclude_primary_dominant_project,09_25000_50000,uniswap,2025-06,equal_project,18,27,1.2043042749606774,0.11907868534392795,1.0852255896167493,0.9740739535918259,0.9740739535918259,observed_standardization_no_causal_or_significance_claim,common_bins
30m,exclude_primary_dominant_project,09_25000_50000,uniswap,2025-07,overlap_exposure,16,27,1.4824718260011185,0.09270233914312338,1.389769486857995,0.7184248065377702,0.7184248065377702,observed_standardization_no_causal_or_significance_claim,common_bins
30m,exclude_primary_dominant_project,09_25000_50000,uniswap,2025-07,equal_project,16,27,1.1837139535349015,0.17166790411341423,1.0120460494214873,0.7184248065377702,0.7184248065377702,observed_standardization_no_causal_or_significance_claim,common_bins
30m,exclude_primary_dominant_project,09_25000_50000,uniswap,2025-08,overlap_exposure,21,31,1.1478505045593903,0.07191119491173102,1.0759393096476593,0.5541150324784841,0.5541150324784841,observed_standardization_no_causal_or_significance_claim,common_bins
30m,exclude_primary_dominant_project,09_25000_50000,uniswap,2025-08,equal_project,21,31,0.47522427189940974,0.14800428283044784,0.3272199890689619,0.5541150324784841,0.5541150324784841,observed_standardization_no_causal_or_significance_claim,common_bins
30m,exclude_primary_dominant_project,09_25000_50000,uniswap,2025-09,overlap_exposure,18,26,0.9536618495016416,0.05044723809200114,0.9032146114096404,0.4920395191719776,0.4920395191719776,observed_standardization_no_causal_or_significance_claim,common_bins
30m,exclude_primary_dominant_project,09_25000_50000,uniswap,2025-09,equal_project,18,26,1.5510080856637107,0.08265133910183484,1.4683567465618759,0.4920395191719776,0.4920395191719776,observed_standardization_no_causal_or_significance_claim,common_bins
30m,exclude_primary_dominant_project,09_25000_50000,uniswap,2025-10,overlap_exposure,19,31,0.6370880435445475,0.07517834316195232,0.5619097003825951,0.18886814046986689,0.18886814046986689,observed_standardization_no_causal_or_significance_claim,common_bins
30m,exclude_primary_dominant_project,09_25000_50000,uniswap,2025-10,equal_project,19,31,0.8557423691451502,0.1393192096821813,0.7164231594629689,0.18886814046986689,0.18886814046986689,observed_standardization_no_causal_or_significance_claim,common_bins
30m,exclude_primary_dominant_project,09_25000_50000,uniswap,2025-11,overlap_exposure,18,28,0.5243217606781373,0.11660272796239078,0.40771903271574655,0.006716375425491836,0.006716375425491836,observed_standardization_no_causal_or_significance_claim,common_bins
30m,exclude_primary_dominant_project,09_25000_50000,uniswap,2025-11,equal_project,18,28,0.40780470229020366,0.20976297710772326,0.1980417251824804,0.006716375425491836,0.006716375425491836,observed_standardization_no_causal_or_significance_claim,common_bins
30m,exclude_primary_dominant_project,09_25000_50000,uniswap,2025-12,overlap_exposure,17,26,0.5054213858156066,0.20249588011310599,0.30292550570250065,-0.20762530858774378,-0.20762530858774378,observed_standardization_no_causal_or_significance_claim,common_bins
30m,exclude_primary_dominant_project,09_25000_50000,uniswap,2025-12,equal_project,17,26,0.33980375810719093,0.3431431755891873,-0.0033394174819963585,-0.20762530858774378,-0.20762530858774378,observed_standardization_no_causal_or_significance_claim,common_bins
30m,exclude_primary_dominant_project,09_25000_50000,uniswap,2026-01,overlap_exposure,17,26,0.49779129611018746,0.27661115165125477,0.22118014445893264,-0.23774536572425173,-0.23774536572425173,observed_standardization_no_causal_or_significance_claim,common_bins
30m,exclude_primary_dominant_project,09_25000_50000,uniswap,2026-01,equal_project,17,26,0.3469847663681694,0.359112140821328,-0.012127374453158599,-0.23774536572425173,-0.23774536572425173,observed_standardization_no_causal_or_significance_claim,common_bins
30m,exclude_primary_dominant_project,09_25000_50000,uniswap,2026-02,overlap_exposure,18,29,0.34013177785890164,0.20804001044589177,0.1320917674130099,-0.46139230232576883,-0.46139230232576883,observed_standardization_no_causal_or_significance_claim,common_bins
30m,exclude_primary_dominant_project,09_25000_50000,uniswap,2026-02,equal_project,18,29,0.37534743633352363,0.36063542130259046,0.014712015030933197,-0.46139230232576883,-0.46139230232576883,observed_standardization_no_causal_or_significance_claim,common_bins
30m,exclude_primary_dominant_project,09_25000_50000,uniswap,2026-03,overlap_exposure,16,24,0.43962775098100837,0.19972933104373944,0.23989841993726893,-0.30645584735652465,-0.30645584735652465,observed_standardization_no_causal_or_significance_claim,common_bins
30m,exclude_primary_dominant_project,09_25000_50000,uniswap,2026-03,equal_project,16,24,0.4785905781101336,0.47640735282998464,0.0021832252801490086,-0.30645584735652465,-0.30645584735652465,observed_standardization_no_causal_or_significance_claim,common_bins
30m,exclude_primary_dominant_project,09_25000_50000,uniswap,2026-04,overlap_exposure,16,24,0.6191495710007847,0.45497318765615,0.16417638334463466,-0.0987370222892016,-0.0987370222892016,observed_standardization_no_causal_or_significance_claim,common_bins
30m,exclude_primary_dominant_project,09_25000_50000,uniswap,2026-04,equal_project,16,24,0.8520506140247516,0.4610554428254381,0.3909951711993135,-0.0987370222892016,-0.0987370222892016,observed_standardization_no_causal_or_significance_claim,common_bins
30m,exclude_primary_dominant_project,09_25000_50000,uniswap,2026-05,overlap_exposure,14,21,0.42913211162922155,0.3966564638191094,0.0324756478101121,-0.12193578107094309,-0.12193578107094309,observed_standardization_no_causal_or_significance_claim,common_bins
30m,exclude_primary_dominant_project,09_25000_50000,uniswap,2026-05,equal_project,14,21,0.5380997585641867,0.4009192919111533,0.13718046665303343,-0.12193578107094309,-0.12193578107094309,observed_standardization_no_causal_or_significance_claim,common_bins
30m,exclude_primary_dominant_project,09_25000_50000,uniswap,2026-06,overlap_exposure,15,23,0.45604450263190055,0.1779433002078482,0.2781012024240524,-0.005500398997633233,-0.005500398997633233,observed_standardization_no_causal_or_significance_claim,common_bins
30m,exclude_primary_dominant_project,09_25000_50000,uniswap,2026-06,equal_project,15,23,0.2070924448690968,0.28339013059644436,-0.07629768572734756,-0.005500398997633233,-0.005500398997633233,observed_standardization_no_causal_or_significance_claim,common_bins
30m,exclude_primary_dominant_project,10_50000_100000,uniswap,2024-01,overlap_exposure,17,29,2.5474960031343885,0.03235128031096932,2.515144722823419,2.106926620640802,2.106926620640802,observed_standardization_no_causal_or_significance_claim,common_bins
30m,exclude_primary_dominant_project,10_50000_100000,uniswap,2024-01,equal_project,17,29,2.319951309030319,0.02977259871568436,2.2901787103146347,2.106926620640802,2.106926620640802,observed_standardization_no_causal_or_significance_claim,common_bins
30m,exclude_primary_dominant_project,10_50000_100000,uniswap,2024-02,overlap_exposure,18,28,2.1644202606676655,0.04355903679356317,2.120861223874102,1.8696232043570653,1.8696232043570653,observed_standardization_no_causal_or_significance_claim,common_bins
30m,exclude_primary_dominant_project,10_50000_100000,uniswap,2024-02,equal_project,18,28,4.307686101151439,0.021316181279570735,4.286369919871868,1.8696232043570653,1.8696232043570653,observed_standardization_no_causal_or_significance_claim,common_bins
30m,exclude_primary_dominant_project,10_50000_100000,uniswap,2024-03,overlap_exposure,17,28,2.6408235221442715,0.10323637709519944,2.5375871450490717,1.7037237045801918,1.7037237045801918,observed_standardization_no_causal_or_significance_claim,common_bins
30m,exclude_primary_dominant_project,10_50000_100000,uniswap,2024-03,equal_project,17,28,2.226280807684611,0.04920395212596944,2.1770768555586413,1.7037237045801918,1.7037237045801918,observed_standardization_no_causal_or_significance_claim,common_bins
30m,exclude_primary_dominant_project,10_50000_100000,uniswap,2024-04,overlap_exposure,18,30,3.000496709989579,0.2513149638756089,2.7491817461139703,2.0123137663870616,2.0123137663870616,observed_standardization_no_causal_or_significance_claim,common_bins
30m,exclude_primary_dominant_project,10_50000_100000,uniswap,2024-04,equal_project,18,30,3.2926916981110104,0.10810178878133134,3.184589909329679,2.0123137663870616,2.0123137663870616,observed_standardization_no_causal_or_significance_claim,common_bins
30m,exclude_primary_dominant_project,10_50000_100000,uniswap,2024-05,overlap_exposure,17,27,3.7269370741814365,0.07649952633683936,3.650437547844597,2.346058373040636,2.346058373040636,observed_standardization_no_causal_or_significance_claim,common_bins
30m,exclude_primary_dominant_project,10_50000_100000,uniswap,2024-05,equal_project,17,27,2.9653848542741628,0.06895152674847674,2.896433327525686,2.346058373040636,2.346058373040636,observed_standardization_no_causal_or_significance_claim,common_bins
30m,exclude_primary_dominant_project,10_50000_100000,uniswap,2024-06,overlap_exposure,17,29,2.470242880319001,0.05892750206473215,2.411315378254269,2.025174190002852,2.025174190002852,observed_standardization_no_causal_or_significance_claim,common_bins
30m,exclude_primary_dominant_project,10_50000_100000,uniswap,2024-06,equal_project,17,29,1.580006372070911,0.06805771949441568,1.5119486525764954,2.025174190002852,2.025174190002852,observed_standardization_no_causal_or_significance_claim,common_bins
30m,exclude_primary_dominant_project,10_50000_100000,uniswap,2024-07,overlap_exposure,13,26,2.464349897811485,0.08377761514308002,2.380572282668405,1.8692902734312071,1.8692902734312071,observed_standardization_no_causal_or_significance_claim,common_bins
30m,exclude_primary_dominant_project,10_50000_100000,uniswap,2024-07,equal_project,13,26,1.7004716360255023,0.14254247650164986,1.5579291595238525,1.8692902734312071,1.8692902734312071,observed_standardization_no_causal_or_significance_claim,common_bins
30m,exclude_primary_dominant_project,10_50000_100000,uniswap,2024-08,overlap_exposure,16,29,1.8714532316280355,0.12561783089884407,1.7458354007291916,1.1161740752170448,1.1161740752170448,observed_standardization_no_causal_or_significance_claim,common_bins
30m,exclude_primary_dominant_project,10_50000_100000,uniswap,2024-08,equal_project,16,29,1.0671622545216812,0.15780469711552128,0.9093575574061599,1.1161740752170448,1.1161740752170448,observed_standardization_no_causal_or_significance_claim,common_bins
30m,exclude_primary_dominant_project,10_50000_100000,uniswap,2024-09,overlap_exposure,15,27,1.0261309141171209,0.22763877960644027,0.7984921345106807,0.5556510735535853,0.5556510735535853,observed_standardization_no_causal_or_significance_claim,common_bins
30m,exclude_primary_dominant_project,10_50000_100000,uniswap,2024-09,equal_project,15,27,0.9834506789132865,0.19534147924257056,0.7881091996707159,0.5556510735535853,0.5556510735535853,observed_standardization_no_causal_or_significance_claim,common_bins
30m,exclude_primary_dominant_project,10_50000_100000,uniswap,2024-10,overlap_exposure,15,26,0.6363388358038745,0.04214548331956662,0.5941933524843078,0.4615868488743169,0.4615868488743169,observed_standardization_no_causal_or_significance_claim,common_bins
30m,exclude_primary_dominant_project,10_50000_100000,uniswap,2024-10,equal_project,15,26,1.3717813314158607,0.05891792139158569,1.312863410024275,0.4615868488743169,0.4615868488743169,observed_standardization_no_causal_or_significance_claim,common_bins
30m,exclude_primary_dominant_project,10_50000_100000,uniswap,2024-11,overlap_exposure,19,30,1.1193778667278946,0.02536979217312581,1.094008074554769,0.8313590808550644,0.8313590808550644,observed_standardization_no_causal_or_significance_claim,common_bins
30m,exclude_primary_dominant_project,10_50000_100000,uniswap,2024-11,equal_project,19,30,2.179054214263908,0.028713342703014018,2.150340871560894,0.8313590808550644,0.8313590808550644,observed_standardization_no_causal_or_significance_claim,common_bins
30m,exclude_primary_dominant_project,10_50000_100000,uniswap,2024-12,overlap_exposure,18,29,0.6259345965836083,0.0696746881860465,0.5562599083975618,0.4371398257429966,0.4371398257429966,observed_standardization_no_causal_or_significance_claim,common_bins
30m,exclude_primary_dominant_project,10_50000_100000,uniswap,2024-12,equal_project,18,29,0.9224234986712548,0.029560999560677665,0.8928624991105771,0.4371398257429966,0.4371398257429966,observed_standardization_no_causal_or_significance_claim,common_bins
30m,exclude_primary_dominant_project,10_50000_100000,uniswap,2025-01,overlap_exposure,17,28,0.5380906941121717,0.024451021298646926,0.5136396728135249,0.2574258603705904,0.2574258603705904,observed_standardization_no_causal_or_significance_claim,common_bins
30m,exclude_primary_dominant_project,10_50000_100000,uniswap,2025-01,equal_project,17,28,0.4464108992332854,0.06047494650443746,0.385935952728848,0.2574258603705904,0.2574258603705904,observed_standardization_no_causal_or_significance_claim,common_bins
30m,exclude_primary_dominant_project,10_50000_100000,uniswap,2025-02,overlap_exposure,16,28,0.7900494181807783,0.11338269632572406,0.6766667218550543,0.18809865856477512,0.18809865856477512,observed_standardization_no_causal_or_significance_claim,common_bins
30m,exclude_primary_dominant_project,10_50000_100000,uniswap,2025-02,equal_project,16,28,0.47614360552617074,0.14617397501812124,0.3299696305080495,0.18809865856477512,0.18809865856477512,observed_standardization_no_causal_or_significance_claim,common_bins
30m,exclude_primary_dominant_project,10_50000_100000,uniswap,2025-03,overlap_exposure,17,28,1.1289464163901055,0.08988267809686307,1.0390637382932424,0.37805431722287036,0.37805431722287036,observed_standardization_no_causal_or_significance_claim,common_bins
30m,exclude_primary_dominant_project,10_50000_100000,uniswap,2025-03,equal_project,17,28,0.45921572347310824,0.19602484206338514,0.2631908814097231,0.37805431722287036,0.37805431722287036,observed_standardization_no_causal_or_significance_claim,common_bins
30m,exclude_primary_dominant_project,10_50000_100000,uniswap,2025-04,overlap_exposure,16,27,1.1645129575115143,0.12011012233438392,1.0444028351771304,0.40172968282369764,0.40172968282369764,observed_standardization_no_causal_or_significance_claim,common_bins
30m,exclude_primary_dominant_project,10_50000_100000,uniswap,2025-04,equal_project,16,27,0.781939190982615,0.15771903564459683,0.6242201553380182,0.40172968282369764,0.40172968282369764,observed_standardization_no_causal_or_significance_claim,common_bins
30m,exclude_primary_dominant_project,10_50000_100000,uniswap,2025-05,overlap_exposure,18,28,0.9493254289331627,0.06792943419137003,0.8813959947417926,0.4658621840249973,0.4658621840249973,observed_standardization_no_causal_or_significance_claim,common_bins
30m,exclude_primary_dominant_project,10_50000_100000,uniswap,2025-05,equal_project,18,28,1.0814305228003138,0.10755719151588387,0.97387333128443,0.4658621840249973,0.4658621840249973,observed_standardization_no_causal_or_significance_claim,common_bins
30m,exclude_primary_dominant_project,10_50000_100000,uniswap,2025-06,overlap_exposure,18,27,1.016030117107665,0.06609327970484805,0.9499368374028171,0.43090093969153276,0.43090093969153276,observed_standardization_no_causal_or_significance_claim,common_bins
30m,exclude_primary_dominant_project,10_50000_100000,uniswap,2025-06,equal_project,18,27,0.56447026656548,0.11907868534392795,0.4453915812215521,0.43090093969153276,0.43090093969153276,observed_standardization_no_causal_or_significance_claim,common_bins
30m,exclude_primary_dominant_project,10_50000_100000,uniswap,2025-07,overlap_exposure,16,27,1.4399705468589987,0.0771922742521914,1.3627782726068074,0.6128536051348592,0.6128536051348592,observed_standardization_no_causal_or_significance_claim,common_bins
30m,exclude_primary_dominant_project,10_50000_100000,uniswap,2025-07,equal_project,16,27,0.7850827529263446,0.17166790411341423,0.6134148488129303,0.6128536051348592,0.6128536051348592,observed_standardization_no_causal_or_significance_claim,common_bins
30m,exclude_primary_dominant_project,10_50000_100000,uniswap,2025-08,overlap_exposure,21,31,1.2663355393101066,0.05627191810763552,1.2100636212024711,0.5985846650127158,0.5985846650127158,observed_standardization_no_causal_or_significance_claim,common_bins
30m,exclude_primary_dominant_project,10_50000_100000,uniswap,2025-08,equal_project,21,31,0.336135792250094,0.14800428283044784,0.18813150941964615,0.5985846650127158,0.5985846650127158,observed_standardization_no_causal_or_significance_claim,common_bins
30m,exclude_primary_dominant_project,10_50000_100000,uniswap,2025-09,overlap_exposure,18,26,1.0109868128359507,0.04427681362444161,0.9667099992115091,0.5433213986379299,0.5433213986379299,observed_standardization_no_causal_or_significance_claim,common_bins
30m,exclude_primary_dominant_project,10_50000_100000,uniswap,2025-09,equal_project,18,26,1.706630059749042,0.08265133910183484,1.6239787206472074,0.5433213986379299,0.5433213986379299,observed_standardization_no_causal_or_significance_claim,common_bins
30m,exclude_primary_dominant_project,10_50000_100000,uniswap,2025-10,overlap_exposure,19,31,0.4068980073762912,0.06388739744500077,0.34301060993129046,0.056598091196393426,0.056598091196393426,observed_standardization_no_causal_or_significance_claim,common_bins
30m,exclude_primary_dominant_project,10_50000_100000,uniswap,2025-10,equal_project,19,31,0.3578995503245685,0.1393192096821813,0.2185803406423872,0.056598091196393426,0.056598091196393426,observed_standardization_no_causal_or_significance_claim,common_bins
30m,exclude_primary_dominant_project,10_50000_100000,uniswap,2025-11,overlap_exposure,18,28,0.40350480124698274,0.11087672673570628,0.2926280745112765,-0.04175236429219374,-0.04175236429219374,observed_standardization_no_causal_or_significance_claim,common_bins
30m,exclude_primary_dominant_project,10_50000_100000,uniswap,2025-11,equal_project,18,28,0.23158083865534168,0.20976297710772326,0.02181786154761842,-0.04175236429219374,-0.04175236429219374,observed_standardization_no_causal_or_significance_claim,common_bins
30m,exclude_primary_dominant_project,10_50000_100000,uniswap,2025-12,overlap_exposure,17,26,0.3409556990196313,0.26153943385513534,0.0794162651644959,-0.3258955205142039,-0.3258955205142039,observed_standardization_no_causal_or_significance_claim,common_bins
30m,exclude_primary_dominant_project,10_50000_100000,uniswap,2025-12,equal_project,17,26,0.3042158740560036,0.3431431755891873,-0.038927301533183724,-0.3258955205142039,-0.3258955205142039,observed_standardization_no_causal_or_significance_claim,common_bins
30m,exclude_primary_dominant_project,10_50000_100000,uniswap,2026-01,overlap_exposure,17,26,0.3927259269902316,0.6099507637989711,-0.21722483680873939,-0.30242297305624505,-0.30242297305624505,observed_standardization_no_causal_or_significance_claim,common_bins
30m,exclude_primary_dominant_project,10_50000_100000,uniswap,2026-01,equal_project,17,26,0.3475591885525353,0.359112140821328,-0.011552952268792643,-0.30242297305624505,-0.30242297305624505,observed_standardization_no_causal_or_significance_claim,common_bins
30m,exclude_primary_dominant_project,10_50000_100000,uniswap,2026-02,overlap_exposure,18,29,0.5306052581164505,0.4726113698749488,0.05799388824150173,-0.2732823774632773,-0.2732823774632773,observed_standardization_no_causal_or_significance_claim,common_bins
30m,exclude_primary_dominant_project,10_50000_100000,uniswap,2026-02,equal_project,18,29,0.4398531941177659,0.36063542130259046,0.07921777281517545,-0.2732823774632773,-0.2732823774632773,observed_standardization_no_causal_or_significance_claim,common_bins
30m,exclude_primary_dominant_project,10_50000_100000,uniswap,2026-03,overlap_exposure,16,24,0.5118660087756666,0.4688064637495243,0.04305954502614234,-0.22150761157991244,-0.22150761157991244,observed_standardization_no_causal_or_significance_claim,common_bins
30m,exclude_primary_dominant_project,10_50000_100000,uniswap,2026-03,equal_project,16,24,0.4803253697277805,0.47640735282998464,0.0039180168977959,-0.22150761157991244,-0.22150761157991244,observed_standardization_no_causal_or_significance_claim,common_bins
30m,exclude_primary_dominant_project,10_50000_100000,uniswap,2026-04,overlap_exposure,16,24,0.383142218477713,0.7662985414153339,-0.383156322937621,-0.29085187065978585,-0.29085187065978585,observed_standardization_no_causal_or_significance_claim,common_bins
30m,exclude_primary_dominant_project,10_50000_100000,uniswap,2026-04,equal_project,16,24,0.23635629325279556,0.4610554428254381,-0.22469914957264253,-0.29085187065978585,-0.29085187065978585,observed_standardization_no_causal_or_significance_claim,common_bins
30m,exclude_primary_dominant_project,10_50000_100000,uniswap,2026-05,overlap_exposure,14,21,0.30933176283453734,0.7773340087089562,-0.46800224587441874,-0.1897715011980805,-0.1897715011980805,observed_standardization_no_causal_or_significance_claim,common_bins
30m,exclude_primary_dominant_project,10_50000_100000,uniswap,2026-05,equal_project,14,21,0.408629400272579,0.4009192919111533,0.007710108361425744,-0.1897715011980805,-0.1897715011980805,observed_standardization_no_causal_or_significance_claim,common_bins
30m,exclude_primary_dominant_project,10_50000_100000,uniswap,2026-06,overlap_exposure,15,23,0.5270698201418071,0.2161440466647448,0.31092577347706235,0.06471999694751102,0.06471999694751102,observed_standardization_no_causal_or_significance_claim,common_bins
30m,exclude_primary_dominant_project,10_50000_100000,uniswap,2026-06,equal_project,15,23,0.10406228510388107,0.28339013059644436,-0.17932784549256328,0.06471999694751102,0.06471999694751102,observed_standardization_no_causal_or_significance_claim,common_bins
30m,exclude_primary_dominant_project,11_100000_plus,uniswap,2024-01,overlap_exposure,17,29,2.5463195688405817,0.03739128884237575,2.5089282799982056,1.7505591998303216,1.7505591998303216,observed_standardization_no_causal_or_significance_claim,common_bins
30m,exclude_primary_dominant_project,11_100000_plus,uniswap,2024-01,equal_project,17,29,5.102358814925574,0.02977259871568436,5.07258621620989,1.7505591998303216,1.7505591998303216,observed_standardization_no_causal_or_significance_claim,common_bins
30m,exclude_primary_dominant_project,11_100000_plus,uniswap,2024-02,overlap_exposure,18,28,1.5394539465003267,0.04590515601028507,1.4935487904900415,1.2450191939455717,1.2450191939455717,observed_standardization_no_causal_or_significance_claim,common_bins
30m,exclude_primary_dominant_project,11_100000_plus,uniswap,2024-02,equal_project,18,28,1.6134255740132917,0.021316181279570735,1.592109392733721,1.2450191939455717,1.2450191939455717,observed_standardization_no_causal_or_significance_claim,common_bins
30m,exclude_primary_dominant_project,11_100000_plus,uniswap,2024-03,overlap_exposure,17,28,1.8236405219274332,0.11240406149245766,1.7112364604349755,1.1036682888070817,1.1036682888070817,observed_standardization_no_causal_or_significance_claim,common_bins
30m,exclude_primary_dominant_project,11_100000_plus,uniswap,2024-03,equal_project,17,28,2.8421258557271845,0.04920395212596944,2.792921903601215,1.1036682888070817,1.1036682888070817,observed_standardization_no_causal_or_significance_claim,common_bins
30m,exclude_primary_dominant_project,11_100000_plus,uniswap,2024-04,overlap_exposure,18,30,3.1105969267481224,0.29290052710107883,2.817696399647043,1.7521143232122398,1.7521143232122398,observed_standardization_no_causal_or_significance_claim,common_bins
30m,exclude_primary_dominant_project,11_100000_plus,uniswap,2024-04,equal_project,18,30,3.75937750696963,0.10810178878133134,3.6512757181882987,1.7521143232122398,1.7521143232122398,observed_standardization_no_causal_or_significance_claim,common_bins
30m,exclude_primary_dominant_project,11_100000_plus,uniswap,2024-05,overlap_exposure,17,27,3.199888411272845,0.06587367672065364,3.1340147345521916,1.8629327708910588,1.8629327708910588,observed_standardization_no_causal_or_significance_claim,common_bins
30m,exclude_primary_dominant_project,11_100000_plus,uniswap,2024-05,equal_project,17,27,2.3924401746685757,0.06895152674847674,2.3234886479200987,1.8629327708910588,1.8629327708910588,observed_standardization_no_causal_or_significance_claim,common_bins
30m,exclude_primary_dominant_project,11_100000_plus,uniswap,2024-06,overlap_exposure,17,29,3.018257218926465,0.047979936154447525,2.9702772827720176,2.2801121448468593,2.2801121448468593,observed_standardization_no_causal_or_significance_claim,common_bins
30m,exclude_primary_dominant_project,11_100000_plus,uniswap,2024-06,equal_project,17,29,3.5253852066172238,0.06805771949441568,3.4573274871228077,2.2801121448468593,2.2801121448468593,observed_standardization_no_causal_or_significance_claim,common_bins
30m,exclude_primary_dominant_project,11_100000_plus,uniswap,2024-07,overlap_exposure,13,26,2.199910004455897,0.0706504971597552,2.1292595072961418,1.6002949307834868,1.6002949307834868,observed_standardization_no_causal_or_significance_claim,common_bins
30m,exclude_primary_dominant_project,11_100000_plus,uniswap,2024-07,equal_project,13,26,1.024526997178707,0.14254247650164986,0.8819845206770572,1.6002949307834868,1.6002949307834868,observed_standardization_no_causal_or_significance_claim,common_bins
30m,exclude_primary_dominant_project,11_100000_plus,uniswap,2024-08,overlap_exposure,16,29,1.278805982002882,0.09776471304373754,1.1810412689591443,0.7643380991278801,0.7643380991278801,observed_standardization_no_causal_or_significance_claim,common_bins
30m,exclude_primary_dominant_project,11_100000_plus,uniswap,2024-08,equal_project,16,29,0.7027719456799363,0.15780469711552128,0.544967248564415,0.7643380991278801,0.7643380991278801,observed_standardization_no_causal_or_significance_claim,common_bins
30m,exclude_primary_dominant_project,11_100000_plus,uniswap,2024-09,overlap_exposure,15,27,1.2668576258740765,0.2060105775724919,1.0608470483015844,0.7542097231409448,0.7542097231409448,observed_standardization_no_causal_or_significance_claim,common_bins
30m,exclude_primary_dominant_project,11_100000_plus,uniswap,2024-09,equal_project,15,27,4.2326382511945395,0.19534147924257056,4.037296771951969,0.7542097231409448,0.7542097231409448,observed_standardization_no_causal_or_significance_claim,common_bins
30m,exclude_primary_dominant_project,11_100000_plus,uniswap,2024-10,overlap_exposure,15,26,1.2634412982671983,0.048761067825026184,1.214680230442172,0.9441576267556961,0.9441576267556961,observed_standardization_no_causal_or_significance_claim,common_bins
30m,exclude_primary_dominant_project,11_100000_plus,uniswap,2024-10,equal_project,15,26,0.5421678195119795,0.05891792139158569,0.48324989812039376,0.9441576267556961,0.9441576267556961,observed_standardization_no_causal_or_significance_claim,common_bins
30m,exclude_primary_dominant_project,11_100000_plus,uniswap,2024-11,overlap_exposure,19,30,1.3499780984780907,0.02142691693855405,1.3285511815395368,1.0832533253050871,1.0832533253050871,observed_standardization_no_causal_or_significance_claim,common_bins
30m,exclude_primary_dominant_project,11_100000_plus,uniswap,2024-11,equal_project,19,30,11.277559024480938,0.028713342703014018,11.248845681777924,1.0832533253050871,1.0832533253050871,observed_standardization_no_causal_or_significance_claim,common_bins
30m,exclude_primary_dominant_project,11_100000_plus,uniswap,2024-12,overlap_exposure,18,29,0.6469209108461623,0.05355724830815059,0.5933636625380118,0.5123126515088423,0.5123126515088423,observed_standardization_no_causal_or_significance_claim,common_bins
30m,exclude_primary_dominant_project,11_100000_plus,uniswap,2024-12,equal_project,18,29,1.326442875669253,0.029560999560677665,1.2968818761085754,0.5123126515088423,0.5123126515088423,observed_standardization_no_causal_or_significance_claim,common_bins
30m,exclude_primary_dominant_project,11_100000_plus,uniswap,2025-01,overlap_exposure,17,28,0.9073700674369847,0.018373174822060787,0.8889968926149239,0.6344008174622863,0.6344008174622863,observed_standardization_no_causal_or_significance_claim,common_bins
30m,exclude_primary_dominant_project,11_100000_plus,uniswap,2025-01,equal_project,17,28,6.932021371010324,0.06047494650443746,6.871546424505885,0.6344008174622863,0.6344008174622863,observed_standardization_no_causal_or_significance_claim,common_bins
30m,exclude_primary_dominant_project,11_100000_plus,uniswap,2025-02,overlap_exposure,16,28,1.3652204917074235,0.08448871043503045,1.280731781272393,0.9365688234760049,0.9365688234760049,observed_standardization_no_causal_or_significance_claim,common_bins
30m,exclude_primary_dominant_project,11_100000_plus,uniswap,2025-02,equal_project,16,28,0.7546471407817105,0.14617397501812124,0.6084731657635892,0.9365688234760049,0.9365688234760049,observed_standardization_no_causal_or_significance_claim,common_bins
30m,exclude_primary_dominant_project,11_100000_plus,uniswap,2025-03,overlap_exposure,17,28,1.6990282625165842,0.06545974342030436,1.6335685190962796,1.2748558268112367,1.2748558268112367,observed_standardization_no_causal_or_significance_claim,common_bins
30m,exclude_primary_dominant_project,11_100000_plus,uniswap,2025-03,equal_project,17,28,0.6062699899068063,0.19602484206338514,0.4102451478434211,1.2748558268112367,1.2748558268112367,observed_standardization_no_causal_or_significance_claim,common_bins
30m,exclude_primary_dominant_project,11_100000_plus,uniswap,2025-04,overlap_exposure,16,27,1.735532565256891,0.11975329026903071,1.6157792749878603,1.1302612687188915,1.1302612687188915,observed_standardization_no_causal_or_significance_claim,common_bins
30m,exclude_primary_dominant_project,11_100000_plus,uniswap,2025-04,equal_project,16,27,0.551405425038938,0.15771903564459683,0.3936863893943411,1.1302612687188915,1.1302612687188915,observed_standardization_no_causal_or_significance_claim,common_bins
30m,exclude_primary_dominant_project,11_100000_plus,uniswap,2025-05,overlap_exposure,18,28,0.9828620549776772,0.07208756938831686,0.9107744855893604,0.8525147161057036,0.8525147161057036,observed_standardization_no_causal_or_significance_claim,common_bins
30m,exclude_primary_dominant_project,11_100000_plus,uniswap,2025-05,equal_project,18,28,0.7465273356309794,0.10755719151588387,0.6389701441150956,0.8525147161057036,0.8525147161057036,observed_standardization_no_causal_or_significance_claim,common_bins
30m,exclude_primary_dominant_project,11_100000_plus,uniswap,2025-06,overlap_exposure,18,27,0.967253038464809,0.06085561716606977,0.9063974212987392,0.6643521635946509,0.6643521635946509,observed_standardization_no_causal_or_significance_claim,common_bins
30m,exclude_primary_dominant_project,11_100000_plus,uniswap,2025-06,equal_project,18,27,0.4931843553528298,0.11907868534392795,0.3741056700089018,0.6643521635946509,0.6643521635946509,observed_standardization_no_causal_or_significance_claim,common_bins
30m,exclude_primary_dominant_project,11_100000_plus,uniswap,2025-07,overlap_exposure,16,27,1.1343359383463691,0.07280803201467811,1.061527906331691,0.7064973779594139,0.7064973779594139,observed_standardization_no_causal_or_significance_claim,common_bins
30m,exclude_primary_dominant_project,11_100000_plus,uniswap,2025-07,equal_project,16,27,9.946047782391009,0.17166790411341423,9.774379878277594,0.7064973779594139,0.7064973779594139,observed_standardization_no_causal_or_significance_claim,common_bins
30m,exclude_primary_dominant_project,11_100000_plus,uniswap,2025-08,overlap_exposure,21,31,1.1901577865815107,0.05371852188830082,1.13643926469321,0.6395604959538569,0.6395604959538569,observed_standardization_no_causal_or_significance_claim,common_bins
30m,exclude_primary_dominant_project,11_100000_plus,uniswap,2025-08,equal_project,21,31,0.4654031473207009,0.14800428283044784,0.3173988644902531,0.6395604959538569,0.6395604959538569,observed_standardization_no_causal_or_significance_claim,common_bins
30m,exclude_primary_dominant_project,11_100000_plus,uniswap,2025-09,overlap_exposure,18,26,0.9652685696097711,0.03882512556706027,0.926443444042711,0.4764136525146379,0.4764136525146379,observed_standardization_no_causal_or_significance_claim,common_bins
30m,exclude_primary_dominant_project,11_100000_plus,uniswap,2025-09,equal_project,18,26,0.5411818636906822,0.08265133910183484,0.4585305245888474,0.4764136525146379,0.4764136525146379,observed_standardization_no_causal_or_significance_claim,common_bins
30m,exclude_primary_dominant_project,11_100000_plus,uniswap,2025-10,overlap_exposure,19,31,0.5242494140688305,0.057273112549958656,0.4669763015188719,0.15557233851648603,0.15557233851648603,observed_standardization_no_causal_or_significance_claim,common_bins
30m,exclude_primary_dominant_project,11_100000_plus,uniswap,2025-10,equal_project,19,31,0.20753273126277288,0.1393192096821813,0.06821352158059159,0.15557233851648603,0.15557233851648603,observed_standardization_no_causal_or_significance_claim,common_bins
30m,exclude_primary_dominant_project,11_100000_plus,uniswap,2025-11,overlap_exposure,18,28,0.6121925356417871,0.11595878920480618,0.49623374643698087,0.15613144414011343,0.15613144414011343,observed_standardization_no_causal_or_significance_claim,common_bins
30m,exclude_primary_dominant_project,11_100000_plus,uniswap,2025-11,equal_project,18,28,0.39683922810452205,0.20976297710772326,0.18707625099679878,0.15613144414011343,0.15613144414011343,observed_standardization_no_causal_or_significance_claim,common_bins
30m,exclude_primary_dominant_project,11_100000_plus,uniswap,2025-12,overlap_exposure,17,26,0.35364773669325705,0.4482538773472662,-0.09460614065400917,-0.28251067059657775,-0.28251067059657775,observed_standardization_no_causal_or_significance_claim,common_bins
30m,exclude_primary_dominant_project,11_100000_plus,uniswap,2025-12,equal_project,17,26,0.3721693321235577,0.3431431755891873,0.029026156534370413,-0.28251067059657775,-0.28251067059657775,observed_standardization_no_causal_or_significance_claim,common_bins
30m,exclude_primary_dominant_project,11_100000_plus,uniswap,2026-01,overlap_exposure,17,26,0.5357430542843717,1.0074869471870562,-0.4717438929026844,-0.14308085290034464,-0.14308085290034464,observed_standardization_no_causal_or_significance_claim,common_bins
30m,exclude_primary_dominant_project,11_100000_plus,uniswap,2026-01,equal_project,17,26,0.43441015028667684,0.359112140821328,0.0752980094653489,-0.14308085290034464,-0.14308085290034464,observed_standardization_no_causal_or_significance_claim,common_bins
30m,exclude_primary_dominant_project,11_100000_plus,uniswap,2026-02,overlap_exposure,18,29,1.1728391991312022,0.8420138699407819,0.3308253291904203,0.3541601110105341,0.3541601110105341,observed_standardization_no_causal_or_significance_claim,common_bins
30m,exclude_primary_dominant_project,11_100000_plus,uniswap,2026-02,equal_project,18,29,0.5714919750517194,0.36063542130259046,0.21085655374912904,0.3541601110105341,0.3541601110105341,observed_standardization_no_causal_or_significance_claim,common_bins
30m,exclude_primary_dominant_project,11_100000_plus,uniswap,2026-03,overlap_exposure,16,24,0.8216665043641941,0.7486799710513651,0.07298653331282894,0.120297781508792,0.120297781508792,observed_standardization_no_causal_or_significance_claim,common_bins
30m,exclude_primary_dominant_project,11_100000_plus,uniswap,2026-03,equal_project,16,24,0.7384747799029464,0.47640735282998464,0.26206742707296177,0.120297781508792,0.120297781508792,observed_standardization_no_causal_or_significance_claim,common_bins
30m,exclude_primary_dominant_project,11_100000_plus,uniswap,2026-04,overlap_exposure,16,24,0.3790955997159264,1.1315983236511267,-0.7525027239352003,-0.24682727816535466,-0.24682727816535466,observed_standardization_no_causal_or_significance_claim,common_bins
30m,exclude_primary_dominant_project,11_100000_plus,uniswap,2026-04,equal_project,16,24,0.6646579016831131,0.4610554428254381,0.20360245885767497,-0.24682727816535466,-0.24682727816535466,observed_standardization_no_causal_or_significance_claim,common_bins
30m,exclude_primary_dominant_project,11_100000_plus,uniswap,2026-05,overlap_exposure,14,21,0.36591644356454783,0.9769611869937961,-0.6110447434292483,-0.08757590835223864,-0.08757590835223864,observed_standardization_no_causal_or_significance_claim,common_bins
30m,exclude_primary_dominant_project,11_100000_plus,uniswap,2026-05,equal_project,14,21,0.24688540717735835,0.4009192919111533,-0.1540338847337949,-0.08757590835223864,-0.08757590835223864,observed_standardization_no_causal_or_significance_claim,common_bins
30m,exclude_primary_dominant_project,11_100000_plus,uniswap,2026-06,overlap_exposure,15,23,0.37179729422868385,0.2513112441686244,0.12048605006005947,-0.00023760867293512455,-0.00023760867293512455,observed_standardization_no_causal_or_significance_claim,common_bins
30m,exclude_primary_dominant_project,11_100000_plus,uniswap,2026-06,equal_project,15,23,0.039482757707292815,0.28339013059644436,-0.24390737288915157,-0.00023760867293512455,-0.00023760867293512455,observed_standardization_no_causal_or_significance_claim,common_bins
